ISO-10303-21;
HEADER;
FILE_DESCRIPTION (( 'STEP AP214' ),
    '1' );
FILE_NAME ('M1060-2R5YLC_提出用.STEP',
    '2016-01-12T07:16:21',
    ( '' ),
    ( '' ),
    'SwSTEP 2.0',
    'SolidWorks 2014',
    '' );
FILE_SCHEMA (( 'AUTOMOTIVE_DESIGN' ));
ENDSEC;

DATA;
#1 =( LENGTH_UNIT ( ) NAMED_UNIT ( * ) SI_UNIT ( .MILLI., .METRE. ) );
#2 = ADVANCED_FACE ( 'NONE', ( #10922 ), #8396, .T. ) ;
#3 = ORIENTED_EDGE ( 'NONE', *, *, #2512, .T. ) ;
#4 = CARTESIAN_POINT ( 'NONE',  ( -3.350000000000002300, -3.815000000000000400, -1.125000000000000200 ) ) ;
#5 = DIRECTION ( 'NONE',  ( -2.562363692931207400E-016, -2.140309255009066900E-017, 1.000000000000000000 ) ) ;
#6 = CIRCLE ( 'NONE', #7957, 0.1999999999999999800 ) ;
#7 = ORIENTED_EDGE ( 'NONE', *, *, #7926, .T. ) ;
#8 = ORIENTED_EDGE ( 'NONE', *, *, #6285, .F. ) ;
#9 = PRESENTATION_LAYER_ASSIGNMENT (  '', '', ( #9796 ) ) ;
#10 = MECHANICAL_DESIGN_GEOMETRIC_PRESENTATION_REPRESENTATION (  '', ( #8579 ), #629 ) ;
#11 = CARTESIAN_POINT ( 'NONE',  ( -5.050000000000002500, -1.870000000000001000, 0.8749999999999998900 ) ) ;
#12 = DIRECTION ( 'NONE',  ( -3.469446951953622900E-015, -1.000000000000000000, 0.0000000000000000000 ) ) ;
#13 = FILL_AREA_STYLE ('',( #2821 ) ) ;
#14 = ORIENTED_EDGE ( 'NONE', *, *, #1289, .F. ) ;
#15 = AXIS2_PLACEMENT_3D ( 'NONE', #1575, #6878, #3648 ) ;
#16 =( LENGTH_UNIT ( ) NAMED_UNIT ( * ) SI_UNIT ( .MILLI., .METRE. ) );
#17 = SURFACE_STYLE_FILL_AREA ( #3122 ) ;
#18 = EDGE_CURVE ( 'NONE', #7104, #5127, #7703, .T. ) ;
#19 = SURFACE_STYLE_USAGE ( .BOTH. , #5338 ) ;
#20 = CARTESIAN_POINT ( 'NONE',  ( -3.350000000000001400, -3.715000000000001200, -1.125000000000000400 ) ) ;
#21 =( LENGTH_UNIT ( ) NAMED_UNIT ( * ) SI_UNIT ( .MILLI., .METRE. ) );
#22 = ORIENTED_EDGE ( 'NONE', *, *, #11018, .F. ) ;
#23 = CARTESIAN_POINT ( 'NONE',  ( -4.750000000000001800, -3.365000000000000700, -1.799999999999999600 ) ) ;
#24 = LINE ( 'NONE', #6264, #2461 ) ;
#25 = FILL_AREA_STYLE_COLOUR ( '', #2016 ) ;
#26 = VERTEX_POINT ( 'NONE', #8940 ) ;
#27 = UNCERTAINTY_MEASURE_WITH_UNIT (LENGTH_MEASURE( 1.000000000000000100E-005 ), #5115, 'distance_accuracy_value', 'NONE');
#28 = FILL_AREA_STYLE ('',( #7997 ) ) ;
#29 = EDGE_CURVE ( 'NONE', #2009, #1818, #623, .T. ) ;
#30 = FILL_AREA_STYLE ('',( #1281 ) ) ;
#31 = EDGE_LOOP ( 'NONE', ( #4462, #9269, #2494, #4626 ) ) ;
#32 = AXIS2_PLACEMENT_3D ( 'NONE', #9675, #763, #6018 ) ;
#33 = CARTESIAN_POINT ( 'NONE',  ( 4.690000000000003900, -0.2000000000000005100, -3.100000000000001000 ) ) ;
#34 = DIRECTION ( 'NONE',  ( -0.3218372851568943600, -0.3218372851568926900, 0.8904164889340723300 ) ) ;
#35 = ORIENTED_EDGE ( 'NONE', *, *, #8366, .T. ) ;
#36 = COLOUR_RGB ( '',0.9098039215686274400, 0.4431372549019607600, 0.03137254901960784300 ) ;
#37 = SURFACE_STYLE_USAGE ( .BOTH. , #5816 ) ;
#38 = FILL_AREA_STYLE ('',( #7188 ) ) ;
#39 = ORIENTED_EDGE ( 'NONE', *, *, #9355, .T. ) ;
#40 = CARTESIAN_POINT ( 'NONE',  ( -5.169999918295679300, -4.015000000000000600, -1.098821942543508600 ) ) ;
#41 = CARTESIAN_POINT ( 'NONE',  ( -5.150000000000002100, -0.4000000000000012400, 0.9249999999999998200 ) ) ;
#42 = EDGE_CURVE ( 'NONE', #3567, #804, #10107, .T. ) ;
#43 = ORIENTED_EDGE ( 'NONE', *, *, #63, .T. ) ;
#44 = STYLED_ITEM ( 'NONE', ( #333 ), #9012 ) ;
#45 = CARTESIAN_POINT ( 'NONE',  ( 3.350000000000003600, -3.714999999999999400, -0.9250000000000009300 ) ) ;
#46 = SURFACE_SIDE_STYLE ('',( #10694 ) ) ;
#47 = CARTESIAN_POINT ( 'NONE',  ( -5.150000000000002100, -0.2000000000000004800, -0.9250000000000001600 ) ) ;
#48 = VECTOR ( 'NONE', #5179, 1000.000000000000000 ) ;
#49 = PRESENTATION_LAYER_ASSIGNMENT (  '', '', ( #219 ) ) ;
#50 = PLANE ( 'NONE',  #10461 ) ;
#51 = VERTEX_POINT ( 'NONE', #10962 ) ;
#52 = FACE_OUTER_BOUND ( 'NONE', #636, .T. ) ;
#53 = ORIENTED_EDGE ( 'NONE', *, *, #3789, .F. ) ;
#54 = DIRECTION ( 'NONE',  ( 0.0000000000000000000, -1.000000000000000000, 0.0000000000000000000 ) ) ;
#55 = COLOUR_RGB ( '',1.000000000000000000, 1.000000000000000000, 1.000000000000000000 ) ;
#56 = CARTESIAN_POINT ( 'NONE',  ( 5.050000000000002500, -1.870000000000001000, 1.125000000000000200 ) ) ;
#57 = VERTEX_POINT ( 'NONE', #823 ) ;
#58 = ADVANCED_FACE ( 'NONE', ( #7424 ), #11057, .T. ) ;
#59 = TOROIDAL_SURFACE ( 'NONE', #2569, 0.3000000000000003800, 0.1250000000000000000 ) ;
#60 = CARTESIAN_POINT ( 'NONE',  ( 3.350000000000003200, -0.4000000000000009700, -1.125000000000000400 ) ) ;
#61 =( NAMED_UNIT ( * ) PLANE_ANGLE_UNIT ( ) SI_UNIT ( $, .RADIAN. ) );
#62 = LINE ( 'NONE', #7942, #4808 ) ;
#63 = EDGE_CURVE ( 'NONE', #26, #1622, #6580, .T. ) ;
#64 = AXIS2_PLACEMENT_3D ( 'NONE', #2716, #9509, #1583 ) ;
#65 = CARTESIAN_POINT ( 'NONE',  ( 4.750000000000001800, -3.865000000000000200, 1.799999999999999800 ) ) ;
#66 =( NAMED_UNIT ( * ) PLANE_ANGLE_UNIT ( ) SI_UNIT ( $, .RADIAN. ) );
#67 = DIRECTION ( 'NONE',  ( 0.0000000000000000000, 1.000000000000000000, -0.0000000000000000000 ) ) ;
#68 = ORIENTED_EDGE ( 'NONE', *, *, #4532, .F. ) ;
#69 = ADVANCED_FACE ( 'NONE', ( #1911 ), #3313, .F. ) ;
#70 = CARTESIAN_POINT ( 'NONE',  ( 5.350000000000002300, -4.015000000000000600, 1.124999999999998900 ) ) ;
#71 = DIRECTION ( 'NONE',  ( 2.209081482755457800E-016, 1.426581805901979600E-016, -1.000000000000000000 ) ) ;
#72 = FACE_OUTER_BOUND ( 'NONE', #7814, .T. ) ;
#73 =( NAMED_UNIT ( * ) SI_UNIT ( $, .STERADIAN. ) SOLID_ANGLE_UNIT ( ) );
#74 =( NAMED_UNIT ( * ) SI_UNIT ( $, .STERADIAN. ) SOLID_ANGLE_UNIT ( ) );
#75 = DIRECTION ( 'NONE',  ( -1.000000000000000000, 1.426581805901979900E-016, -1.927470528863118800E-016 ) ) ;
#76 = MECHANICAL_DESIGN_GEOMETRIC_PRESENTATION_REPRESENTATION (  '', ( #9272 ), #690 ) ;
#77 = STYLED_ITEM ( 'NONE', ( #5804 ), #10570 ) ;
#78 = CARTESIAN_POINT ( 'NONE',  ( -5.100000000000002300, -0.2000000000000006500, -0.8750000000000001100 ) ) ;
#79 = CIRCLE ( 'NONE', #6735, 0.1250000000000000000 ) ;
#80 = VERTEX_POINT ( 'NONE', #7620 ) ;
#81 = EDGE_CURVE ( 'NONE', #1060, #731, #10390, .T. ) ;
#82 = SURFACE_STYLE_USAGE ( .BOTH. , #7141 ) ;
#83 = EDGE_CURVE ( 'NONE', #5067, #7096, #7984, .T. ) ;
#84 = FACE_OUTER_BOUND ( 'NONE', #2354, .T. ) ;
#85 = SURFACE_STYLE_USAGE ( .BOTH. , #46 ) ;
#86 = SURFACE_STYLE_FILL_AREA ( #6302 ) ;
#87 = PRESENTATION_LAYER_ASSIGNMENT (  '', '', ( #11067 ) ) ;
#88 = FILL_AREA_STYLE_COLOUR ( '', #4826 ) ;
#89 = DIRECTION ( 'NONE',  ( -1.000000000000000000, 3.526005099788157400E-016, 2.409338161078903100E-017 ) ) ;
#90 = FILL_AREA_STYLE_COLOUR ( '', #1487 ) ;
#91 = ORIENTED_EDGE ( 'NONE', *, *, #457, .T. ) ;
#92 = DIRECTION ( 'NONE',  ( 0.0000000000000000000, -3.252606517456513300E-015, 1.000000000000000000 ) ) ;
#93 = VERTEX_POINT ( 'NONE', #8517 ) ;
#94 = PRESENTATION_LAYER_ASSIGNMENT (  '', '', ( #2550 ) ) ;
#96 = DIRECTION ( 'NONE',  ( -1.000000000000000000, 9.827563551769197900E-017, -1.927470528863119000E-016 ) ) ;
#95 = CYLINDRICAL_SURFACE ( 'NONE', #4938, 0.1250000000000000000 ) ;
#97 = DIRECTION ( 'NONE',  ( 1.000000000000000000, 0.0000000000000000000, 0.0000000000000000000 ) ) ;
#98 =( LENGTH_UNIT ( ) NAMED_UNIT ( * ) SI_UNIT ( .MILLI., .METRE. ) );
#99 = COLOUR_RGB ( '',1.000000000000000000, 1.000000000000000000, 1.000000000000000000 ) ;
#100 = DIRECTION ( 'NONE',  ( -1.000000000000000000, 1.426581805901979900E-016, -1.927470528863118800E-016 ) ) ;
#101 = LINE ( 'NONE', #4067, #2540 ) ;
#102 = CYLINDRICAL_SURFACE ( 'NONE', #8591, 0.1799999999999996000 ) ;
#103 = CARTESIAN_POINT ( 'NONE',  ( 5.309928226682517400, -3.830992822668251900, 1.002085514207893700 ) ) ;
#104 =( LENGTH_UNIT ( ) NAMED_UNIT ( * ) SI_UNIT ( .MILLI., .METRE. ) );
#106 = ORIENTED_EDGE ( 'NONE', *, *, #2485, .T. ) ;
#105 = DIRECTION ( 'NONE',  ( -0.0000000000000000000, 1.000000000000000000, -0.0000000000000000000 ) ) ;
#107 = EDGE_CURVE ( 'NONE', #7474, #3941, #1200, .T. ) ;
#108 = DIRECTION ( 'NONE',  ( 0.0000000000000000000, -1.000000000000000000, 0.0000000000000000000 ) ) ;
#109 = PRESENTATION_LAYER_ASSIGNMENT (  '', '', ( #10491 ) ) ;
#110 = ADVANCED_FACE ( 'NONE', ( #10119 ), #2217, .T. ) ;
#111 = FACE_OUTER_BOUND ( 'NONE', #11463, .T. ) ;
#112 =( LENGTH_UNIT ( ) NAMED_UNIT ( * ) SI_UNIT ( .MILLI., .METRE. ) );
#113 = CARTESIAN_POINT ( 'NONE',  ( -5.150000000000003000, -1.680000000000001500, 3.850000000000000500 ) ) ;
#114 = COLOUR_RGB ( '',1.000000000000000000, 1.000000000000000000, 1.000000000000000000 ) ;
#115 = AXIS2_PLACEMENT_3D ( 'NONE', #1543, #3143, #8724 ) ;
#116 = COLOUR_RGB ( '',0.9098039215686274400, 0.4431372549019607600, 0.03137254901960784300 ) ;
#117 = ORIENTED_EDGE ( 'NONE', *, *, #1680, .T. ) ;
#118 = CARTESIAN_POINT ( 'NONE',  ( 4.590000000000002500, -1.282497043505879700E-015, 3.150000000000000400 ) ) ;
#119 = ORIENTED_EDGE ( 'NONE', *, *, #3594, .F. ) ;
#120 = DIRECTION ( 'NONE',  ( -1.000000000000000000, -3.348823158252936600E-015, -2.014244061478019600E-016 ) ) ;
#121 = CARTESIAN_POINT ( 'NONE',  ( -4.350000000000002300, -4.015000000000000600, -1.125000000000000400 ) ) ;
#122 = VERTEX_POINT ( 'NONE', #903 ) ;
#123 =( LENGTH_UNIT ( ) NAMED_UNIT ( * ) SI_UNIT ( .MILLI., .METRE. ) );
#124 = ADVANCED_FACE ( 'NONE', ( #4534 ), #7409, .F. ) ;
#125 = LINE ( 'NONE', #4650, #9340 ) ;
#126 = PRESENTATION_STYLE_ASSIGNMENT (( #2510 ) ) ;
#127 = CIRCLE ( 'NONE', #2991, 0.1999999999999999800 ) ;
#128 =( NAMED_UNIT ( * ) SI_UNIT ( $, .STERADIAN. ) SOLID_ANGLE_UNIT ( ) );
#129 = DIRECTION ( 'NONE',  ( 1.000000000000000000, 6.776263578034399000E-017, 2.168404344971007700E-015 ) ) ;
#130 = VERTEX_POINT ( 'NONE', #601 ) ;
#131 = STYLED_ITEM ( 'NONE', ( #4319 ), #9642 ) ;
#132 = CARTESIAN_POINT ( 'NONE',  ( -5.350000000000001400, -0.2000000000000009300, -1.007842712474619400 ) ) ;
#133 = CARTESIAN_POINT ( 'NONE',  ( -5.350000000000004100, -0.2000000000000007000, -2.250000000000000900 ) ) ;
#134 = ORIENTED_EDGE ( 'NONE', *, *, #4842, .T. ) ;
#135 = FILL_AREA_STYLE_COLOUR ( '', #335 ) ;
#136 = STYLED_ITEM ( 'NONE', ( #1166 ), #2867 ) ;
#137 = ORIENTED_EDGE ( 'NONE', *, *, #2456, .T. ) ;
#138 = FILL_AREA_STYLE ('',( #6428 ) ) ;
#139 =( LENGTH_UNIT ( ) NAMED_UNIT ( * ) SI_UNIT ( .MILLI., .METRE. ) );
#140 = CARTESIAN_POINT ( 'NONE',  ( 5.350000000000002300, -1.059950281785170900E-015, 2.350000000000000500 ) ) ;
#141 = SURFACE_STYLE_USAGE ( .BOTH. , #185 ) ;
#142 = CIRCLE ( 'NONE', #7123, 0.1799999999999996000 ) ;
#143 = CYLINDRICAL_SURFACE ( 'NONE', #7656, 0.1750000000000006800 ) ;
#144 = ORIENTED_EDGE ( 'NONE', *, *, #4111, .F. ) ;
#145 = ORIENTED_EDGE ( 'NONE', *, *, #4761, .T. ) ;
#146 = ORIENTED_EDGE ( 'NONE', *, *, #3281, .T. ) ;
#147 = CARTESIAN_POINT ( 'NONE',  ( -5.120000000000001900, -0.2300000000000004500, -3.850000000000000500 ) ) ;
#148 = AXIS2_PLACEMENT_3D ( 'NONE', #329, #250, #213 ) ;
#149 = CARTESIAN_POINT ( 'NONE',  ( 4.975000000000002300, -0.4249999999999984300, -0.7499999999999980000 ) ) ;
#150 = STYLED_ITEM ( 'NONE', ( #8975 ), #6228 ) ;
#151 = AXIS2_PLACEMENT_3D ( 'NONE', #11110, #3638, #10534 ) ;
#153 = AXIS2_PLACEMENT_3D ( 'NONE', #10394, #8446, #2844 ) ;
#152 = PRESENTATION_LAYER_ASSIGNMENT (  '', '', ( #10528 ) ) ;
#154 = VERTEX_POINT ( 'NONE', #10908 ) ;
#155 = VECTOR ( 'NONE', #2181, 1000.000000000000000 ) ;
#156 = MECHANICAL_DESIGN_GEOMETRIC_PRESENTATION_REPRESENTATION (  '', ( #1318 ), #6395 ) ;
#157 = EDGE_CURVE ( 'NONE', #10290, #7454, #6873, .T. ) ;
#158 = CARTESIAN_POINT ( 'NONE',  ( 4.850000000000002300, -1.870000000000000100, -1.125000000000000700 ) ) ;
#159 = DIRECTION ( 'NONE',  ( 0.0000000000000000000, -1.000000000000000000, 0.0000000000000000000 ) ) ;
#160 = ORIENTED_EDGE ( 'NONE', *, *, #2904, .F. ) ;
#161 = DIRECTION ( 'NONE',  ( -1.426581805901979600E-016, -1.000000000000000000, -1.281360903504773500E-017 ) ) ;
#162 = CARTESIAN_POINT ( 'NONE',  ( 3.350000000000003200, -3.764999999999999700, 0.8749999999999987800 ) ) ;
#163 = VERTEX_POINT ( 'NONE', #7632 ) ;
#164 = DIRECTION ( 'NONE',  ( -1.000000000000000000, 0.0000000000000000000, 0.0000000000000000000 ) ) ;
#165 =( BOUNDED_CURVE ( )  B_SPLINE_CURVE ( 3, ( #6344, #132, #1984, #8140 ),
 .UNSPECIFIED., .F., .F. ) 
 B_SPLINE_CURVE_WITH_KNOTS ( ( 4, 4 ),
 ( 3.141592653589793100, 4.712388980384689700 ),
 .UNSPECIFIED. ) 
 CURVE ( )  GEOMETRIC_REPRESENTATION_ITEM ( )  RATIONAL_B_SPLINE_CURVE ( ( 1.000000000000000000, 0.8047378541243649400, 0.8047378541243649400, 1.000000000000000000 ) ) 
 REPRESENTATION_ITEM ( '' )  );
#166 = PRESENTATION_STYLE_ASSIGNMENT (( #2047 ) ) ;
#167 = CARTESIAN_POINT ( 'NONE',  ( -3.355000000000002200, -3.839999999999996700, 0.7499999999999874500 ) ) ;
#168 =( GEOMETRIC_REPRESENTATION_CONTEXT ( 3 ) GLOBAL_UNCERTAINTY_ASSIGNED_CONTEXT ( ( #6783 ) ) GLOBAL_UNIT_ASSIGNED_CONTEXT ( ( #1091, #1004, #960 ) ) REPRESENTATION_CONTEXT ( 'NONE', 'WORKASPACE' ) );
#169 =( GEOMETRIC_REPRESENTATION_CONTEXT ( 3 ) GLOBAL_UNCERTAINTY_ASSIGNED_CONTEXT ( ( #11415 ) ) GLOBAL_UNIT_ASSIGNED_CONTEXT ( ( #280, #6484, #1187 ) ) REPRESENTATION_CONTEXT ( 'NONE', 'WORKASPACE' ) );
#170 = CARTESIAN_POINT ( 'NONE',  ( 4.025000000000000400, -1.951563910473908000E-015, 0.7500000000000021100 ) ) ;
#171 = CARTESIAN_POINT ( 'NONE',  ( -5.350000000000004100, -0.2000000000000009000, 2.300000000000000700 ) ) ;
#172 = ORIENTED_EDGE ( 'NONE', *, *, #10466, .F. ) ;
#173 = DIRECTION ( 'NONE',  ( -1.000000000000000000, -1.505836350674314900E-016, 0.0000000000000000000 ) ) ;
#174 = EDGE_CURVE ( 'NONE', #4253, #5062, #1341, .T. ) ;
#175 = DIRECTION ( 'NONE',  ( 0.0000000000000000000, -1.000000000000000000, 0.0000000000000000000 ) ) ;
#176 = LINE ( 'NONE', #7276, #2601 ) ;
#177 = EDGE_CURVE ( 'NONE', #8008, #3509, #8120, .T. ) ;
#178 = CARTESIAN_POINT ( 'NONE',  ( 5.350000000000004100, -0.2000000000000007000, -2.250000000000000900 ) ) ;
#179 = EDGE_LOOP ( 'NONE', ( #5097, #7, #4900 ) ) ;
#180 = UNCERTAINTY_MEASURE_WITH_UNIT (LENGTH_MEASURE( 1.000000000000000100E-005 ), #2134, 'distance_accuracy_value', 'NONE');
#181 = ADVANCED_FACE ( 'NONE', ( #3717 ), #405, .T. ) ;
#182 = ORIENTED_EDGE ( 'NONE', *, *, #1612, .F. ) ;
#183 = SURFACE_STYLE_USAGE ( .BOTH. , #349 ) ;
#184 = FILL_AREA_STYLE_COLOUR ( '', #7362 ) ;
#185 = SURFACE_SIDE_STYLE ('',( #4840 ) ) ;
#186 = LINE ( 'NONE', #7441, #9403 ) ;
#187 = STYLED_ITEM ( 'NONE', ( #1070 ), #5417 ) ;
#188 = SURFACE_STYLE_USAGE ( .BOTH. , #5508 ) ;
#189 = EDGE_CURVE ( 'NONE', #3739, #3981, #4929, .T. ) ;
#190 = DIRECTION ( 'NONE',  ( -1.426581805901979600E-016, 1.000000000000000000, 1.426581805901979400E-016 ) ) ;
#191 = PRESENTATION_LAYER_ASSIGNMENT (  '', '', ( #7341 ) ) ;
#192 = EDGE_CURVE ( 'NONE', #9248, #2481, #7284, .T. ) ;
#193 = ADVANCED_FACE ( 'NONE', ( #2630 ), #3858, .F. ) ;
#194 = VECTOR ( 'NONE', #8244, 1000.000000000000000 ) ;
#195 = PRESENTATION_STYLE_ASSIGNMENT (( #9462 ) ) ;
#196 =( LENGTH_UNIT ( ) NAMED_UNIT ( * ) SI_UNIT ( .MILLI., .METRE. ) );
#197 = FILL_AREA_STYLE_COLOUR ( '', #10262 ) ;
#198 = EDGE_LOOP ( 'NONE', ( #10760, #9657 ) ) ;
#199 = ORIENTED_EDGE ( 'NONE', *, *, #509, .F. ) ;
#200 = ORIENTED_EDGE ( 'NONE', *, *, #409, .T. ) ;
#201 = SURFACE_STYLE_FILL_AREA ( #482 ) ;
#202 = ORIENTED_EDGE ( 'NONE', *, *, #4380, .T. ) ;
#203 = FILL_AREA_STYLE ('',( #2896 ) ) ;
#204 = CARTESIAN_POINT ( 'NONE',  ( -4.690000000000003100, -0.2000000000000013700, 3.100000000000001000 ) ) ;
#205 = SURFACE_STYLE_FILL_AREA ( #9379 ) ;
#206 = DIRECTION ( 'NONE',  ( 1.000000000000000000, 0.0000000000000000000, 0.0000000000000000000 ) ) ;
#207 = CARTESIAN_POINT ( 'NONE',  ( -3.350000000000003200, -4.015000000000001500, 3.849999999999999600 ) ) ;
#208 = COLOUR_RGB ( '',1.000000000000000000, 1.000000000000000000, 1.000000000000000000 ) ;
#209 = PRESENTATION_STYLE_ASSIGNMENT (( #7057 ) ) ;
#210 = DIRECTION ( 'NONE',  ( 1.000000000000000000, 1.426581805901978400E-016, 0.0000000000000000000 ) ) ;
#211 = EDGE_CURVE ( 'NONE', #10403, #6017, #8535, .T. ) ;
#212 = ORIENTED_EDGE ( 'NONE', *, *, #1485, .F. ) ;
#213 = DIRECTION ( 'NONE',  ( -7.553600721220308800E-017, -3.168122796172017900E-015, 1.000000000000000000 ) ) ;
#214 = UNCERTAINTY_MEASURE_WITH_UNIT (LENGTH_MEASURE( 1.000000000000000100E-005 ), #8313, 'distance_accuracy_value', 'NONE');
#216 = VERTEX_POINT ( 'NONE', #56 ) ;
#215 = PRESENTATION_LAYER_ASSIGNMENT (  '', '', ( #10586 ) ) ;
#217 = ORIENTED_EDGE ( 'NONE', *, *, #2731, .F. ) ;
#218 =( LENGTH_UNIT ( ) NAMED_UNIT ( * ) SI_UNIT ( .MILLI., .METRE. ) );
#219 = STYLED_ITEM ( 'NONE', ( #10053 ), #2229 ) ;
#220 = PRESENTATION_STYLE_ASSIGNMENT (( #5524 ) ) ;
#221 =( NAMED_UNIT ( * ) SI_UNIT ( $, .STERADIAN. ) SOLID_ANGLE_UNIT ( ) );
#222 = CARTESIAN_POINT ( 'NONE',  ( 3.350000000000002800, -3.765000000000000100, -1.175000000000000700 ) ) ;
#223 =( NAMED_UNIT ( * ) SI_UNIT ( $, .STERADIAN. ) SOLID_ANGLE_UNIT ( ) );
#224 = VECTOR ( 'NONE', #5632, 1000.000000000000000 ) ;
#225 = DIRECTION ( 'NONE',  ( 1.000000000000000000, 1.426581805901979400E-016, 2.209081482755458100E-016 ) ) ;
#226 = EDGE_LOOP ( 'NONE', ( #1201, #1869, #11426, #7367, #5141, #10321, #9196, #9716, #7575, #1791, #5638, #1637, #10340, #7185, #4894, #1425, #5987, #4074, #6195, #2320 ) ) ;
#227 = DIRECTION ( 'NONE',  ( 1.000000000000000000, 0.0000000000000000000, 0.0000000000000000000 ) ) ;
#228 = CYLINDRICAL_SURFACE ( 'NONE', #10841, 0.8000000000000003800 ) ;
#229 = FILL_AREA_STYLE_COLOUR ( '', #1520 ) ;
#230 = CARTESIAN_POINT ( 'NONE',  ( 5.150000000000003900, -3.539999999999998700, -0.7499999999999981100 ) ) ;
#231 = SURFACE_STYLE_USAGE ( .BOTH. , #9054 ) ;
#232 = FILL_AREA_STYLE ('',( #784 ) ) ;
#233 = SURFACE_STYLE_FILL_AREA ( #5873 ) ;
#234 = EDGE_CURVE ( 'NONE', #4343, #3124, #10648, .T. ) ;
#235 = EDGE_CURVE ( 'NONE', #1714, #2637, #1481, .T. ) ;
#236 = DIRECTION ( 'NONE',  ( 1.000000000000000000, 9.827563551769193000E-017, 3.504491870660227200E-017 ) ) ;
#237 = VECTOR ( 'NONE', #3873, 1000.000000000000100 ) ;
#238 = SURFACE_STYLE_USAGE ( .BOTH. , #5557 ) ;
#239 = ORIENTED_EDGE ( 'NONE', *, *, #6811, .T. ) ;
#240 = ADVANCED_FACE ( 'NONE', ( #5900 ), #9547, .T. ) ;
#241 = AXIS2_PLACEMENT_3D ( 'NONE', #8461, #8426, #8354 ) ;
#242 = PRESENTATION_LAYER_ASSIGNMENT (  '', '', ( #10026 ) ) ;
#243 = FACE_OUTER_BOUND ( 'NONE', #4447, .T. ) ;
#244 = CIRCLE ( 'NONE', #1161, 0.2999999999999999300 ) ;
#245 = EDGE_CURVE ( 'NONE', #10120, #5871, #7427, .T. ) ;
#246 = DIRECTION ( 'NONE',  ( 0.0000000000000000000, 0.0000000000000000000, 1.000000000000000000 ) ) ;
#247 = EDGE_CURVE ( 'NONE', #11473, #2142, #5051, .T. ) ;
#248 = ORIENTED_EDGE ( 'NONE', *, *, #10745, .F. ) ;
#249 = ORIENTED_EDGE ( 'NONE', *, *, #3301, .T. ) ;
#250 = DIRECTION ( 'NONE',  ( -3.634139519433330900E-015, -1.000000000000000000, -3.168122796172018300E-015 ) ) ;
#251 = UNCERTAINTY_MEASURE_WITH_UNIT (LENGTH_MEASURE( 1.000000000000000100E-005 ), #10994, 'distance_accuracy_value', 'NONE');
#252 = CIRCLE ( 'NONE', #652, 0.2999999999999999300 ) ;
#253 = VECTOR ( 'NONE', #1173, 1000.000000000000000 ) ;
#254 = DIRECTION ( 'NONE',  ( 1.000000000000000000, 3.348823158252937400E-015, 7.553600721221495800E-017 ) ) ;
#255 = ADVANCED_FACE ( 'NONE', ( #4786 ), #11222, .F. ) ;
#256 = DIRECTION ( 'NONE',  ( 1.000000000000000000, 1.426581805901979400E-016, 1.927470528863119300E-016 ) ) ;
#257 = CARTESIAN_POINT ( 'NONE',  ( 5.133267137638339000, -0.2029139788270353500, 2.349926554541674300 ) ) ;
#258 = DIRECTION ( 'NONE',  ( 1.000000000000000000, 3.634139519433330900E-015, 7.553600721220340800E-017 ) ) ;
#259 = PLANE ( 'NONE',  #1801 ) ;
#260 = COLOUR_RGB ( '',0.9098039215686274400, 0.4431372549019607600, 0.03137254901960784300 ) ;
#261 = ORIENTED_EDGE ( 'NONE', *, *, #10465, .F. ) ;
#262 = FACE_OUTER_BOUND ( 'NONE', #3589, .T. ) ;
#263 = STYLED_ITEM ( 'NONE', ( #7282 ), #1010 ) ;
#264 = LINE ( 'NONE', #2435, #2413 ) ;
#265 =( NAMED_UNIT ( * ) SI_UNIT ( $, .STERADIAN. ) SOLID_ANGLE_UNIT ( ) );
#266 = DIRECTION ( 'NONE',  ( 3.348823158252937800E-015, -1.000000000000000000, -3.637943737582402700E-015 ) ) ;
#267 = CARTESIAN_POINT ( 'NONE',  ( 4.975000000000002300, -3.714999999999999400, 0.7500000000000018900 ) ) ;
#268 = CARTESIAN_POINT ( 'NONE',  ( 4.725000000000003200, -3.764999999999999700, -0.9250000000000004900 ) ) ;
#269 = PRESENTATION_STYLE_ASSIGNMENT (( #1360 ) ) ;
#270 = ORIENTED_EDGE ( 'NONE', *, *, #1788, .F. ) ;
#271 = FILL_AREA_STYLE_COLOUR ( '', #10233 ) ;
#272 = VERTEX_POINT ( 'NONE', #8759 ) ;
#273 = CARTESIAN_POINT ( 'NONE',  ( 5.350000000000005000, -0.2000000000000009000, 2.350000000000000500 ) ) ;
#274 = DIRECTION ( 'NONE',  ( 2.409338161078898200E-017, -1.426581805901979400E-016, 1.000000000000000000 ) ) ;
#275 = ORIENTED_EDGE ( 'NONE', *, *, #4172, .T. ) ;
#276 = DIRECTION ( 'NONE',  ( 7.228014483236697000E-017, 1.426581805901979400E-016, -1.000000000000000000 ) ) ;
#277 = VECTOR ( 'NONE', #2922, 1000.000000000000000 ) ;
#278 = UNCERTAINTY_MEASURE_WITH_UNIT (LENGTH_MEASURE( 1.000000000000000100E-005 ), #4864, 'distance_accuracy_value', 'NONE');
#279 = CARTESIAN_POINT ( 'NONE',  ( -5.350000000000002300, -3.834999918295677500, 1.098821942543505300 ) ) ;
#280 =( LENGTH_UNIT ( ) NAMED_UNIT ( * ) SI_UNIT ( .MILLI., .METRE. ) );
#281 = ORIENTED_EDGE ( 'NONE', *, *, #9492, .T. ) ;
#282 = AXIS2_PLACEMENT_3D ( 'NONE', #8516, #3263, #9460 ) ;
#283 = DIRECTION ( 'NONE',  ( 2.465190328815661900E-032, 1.426581805901979900E-016, -1.000000000000000000 ) ) ;
#284 = ORIENTED_EDGE ( 'NONE', *, *, #697, .F. ) ;
#285 = CARTESIAN_POINT ( 'NONE',  ( 5.150000000000004800, -3.785000000000001000, 3.650000000000000800 ) ) ;
#286 =( GEOMETRIC_REPRESENTATION_CONTEXT ( 3 ) GLOBAL_UNCERTAINTY_ASSIGNED_CONTEXT ( ( #6940 ) ) GLOBAL_UNIT_ASSIGNED_CONTEXT ( ( #2299, #10829, #6883 ) ) REPRESENTATION_CONTEXT ( 'NONE', 'WORKASPACE' ) );
#287 = SURFACE_STYLE_FILL_AREA ( #3877 ) ;
#288 = ORIENTED_EDGE ( 'NONE', *, *, #7715, .F. ) ;
#289 = DIRECTION ( 'NONE',  ( -1.000000000000000000, 1.426581805901978400E-016, 0.0000000000000000000 ) ) ;
#290 = VERTEX_POINT ( 'NONE', #6763 ) ;
#291 = CARTESIAN_POINT ( 'NONE',  ( -3.355000000000002200, -3.714999999999991400, -0.7500000000000122100 ) ) ;
#292 =( NAMED_UNIT ( * ) PLANE_ANGLE_UNIT ( ) SI_UNIT ( $, .RADIAN. ) );
#293 = ORIENTED_EDGE ( 'NONE', *, *, #2168, .T. ) ;
#294 = SURFACE_STYLE_USAGE ( .BOTH. , #5613 ) ;
#295 = DIRECTION ( 'NONE',  ( 0.0000000000000000000, 0.3399228840219226100, -0.9404533124606551100 ) ) ;
#296 = FILL_AREA_STYLE_COLOUR ( '', #8530 ) ;
#297 = PRESENTATION_STYLE_ASSIGNMENT (( #5984 ) ) ;
#298 =( NAMED_UNIT ( * ) SI_UNIT ( $, .STERADIAN. ) SOLID_ANGLE_UNIT ( ) );
#299 = ORIENTED_EDGE ( 'NONE', *, *, #830, .F. ) ;
#300 = ORIENTED_EDGE ( 'NONE', *, *, #10490, .T. ) ;
#301 = EDGE_CURVE ( 'NONE', #5164, #51, #3989, .T. ) ;
#302 = DIRECTION ( 'NONE',  ( 0.0000000000000000000, 0.0000000000000000000, -1.000000000000000000 ) ) ;
#303 = MECHANICAL_DESIGN_GEOMETRIC_PRESENTATION_REPRESENTATION (  '', ( #680 ), #286 ) ;
#304 = ADVANCED_FACE ( 'NONE', ( #6295 ), #5976, .T. ) ;
#305 = DIRECTION ( 'NONE',  ( 2.014244061477907900E-016, 2.731201820944629400E-018, -1.000000000000000000 ) ) ;
#306 = FILL_AREA_STYLE ('',( #425 ) ) ;
#307 = CARTESIAN_POINT ( 'NONE',  ( -3.350000000000002800, -3.764999999999999700, 0.9250000000000001600 ) ) ;
#308 = CIRCLE ( 'NONE', #4555, 0.04999999999999969700 ) ;
#309 = DIRECTION ( 'NONE',  ( 1.000000000000000000, 0.0000000000000000000, 0.0000000000000000000 ) ) ;
#310 = DIRECTION ( 'NONE',  ( 2.014244061477911900E-016, 3.348823158252935100E-015, -1.000000000000000000 ) ) ;
#311 = CARTESIAN_POINT ( 'NONE',  ( 5.249999999999997300, 0.0000000000000000000, -4.200000000000001100 ) ) ;
#312 = ADVANCED_FACE ( 'NONE', ( #5190 ), #4377, .T. ) ;
#313 = EDGE_LOOP ( 'NONE', ( #5280, #2890, #3165, #583, #9209 ) ) ;
#314 = DIRECTION ( 'NONE',  ( -1.000000000000000000, 1.426581805901979900E-016, -1.927470528863118800E-016 ) ) ;
#315 = PRESENTATION_LAYER_ASSIGNMENT (  '', '', ( #11267 ) ) ;
#317 =( GEOMETRIC_REPRESENTATION_CONTEXT ( 3 ) GLOBAL_UNCERTAINTY_ASSIGNED_CONTEXT ( ( #10400 ) ) GLOBAL_UNIT_ASSIGNED_CONTEXT ( ( #98, #61, #11119 ) ) REPRESENTATION_CONTEXT ( 'NONE', 'WORKASPACE' ) );
#316 = AXIS2_PLACEMENT_3D ( 'NONE', #1815, #7977, #2719 ) ;
#318 = LINE ( 'NONE', #5452, #4766 ) ;
#319 = EDGE_CURVE ( 'NONE', #11405, #130, #2341, .T. ) ;
#320 = ORIENTED_EDGE ( 'NONE', *, *, #10293, .T. ) ;
#321 = EDGE_CURVE ( 'NONE', #11197, #2504, #11469, .T. ) ;
#322 =( NAMED_UNIT ( * ) SI_UNIT ( $, .STERADIAN. ) SOLID_ANGLE_UNIT ( ) );
#323 = CARTESIAN_POINT ( 'NONE',  ( 4.025000000000000400, -0.1250000000000019400, 0.7500000000000021100 ) ) ;
#324 = DIRECTION ( 'NONE',  ( -1.000000000000000000, 0.0000000000000000000, 0.0000000000000000000 ) ) ;
#325 =( NAMED_UNIT ( * ) SI_UNIT ( $, .STERADIAN. ) SOLID_ANGLE_UNIT ( ) );
#326 = STYLED_ITEM ( 'NONE', ( #3062 ), #5611 ) ;
#327 = VECTOR ( 'NONE', #8812, 1000.000000000000000 ) ;
#328 = ORIENTED_EDGE ( 'NONE', *, *, #2534, .F. ) ;
#329 = CARTESIAN_POINT ( 'NONE',  ( -4.025000000000001200, -0.2499999999999994200, -0.7500000000000010000 ) ) ;
#330 = MECHANICAL_DESIGN_GEOMETRIC_PRESENTATION_REPRESENTATION (  '', ( #10118 ), #918 ) ;
#331 =( GEOMETRIC_REPRESENTATION_CONTEXT ( 3 ) GLOBAL_UNCERTAINTY_ASSIGNED_CONTEXT ( ( #3134 ) ) GLOBAL_UNIT_ASSIGNED_CONTEXT ( ( #11404, #6049, #742 ) ) REPRESENTATION_CONTEXT ( 'NONE', 'WORKASPACE' ) );
#332 =( NAMED_UNIT ( * ) SI_UNIT ( $, .STERADIAN. ) SOLID_ANGLE_UNIT ( ) );
#333 = PRESENTATION_STYLE_ASSIGNMENT (( #758 ) ) ;
#334 = DIRECTION ( 'NONE',  ( 1.426581805901979600E-016, 1.000000000000000000, 1.426581805901979900E-016 ) ) ;
#335 = COLOUR_RGB ( '',0.5019607843137254800, 0.5019607843137254800, 0.5019607843137254800 ) ;
#336 = AXIS2_PLACEMENT_3D ( 'NONE', #7933, #10257, #2458 ) ;
#337 = ORIENTED_EDGE ( 'NONE', *, *, #7604, .F. ) ;
#338 = FILL_AREA_STYLE_COLOUR ( '', #4302 ) ;
#339 = ORIENTED_EDGE ( 'NONE', *, *, #5138, .T. ) ;
#340 = FILL_AREA_STYLE ('',( #4240 ) ) ;
#341 = PRESENTATION_STYLE_ASSIGNMENT (( #10716 ) ) ;
#342 = SURFACE_STYLE_FILL_AREA ( #5466 ) ;
#343 = CARTESIAN_POINT ( 'NONE',  ( -5.202499219376996100, -3.820249921937698600, -0.9249999999999991600 ) ) ;
#344 = ORIENTED_EDGE ( 'NONE', *, *, #798, .T. ) ;
#345 = SURFACE_STYLE_FILL_AREA ( #999 ) ;
#346 = VECTOR ( 'NONE', #1250, 1000.000000000000000 ) ;
#347 = DIRECTION ( 'NONE',  ( -2.409338161078898200E-017, 1.426581805901979400E-016, -1.000000000000000000 ) ) ;
#348 =( NAMED_UNIT ( * ) PLANE_ANGLE_UNIT ( ) SI_UNIT ( $, .RADIAN. ) );
#349 = SURFACE_SIDE_STYLE ('',( #3262 ) ) ;
#350 = FILL_AREA_STYLE ('',( #10393 ) ) ;
#351 = PLANE ( 'NONE',  #3386 ) ;
#352 = VERTEX_POINT ( 'NONE', #3684 ) ;
#353 = SURFACE_STYLE_USAGE ( .BOTH. , #6782 ) ;
#354 = VERTEX_POINT ( 'NONE', #4265 ) ;
#355 = LINE ( 'NONE', #5532, #9553 ) ;
#356 = ORIENTED_EDGE ( 'NONE', *, *, #11274, .F. ) ;
#357 = EDGE_CURVE ( 'NONE', #10457, #8408, #8818, .T. ) ;
#358 = PLANE ( 'NONE',  #6761 ) ;
#359 =( GEOMETRIC_REPRESENTATION_CONTEXT ( 3 ) GLOBAL_UNCERTAINTY_ASSIGNED_CONTEXT ( ( #3111 ) ) GLOBAL_UNIT_ASSIGNED_CONTEXT ( ( #8163, #8992, #8926 ) ) REPRESENTATION_CONTEXT ( 'NONE', 'WORKASPACE' ) );
#360 = EDGE_LOOP ( 'NONE', ( #145, #10788, #3662, #8647 ) ) ;
#361 = AXIS2_PLACEMENT_3D ( 'NONE', #2503, #8652, #3384 ) ;
#362 = DIRECTION ( 'NONE',  ( 0.0000000000000000000, 0.0000000000000000000, -1.000000000000000000 ) ) ;
#363 = COLOUR_RGB ( '',1.000000000000000000, 1.000000000000000000, 1.000000000000000000 ) ;
#364 = ORIENTED_EDGE ( 'NONE', *, *, #5654, .T. ) ;
#365 = CARTESIAN_POINT ( 'NONE',  ( -5.349966811288966900, -4.014966811288960700, 1.074221323140173800 ) ) ;
#366 = DIRECTION ( 'NONE',  ( -2.409338161078898200E-017, 1.426581805901979400E-016, -1.000000000000000000 ) ) ;
#367 = ADVANCED_FACE ( 'NONE', ( #6721 ), #8469, .F. ) ;
#368 = MECHANICAL_DESIGN_GEOMETRIC_PRESENTATION_REPRESENTATION (  '', ( #735 ), #317 ) ;
#369 = ORIENTED_EDGE ( 'NONE', *, *, #6188, .F. ) ;
#370 = DIRECTION ( 'NONE',  ( 0.0000000000000000000, 1.000000000000000000, 3.469446951953611000E-015 ) ) ;
#371 = CARTESIAN_POINT ( 'NONE',  ( -4.350000000000002300, -0.2000000000000010400, -4.119631811401315800E-017 ) ) ;
#372 = DIRECTION ( 'NONE',  ( -2.209081482755457800E-016, -1.426581805901979600E-016, 1.000000000000000000 ) ) ;
#373 = EDGE_CURVE ( 'NONE', #863, #7104, #5608, .T. ) ;
#374 = CARTESIAN_POINT ( 'NONE',  ( -5.250000000000000900, -3.865000000000000200, 5.000000000000000000 ) ) ;
#375 = PRESENTATION_LAYER_ASSIGNMENT (  '', '', ( #10157 ) ) ;
#376 = SURFACE_STYLE_FILL_AREA ( #10045 ) ;
#377 = MECHANICAL_DESIGN_GEOMETRIC_PRESENTATION_REPRESENTATION (  '', ( #136 ), #527 ) ;
#378 = CARTESIAN_POINT ( 'NONE',  ( 5.150000000000003000, -0.2000000000000009800, 1.125000000000000400 ) ) ;
#379 = DIRECTION ( 'NONE',  ( -2.209081482755457800E-016, -1.426581805901979600E-016, 1.000000000000000000 ) ) ;
#380 = FACE_OUTER_BOUND ( 'NONE', #6519, .T. ) ;
#381 = ORIENTED_EDGE ( 'NONE', *, *, #1178, .F. ) ;
#382 =( NAMED_UNIT ( * ) PLANE_ANGLE_UNIT ( ) SI_UNIT ( $, .RADIAN. ) );
#383 = FILL_AREA_STYLE_COLOUR ( '', #7840 ) ;
#384 = VECTOR ( 'NONE', #10722, 1000.000000000000000 ) ;
#385 =( GEOMETRIC_REPRESENTATION_CONTEXT ( 3 ) GLOBAL_UNCERTAINTY_ASSIGNED_CONTEXT ( ( #4385 ) ) GLOBAL_UNIT_ASSIGNED_CONTEXT ( ( #4195, #3906, #2943 ) ) REPRESENTATION_CONTEXT ( 'NONE', 'WORKASPACE' ) );
#386 = CARTESIAN_POINT ( 'NONE',  ( 3.350000000000004100, -3.815000000000000800, 3.850000000000000100 ) ) ;
#387 = AXIS2_PLACEMENT_3D ( 'NONE', #1703, #5189, #1747 ) ;
#388 = SURFACE_SIDE_STYLE ('',( #9626 ) ) ;
#389 = CARTESIAN_POINT ( 'NONE',  ( -5.250000000000001800, -3.865000000000000200, 3.899999999999999900 ) ) ;
#390 = DIRECTION ( 'NONE',  ( -1.426581805901979600E-016, 1.000000000000000000, 1.426581805901979400E-016 ) ) ;
#391 = ORIENTED_EDGE ( 'NONE', *, *, #3791, .F. ) ;
#392 =( GEOMETRIC_REPRESENTATION_CONTEXT ( 3 ) GLOBAL_UNCERTAINTY_ASSIGNED_CONTEXT ( ( #10976 ) ) GLOBAL_UNIT_ASSIGNED_CONTEXT ( ( #3464, #10796, #7886 ) ) REPRESENTATION_CONTEXT ( 'NONE', 'WORKASPACE' ) );
#393 = EDGE_CURVE ( 'NONE', #3292, #7474, #7963, .T. ) ;
#394 =( LENGTH_UNIT ( ) NAMED_UNIT ( * ) SI_UNIT ( .MILLI., .METRE. ) );
#395 = COLOUR_RGB ( '',1.000000000000000000, 1.000000000000000000, 1.000000000000000000 ) ;
#396 = VERTEX_POINT ( 'NONE', #4902 ) ;
#397 = DIRECTION ( 'NONE',  ( 2.562363692931207400E-016, 2.140309255009066900E-017, -1.000000000000000000 ) ) ;
#398 = CARTESIAN_POINT ( 'NONE',  ( -5.350000000000002300, -0.2000000000000013700, 2.350000000000001000 ) ) ;
#399 = UNCERTAINTY_MEASURE_WITH_UNIT (LENGTH_MEASURE( 1.000000000000000100E-005 ), #8987, 'distance_accuracy_value', 'NONE');
#400 = PRESENTATION_LAYER_ASSIGNMENT (  '', '', ( #10755 ) ) ;
#401 = MECHANICAL_DESIGN_GEOMETRIC_PRESENTATION_REPRESENTATION (  '', ( #10192 ), #992 ) ;
#402 = DIRECTION ( 'NONE',  ( 2.602085213965211100E-016, 0.0000000000000000000, 1.000000000000000000 ) ) ;
#403 = VECTOR ( 'NONE', #6594, 1000.000000000000000 ) ;
#404 = COLOUR_RGB ( '',1.000000000000000000, 1.000000000000000000, 1.000000000000000000 ) ;
#405 = PLANE ( 'NONE',  #9734 ) ;
#406 = FACE_OUTER_BOUND ( 'NONE', #5796, .T. ) ;
#407 = PRESENTATION_STYLE_ASSIGNMENT (( #3291 ) ) ;
#408 = ORIENTED_EDGE ( 'NONE', *, *, #1816, .T. ) ;
#409 = EDGE_CURVE ( 'NONE', #11291, #6693, #4817, .T. ) ;
#410 = ORIENTED_EDGE ( 'NONE', *, *, #1937, .F. ) ;
#411 = DIRECTION ( 'NONE',  ( 1.000000000000000000, 0.0000000000000000000, 0.0000000000000000000 ) ) ;
#412 = LINE ( 'NONE', #6085, #4856 ) ;
#413 = DIRECTION ( 'NONE',  ( -1.426581805901979900E-016, 1.000000000000000000, 2.725027521453481900E-016 ) ) ;
#414 = DIRECTION ( 'NONE',  ( -1.000000000000000000, 3.634139519433330100E-015, -7.553600721219157500E-017 ) ) ;
#415 = LINE ( 'NONE', #4331, #2551 ) ;
#416 = ORIENTED_EDGE ( 'NONE', *, *, #6846, .T. ) ;
#417 = CARTESIAN_POINT ( 'NONE',  ( 5.249999999999998200, 0.0000000000000000000, 4.199999999999998400 ) ) ;
#418 = ORIENTED_EDGE ( 'NONE', *, *, #11306, .T. ) ;
#419 = PLANE ( 'NONE',  #3766 ) ;
#420 = ADVANCED_FACE ( 'NONE', ( #72 ), #8415, .T. ) ;
#421 = ORIENTED_EDGE ( 'NONE', *, *, #5983, .T. ) ;
#422 = EDGE_CURVE ( 'NONE', #10786, #9527, #10808, .T. ) ;
#423 = MECHANICAL_DESIGN_GEOMETRIC_PRESENTATION_REPRESENTATION (  '', ( #9596 ), #1012 ) ;
#424 = FILL_AREA_STYLE_COLOUR ( '', #1140 ) ;
#425 = FILL_AREA_STYLE_COLOUR ( '', #1538 ) ;
#426 = DIRECTION ( 'NONE',  ( 0.0000000000000000000, -3.252606517456513300E-015, 1.000000000000000000 ) ) ;
#427 = CARTESIAN_POINT ( 'NONE',  ( 2.950000000000002800, -3.865000000000000200, -3.899999999999999500 ) ) ;
#428 = ORIENTED_EDGE ( 'NONE', *, *, #10052, .T. ) ;
#429 =( BOUNDED_CURVE ( )  B_SPLINE_CURVE ( 3, ( #11049, #4816, #1299, #7493 ),
 .UNSPECIFIED., .F., .T. ) 
 B_SPLINE_CURVE_WITH_KNOTS ( ( 4, 4 ),
 ( 1.233834753015667400E-016, 1.570796326794896800 ),
 .UNSPECIFIED. ) 
 CURVE ( )  GEOMETRIC_REPRESENTATION_ITEM ( )  RATIONAL_B_SPLINE_CURVE ( ( 1.000000000000000000, 0.8047378541243649400, 0.8047378541243649400, 1.000000000000000000 ) ) 
 REPRESENTATION_ITEM ( '' )  );
#430 = SURFACE_SIDE_STYLE ('',( #7485 ) ) ;
#431 = SURFACE_SIDE_STYLE ('',( #4682 ) ) ;
#432 = UNCERTAINTY_MEASURE_WITH_UNIT (LENGTH_MEASURE( 1.000000000000000100E-005 ), #4313, 'distance_accuracy_value', 'NONE');
#433 = VERTEX_POINT ( 'NONE', #9874 ) ;
#434 = FILL_AREA_STYLE ('',( #9309 ) ) ;
#435 = ORIENTED_EDGE ( 'NONE', *, *, #5231, .F. ) ;
#436 = VECTOR ( 'NONE', #7617, 1000.000000000000000 ) ;
#437 = DIRECTION ( 'NONE',  ( -1.000000000000000000, 3.634139519433330100E-015, -7.553600721219157500E-017 ) ) ;
#438 = PRESENTATION_STYLE_ASSIGNMENT (( #2325 ) ) ;
#439 = EDGE_CURVE ( 'NONE', #10874, #8962, #1655, .T. ) ;
#440 = CARTESIAN_POINT ( 'NONE',  ( -5.169999918295680200, -4.015000000000000600, 1.098821942543509100 ) ) ;
#441 = DIRECTION ( 'NONE',  ( 0.0000000000000000000, 3.401418580346682800E-016, -1.000000000000000000 ) ) ;
#442 = ORIENTED_EDGE ( 'NONE', *, *, #4638, .F. ) ;
#443 = EDGE_LOOP ( 'NONE', ( #10778, #954, #8263, #501 ) ) ;
#444 = AXIS2_PLACEMENT_3D ( 'NONE', #7108, #1839, #8003 ) ;
#445 = CARTESIAN_POINT ( 'NONE',  ( 4.725000000000002300, -3.815000000000000800, 0.9249999999999997100 ) ) ;
#446 = SURFACE_STYLE_USAGE ( .BOTH. , #5770 ) ;
#447 = ORIENTED_EDGE ( 'NONE', *, *, #10746, .F. ) ;
#448 = LINE ( 'NONE', #7114, #155 ) ;
#449 = FACE_OUTER_BOUND ( 'NONE', #3973, .T. ) ;
#450 = CARTESIAN_POINT ( 'NONE',  ( 2.950000000000002800, -3.665000000000000900, 3.899999999999999900 ) ) ;
#451 = LINE ( 'NONE', #7534, #1736 ) ;
#452 = ORIENTED_EDGE ( 'NONE', *, *, #4590, .F. ) ;
#453 = DIRECTION ( 'NONE',  ( 1.426581805901979600E-016, 1.000000000000000000, 1.281360903504773400E-017 ) ) ;
#454 = FILL_AREA_STYLE_COLOUR ( '', #8938 ) ;
#455 = VERTEX_POINT ( 'NONE', #6900 ) ;
#456 =( LENGTH_UNIT ( ) NAMED_UNIT ( * ) SI_UNIT ( .MILLI., .METRE. ) );
#457 = EDGE_CURVE ( 'NONE', #5787, #9680, #1357, .T. ) ;
#458 = SURFACE_STYLE_USAGE ( .BOTH. , #10272 ) ;
#459 = EDGE_CURVE ( 'NONE', #1011, #3786, #6328, .T. ) ;
#460 = DIRECTION ( 'NONE',  ( -0.0000000000000000000, 1.000000000000000000, -0.0000000000000000000 ) ) ;
#461 = PRESENTATION_LAYER_ASSIGNMENT (  '', '', ( #680 ) ) ;
#462 =( LENGTH_UNIT ( ) NAMED_UNIT ( * ) SI_UNIT ( .MILLI., .METRE. ) );
#463 = PLANE ( 'NONE',  #4937 ) ;
#464 = SURFACE_STYLE_USAGE ( .BOTH. , #388 ) ;
#465 = LINE ( 'NONE', #9361, #4107 ) ;
#466 = VERTEX_POINT ( 'NONE', #3782 ) ;
#467 = CARTESIAN_POINT ( 'NONE',  ( -5.150000000000002100, -0.4000000000000012400, 1.125000000000000000 ) ) ;
#468 = FILL_AREA_STYLE ('',( #90 ) ) ;
#469 = LINE ( 'NONE', #4355, #7265 ) ;
#470 = PRESENTATION_STYLE_ASSIGNMENT (( #9565 ) ) ;
#471 = PRESENTATION_LAYER_ASSIGNMENT (  '', '', ( #11430 ) ) ;
#472 = AXIS2_PLACEMENT_3D ( 'NONE', #378, #413, #4023 ) ;
#473 = EDGE_CURVE ( 'NONE', #354, #3299, #3463, .T. ) ;
#474 = CIRCLE ( 'NONE', #8943, 0.1799999999999996000 ) ;
#475 = EDGE_CURVE ( 'NONE', #2637, #7352, #5794, .T. ) ;
#476 = CARTESIAN_POINT ( 'NONE',  ( -5.344790894541743500, -3.834479089454173800, 1.072641633478905500 ) ) ;
#477 =( LENGTH_UNIT ( ) NAMED_UNIT ( * ) SI_UNIT ( .MILLI., .METRE. ) );
#478 = ADVANCED_FACE ( 'NONE', ( #5498 ), #7031, .T. ) ;
#479 = CARTESIAN_POINT ( 'NONE',  ( 4.725000000000003200, -3.714999999999999400, -0.9250000000000006000 ) ) ;
#480 = VECTOR ( 'NONE', #4099, 1000.000000000000000 ) ;
#481 = FILL_AREA_STYLE_COLOUR ( '', #849 ) ;
#482 = FILL_AREA_STYLE ('',( #5328 ) ) ;
#483 = PRESENTATION_LAYER_ASSIGNMENT (  '', '', ( #326 ) ) ;
#484 = ORIENTED_EDGE ( 'NONE', *, *, #6793, .F. ) ;
#485 = ORIENTED_EDGE ( 'NONE', *, *, #4226, .T. ) ;
#486 = COLOUR_RGB ( '',1.000000000000000000, 1.000000000000000000, 1.000000000000000000 ) ;
#487 = VERTEX_POINT ( 'NONE', #4280 ) ;
#488 = SURFACE_SIDE_STYLE ('',( #205 ) ) ;
#489 = ORIENTED_EDGE ( 'NONE', *, *, #9355, .F. ) ;
#490 = CARTESIAN_POINT ( 'NONE',  ( 4.690000000000003900, -3.766175967581222500E-016, -3.100000000000001000 ) ) ;
#491 =( GEOMETRIC_REPRESENTATION_CONTEXT ( 3 ) GLOBAL_UNCERTAINTY_ASSIGNED_CONTEXT ( ( #6464 ) ) GLOBAL_UNIT_ASSIGNED_CONTEXT ( ( #5136, #3598, #10831 ) ) REPRESENTATION_CONTEXT ( 'NONE', 'WORKASPACE' ) );
#492 = VECTOR ( 'NONE', #10357, 1000.000000000000000 ) ;
#493 = CARTESIAN_POINT ( 'NONE',  ( -5.150000000000002100, -3.390000000000000600, 1.124999999999999600 ) ) ;
#494 = LINE ( 'NONE', #8336, #4933 ) ;
#495 = DIRECTION ( 'NONE',  ( -2.409338161078898200E-017, 1.426581805901979900E-016, -1.000000000000000000 ) ) ;
#496 = CARTESIAN_POINT ( 'NONE',  ( 5.050000000000003400, -3.665000000000000900, -2.625000000000000000 ) ) ;
#497 = ORIENTED_EDGE ( 'NONE', *, *, #4927, .T. ) ;
#498 = SURFACE_STYLE_FILL_AREA ( #10469 ) ;
#499 = ORIENTED_EDGE ( 'NONE', *, *, #5026, .F. ) ;
#500 = SURFACE_SIDE_STYLE ('',( #10654 ) ) ;
#501 = ORIENTED_EDGE ( 'NONE', *, *, #5983, .F. ) ;
#502 = COLOUR_RGB ( '',0.5019607843137254800, 0.5019607843137254800, 0.5019607843137254800 ) ;
#503 = FILL_AREA_STYLE ('',( #229 ) ) ;
#504 = DIRECTION ( 'NONE',  ( 0.0000000000000000000, 0.0000000000000000000, 1.000000000000000000 ) ) ;
#505 = CARTESIAN_POINT ( 'NONE',  ( -4.975000000000001400, -0.1250000000000006900, 0.7499999999999994400 ) ) ;
#506 = COLOUR_RGB ( '',0.5019607843137254800, 0.5019607843137254800, 0.5019607843137254800 ) ;
#507 = LINE ( 'NONE', #4762, #5219 ) ;
#508 = DIRECTION ( 'NONE',  ( 1.000000000000000000, 0.0000000000000000000, 0.0000000000000000000 ) ) ;
#509 = EDGE_CURVE ( 'NONE', #11521, #11512, #7029, .T. ) ;
#510 = SURFACE_STYLE_USAGE ( .BOTH. , #500 ) ;
#511 = EDGE_CURVE ( 'NONE', #9198, #4923, #9441, .T. ) ;
#512 = AXIS2_PLACEMENT_3D ( 'NONE', #9098, #10846, #1128 ) ;
#513 = SURFACE_SIDE_STYLE ('',( #6058 ) ) ;
#514 = ORIENTED_EDGE ( 'NONE', *, *, #8321, .F. ) ;
#515 = AXIS2_PLACEMENT_3D ( 'NONE', #3211, #8314, #4616 ) ;
#516 = DIRECTION ( 'NONE',  ( -1.000000000000000000, 0.0000000000000000000, 0.0000000000000000000 ) ) ;
#517 = DIRECTION ( 'NONE',  ( -1.927470528863119000E-016, -1.426581805901979900E-016, 1.000000000000000000 ) ) ;
#518 = VECTOR ( 'NONE', #3911, 1000.000000000000000 ) ;
#519 = CARTESIAN_POINT ( 'NONE',  ( -4.850000000000002300, -3.390000000000000600, -0.9250000000000010400 ) ) ;
#520 = DIRECTION ( 'NONE',  ( 2.209081482755457800E-016, 1.426581805901979600E-016, -1.000000000000000000 ) ) ;
#521 = DIRECTION ( 'NONE',  ( -1.000000000000000000, 6.776263578034399000E-017, -1.084202172485503800E-015 ) ) ;
#522 = PRODUCT_DEFINITION_SHAPE ( 'NONE', 'NONE',  #11554 ) ;
#523 = FACE_OUTER_BOUND ( 'NONE', #9762, .T. ) ;
#524 = EDGE_LOOP ( 'NONE', ( #2669, #3442, #6801, #8212 ) ) ;
#525 = LINE ( 'NONE', #10063, #7326 ) ;
#526 = VERTEX_POINT ( 'NONE', #2952 ) ;
#527 =( GEOMETRIC_REPRESENTATION_CONTEXT ( 3 ) GLOBAL_UNCERTAINTY_ASSIGNED_CONTEXT ( ( #4339 ) ) GLOBAL_UNIT_ASSIGNED_CONTEXT ( ( #2555, #8289, #7561 ) ) REPRESENTATION_CONTEXT ( 'NONE', 'WORKASPACE' ) );
#528 = FACE_OUTER_BOUND ( 'NONE', #10036, .T. ) ;
#529 = SURFACE_STYLE_USAGE ( .BOTH. , #5855 ) ;
#530 = SURFACE_SIDE_STYLE ('',( #5031 ) ) ;
#531 = CARTESIAN_POINT ( 'NONE',  ( -3.350000000000001400, -4.014999999999999700, -3.850000000000000500 ) ) ;
#532 = UNCERTAINTY_MEASURE_WITH_UNIT (LENGTH_MEASURE( 1.000000000000000100E-005 ), #4344, 'distance_accuracy_value', 'NONE');
#533 = ORIENTED_EDGE ( 'NONE', *, *, #10359, .T. ) ;
#534 =( LENGTH_UNIT ( ) NAMED_UNIT ( * ) SI_UNIT ( .MILLI., .METRE. ) );
#535 = ADVANCED_FACE ( 'NONE', ( #11495 ), #5919, .T. ) ;
#536 = SURFACE_STYLE_FILL_AREA ( #5366 ) ;
#537 = AXIS2_PLACEMENT_3D ( 'NONE', #9221, #9810, #7823 ) ;
#538 = STYLED_ITEM ( 'NONE', ( #1969 ), #10302 ) ;
#539 = CARTESIAN_POINT ( 'NONE',  ( -5.050000000000001600, -3.390000000000000600, -1.125000000000000900 ) ) ;
#540 = COLOUR_RGB ( '',1.000000000000000000, 1.000000000000000000, 1.000000000000000000 ) ;
#541 = DIRECTION ( 'NONE',  ( 2.409338161078901600E-017, -2.853163611803959300E-016, 1.000000000000000000 ) ) ;
#542 = EDGE_CURVE ( 'NONE', #9482, #11001, #8276, .T. ) ;
#543 = EDGE_CURVE ( 'NONE', #6124, #2371, #1507, .T. ) ;
#544 = FILL_AREA_STYLE ('',( #11198 ) ) ;
#545 =( NAMED_UNIT ( * ) PLANE_ANGLE_UNIT ( ) SI_UNIT ( $, .RADIAN. ) );
#546 = ORIENTED_EDGE ( 'NONE', *, *, #2779, .T. ) ;
#547 = VECTOR ( 'NONE', #4706, 1000.000000000000000 ) ;
#548 = UNCERTAINTY_MEASURE_WITH_UNIT (LENGTH_MEASURE( 1.000000000000000100E-005 ), #2275, 'distance_accuracy_value', 'NONE');
#549 = SURFACE_SIDE_STYLE ('',( #233 ) ) ;
#550 = SURFACE_STYLE_FILL_AREA ( #2234 ) ;
#551 = COLOUR_RGB ( '',1.000000000000000000, 1.000000000000000000, 1.000000000000000000 ) ;
#552 = FILL_AREA_STYLE ('',( #1464 ) ) ;
#553 = CARTESIAN_POINT ( 'NONE',  ( -5.334913704759038000, -3.999913704759036300, 1.029167737981876400 ) ) ;
#554 = SURFACE_SIDE_STYLE ('',( #9458 ) ) ;
#555 = ORIENTED_EDGE ( 'NONE', *, *, #7816, .T. ) ;
#556 = AXIS2_PLACEMENT_3D ( 'NONE', #60, #10894, #10171 ) ;
#557 = AXIS2_PLACEMENT_3D ( 'NONE', #2326, #8462, #3207 ) ;
#558 = EDGE_LOOP ( 'NONE', ( #618, #4613, #2290, #8473 ) ) ;
#559 = SURFACE_STYLE_USAGE ( .BOTH. , #587 ) ;
#560 = SURFACE_STYLE_FILL_AREA ( #1260 ) ;
#561 = SURFACE_STYLE_USAGE ( .BOTH. , #5879 ) ;
#562 = EDGE_CURVE ( 'NONE', #6262, #8081, #3879, .T. ) ;
#563 = EDGE_CURVE ( 'NONE', #8962, #2504, #1210, .T. ) ;
#564 = VECTOR ( 'NONE', #5752, 1000.000000000000000 ) ;
#565 = CARTESIAN_POINT ( 'NONE',  ( -5.150000000000002100, -0.2300000000000013100, 2.340000000000000700 ) ) ;
#566 =( NAMED_UNIT ( * ) SI_UNIT ( $, .STERADIAN. ) SOLID_ANGLE_UNIT ( ) );
#567 = VERTEX_POINT ( 'NONE', #5483 ) ;
#568 = VERTEX_POINT ( 'NONE', #10183 ) ;
#569 = ORIENTED_EDGE ( 'NONE', *, *, #3660, .T. ) ;
#570 = CARTESIAN_POINT ( 'NONE',  ( -4.975000000000002300, -0.4249999999999975500, -0.2766384493639877900 ) ) ;
#571 = PLANE ( 'NONE',  #10260 ) ;
#572 = FACE_OUTER_BOUND ( 'NONE', #3159, .T. ) ;
#573 = DIRECTION ( 'NONE',  ( 0.0000000000000000000, 0.0000000000000000000, -1.000000000000000000 ) ) ;
#574 = LINE ( 'NONE', #5175, #5285 ) ;
#575 = PRESENTATION_STYLE_ASSIGNMENT (( #8810 ) ) ;
#576 = ORIENTED_EDGE ( 'NONE', *, *, #8509, .F. ) ;
#577 = UNCERTAINTY_MEASURE_WITH_UNIT (LENGTH_MEASURE( 1.000000000000000100E-005 ), #3406, 'distance_accuracy_value', 'NONE');
#578 = CARTESIAN_POINT ( 'NONE',  ( 3.350000000000005000, -3.815000000000000400, -0.9250000000000008200 ) ) ;
#579 =( NAMED_UNIT ( * ) SI_UNIT ( $, .STERADIAN. ) SOLID_ANGLE_UNIT ( ) );
#580 = EDGE_CURVE ( 'NONE', #3042, #7134, #10666, .T. ) ;
#581 = STYLED_ITEM ( 'NONE', ( #2654 ), #8231 ) ;
#582 = SURFACE_STYLE_USAGE ( .BOTH. , #692 ) ;
#583 = ORIENTED_EDGE ( 'NONE', *, *, #4036, .T. ) ;
#584 = DIRECTION ( 'NONE',  ( -1.000000000000000000, 1.079575420682589100E-017, 0.0000000000000000000 ) ) ;
#585 =( NAMED_UNIT ( * ) SI_UNIT ( $, .STERADIAN. ) SOLID_ANGLE_UNIT ( ) );
#586 = SURFACE_STYLE_FILL_AREA ( #4688 ) ;
#587 = SURFACE_SIDE_STYLE ('',( #8893 ) ) ;
#588 = VECTOR ( 'NONE', #7769, 1000.000000000000000 ) ;
#589 = VECTOR ( 'NONE', #4813, 1000.000000000000000 ) ;
#590 = VERTEX_POINT ( 'NONE', #2837 ) ;
#591 = PRESENTATION_LAYER_ASSIGNMENT (  '', '', ( #735 ) ) ;
#592 = ORIENTED_EDGE ( 'NONE', *, *, #10917, .F. ) ;
#593 = CARTESIAN_POINT ( 'NONE',  ( -5.170000000000003500, -4.015000000000001500, 3.650000000000000800 ) ) ;
#594 = CARTESIAN_POINT ( 'NONE',  ( -5.169479089454177300, -4.009790894541740000, 1.072641633478904400 ) ) ;
#595 = VECTOR ( 'NONE', #283, 1000.000000000000000 ) ;
#596 = DIRECTION ( 'NONE',  ( 0.0000000000000000000, 1.000000000000000000, -0.0000000000000000000 ) ) ;
#597 = PRESENTATION_LAYER_ASSIGNMENT (  '', '', ( #10949 ) ) ;
#598 = ADVANCED_FACE ( 'NONE', ( #7996 ), #7190, .T. ) ;
#599 = CARTESIAN_POINT ( 'NONE',  ( 5.120000000000002800, -0.2000000000000015400, 3.850000000000000500 ) ) ;
#600 = DIRECTION ( 'NONE',  ( -1.426581805901975000E-016, 1.000000000000000000, 2.140309255008997200E-017 ) ) ;
#601 = CARTESIAN_POINT ( 'NONE',  ( 5.350000000000004100, -1.680000000000000400, -3.850000000000001400 ) ) ;
#602 = UNCERTAINTY_MEASURE_WITH_UNIT (LENGTH_MEASURE( 1.000000000000000100E-005 ), #9143, 'distance_accuracy_value', 'NONE');
#603 = FACE_OUTER_BOUND ( 'NONE', #4830, .T. ) ;
#604 = DIRECTION ( 'NONE',  ( 1.000000000000000000, 4.081702296416016800E-015, 2.014244061477908600E-016 ) ) ;
#605 = ORIENTED_EDGE ( 'NONE', *, *, #10532, .T. ) ;
#606 = CARTESIAN_POINT ( 'NONE',  ( 4.850000000000002300, -1.870000000000001000, 0.9250000000000001600 ) ) ;
#607 = EDGE_LOOP ( 'NONE', ( #10933, #2082, #1875, #2332 ) ) ;
#608 = CARTESIAN_POINT ( 'NONE',  ( 5.120000000000003700, -3.815000000000000800, 0.9249999999999996000 ) ) ;
#609 = PRESENTATION_LAYER_ASSIGNMENT (  '', '', ( #10966 ) ) ;
#610 = COLOUR_RGB ( '',1.000000000000000000, 1.000000000000000000, 1.000000000000000000 ) ;
#611 =( NAMED_UNIT ( * ) SI_UNIT ( $, .STERADIAN. ) SOLID_ANGLE_UNIT ( ) );
#612 = EDGE_CURVE ( 'NONE', #5762, #9430, #62, .T. ) ;
#613 = LINE ( 'NONE', #3338, #327 ) ;
#614 = ORIENTED_EDGE ( 'NONE', *, *, #7864, .T. ) ;
#615 = EDGE_CURVE ( 'NONE', #7111, #2297, #2502, .T. ) ;
#616 = CARTESIAN_POINT ( 'NONE',  ( -5.150000000000002100, -0.2000000000000009000, 2.300000000000000700 ) ) ;
#617 = LINE ( 'NONE', #9676, #7422 ) ;
#618 = ORIENTED_EDGE ( 'NONE', *, *, #3013, .F. ) ;
#619 = CARTESIAN_POINT ( 'NONE',  ( -4.025000000000000400, -4.174178364069192100E-015, 0.7499999999999998900 ) ) ;
#620 = CARTESIAN_POINT ( 'NONE',  ( -4.975000000000002300, -0.4249999999999959900, -0.7500000000000015500 ) ) ;
#621 = ORIENTED_EDGE ( 'NONE', *, *, #3070, .T. ) ;
#622 = FACE_OUTER_BOUND ( 'NONE', #4799, .T. ) ;
#623 = LINE ( 'NONE', #133, #9816 ) ;
#624 = CARTESIAN_POINT ( 'NONE',  ( 5.211542179912421500, -3.876542179912421600, -0.9240739029081931300 ) ) ;
#625 = CARTESIAN_POINT ( 'NONE',  ( -5.250000000000001800, -3.865000000000000200, 3.899999999999999900 ) ) ;
#626 = ORIENTED_EDGE ( 'NONE', *, *, #11504, .F. ) ;
#627 =( NAMED_UNIT ( * ) PLANE_ANGLE_UNIT ( ) SI_UNIT ( $, .RADIAN. ) );
#628 = MECHANICAL_DESIGN_GEOMETRIC_PRESENTATION_REPRESENTATION (  '', ( #9796 ), #1230 ) ;
#629 =( GEOMETRIC_REPRESENTATION_CONTEXT ( 3 ) GLOBAL_UNCERTAINTY_ASSIGNED_CONTEXT ( ( #916 ) ) GLOBAL_UNIT_ASSIGNED_CONTEXT ( ( #7891, #2642, #8794 ) ) REPRESENTATION_CONTEXT ( 'NONE', 'WORKASPACE' ) );
#630 = LINE ( 'NONE', #686, #5334 ) ;
#631 = VECTOR ( 'NONE', #10999, 1000.000000000000000 ) ;
#632 = VECTOR ( 'NONE', #5458, 1000.000000000000100 ) ;
#633 = EDGE_CURVE ( 'NONE', #3308, #7564, #6882, .T. ) ;
#634 = FILL_AREA_STYLE ('',( #5041 ) ) ;
#635 = EDGE_CURVE ( 'NONE', #983, #1247, #2227, .T. ) ;
#636 = EDGE_LOOP ( 'NONE', ( #801, #2713, #6032, #8884 ) ) ;
#637 = VECTOR ( 'NONE', #5241, 1000.000000000000000 ) ;
#638 = CARTESIAN_POINT ( 'NONE',  ( -5.324760918462777300, -3.832476091846277900, 1.024284993575058600 ) ) ;
#639 = CARTESIAN_POINT ( 'NONE',  ( -3.355000000000002600, -3.714999999999996700, 0.7499999999999879000 ) ) ;
#640 = CARTESIAN_POINT ( 'NONE',  ( 4.449999999999999300, 0.0000000000000000000, 4.200000000000000200 ) ) ;
#641 = ORIENTED_EDGE ( 'NONE', *, *, #234, .T. ) ;
#642 = ORIENTED_EDGE ( 'NONE', *, *, #3091, .T. ) ;
#643 = SURFACE_SIDE_STYLE ('',( #10198 ) ) ;
#644 = CARTESIAN_POINT ( 'NONE',  ( -5.167476091846279700, -3.989760918462773800, -1.024284993575056000 ) ) ;
#645 = VECTOR ( 'NONE', #2343, 1000.000000000000000 ) ;
#646 = DIRECTION ( 'NONE',  ( -8.673617379884035500E-017, -0.0000000000000000000, -1.000000000000000000 ) ) ;
#647 = UNCERTAINTY_MEASURE_WITH_UNIT (LENGTH_MEASURE( 1.000000000000000100E-005 ), #6700, 'distance_accuracy_value', 'NONE');
#648 = CARTESIAN_POINT ( 'NONE',  ( -3.350000000000002800, -1.559253913850863900E-015, 3.850000000000000100 ) ) ;
#649 = EDGE_CURVE ( 'NONE', #8763, #3814, #9276, .T. ) ;
#650 = EDGE_LOOP ( 'NONE', ( #1855, #5810, #11216, #8348, #1440, #9491, #1311, #3896, #7710 ) ) ;
#651 = DIRECTION ( 'NONE',  ( 2.409338161078898200E-017, -1.426581805901979900E-016, 1.000000000000000000 ) ) ;
#652 = AXIS2_PLACEMENT_3D ( 'NONE', #1676, #7851, #2592 ) ;
#653 = CARTESIAN_POINT ( 'NONE',  ( 5.050000000000003400, 0.0000000000000000000, -3.899999999999999900 ) ) ;
#654 = DIRECTION ( 'NONE',  ( 0.0000000000000000000, -1.000000000000000000, -0.0000000000000000000 ) ) ;
#655 = PRESENTATION_STYLE_ASSIGNMENT (( #7495 ) ) ;
#656 = LINE ( 'NONE', #4255, #9000 ) ;
#657 = CARTESIAN_POINT ( 'NONE',  ( -5.349966811288965100, -4.014966811288963400, -1.074221323140175400 ) ) ;
#658 = DIRECTION ( 'NONE',  ( -0.0000000000000000000, 0.0000000000000000000, 1.000000000000000000 ) ) ;
#659 = ADVANCED_FACE ( 'NONE', ( #4269 ), #6197, .F. ) ;
#660 = CARTESIAN_POINT ( 'NONE',  ( -5.050000000000003400, -3.665000000000000900, -2.625000000000000000 ) ) ;
#661 = DIRECTION ( 'NONE',  ( 1.000000000000000000, 3.571489509364014100E-015, 0.0000000000000000000 ) ) ;
#662 = CARTESIAN_POINT ( 'NONE',  ( 4.449999999999999300, -3.865000000000000200, 5.000000000000000000 ) ) ;
#663 = LINE ( 'NONE', #9505, #9576 ) ;
#664 = ORIENTED_EDGE ( 'NONE', *, *, #10413, .F. ) ;
#665 = CARTESIAN_POINT ( 'NONE',  ( 5.350000000000003200, -3.834999918295677500, -1.098821942543508000 ) ) ;
#666 = EDGE_CURVE ( 'NONE', #1663, #3299, #10267, .T. ) ;
#667 = DIRECTION ( 'NONE',  ( 1.000000000000000000, 0.0000000000000000000, 0.0000000000000000000 ) ) ;
#668 = AXIS2_PLACEMENT_3D ( 'NONE', #5994, #5096, #6926 ) ;
#669 =( NAMED_UNIT ( * ) PLANE_ANGLE_UNIT ( ) SI_UNIT ( $, .RADIAN. ) );
#670 = PRESENTATION_LAYER_ASSIGNMENT (  '', '', ( #8519 ) ) ;
#671 = DIRECTION ( 'NONE',  ( -9.637352644315596500E-017, -1.426581805901979400E-016, 1.000000000000000000 ) ) ;
#672 = CARTESIAN_POINT ( 'NONE',  ( -5.293808351810064000, -3.958808351810058700, 0.9676668700774001500 ) ) ;
#673 = DIRECTION ( 'NONE',  ( -1.000000000000000000, -4.580624489496172500E-016, -3.504491870660232100E-017 ) ) ;
#674 = VERTEX_POINT ( 'NONE', #9432 ) ;
#675 = CARTESIAN_POINT ( 'NONE',  ( 3.350000000000003600, -3.815000000000000400, -1.125000000000001300 ) ) ;
#676 =( NAMED_UNIT ( * ) PLANE_ANGLE_UNIT ( ) SI_UNIT ( $, .RADIAN. ) );
#677 = ORIENTED_EDGE ( 'NONE', *, *, #8011, .F. ) ;
#678 = EDGE_CURVE ( 'NONE', #2982, #11418, #3187, .T. ) ;
#679 =( LENGTH_UNIT ( ) NAMED_UNIT ( * ) SI_UNIT ( .MILLI., .METRE. ) );
#680 = STYLED_ITEM ( 'NONE', ( #10207 ), #2180 ) ;
#681 = CARTESIAN_POINT ( 'NONE',  ( 5.120000000000003700, -3.815000000000000800, 0.9249999999999996000 ) ) ;
#682 = SURFACE_STYLE_FILL_AREA ( #6620 ) ;
#683 = CARTESIAN_POINT ( 'NONE',  ( 2.950000000000002800, -3.365000000000000700, 1.800000000000000500 ) ) ;
#684 = ORIENTED_EDGE ( 'NONE', *, *, #1859, .T. ) ;
#685 = CARTESIAN_POINT ( 'NONE',  ( 5.350000000000003200, -0.2000000000000007000, -2.350000000000001000 ) ) ;
#686 = CARTESIAN_POINT ( 'NONE',  ( 5.150000000000003900, -3.785000000000000600, -0.9250000000000000400 ) ) ;
#687 = ORIENTED_EDGE ( 'NONE', *, *, #9511, .F. ) ;
#688 = LINE ( 'NONE', #9871, #6226 ) ;
#689 = UNCERTAINTY_MEASURE_WITH_UNIT (LENGTH_MEASURE( 1.000000000000000100E-005 ), #112, 'distance_accuracy_value', 'NONE');
#690 =( GEOMETRIC_REPRESENTATION_CONTEXT ( 3 ) GLOBAL_UNCERTAINTY_ASSIGNED_CONTEXT ( ( #6203 ) ) GLOBAL_UNIT_ASSIGNED_CONTEXT ( ( #2010, #1926, #1843 ) ) REPRESENTATION_CONTEXT ( 'NONE', 'WORKASPACE' ) );
#691 = PRESENTATION_LAYER_ASSIGNMENT (  '', '', ( #77 ) ) ;
#692 = SURFACE_SIDE_STYLE ('',( #10006 ) ) ;
#693 =( NAMED_UNIT ( * ) SI_UNIT ( $, .STERADIAN. ) SOLID_ANGLE_UNIT ( ) );
#694 = VECTOR ( 'NONE', #6373, 1000.000000000000000 ) ;
#695 = CIRCLE ( 'NONE', #4486, 0.8000000000000003800 ) ;
#696 = SURFACE_SIDE_STYLE ('',( #10363 ) ) ;
#697 = EDGE_CURVE ( 'NONE', #4741, #3253, #5484, .T. ) ;
#698 = ORIENTED_EDGE ( 'NONE', *, *, #5517, .F. ) ;
#699 = EDGE_CURVE ( 'NONE', #1874, #6963, #9982, .T. ) ;
#700 = DIRECTION ( 'NONE',  ( -0.0000000000000000000, 1.000000000000000000, -0.0000000000000000000 ) ) ;
#701 = DIRECTION ( 'NONE',  ( 0.0000000000000000000, 0.0000000000000000000, -1.000000000000000000 ) ) ;
#702 = ORIENTED_EDGE ( 'NONE', *, *, #7556, .F. ) ;
#703 = FILL_AREA_STYLE_COLOUR ( '', #1950 ) ;
#704 = VERTEX_POINT ( 'NONE', #9150 ) ;
#705 =( GEOMETRIC_REPRESENTATION_CONTEXT ( 3 ) GLOBAL_UNCERTAINTY_ASSIGNED_CONTEXT ( ( #9397 ) ) GLOBAL_UNIT_ASSIGNED_CONTEXT ( ( #4091, #4019, #3946 ) ) REPRESENTATION_CONTEXT ( 'NONE', 'WORKASPACE' ) );
#706 = CARTESIAN_POINT ( 'NONE',  ( -5.150000000000003000, -1.870000000000002100, 3.650000000000000400 ) ) ;
#707 = VECTOR ( 'NONE', #11224, 1000.000000000000000 ) ;
#708 = LINE ( 'NONE', #7253, #9906 ) ;
#709 = CARTESIAN_POINT ( 'NONE',  ( -5.167476091846280500, -3.989760918462774700, 1.024284993575057800 ) ) ;
#710 = DIRECTION ( 'NONE',  ( -7.553600721220332200E-017, -2.140309255009064400E-017, 1.000000000000000000 ) ) ;
#711 = SURFACE_SIDE_STYLE ('',( #9298 ) ) ;
#712 = VERTEX_POINT ( 'NONE', #8843 ) ;
#713 = ADVANCED_FACE ( 'NONE', ( #2907 ), #4397, .T. ) ;
#714 = ORIENTED_EDGE ( 'NONE', *, *, #7555, .F. ) ;
#715 = ORIENTED_EDGE ( 'NONE', *, *, #7494, .T. ) ;
#716 = CARTESIAN_POINT ( 'NONE',  ( -5.169479089454176400, -4.009790894541740900, -1.072641633478908800 ) ) ;
#717 = LINE ( 'NONE', #2099, #5419 ) ;
#718 = CARTESIAN_POINT ( 'NONE',  ( 5.350000000000004100, -3.834999999999999500, -3.650000000000001700 ) ) ;
#719 = SURFACE_STYLE_FILL_AREA ( #6756 ) ;
#720 =( LENGTH_UNIT ( ) NAMED_UNIT ( * ) SI_UNIT ( .MILLI., .METRE. ) );
#721 = VECTOR ( 'NONE', #1331, 1000.000000000000000 ) ;
#722 = VERTEX_POINT ( 'NONE', #11348 ) ;
#723 = DIRECTION ( 'NONE',  ( 1.000000000000000000, 0.0000000000000000000, 0.0000000000000000000 ) ) ;
#724 = EDGE_LOOP ( 'NONE', ( #3678, #1724, #8481, #5053 ) ) ;
#725 =( LENGTH_UNIT ( ) NAMED_UNIT ( * ) SI_UNIT ( .MILLI., .METRE. ) );
#726 = CIRCLE ( 'NONE', #2897, 0.1250000000000000000 ) ;
#727 = AXIS2_PLACEMENT_3D ( 'NONE', #11428, #11278, #10806 ) ;
#728 = VERTEX_POINT ( 'NONE', #7011 ) ;
#729 = MECHANICAL_DESIGN_GEOMETRIC_PRESENTATION_REPRESENTATION (  '', ( #10491 ), #1343 ) ;
#730 = FILL_AREA_STYLE ('',( #7516 ) ) ;
#731 = VERTEX_POINT ( 'NONE', #8484 ) ;
#732 = DIRECTION ( 'NONE',  ( -2.209081482755458100E-016, -1.426581805901979600E-016, 1.000000000000000000 ) ) ;
#733 = SURFACE_STYLE_FILL_AREA ( #2894 ) ;
#734 = CARTESIAN_POINT ( 'NONE',  ( 4.850000000000002300, -3.390000000000000600, 1.125000000000000000 ) ) ;
#735 = STYLED_ITEM ( 'NONE', ( #4582 ), #3373 ) ;
#736 = VERTEX_POINT ( 'NONE', #8638 ) ;
#737 = CARTESIAN_POINT ( 'NONE',  ( 3.350000000000002300, -3.515000000000001000, -1.125000000000000900 ) ) ;
#738 = CARTESIAN_POINT ( 'NONE',  ( -5.309928226682519200, -3.830992822668251900, 1.002085514207897500 ) ) ;
#739 = CIRCLE ( 'NONE', #11539, 0.04999999999999969700 ) ;
#740 = CARTESIAN_POINT ( 'NONE',  ( 4.975000000000002300, -0.4249999999999984300, 0.7500000000000021100 ) ) ;
#741 = ORIENTED_EDGE ( 'NONE', *, *, #5170, .F. ) ;
#742 =( NAMED_UNIT ( * ) SI_UNIT ( $, .STERADIAN. ) SOLID_ANGLE_UNIT ( ) );
#743 = AXIS2_PLACEMENT_3D ( 'NONE', #8951, #3645, #9860 ) ;
#744 = FACE_BOUND ( 'NONE', #5844, .T. ) ;
#745 = MECHANICAL_DESIGN_GEOMETRIC_PRESENTATION_REPRESENTATION (  '', ( #9915 ), #2038 ) ;
#746 = FILL_AREA_STYLE ('',( #11406 ) ) ;
#747 = SURFACE_SIDE_STYLE ('',( #9268 ) ) ;
#748 = EDGE_LOOP ( 'NONE', ( #7392, #1342, #569, #1601 ) ) ;
#749 = PRESENTATION_STYLE_ASSIGNMENT (( #2065 ) ) ;
#750 = UNCERTAINTY_MEASURE_WITH_UNIT (LENGTH_MEASURE( 1.000000000000000100E-005 ), #7311, 'distance_accuracy_value', 'NONE');
#751 = DIRECTION ( 'NONE',  ( 0.0000000000000000000, -1.000000000000000000, 0.0000000000000000000 ) ) ;
#752 = LINE ( 'NONE', #496, #7838 ) ;
#753 = AXIS2_PLACEMENT_3D ( 'NONE', #3991, #4279, #2067 ) ;
#754 = AXIS2_PLACEMENT_3D ( 'NONE', #7371, #8221, #7792 ) ;
#756 = AXIS2_PLACEMENT_3D ( 'NONE', #505, #437, #426 ) ;
#755 = MECHANICAL_DESIGN_GEOMETRIC_PRESENTATION_REPRESENTATION (  '', ( #10528 ), #1370 ) ;
#757 = FILL_AREA_STYLE_COLOUR ( '', #3401 ) ;
#758 = SURFACE_STYLE_USAGE ( .BOTH. , #6062 ) ;
#759 = ORIENTED_EDGE ( 'NONE', *, *, #6000, .F. ) ;
#760 = EDGE_CURVE ( 'NONE', #26, #11475, #2078, .T. ) ;
#761 = EDGE_LOOP ( 'NONE', ( #9692, #2207, #3352, #5028, #3798, #1614 ) ) ;
#762 = EDGE_CURVE ( 'NONE', #983, #9006, #7852, .T. ) ;
#764 = DIRECTION ( 'NONE',  ( 1.000000000000000000, 3.657902066415252100E-018, 1.927470528863119000E-016 ) ) ;
#763 = DIRECTION ( 'NONE',  ( 1.426581805901979600E-016, 1.000000000000000000, 1.426581805901979900E-016 ) ) ;
#765 = ADVANCED_FACE ( 'NONE', ( #11207 ), #10115, .F. ) ;
#766 = ORIENTED_EDGE ( 'NONE', *, *, #4111, .T. ) ;
#767 =( NAMED_UNIT ( * ) PLANE_ANGLE_UNIT ( ) SI_UNIT ( $, .RADIAN. ) );
#768 = CIRCLE ( 'NONE', #7927, 0.05000000000000012800 ) ;
#769 = VECTOR ( 'NONE', #1000, 1000.000000000000000 ) ;
#770 = DIRECTION ( 'NONE',  ( 0.0000000000000000000, 0.0000000000000000000, -1.000000000000000000 ) ) ;
#771 = CARTESIAN_POINT ( 'NONE',  ( -5.050000000000002500, -3.865000000000000200, 3.899999999999999900 ) ) ;
#772 = ORIENTED_EDGE ( 'NONE', *, *, #7125, .F. ) ;
#773 = CARTESIAN_POINT ( 'NONE',  ( 3.350000000000002300, -1.680000000000001900, 3.850000000000000500 ) ) ;
#774 = VECTOR ( 'NONE', #8852, 1000.000000000000000 ) ;
#775 = ORIENTED_EDGE ( 'NONE', *, *, #9948, .T. ) ;
#776 = CARTESIAN_POINT ( 'NONE',  ( -5.150000000000001200, -0.2300000000000006500, -2.340000000000000700 ) ) ;
#777 = PRESENTATION_LAYER_ASSIGNMENT (  '', '', ( #1386 ) ) ;
#778 = PRESENTATION_LAYER_ASSIGNMENT (  '', '', ( #1387 ) ) ;
#779 = ORIENTED_EDGE ( 'NONE', *, *, #7164, .F. ) ;
#780 = SURFACE_STYLE_FILL_AREA ( #6403 ) ;
#781 = AXIS2_PLACEMENT_3D ( 'NONE', #4252, #2015, #11193 ) ;
#782 = FACE_OUTER_BOUND ( 'NONE', #5013, .T. ) ;
#783 = VECTOR ( 'NONE', #5108, 1000.000000000000000 ) ;
#784 = FILL_AREA_STYLE_COLOUR ( '', #99 ) ;
#785 = PRODUCT_CONTEXT ( 'NONE', #8741, 'mechanical' ) ;
#786 = UNCERTAINTY_MEASURE_WITH_UNIT (LENGTH_MEASURE( 1.000000000000000100E-005 ), #3737, 'distance_accuracy_value', 'NONE');
#787 = ORIENTED_EDGE ( 'NONE', *, *, #798, .F. ) ;
#788 = CARTESIAN_POINT ( 'NONE',  ( -5.350000000000002300, -3.835000000000000000, -1.125000000000000700 ) ) ;
#789 = ORIENTED_EDGE ( 'NONE', *, *, #8915, .F. ) ;
#790 = DIRECTION ( 'NONE',  ( -1.000000000000000000, -1.426581805901979400E-016, -1.927470528863119300E-016 ) ) ;
#791 = COLOUR_RGB ( '',1.000000000000000000, 1.000000000000000000, 1.000000000000000000 ) ;
#792 = AXIS2_PLACEMENT_3D ( 'NONE', #4730, #6470, #10652 ) ;
#793 = EDGE_CURVE ( 'NONE', #1588, #8962, #3310, .T. ) ;
#794 =( GEOMETRIC_REPRESENTATION_CONTEXT ( 3 ) GLOBAL_UNCERTAINTY_ASSIGNED_CONTEXT ( ( #6077 ) ) GLOBAL_UNIT_ASSIGNED_CONTEXT ( ( #6980, #1814, #2571 ) ) REPRESENTATION_CONTEXT ( 'NONE', 'WORKASPACE' ) );
#795 = EDGE_CURVE ( 'NONE', #9610, #1714, #890, .T. ) ;
#796 = FILL_AREA_STYLE ('',( #1681 ) ) ;
#797 = STYLED_ITEM ( 'NONE', ( #5369 ), #8158 ) ;
#798 = EDGE_CURVE ( 'NONE', #433, #2173, #927, .T. ) ;
#799 = SURFACE_STYLE_USAGE ( .BOTH. , #5617 ) ;
#800 = CARTESIAN_POINT ( 'NONE',  ( 5.050000000000002500, -3.390000000000000100, 0.9250000000000000400 ) ) ;
#801 = ORIENTED_EDGE ( 'NONE', *, *, #319, .T. ) ;
#802 = FILL_AREA_STYLE_COLOUR ( '', #11339 ) ;
#803 =( NAMED_UNIT ( * ) PLANE_ANGLE_UNIT ( ) SI_UNIT ( $, .RADIAN. ) );
#804 = VERTEX_POINT ( 'NONE', #3893 ) ;
#805 = FILL_AREA_STYLE ('',( #1656 ) ) ;
#806 = SURFACE_STYLE_USAGE ( .BOTH. , #1079 ) ;
#807 =( GEOMETRIC_REPRESENTATION_CONTEXT ( 3 ) GLOBAL_UNCERTAINTY_ASSIGNED_CONTEXT ( ( #9749 ) ) GLOBAL_UNIT_ASSIGNED_CONTEXT ( ( #6471, #6430, #6374 ) ) REPRESENTATION_CONTEXT ( 'NONE', 'WORKASPACE' ) );
#808 = COLOUR_RGB ( '',1.000000000000000000, 1.000000000000000000, 1.000000000000000000 ) ;
#809 =( LENGTH_UNIT ( ) NAMED_UNIT ( * ) SI_UNIT ( .MILLI., .METRE. ) );
#810 =( NAMED_UNIT ( * ) SI_UNIT ( $, .STERADIAN. ) SOLID_ANGLE_UNIT ( ) );
#811 = EDGE_CURVE ( 'NONE', #10483, #3147, #7711, .T. ) ;
#812 = CARTESIAN_POINT ( 'NONE',  ( 5.400000000000003000, -3.539999999999998700, 0.7500000000000021100 ) ) ;
#813 = ORIENTED_EDGE ( 'NONE', *, *, #9189, .T. ) ;
#814 = MECHANICAL_DESIGN_GEOMETRIC_PRESENTATION_REPRESENTATION (  '', ( #10586 ), #1435 ) ;
#815 = CARTESIAN_POINT ( 'NONE',  ( -3.791564028866437800, -0.2000000000000015100, 3.100000000000001000 ) ) ;
#816 = LINE ( 'NONE', #4109, #3227 ) ;
#817 = CARTESIAN_POINT ( 'NONE',  ( -4.850000000000002300, -1.870000000000000600, -0.9250000000000004900 ) ) ;
#818 = MECHANICAL_DESIGN_GEOMETRIC_PRESENTATION_REPRESENTATION (  '', ( #1054 ), #794 ) ;
#819 = COLOUR_RGB ( '',1.000000000000000000, 1.000000000000000000, 1.000000000000000000 ) ;
#820 = ORIENTED_EDGE ( 'NONE', *, *, #858, .T. ) ;
#821 = CARTESIAN_POINT ( 'NONE',  ( 5.170000000000004400, -4.014999999999999700, -3.650000000000001700 ) ) ;
#822 = VECTOR ( 'NONE', #5422, 1000.000000000000000 ) ;
#823 = CARTESIAN_POINT ( 'NONE',  ( 4.449999999999997500, 0.0000000000000000000, -5.000000000000001800 ) ) ;
#824 = COLOUR_RGB ( '',0.5019607843137254800, 0.5019607843137254800, 0.5019607843137254800 ) ;
#825 = VECTOR ( 'NONE', #3195, 1000.000000000000000 ) ;
#826 = FACE_OUTER_BOUND ( 'NONE', #6714, .T. ) ;
#827 = DIRECTION ( 'NONE',  ( -1.000000000000000000, -4.755272686339936200E-017, 2.409338161078900700E-017 ) ) ;
#828 = AXIS2_PLACEMENT_3D ( 'NONE', #1220, #1174, #1093 ) ;
#829 = ORIENTED_EDGE ( 'NONE', *, *, #6948, .T. ) ;
#830 = EDGE_CURVE ( 'NONE', #1588, #5164, #5341, .T. ) ;
#831 = VERTEX_POINT ( 'NONE', #7906 ) ;
#832 = CYLINDRICAL_SURFACE ( 'NONE', #11236, 0.1999999999999996500 ) ;
#833 =( NAMED_UNIT ( * ) PLANE_ANGLE_UNIT ( ) SI_UNIT ( $, .RADIAN. ) );
#834 = LINE ( 'NONE', #10038, #7641 ) ;
#835 = FACE_OUTER_BOUND ( 'NONE', #3344, .T. ) ;
#836 =( NAMED_UNIT ( * ) PLANE_ANGLE_UNIT ( ) SI_UNIT ( $, .RADIAN. ) );
#837 = SURFACE_STYLE_USAGE ( .BOTH. , #747 ) ;
#838 = ORIENTED_EDGE ( 'NONE', *, *, #5897, .T. ) ;
#839 = DIRECTION ( 'NONE',  ( 1.000000000000000000, 1.426581805901979400E-016, 1.927470528863119300E-016 ) ) ;
#840 = ORIENTED_EDGE ( 'NONE', *, *, #2335, .T. ) ;
#841 = AXIS2_PLACEMENT_3D ( 'NONE', #6835, #6685, #6644 ) ;
#842 = MECHANICAL_DESIGN_GEOMETRIC_PRESENTATION_REPRESENTATION (  '', ( #10026 ), #1462 ) ;
#843 = ORIENTED_EDGE ( 'NONE', *, *, #4618, .T. ) ;
#844 = CARTESIAN_POINT ( 'NONE',  ( -3.350000000000001400, -1.680000000000000800, -3.850000000000001400 ) ) ;
#845 = SURFACE_STYLE_FILL_AREA ( #2210 ) ;
#846 = DIRECTION ( 'NONE',  ( 0.0000000000000000000, 0.0000000000000000000, 1.000000000000000000 ) ) ;
#847 = EDGE_CURVE ( 'NONE', #11418, #1818, #7982, .T. ) ;
#848 = DIRECTION ( 'NONE',  ( -1.000000000000000000, 0.0000000000000000000, 0.0000000000000000000 ) ) ;
#849 = COLOUR_RGB ( '',1.000000000000000000, 1.000000000000000000, 1.000000000000000000 ) ;
#850 = LINE ( 'NONE', #1372, #11551 ) ;
#851 = DIRECTION ( 'NONE',  ( 0.0000000000000000000, -1.000000000000000000, -2.853163611803958300E-016 ) ) ;
#852 = EDGE_LOOP ( 'NONE', ( #11069, #8781, #3320, #3059 ) ) ;
#853 = DIRECTION ( 'NONE',  ( 0.0000000000000000000, 1.000000000000000000, -0.0000000000000000000 ) ) ;
#854 = ORIENTED_EDGE ( 'NONE', *, *, #9524, .F. ) ;
#855 = PRESENTATION_STYLE_ASSIGNMENT (( #2520 ) ) ;
#856 = EDGE_LOOP ( 'NONE', ( #22, #11128, #3661, #9417 ) ) ;
#857 =( NAMED_UNIT ( * ) PLANE_ANGLE_UNIT ( ) SI_UNIT ( $, .RADIAN. ) );
#858 = EDGE_CURVE ( 'NONE', #1900, #2724, #9827, .T. ) ;
#859 = STYLED_ITEM ( 'NONE', ( #4725 ), #7695 ) ;
#860 = SURFACE_STYLE_USAGE ( .BOTH. , #928 ) ;
#861 = CIRCLE ( 'NONE', #6035, 0.1799999999999996000 ) ;
#862 = DIRECTION ( 'NONE',  ( 2.932732883558711900E-017, -0.7249994335944136600, -0.6887494619146932200 ) ) ;
#863 = VERTEX_POINT ( 'NONE', #4641 ) ;
#864 =( NAMED_UNIT ( * ) SI_UNIT ( $, .STERADIAN. ) SOLID_ANGLE_UNIT ( ) );
#865 = SURFACE_SIDE_STYLE ('',( #5182 ) ) ;
#866 = PRESENTATION_STYLE_ASSIGNMENT (( #7880 ) ) ;
#867 = VERTEX_POINT ( 'NONE', #6938 ) ;
#868 = CARTESIAN_POINT ( 'NONE',  ( 3.355000000000002600, -3.714999999999999900, 0.7500000000000015500 ) ) ;
#869 = EDGE_CURVE ( 'NONE', #6394, #2061, #355, .T. ) ;
#871 = AXIS2_PLACEMENT_3D ( 'NONE', #2306, #8437, #3186 ) ;
#870 = FACE_OUTER_BOUND ( 'NONE', #2942, .T. ) ;
#872 = FILL_AREA_STYLE ('',( #2529 ) ) ;
#873 = ORIENTED_EDGE ( 'NONE', *, *, #3323, .F. ) ;
#874 = SURFACE_SIDE_STYLE ('',( #4846 ) ) ;
#875 =( GEOMETRIC_REPRESENTATION_CONTEXT ( 3 ) GLOBAL_UNCERTAINTY_ASSIGNED_CONTEXT ( ( #5024 ) ) GLOBAL_UNIT_ASSIGNED_CONTEXT ( ( #7381, #2219, #7156 ) ) REPRESENTATION_CONTEXT ( 'NONE', 'WORKASPACE' ) );
#876 = VECTOR ( 'NONE', #5409, 1000.000000000000000 ) ;
#877 =( NAMED_UNIT ( * ) PLANE_ANGLE_UNIT ( ) SI_UNIT ( $, .RADIAN. ) );
#878 = ORIENTED_EDGE ( 'NONE', *, *, #7107, .T. ) ;
#879 = AXIS2_PLACEMENT_3D ( 'NONE', #740, #710, #661 ) ;
#880 = FILL_AREA_STYLE ('',( #8254 ) ) ;
#881 = EDGE_LOOP ( 'NONE', ( #10307, #421, #4620, #6730 ) ) ;
#882 = ORIENTED_EDGE ( 'NONE', *, *, #11515, .T. ) ;
#883 = EDGE_CURVE ( 'NONE', #466, #8008, #7436, .T. ) ;
#884 = UNCERTAINTY_MEASURE_WITH_UNIT (LENGTH_MEASURE( 1.000000000000000100E-005 ), #10219, 'distance_accuracy_value', 'NONE');
#885 = CARTESIAN_POINT ( 'NONE',  ( 5.350000000000003200, -1.870000000000000300, -0.9250000000000002700 ) ) ;
#886 = DIRECTION ( 'NONE',  ( 1.426581805901975000E-016, 1.000000000000000000, 3.348823158252935900E-015 ) ) ;
#887 = LINE ( 'NONE', #2143, #631 ) ;
#888 = CARTESIAN_POINT ( 'NONE',  ( -5.136051289755578800, -0.2044663603198850200, -2.349837372780165800 ) ) ;
#889 = ORIENTED_EDGE ( 'NONE', *, *, #9469, .T. ) ;
#890 = CIRCLE ( 'NONE', #9353, 0.1250000000000001100 ) ;
#891 = VECTOR ( 'NONE', #1024, 1000.000000000000000 ) ;
#892 = VERTEX_POINT ( 'NONE', #3646 ) ;
#893 = FILL_AREA_STYLE ('',( #3577 ) ) ;
#894 =( NAMED_UNIT ( * ) PLANE_ANGLE_UNIT ( ) SI_UNIT ( $, .RADIAN. ) );
#895 = MECHANICAL_DESIGN_GEOMETRIC_PRESENTATION_REPRESENTATION (  '', ( #11267 ), #1541 ) ;
#896 = AXIS2_PLACEMENT_3D ( 'NONE', #6148, #848, #7050 ) ;
#897 = CYLINDRICAL_SURFACE ( 'NONE', #7744, 0.1799999999999996000 ) ;
#898 =( NAMED_UNIT ( * ) SI_UNIT ( $, .STERADIAN. ) SOLID_ANGLE_UNIT ( ) );
#899 =( NAMED_UNIT ( * ) PLANE_ANGLE_UNIT ( ) SI_UNIT ( $, .RADIAN. ) );
#900 = PRESENTATION_STYLE_ASSIGNMENT (( #5344 ) ) ;
#901 = DIRECTION ( 'NONE',  ( 1.000000000000000000, 4.081702296416008100E-015, 2.551063935260005100E-016 ) ) ;
#902 = EDGE_CURVE ( 'NONE', #7312, #11275, #3051, .T. ) ;
#903 = CARTESIAN_POINT ( 'NONE',  ( 3.350000000000003200, -3.815000000000000400, 0.9249999999999993800 ) ) ;
#904 = EDGE_CURVE ( 'NONE', #4456, #11157, #5063, .T. ) ;
#905 = ORIENTED_EDGE ( 'NONE', *, *, #10682, .F. ) ;
#906 = CARTESIAN_POINT ( 'NONE',  ( -4.450000000000001100, 0.0000000000000000000, -4.200000000000000200 ) ) ;
#907 = SURFACE_STYLE_FILL_AREA ( #1179 ) ;
#908 = CARTESIAN_POINT ( 'NONE',  ( 4.725000000000003200, -3.515000000000000600, -1.125000000000000900 ) ) ;
#909 = ORIENTED_EDGE ( 'NONE', *, *, #7425, .F. ) ;
#910 = DIRECTION ( 'NONE',  ( -1.000000000000000000, 0.0000000000000000000, 0.0000000000000000000 ) ) ;
#911 = MECHANICAL_DESIGN_GEOMETRIC_PRESENTATION_REPRESENTATION (  '', ( #1313 ), #705 ) ;
#912 =( NAMED_UNIT ( * ) SI_UNIT ( $, .STERADIAN. ) SOLID_ANGLE_UNIT ( ) );
#913 = VECTOR ( 'NONE', #8817, 1000.000000000000000 ) ;
#914 =( NAMED_UNIT ( * ) PLANE_ANGLE_UNIT ( ) SI_UNIT ( $, .RADIAN. ) );
#915 = DIRECTION ( 'NONE',  ( -0.0000000000000000000, 1.000000000000000000, -0.0000000000000000000 ) ) ;
#916 = UNCERTAINTY_MEASURE_WITH_UNIT (LENGTH_MEASURE( 1.000000000000000100E-005 ), #7891, 'distance_accuracy_value', 'NONE');
#917 =( NAMED_UNIT ( * ) SI_UNIT ( $, .STERADIAN. ) SOLID_ANGLE_UNIT ( ) );
#918 =( GEOMETRIC_REPRESENTATION_CONTEXT ( 3 ) GLOBAL_UNCERTAINTY_ASSIGNED_CONTEXT ( ( #3687 ) ) GLOBAL_UNIT_ASSIGNED_CONTEXT ( ( #2152, #8143, #265 ) ) REPRESENTATION_CONTEXT ( 'NONE', 'WORKASPACE' ) );
#919 = AXIS2_PLACEMENT_3D ( 'NONE', #1670, #7845, #2585 ) ;
#920 = DIRECTION ( 'NONE',  ( 0.0000000000000000000, 1.000000000000000000, 0.0000000000000000000 ) ) ;
#921 = SURFACE_STYLE_FILL_AREA ( #4818 ) ;
#922 = SURFACE_STYLE_USAGE ( .BOTH. , #6238 ) ;
#923 = DIRECTION ( 'NONE',  ( 0.0000000000000000000, 0.0000000000000000000, -1.000000000000000000 ) ) ;
#924 = CARTESIAN_POINT ( 'NONE',  ( -3.790000000000002300, -3.951631602348482000E-016, -2.350000000000000500 ) ) ;
#925 = SURFACE_STYLE_FILL_AREA ( #203 ) ;
#926 = FILL_AREA_STYLE ('',( #7145 ) ) ;
#927 = LINE ( 'NONE', #5985, #10153 ) ;
#928 = SURFACE_SIDE_STYLE ('',( #4264 ) ) ;
#929 = ORIENTED_EDGE ( 'NONE', *, *, #8193, .F. ) ;
#930 = CIRCLE ( 'NONE', #8375, 0.1999999999999999800 ) ;
#931 = EDGE_CURVE ( 'NONE', #6605, #1771, #2765, .T. ) ;
#932 = DIRECTION ( 'NONE',  ( -1.000000000000000000, 0.0000000000000000000, 0.0000000000000000000 ) ) ;
#933 = AXIS2_PLACEMENT_3D ( 'NONE', #6122, #6222, #6380 ) ;
#934 = FACE_OUTER_BOUND ( 'NONE', #11483, .T. ) ;
#935 = PRESENTATION_LAYER_ASSIGNMENT (  '', '', ( #11307 ) ) ;
#936 = CARTESIAN_POINT ( 'NONE',  ( -4.975000000000002300, -0.4250000000000009300, 0.7499999999999984500 ) ) ;
#937 = ADVANCED_FACE ( 'NONE', ( #52 ), #8152, .F. ) ;
#938 = FILL_AREA_STYLE_COLOUR ( '', #1861 ) ;
#939 = LINE ( 'NONE', #10044, #5676 ) ;
#940 = FILL_AREA_STYLE ('',( #966 ) ) ;
#941 = SURFACE_SIDE_STYLE ('',( #8833 ) ) ;
#942 = EDGE_LOOP ( 'NONE', ( #10843, #7053, #2018, #3303 ) ) ;
#943 = FACE_OUTER_BOUND ( 'NONE', #4861, .T. ) ;
#944 = DIRECTION ( 'NONE',  ( 1.079575420682579900E-017, -1.000000000000000000, -1.426581805901979400E-016 ) ) ;
#945 = DIRECTION ( 'NONE',  ( -1.000000000000000000, 1.426581805901979900E-016, -1.927470528863118800E-016 ) ) ;
#946 = MECHANICAL_DESIGN_GEOMETRIC_PRESENTATION_REPRESENTATION (  '', ( #11268 ), #11471 ) ;
#947 = CARTESIAN_POINT ( 'NONE',  ( 4.725000000000003200, -3.765000000000000600, 1.124999999999999600 ) ) ;
#948 = CARTESIAN_POINT ( 'NONE',  ( -4.450000000000001100, -3.865000000000000200, -4.200000000000000200 ) ) ;
#949 = ORIENTED_EDGE ( 'NONE', *, *, #11503, .F. ) ;
#950 = FILL_AREA_STYLE_COLOUR ( '', #1393 ) ;
#951 = CARTESIAN_POINT ( 'NONE',  ( 5.120000000000002800, -0.2300000000000015400, 3.850000000000000100 ) ) ;
#952 = MECHANICAL_DESIGN_GEOMETRIC_PRESENTATION_REPRESENTATION (  '', ( #10157 ), #1596 ) ;
#953 = DIRECTION ( 'NONE',  ( -2.409338161078898200E-017, 1.426581805901979400E-016, -1.000000000000000000 ) ) ;
#954 = ORIENTED_EDGE ( 'NONE', *, *, #5516, .F. ) ;
#955 = DIRECTION ( 'NONE',  ( 0.0000000000000000000, -3.469446951953614200E-015, 1.000000000000000000 ) ) ;
#956 = CARTESIAN_POINT ( 'NONE',  ( 5.350000000000004100, -1.680000000000000400, -3.850000000000001400 ) ) ;
#957 = STYLED_ITEM ( 'NONE', ( #8945 ), #2920 ) ;
#958 = VECTOR ( 'NONE', #1828, 1000.000000000000000 ) ;
#959 = LINE ( 'NONE', #7719, #5400 ) ;
#960 =( NAMED_UNIT ( * ) SI_UNIT ( $, .STERADIAN. ) SOLID_ANGLE_UNIT ( ) );
#961 = ORIENTED_EDGE ( 'NONE', *, *, #8452, .F. ) ;
#962 = ORIENTED_EDGE ( 'NONE', *, *, #8567, .F. ) ;
#963 = DIRECTION ( 'NONE',  ( -0.0000000000000000000, -0.0000000000000000000, 1.000000000000000000 ) ) ;
#964 = CARTESIAN_POINT ( 'NONE',  ( -5.275000000000003000, -3.539999999999996500, -0.7500000000000121000 ) ) ;
#965 = ORIENTED_EDGE ( 'NONE', *, *, #4618, .F. ) ;
#966 = FILL_AREA_STYLE_COLOUR ( '', #55 ) ;
#967 = PRESENTATION_LAYER_ASSIGNMENT (  '', '', ( #7529 ) ) ;
#968 = FACE_OUTER_BOUND ( 'NONE', #7228, .T. ) ;
#969 = CARTESIAN_POINT ( 'NONE',  ( 5.169999918295680200, -4.015000000000000600, 1.098821942543510200 ) ) ;
#970 = STYLED_ITEM ( 'NONE', ( #10556 ), #10070 ) ;
#971 = CARTESIAN_POINT ( 'NONE',  ( -3.350000000000002300, -0.4000000000000012400, 1.125000000000000400 ) ) ;
#972 = CIRCLE ( 'NONE', #4188, 0.2000000000000000900 ) ;
#973 = LINE ( 'NONE', #11461, #707 ) ;
#974 = CIRCLE ( 'NONE', #11550, 0.04999999999999991300 ) ;
#975 = CYLINDRICAL_SURFACE ( 'NONE', #556, 0.1999999999999999800 ) ;
#976 = ORIENTED_EDGE ( 'NONE', *, *, #931, .T. ) ;
#977 = EDGE_CURVE ( 'NONE', #7573, #7739, #7175, .T. ) ;
#978 = ORIENTED_EDGE ( 'NONE', *, *, #1938, .T. ) ;
#979 = EDGE_CURVE ( 'NONE', #9983, #8422, #8398, .T. ) ;
#980 = DIRECTION ( 'NONE',  ( -1.000000000000000000, 0.0000000000000000000, 0.0000000000000000000 ) ) ;
#981 = CARTESIAN_POINT ( 'NONE',  ( 5.150000000000003000, -0.2000000000000015400, 3.850000000000000500 ) ) ;
#982 =( LENGTH_UNIT ( ) NAMED_UNIT ( * ) SI_UNIT ( .MILLI., .METRE. ) );
#983 = VERTEX_POINT ( 'NONE', #6557 ) ;
#984 =( NAMED_UNIT ( * ) PLANE_ANGLE_UNIT ( ) SI_UNIT ( $, .RADIAN. ) );
#985 = LINE ( 'NONE', #9763, #7797 ) ;
#986 = DIRECTION ( 'NONE',  ( -1.000000000000000000, 1.079575420682583100E-017, 0.0000000000000000000 ) ) ;
#987 = PRESENTATION_STYLE_ASSIGNMENT (( #9834 ) ) ;
#988 = FILL_AREA_STYLE_COLOUR ( '', #2758 ) ;
#989 = UNCERTAINTY_MEASURE_WITH_UNIT (LENGTH_MEASURE( 1.000000000000000100E-005 ), #5966, 'distance_accuracy_value', 'NONE');
#990 = ORIENTED_EDGE ( 'NONE', *, *, #5757, .F. ) ;
#991 = MECHANICAL_DESIGN_GEOMETRIC_PRESENTATION_REPRESENTATION (  '', ( #10755 ), #1628 ) ;
#992 =( GEOMETRIC_REPRESENTATION_CONTEXT ( 3 ) GLOBAL_UNCERTAINTY_ASSIGNED_CONTEXT ( ( #8464 ) ) GLOBAL_UNIT_ASSIGNED_CONTEXT ( ( #10748, #5395, #74 ) ) REPRESENTATION_CONTEXT ( 'NONE', 'WORKASPACE' ) );
#993 = CARTESIAN_POINT ( 'NONE',  ( 5.150000000000003000, -3.539999999999998700, 0.7500000000000020000 ) ) ;
#994 = ORIENTED_EDGE ( 'NONE', *, *, #245, .F. ) ;
#995 =( GEOMETRIC_REPRESENTATION_CONTEXT ( 3 ) GLOBAL_UNCERTAINTY_ASSIGNED_CONTEXT ( ( #3957 ) ) GLOBAL_UNIT_ASSIGNED_CONTEXT ( ( #4951, #803, #6955 ) ) REPRESENTATION_CONTEXT ( 'NONE', 'WORKASPACE' ) );
#996 = SURFACE_SIDE_STYLE ('',( #86 ) ) ;
#997 = EDGE_CURVE ( 'NONE', #7791, #731, #3714, .T. ) ;
#998 = CARTESIAN_POINT ( 'NONE',  ( 3.350000000000003600, -4.014999999999999700, -0.9250000000000008200 ) ) ;
#999 = FILL_AREA_STYLE ('',( #988 ) ) ;
#1000 = DIRECTION ( 'NONE',  ( 0.0000000000000000000, 6.829619984160659000E-016, -1.000000000000000000 ) ) ;
#1001 = CARTESIAN_POINT ( 'NONE',  ( -5.178314331235989200, -3.843314331235970500, -0.9249985170462851100 ) ) ;
#1002 = ORIENTED_EDGE ( 'NONE', *, *, #3015, .F. ) ;
#1003 = ADVANCED_FACE ( 'NONE', ( #10507 ), #2626, .T. ) ;
#1004 =( NAMED_UNIT ( * ) PLANE_ANGLE_UNIT ( ) SI_UNIT ( $, .RADIAN. ) );
#1005 = DIRECTION ( 'NONE',  ( 2.409338161078898200E-017, -1.426581805901979900E-016, 1.000000000000000000 ) ) ;
#1006 = CARTESIAN_POINT ( 'NONE',  ( 3.355000000000002200, -3.714999999999994100, 0.7500000000000015500 ) ) ;
#1007 = EDGE_LOOP ( 'NONE', ( #7526, #1259, #7872, #10188 ) ) ;
#1008 = CARTESIAN_POINT ( 'NONE',  ( -3.350000000000001900, -0.2000000000000016500, 3.850000000000000500 ) ) ;
#1009 =( GEOMETRIC_REPRESENTATION_CONTEXT ( 3 ) GLOBAL_UNCERTAINTY_ASSIGNED_CONTEXT ( ( #4771 ) ) GLOBAL_UNIT_ASSIGNED_CONTEXT ( ( #4003, #3014, #3274 ) ) REPRESENTATION_CONTEXT ( 'NONE', 'WORKASPACE' ) );
#1010 = ADVANCED_FACE ( 'NONE', ( #9672 ), #10920, .T. ) ;
#1011 = VERTEX_POINT ( 'NONE', #5032 ) ;
#1012 =( GEOMETRIC_REPRESENTATION_CONTEXT ( 3 ) GLOBAL_UNCERTAINTY_ASSIGNED_CONTEXT ( ( #2369 ) ) GLOBAL_UNIT_ASSIGNED_CONTEXT ( ( #196, #6402, #1099 ) ) REPRESENTATION_CONTEXT ( 'NONE', 'WORKASPACE' ) );
#1013 = CARTESIAN_POINT ( 'NONE',  ( 5.211542179912418000, -3.876542179912419300, 0.9240739029081896900 ) ) ;
#1014 = FILL_AREA_STYLE_COLOUR ( '', #7027 ) ;
#1015 = FACE_OUTER_BOUND ( 'NONE', #9826, .T. ) ;
#1016 = ORIENTED_EDGE ( 'NONE', *, *, #3472, .T. ) ;
#1017 = CARTESIAN_POINT ( 'NONE',  ( 4.590000000000003400, -2.838897793744938000E-016, -3.850000000000000500 ) ) ;
#1018 = CARTESIAN_POINT ( 'NONE',  ( -3.355000000000002200, -3.714999999999991400, -0.7500000000000122100 ) ) ;
#1019 = SURFACE_STYLE_USAGE ( .BOTH. , #1063 ) ;
#1020 =( LENGTH_UNIT ( ) NAMED_UNIT ( * ) SI_UNIT ( .MILLI., .METRE. ) );
#1021 = CARTESIAN_POINT ( 'NONE',  ( 2.950000000000002800, -3.665000000000000500, -3.899999999999999500 ) ) ;
#1022 = ORIENTED_EDGE ( 'NONE', *, *, #1878, .T. ) ;
#1023 = COLOUR_RGB ( '',1.000000000000000000, 1.000000000000000000, 1.000000000000000000 ) ;
#1024 = DIRECTION ( 'NONE',  ( 1.839562244607541800E-016, 3.348823158252935100E-015, -1.000000000000000000 ) ) ;
#1025 = FILL_AREA_STYLE_COLOUR ( '', #4018 ) ;
#1026 = EDGE_CURVE ( 'NONE', #4388, #3881, #1770, .T. ) ;
#1027 = UNCERTAINTY_MEASURE_WITH_UNIT (LENGTH_MEASURE( 1.000000000000000100E-005 ), #6408, 'distance_accuracy_value', 'NONE');
#1028 = ORIENTED_EDGE ( 'NONE', *, *, #10266, .T. ) ;
#1029 =( NAMED_UNIT ( * ) PLANE_ANGLE_UNIT ( ) SI_UNIT ( $, .RADIAN. ) );
#1030 = STYLED_ITEM ( 'NONE', ( #6144 ), #9121 ) ;
#1031 = DIRECTION ( 'NONE',  ( 0.0000000000000000000, 0.0000000000000000000, 1.000000000000000000 ) ) ;
#1032 = DIRECTION ( 'NONE',  ( -2.200962968769372400E-016, -2.140309255009116800E-017, 1.000000000000000000 ) ) ;
#1033 = PRESENTATION_STYLE_ASSIGNMENT (( #2959 ) ) ;
#1034 = AXIS2_PLACEMENT_3D ( 'NONE', #5792, #5828, #4287 ) ;
#1035 = CARTESIAN_POINT ( 'NONE',  ( -5.050000000000002500, -3.390000000000000100, 0.9249999999999997100 ) ) ;
#1036 = CARTESIAN_POINT ( 'NONE',  ( 3.350000000000002300, -1.870000000000001900, 3.650000000000000400 ) ) ;
#1037 = ORIENTED_EDGE ( 'NONE', *, *, #8717, .F. ) ;
#1038 = SURFACE_SIDE_STYLE ('',( #345 ) ) ;
#1039 = ORIENTED_EDGE ( 'NONE', *, *, #6000, .T. ) ;
#1040 = CARTESIAN_POINT ( 'NONE',  ( -4.590000000000002500, -0.2000000000000014800, 3.150000000000000800 ) ) ;
#1041 = ORIENTED_EDGE ( 'NONE', *, *, #8496, .F. ) ;
#1042 = UNCERTAINTY_MEASURE_WITH_UNIT (LENGTH_MEASURE( 1.000000000000000100E-005 ), #11184, 'distance_accuracy_value', 'NONE');
#1043 = CARTESIAN_POINT ( 'NONE',  ( -4.590000000000002500, -1.062730287355646700E-015, 2.350000000000001000 ) ) ;
#1044 = SURFACE_STYLE_FILL_AREA ( #1100 ) ;
#1045 = LINE ( 'NONE', #5457, #769 ) ;
#1046 = AXIS2_PLACEMENT_3D ( 'NONE', #8130, #7755, #6894 ) ;
#1047 = FILL_AREA_STYLE_COLOUR ( '', #2427 ) ;
#1048 = DIRECTION ( 'NONE',  ( 0.0000000000000000000, -1.000000000000000000, 0.0000000000000000000 ) ) ;
#1049 =( LENGTH_UNIT ( ) NAMED_UNIT ( * ) SI_UNIT ( .MILLI., .METRE. ) );
#1050 = DIRECTION ( 'NONE',  ( 1.000000000000000000, -3.348823158252936600E-015, 2.014244061477902700E-016 ) ) ;
#1051 = ORIENTED_EDGE ( 'NONE', *, *, #2979, .F. ) ;
#1052 = VECTOR ( 'NONE', #9007, 1000.000000000000000 ) ;
#1053 = EDGE_CURVE ( 'NONE', #5719, #3109, #8822, .T. ) ;
#1054 = STYLED_ITEM ( 'NONE', ( #4874 ), #2175 ) ;
#1055 = DIRECTION ( 'NONE',  ( -1.000000000000000000, 9.827563551769197900E-017, -3.504491870660227200E-017 ) ) ;
#1056 = SURFACE_STYLE_USAGE ( .BOTH. , #1038 ) ;
#1057 = ORIENTED_EDGE ( 'NONE', *, *, #6676, .F. ) ;
#1058 = FILL_AREA_STYLE_COLOUR ( '', #2933 ) ;
#1059 = SURFACE_STYLE_FILL_AREA ( #1706 ) ;
#1060 = VERTEX_POINT ( 'NONE', #8010 ) ;
#1061 = VECTOR ( 'NONE', #4782, 1000.000000000000000 ) ;
#1062 = CARTESIAN_POINT ( 'NONE',  ( -2.950000000000002800, -3.865000000000000200, -3.899999999999999500 ) ) ;
#1063 = SURFACE_SIDE_STYLE ('',( #6415 ) ) ;
#1064 = ADVANCED_FACE ( 'NONE', ( #3855 ), #259, .T. ) ;
#1065 = MECHANICAL_DESIGN_GEOMETRIC_PRESENTATION_REPRESENTATION (  '', ( #11430 ), #1693 ) ;
#1066 = MECHANICAL_DESIGN_GEOMETRIC_PRESENTATION_REPRESENTATION (  '', ( #11431 ), #1694 ) ;
#1067 = SURFACE_STYLE_USAGE ( .BOTH. , #1084 ) ;
#1068 = ORIENTED_EDGE ( 'NONE', *, *, #10137, .T. ) ;
#1069 = CARTESIAN_POINT ( 'NONE',  ( -4.025000000000001200, -0.1250000000000028900, 0.8749999999999994400 ) ) ;
#1070 = PRESENTATION_STYLE_ASSIGNMENT (( #2714 ) ) ;
#1071 = ORIENTED_EDGE ( 'NONE', *, *, #4654, .T. ) ;
#1072 = AXIS2_PLACEMENT_3D ( 'NONE', #6727, #3833, #1493 ) ;
#1073 = EDGE_CURVE ( 'NONE', #7518, #3308, #6437, .T. ) ;
#1074 = CIRCLE ( 'NONE', #8363, 0.1250000000000001100 ) ;
#1075 = FACE_OUTER_BOUND ( 'NONE', #5590, .T. ) ;
#1076 =( LENGTH_UNIT ( ) NAMED_UNIT ( * ) SI_UNIT ( .MILLI., .METRE. ) );
#1077 = FILL_AREA_STYLE ('',( #1117 ) ) ;
#1078 = UNCERTAINTY_MEASURE_WITH_UNIT (LENGTH_MEASURE( 1.000000000000000100E-005 ), #2260, 'distance_accuracy_value', 'NONE');
#1079 = SURFACE_SIDE_STYLE ('',( #11514 ) ) ;
#1080 = ADVANCED_FACE ( 'NONE', ( #622 ), #7760, .F. ) ;
#1081 = PRESENTATION_LAYER_ASSIGNMENT (  '', '', ( #1313 ) ) ;
#1082 = SURFACE_SIDE_STYLE ('',( #10820 ) ) ;
#1083 = ORIENTED_EDGE ( 'NONE', *, *, #5299, .F. ) ;
#1084 = SURFACE_SIDE_STYLE ('',( #8925 ) ) ;
#1085 = CARTESIAN_POINT ( 'NONE',  ( -3.350000000000001400, -0.4000000000000009700, -1.125000000000000000 ) ) ;
#1086 = SURFACE_STYLE_FILL_AREA ( #10658 ) ;
#1087 = PRESENTATION_LAYER_ASSIGNMENT (  '', '', ( #8423 ) ) ;
#1088 = CIRCLE ( 'NONE', #3544, 0.4250000000000008800 ) ;
#1089 = PLANE ( 'NONE',  #10692 ) ;
#1091 =( LENGTH_UNIT ( ) NAMED_UNIT ( * ) SI_UNIT ( .MILLI., .METRE. ) );
#1090 = PRESENTATION_STYLE_ASSIGNMENT (( #5802 ) ) ;
#1092 = DIRECTION ( 'NONE',  ( 1.079575420682579900E-017, 1.000000000000000000, 1.426581805901980100E-016 ) ) ;
#1093 = DIRECTION ( 'NONE',  ( -2.602085213965211100E-016, 0.0000000000000000000, -1.000000000000000000 ) ) ;
#1094 = ORIENTED_EDGE ( 'NONE', *, *, #11249, .T. ) ;
#1095 =( NAMED_UNIT ( * ) PLANE_ANGLE_UNIT ( ) SI_UNIT ( $, .RADIAN. ) );
#1096 =( NAMED_UNIT ( * ) PLANE_ANGLE_UNIT ( ) SI_UNIT ( $, .RADIAN. ) );
#1097 = LINE ( 'NONE', #1621, #5823 ) ;
#1098 =( NAMED_UNIT ( * ) SI_UNIT ( $, .STERADIAN. ) SOLID_ANGLE_UNIT ( ) );
#1099 =( NAMED_UNIT ( * ) SI_UNIT ( $, .STERADIAN. ) SOLID_ANGLE_UNIT ( ) );
#1100 = FILL_AREA_STYLE ('',( #197 ) ) ;
#1101 = UNCERTAINTY_MEASURE_WITH_UNIT (LENGTH_MEASURE( 1.000000000000000100E-005 ), #5005, 'distance_accuracy_value', 'NONE');
#1102 = EDGE_CURVE ( 'NONE', #5081, #2847, #2206, .T. ) ;
#1103 = VERTEX_POINT ( 'NONE', #6052 ) ;
#1104 = SURFACE_STYLE_USAGE ( .BOTH. , #6407 ) ;
#1105 = FILL_AREA_STYLE ('',( #1348 ) ) ;
#1106 = VECTOR ( 'NONE', #7570, 1000.000000000000100 ) ;
#1107 = DIRECTION ( 'NONE',  ( -1.000000000000000000, 0.0000000000000000000, 0.0000000000000000000 ) ) ;
#1108 = CYLINDRICAL_SURFACE ( 'NONE', #4336, 0.7999999999999999300 ) ;
#1109 = LINE ( 'NONE', #9528, #5541 ) ;
#1110 = PRESENTATION_STYLE_ASSIGNMENT (( #1710 ) ) ;
#1111 = PRESENTATION_LAYER_ASSIGNMENT (  '', '', ( #1054 ) ) ;
#1112 = CARTESIAN_POINT ( 'NONE',  ( 5.350000000000002300, -0.1800000000000013300, 3.850000000000000100 ) ) ;
#1113 = COLOUR_RGB ( '',1.000000000000000000, 1.000000000000000000, 1.000000000000000000 ) ;
#1114 = VERTEX_POINT ( 'NONE', #5354 ) ;
#1115 = SURFACE_STYLE_USAGE ( .BOTH. , #2971 ) ;
#1116 = ORIENTED_EDGE ( 'NONE', *, *, #3918, .F. ) ;
#1117 = FILL_AREA_STYLE_COLOUR ( '', #1932 ) ;
#1118 = UNCERTAINTY_MEASURE_WITH_UNIT (LENGTH_MEASURE( 1.000000000000000100E-005 ), #9738, 'distance_accuracy_value', 'NONE');
#1119 = CARTESIAN_POINT ( 'NONE',  ( 4.725000000000003200, -3.815000000000000800, 1.174999999999999200 ) ) ;
#1120 = ORIENTED_EDGE ( 'NONE', *, *, #5607, .T. ) ;
#1121 = CARTESIAN_POINT ( 'NONE',  ( 5.150000000000002100, -0.2300000000000013100, 2.340000000000000700 ) ) ;
#1122 = FACE_OUTER_BOUND ( 'NONE', #10970, .T. ) ;
#1123 = LINE ( 'NONE', #2966, #10329 ) ;
#1124 = AXIS2_PLACEMENT_3D ( 'NONE', #5931, #5824, #5789 ) ;
#1125 = CARTESIAN_POINT ( 'NONE',  ( 5.050000000000004300, -5.264166481399131600, -0.9250000000000009300 ) ) ;
#1126 = CARTESIAN_POINT ( 'NONE',  ( 4.725000000000003200, -3.714999999999999400, -0.9250000000000006000 ) ) ;
#1127 = DIRECTION ( 'NONE',  ( 0.0000000000000000000, 0.0000000000000000000, 1.000000000000000000 ) ) ;
#1128 = DIRECTION ( 'NONE',  ( 0.0000000000000000000, 0.0000000000000000000, -1.000000000000000000 ) ) ;
#1129 = SURFACE_SIDE_STYLE ('',( #201 ) ) ;
#1130 = ORIENTED_EDGE ( 'NONE', *, *, #6983, .T. ) ;
#1131 = EDGE_CURVE ( 'NONE', #4354, #10609, #6578, .T. ) ;
#1132 = CARTESIAN_POINT ( 'NONE',  ( -4.725000000000002300, -3.714999999999999400, 0.9249999999999994900 ) ) ;
#1133 = AXIS2_PLACEMENT_3D ( 'NONE', #4757, #5442, #1351 ) ;
#1134 = ADVANCED_FACE ( 'NONE', ( #11056 ), #7322, .F. ) ;
#1135 = ORIENTED_EDGE ( 'NONE', *, *, #1026, .T. ) ;
#1136 = COLOUR_RGB ( '',1.000000000000000000, 1.000000000000000000, 1.000000000000000000 ) ;
#1137 = CARTESIAN_POINT ( 'NONE',  ( -5.350000000000001400, -1.680000000000000400, -3.850000000000001400 ) ) ;
#1138 = SURFACE_STYLE_USAGE ( .BOTH. , #1172 ) ;
#1139 = PLANE ( 'NONE',  #6146 ) ;
#1140 = COLOUR_RGB ( '',1.000000000000000000, 1.000000000000000000, 1.000000000000000000 ) ;
#1141 = ORIENTED_EDGE ( 'NONE', *, *, #11276, .F. ) ;
#1142 = ORIENTED_EDGE ( 'NONE', *, *, #1408, .F. ) ;
#1143 = FILL_AREA_STYLE ('',( #1263 ) ) ;
#1144 = ADVANCED_FACE ( 'NONE', ( #10239 ), #1407, .F. ) ;
#1145 =( NAMED_UNIT ( * ) PLANE_ANGLE_UNIT ( ) SI_UNIT ( $, .RADIAN. ) );
#1146 = PRESENTATION_LAYER_ASSIGNMENT (  '', '', ( #10900 ) ) ;
#1147 = PRESENTATION_LAYER_ASSIGNMENT (  '', '', ( #538 ) ) ;
#1148 = ORIENTED_EDGE ( 'NONE', *, *, #9447, .F. ) ;
#1149 = EDGE_CURVE ( 'NONE', #10148, #863, #5799, .T. ) ;
#1150 = UNCERTAINTY_MEASURE_WITH_UNIT (LENGTH_MEASURE( 1.000000000000000100E-005 ), #4781, 'distance_accuracy_value', 'NONE');
#1151 = EDGE_CURVE ( 'NONE', #8279, #1314, #10282, .T. ) ;
#1152 = CARTESIAN_POINT ( 'NONE',  ( 4.975000000000003200, -3.539999999999998700, -1.479060086872150600 ) ) ;
#1153 = VERTEX_POINT ( 'NONE', #6890 ) ;
#1154 = DIRECTION ( 'NONE',  ( 1.000000000000000000, 0.0000000000000000000, 0.0000000000000000000 ) ) ;
#1155 = DIRECTION ( 'NONE',  ( -1.000000000000000000, -1.426581805901979400E-016, -2.209081482755458100E-016 ) ) ;
#1156 =( NAMED_UNIT ( * ) PLANE_ANGLE_UNIT ( ) SI_UNIT ( $, .RADIAN. ) );
#1157 = EDGE_LOOP ( 'NONE', ( #7846, #8466 ) ) ;
#1158 = CARTESIAN_POINT ( 'NONE',  ( -5.293808351810057800, -3.958808351810057000, -0.9676668700773966000 ) ) ;
#1159 = PLANE ( 'NONE',  #5130 ) ;
#1160 = MECHANICAL_DESIGN_GEOMETRIC_PRESENTATION_REPRESENTATION (  '', ( #11500 ), #1785 ) ;
#1161 = AXIS2_PLACEMENT_3D ( 'NONE', #8500, #3242, #9451 ) ;
#1162 = DIRECTION ( 'NONE',  ( 0.0000000000000000000, -1.000000000000000000, 0.0000000000000000000 ) ) ;
#1163 = SURFACE_STYLE_USAGE ( .BOTH. , #696 ) ;
#1164 = EDGE_CURVE ( 'NONE', #5643, #1921, #5506, .T. ) ;
#1165 = CARTESIAN_POINT ( 'NONE',  ( 5.127060060058044900, -0.2006328536853949400, 2.350010618009915400 ) ) ;
#1166 = PRESENTATION_STYLE_ASSIGNMENT (( #1163 ) ) ;
#1167 = EDGE_CURVE ( 'NONE', #11405, #6097, #7874, .T. ) ;
#1168 = DIRECTION ( 'NONE',  ( 0.0000000000000000000, -1.000000000000000000, 0.0000000000000000000 ) ) ;
#1169 = ORIENTED_EDGE ( 'NONE', *, *, #3266, .F. ) ;
#1170 = ORIENTED_EDGE ( 'NONE', *, *, #11513, .T. ) ;
#1171 = DIRECTION ( 'NONE',  ( 1.000000000000000000, 1.426581805901979400E-016, 1.927470528863119300E-016 ) ) ;
#1172 = SURFACE_SIDE_STYLE ('',( #5423 ) ) ;
#1173 = DIRECTION ( 'NONE',  ( 0.0000000000000000000, 0.0000000000000000000, -1.000000000000000000 ) ) ;
#1174 = DIRECTION ( 'NONE',  ( 1.000000000000000000, 0.0000000000000000000, -2.602085213965211100E-016 ) ) ;
#1175 = LINE ( 'NONE', #9485, #5606 ) ;
#1176 = DIRECTION ( 'NONE',  ( 0.0000000000000000000, -0.3399228840219225600, 0.9404533124606551100 ) ) ;
#1177 = CARTESIAN_POINT ( 'NONE',  ( 5.350000000000004100, -1.870000000000000600, -3.650000000000001200 ) ) ;
#1178 = EDGE_CURVE ( 'NONE', #7096, #9653, #1074, .T. ) ;
#1179 = FILL_AREA_STYLE ('',( #5759 ) ) ;
#1181 = AXIS2_PLACEMENT_3D ( 'NONE', #3233, #9442, #4114 ) ;
#1180 = COLOUR_RGB ( '',0.9098039215686274400, 0.4431372549019607600, 0.03137254901960784300 ) ;
#1182 = FILL_AREA_STYLE ('',( #1226 ) ) ;
#1183 = ORIENTED_EDGE ( 'NONE', *, *, #5868, .F. ) ;
#1184 = ORIENTED_EDGE ( 'NONE', *, *, #2752, .F. ) ;
#1185 = PRESENTATION_STYLE_ASSIGNMENT (( #10074 ) ) ;
#1186 = ORIENTED_EDGE ( 'NONE', *, *, #4795, .T. ) ;
#1187 =( NAMED_UNIT ( * ) SI_UNIT ( $, .STERADIAN. ) SOLID_ANGLE_UNIT ( ) );
#1188 =( NAMED_UNIT ( * ) SI_UNIT ( $, .STERADIAN. ) SOLID_ANGLE_UNIT ( ) );
#1189 = ADVANCED_FACE ( 'NONE', ( #5232 ), #11220, .F. ) ;
#1190 = VECTOR ( 'NONE', #646, 1000.000000000000000 ) ;
#1191 =( LENGTH_UNIT ( ) NAMED_UNIT ( * ) SI_UNIT ( .MILLI., .METRE. ) );
#1192 = VECTOR ( 'NONE', #3914, 1000.000000000000000 ) ;
#1193 = FILL_AREA_STYLE_COLOUR ( '', #7714 ) ;
#1194 = ORIENTED_EDGE ( 'NONE', *, *, #3681, .F. ) ;
#1195 = EDGE_CURVE ( 'NONE', #4031, #10822, #2096, .T. ) ;
#1196 = ORIENTED_EDGE ( 'NONE', *, *, #8424, .F. ) ;
#1197 = PLANE ( 'NONE',  #148 ) ;
#1198 = MECHANICAL_DESIGN_GEOMETRIC_PRESENTATION_REPRESENTATION (  '', ( #10949 ), #1820 ) ;
#1199 = CARTESIAN_POINT ( 'NONE',  ( 4.725000000000003200, -3.715000000000000700, -0.9250000000000008200 ) ) ;
#1200 = CIRCLE ( 'NONE', #4809, 0.1799999999999996000 ) ;
#1201 = ORIENTED_EDGE ( 'NONE', *, *, #7107, .F. ) ;
#1202 = ADVANCED_FACE ( 'NONE', ( #8851 ), #3087, .F. ) ;
#1203 = CARTESIAN_POINT ( 'NONE',  ( -2.950000000000002800, -3.365000000000000700, 1.800000000000000500 ) ) ;
#1204 =( GEOMETRIC_REPRESENTATION_CONTEXT ( 3 ) GLOBAL_UNCERTAINTY_ASSIGNED_CONTEXT ( ( #4399 ) ) GLOBAL_UNIT_ASSIGNED_CONTEXT ( ( #3381, #6333, #2013 ) ) REPRESENTATION_CONTEXT ( 'NONE', 'WORKASPACE' ) );
#1205 =( NAMED_UNIT ( * ) PLANE_ANGLE_UNIT ( ) SI_UNIT ( $, .RADIAN. ) );
#1206 = PRESENTATION_STYLE_ASSIGNMENT (( #11538 ) ) ;
#1207 = PLANE ( 'NONE',  #4142 ) ;
#1208 = CARTESIAN_POINT ( 'NONE',  ( 3.350000000000004100, -3.815000000000000400, -1.125000000000001300 ) ) ;
#1209 = DIRECTION ( 'NONE',  ( 0.0000000000000000000, -1.000000000000000000, 0.0000000000000000000 ) ) ;
#1210 = LINE ( 'NONE', #3343, #5640 ) ;
#1211 = DIRECTION ( 'NONE',  ( 1.000000000000000000, 1.505836350674314900E-016, 0.0000000000000000000 ) ) ;
#1212 = DIRECTION ( 'NONE',  ( 1.000000000000000000, -9.827563551769197900E-017, 1.927470528863119000E-016 ) ) ;
#1213 = ORIENTED_EDGE ( 'NONE', *, *, #3015, .T. ) ;
#1214 = PRESENTATION_LAYER_ASSIGNMENT (  '', '', ( #3045 ) ) ;
#1215 = CARTESIAN_POINT ( 'NONE',  ( 4.750000000000001800, -3.365000000000000700, 1.799999999999999800 ) ) ;
#1216 = MECHANICAL_DESIGN_GEOMETRIC_PRESENTATION_REPRESENTATION (  '', ( #10966 ), #1834 ) ;
#1217 = PLANE ( 'NONE',  #7407 ) ;
#1218 = FILL_AREA_STYLE ('',( #3758 ) ) ;
#1219 = CARTESIAN_POINT ( 'NONE',  ( -4.590000000000002500, -1.156880732056456700E-015, 3.050000000000000700 ) ) ;
#1220 = CARTESIAN_POINT ( 'NONE',  ( -5.250000000000002700, 1.985000000000000300, -5.000000000000000000 ) ) ;
#1221 = VECTOR ( 'NONE', #4662, 1000.000000000000000 ) ;
#1222 = PRESENTATION_LAYER_ASSIGNMENT (  '', '', ( #8432 ) ) ;
#1223 = EDGE_CURVE ( 'NONE', #5228, #7295, #8002, .T. ) ;
#1224 = FILL_AREA_STYLE_COLOUR ( '', #3920 ) ;
#1225 = DIRECTION ( 'NONE',  ( 1.000000000000000000, 9.035018104045871900E-017, 0.0000000000000000000 ) ) ;
#1226 = FILL_AREA_STYLE_COLOUR ( '', #4164 ) ;
#1227 = CARTESIAN_POINT ( 'NONE',  ( 5.350000000000003200, -3.835000000000000400, 1.124999999999999300 ) ) ;
#1228 = FILL_AREA_STYLE ('',( #5641 ) ) ;
#1229 = DIRECTION ( 'NONE',  ( 1.426581805901979600E-016, 1.000000000000000000, 1.426581805901979900E-016 ) ) ;
#1230 =( GEOMETRIC_REPRESENTATION_CONTEXT ( 3 ) GLOBAL_UNCERTAINTY_ASSIGNED_CONTEXT ( ( #5731 ) ) GLOBAL_UNIT_ASSIGNED_CONTEXT ( ( #4785, #4966, #9197 ) ) REPRESENTATION_CONTEXT ( 'NONE', 'WORKASPACE' ) );
#1231 = FACE_OUTER_BOUND ( 'NONE', #11296, .T. ) ;
#1232 = CARTESIAN_POINT ( 'NONE',  ( 3.350000000000002300, -3.515000000000001000, -0.9250000000000009300 ) ) ;
#1233 = VECTOR ( 'NONE', #4187, 1000.000000000000000 ) ;
#1234 = EDGE_CURVE ( 'NONE', #5186, #6098, #10407, .T. ) ;
#1235 = FILL_AREA_STYLE ('',( #1193 ) ) ;
#1236 = EDGE_CURVE ( 'NONE', #4509, #5164, #5645, .T. ) ;
#1237 = EDGE_LOOP ( 'NONE', ( #5842, #7662, #7388, #10918, #6964 ) ) ;
#1238 = VECTOR ( 'NONE', #827, 1000.000000000000000 ) ;
#1239 = PRESENTATION_STYLE_ASSIGNMENT (( #85 ) ) ;
#1240 = CIRCLE ( 'NONE', #2450, 0.8000000000000003800 ) ;
#1241 = DIRECTION ( 'NONE',  ( 1.000000000000000000, -4.580624489496172500E-016, 1.927470528863118300E-016 ) ) ;
#1242 = FILL_AREA_STYLE ('',( #10124 ) ) ;
#1243 = DIRECTION ( 'NONE',  ( 1.000000000000000000, 3.634139519433330900E-015, 7.553600721220340800E-017 ) ) ;
#1244 = LINE ( 'NONE', #3898, #5678 ) ;
#1245 = PLANE ( 'NONE',  #7530 ) ;
#1246 = CARTESIAN_POINT ( 'NONE',  ( -4.725000000000002300, -3.715000000000000700, 1.125000000000000000 ) ) ;
#1247 = VERTEX_POINT ( 'NONE', #11199 ) ;
#1248 = SURFACE_SIDE_STYLE ('',( #5633 ) ) ;
#1249 = FACE_OUTER_BOUND ( 'NONE', #2846, .T. ) ;
#1250 = DIRECTION ( 'NONE',  ( -1.000000000000000000, 3.657902066415350700E-018, -4.707476099338772300E-016 ) ) ;
#1251 = ADVANCED_FACE ( 'NONE', ( #3329 ), #11364, .F. ) ;
#1252 = COLOUR_RGB ( '',1.000000000000000000, 1.000000000000000000, 1.000000000000000000 ) ;
#1253 = MECHANICAL_DESIGN_GEOMETRIC_PRESENTATION_REPRESENTATION (  '', ( #1698 ), #7000 ) ;
#1254 = STYLED_ITEM ( 'NONE', ( #4710 ), #7863 ) ;
#1255 = VECTOR ( 'NONE', #8541, 1000.000000000000000 ) ;
#1256 = SURFACE_STYLE_USAGE ( .BOTH. , #3883 ) ;
#1257 = CARTESIAN_POINT ( 'NONE',  ( 5.150000000000003000, -3.390000000000000600, 1.175000000000000000 ) ) ;
#1258 = DIRECTION ( 'NONE',  ( -1.000000000000000000, 3.634139519433330100E-015, -7.553600721219157500E-017 ) ) ;
#1259 = ORIENTED_EDGE ( 'NONE', *, *, #8876, .F. ) ;
#1260 = FILL_AREA_STYLE ('',( #7664 ) ) ;
#1261 = UNCERTAINTY_MEASURE_WITH_UNIT (LENGTH_MEASURE( 1.000000000000000100E-005 ), #7010, 'distance_accuracy_value', 'NONE');
#1262 = DIRECTION ( 'NONE',  ( 0.0000000000000000000, -0.9404533124606551100, -0.3399228840219225600 ) ) ;
#1263 = FILL_AREA_STYLE_COLOUR ( '', #1639 ) ;
#1264 = EDGE_LOOP ( 'NONE', ( #9160, #9073, #5780, #9077, #7128 ) ) ;
#1265 = CARTESIAN_POINT ( 'NONE',  ( 5.170000000000002600, -4.015000000000001500, 3.650000000000000800 ) ) ;
#1266 = COLOUR_RGB ( '',1.000000000000000000, 1.000000000000000000, 1.000000000000000000 ) ;
#1267 = PRESENTATION_STYLE_ASSIGNMENT (( #7649 ) ) ;
#1268 = ORIENTED_EDGE ( 'NONE', *, *, #8509, .T. ) ;
#1269 = EDGE_CURVE ( 'NONE', #6468, #8615, #4549, .T. ) ;
#1270 = CARTESIAN_POINT ( 'NONE',  ( -5.270281719800240500, -3.935281719800237000, 0.9508589309545175700 ) ) ;
#1271 = CARTESIAN_POINT ( 'NONE',  ( 5.150000000000003000, -0.2000000000000008400, -0.9249999999999999300 ) ) ;
#1272 = ORIENTED_EDGE ( 'NONE', *, *, #8976, .T. ) ;
#1273 = MECHANICAL_DESIGN_GEOMETRIC_PRESENTATION_REPRESENTATION (  '', ( #44 ), #1892 ) ;
#1274 = CARTESIAN_POINT ( 'NONE',  ( -5.050000000000001600, -1.870000000000000600, -0.9250000000000004900 ) ) ;
#1275 = UNCERTAINTY_MEASURE_WITH_UNIT (LENGTH_MEASURE( 1.000000000000000100E-005 ), #1374, 'distance_accuracy_value', 'NONE');
#1276 = ORIENTED_EDGE ( 'NONE', *, *, #6465, .F. ) ;
#1277 = DIRECTION ( 'NONE',  ( 0.0000000000000000000, 0.0000000000000000000, -1.000000000000000000 ) ) ;
#1278 = CIRCLE ( 'NONE', #1133, 0.2999999999999999300 ) ;
#1279 = MECHANICAL_DESIGN_GEOMETRIC_PRESENTATION_REPRESENTATION (  '', ( #1409 ), #1204 ) ;
#1280 = DIRECTION ( 'NONE',  ( -1.000000000000000000, 3.657902066415302200E-018, -1.927470528863119000E-016 ) ) ;
#1281 = FILL_AREA_STYLE_COLOUR ( '', #8531 ) ;
#1282 = ORIENTED_EDGE ( 'NONE', *, *, #4128, .F. ) ;
#1283 = DIRECTION ( 'NONE',  ( 1.079575420682579900E-017, -1.000000000000000000, -1.426581805901979600E-016 ) ) ;
#1284 = ORIENTED_EDGE ( 'NONE', *, *, #6236, .F. ) ;
#1285 = ORIENTED_EDGE ( 'NONE', *, *, #7309, .T. ) ;
#1286 = DIRECTION ( 'NONE',  ( -1.000000000000000000, -3.657902066415252100E-018, -1.927470528863118800E-016 ) ) ;
#1287 =( NAMED_UNIT ( * ) PLANE_ANGLE_UNIT ( ) SI_UNIT ( $, .RADIAN. ) );
#1288 = VECTOR ( 'NONE', #1322, 1000.000000000000000 ) ;
#1289 = EDGE_CURVE ( 'NONE', #892, #7071, #6887, .T. ) ;
#1290 = ORIENTED_EDGE ( 'NONE', *, *, #7850, .F. ) ;
#1291 = VERTEX_POINT ( 'NONE', #4073 ) ;
#1292 = EDGE_CURVE ( 'NONE', #2796, #11512, #6610, .T. ) ;
#1293 =( NAMED_UNIT ( * ) SI_UNIT ( $, .STERADIAN. ) SOLID_ANGLE_UNIT ( ) );
#1294 = CARTESIAN_POINT ( 'NONE',  ( -5.250000000000000900, 0.0000000000000000000, 5.000000000000000000 ) ) ;
#1295 = CARTESIAN_POINT ( 'NONE',  ( -3.350000000000001400, -3.765000000000000100, 1.125000000000000000 ) ) ;
#1296 = EDGE_LOOP ( 'NONE', ( #2161, #8387, #929, #11079 ) ) ;
#1297 = CARTESIAN_POINT ( 'NONE',  ( 5.050000000000003400, 0.0000000000000000000, -2.625000000000000000 ) ) ;
#1298 = UNCERTAINTY_MEASURE_WITH_UNIT (LENGTH_MEASURE( 1.000000000000000100E-005 ), #11259, 'distance_accuracy_value', 'NONE');
#1299 = CARTESIAN_POINT ( 'NONE',  ( 5.161715728752541900, -3.932157287525381400, -0.9250000000000010400 ) ) ;
#1300 =( NAMED_UNIT ( * ) SI_UNIT ( $, .STERADIAN. ) SOLID_ANGLE_UNIT ( ) );
#1302 =( GEOMETRIC_REPRESENTATION_CONTEXT ( 3 ) GLOBAL_UNCERTAINTY_ASSIGNED_CONTEXT ( ( #1275 ) ) GLOBAL_UNIT_ASSIGNED_CONTEXT ( ( #1374, #1333, #1303 ) ) REPRESENTATION_CONTEXT ( 'NONE', 'WORKASPACE' ) );
#1301 = MECHANICAL_DESIGN_GEOMETRIC_PRESENTATION_REPRESENTATION (  '', ( #77 ), #1930 ) ;
#1303 =( NAMED_UNIT ( * ) SI_UNIT ( $, .STERADIAN. ) SOLID_ANGLE_UNIT ( ) );
#1304 = EDGE_CURVE ( 'NONE', #7296, #2847, #8999, .T. ) ;
#1305 = VERTEX_POINT ( 'NONE', #5822 ) ;
#1306 = EDGE_CURVE ( 'NONE', #9898, #6124, #8701, .T. ) ;
#1307 = SURFACE_SIDE_STYLE ('',( #11152 ) ) ;
#1308 = COLOUR_RGB ( '',1.000000000000000000, 1.000000000000000000, 1.000000000000000000 ) ;
#1309 = ADVANCED_FACE ( 'NONE', ( #11086 ), #3189, .F. ) ;
#1310 = DIRECTION ( 'NONE',  ( -1.000000000000000000, -1.426581805901980100E-016, 2.409338161078898200E-016 ) ) ;
#1311 = ORIENTED_EDGE ( 'NONE', *, *, #393, .T. ) ;
#1312 = DIRECTION ( 'NONE',  ( -1.927470528863119000E-016, -1.426581805901979600E-016, 1.000000000000000000 ) ) ;
#1313 = STYLED_ITEM ( 'NONE', ( #4143 ), #5601 ) ;
#1314 = VERTEX_POINT ( 'NONE', #9900 ) ;
#1315 =( LENGTH_UNIT ( ) NAMED_UNIT ( * ) SI_UNIT ( .MILLI., .METRE. ) );
#1316 =( LENGTH_UNIT ( ) NAMED_UNIT ( * ) SI_UNIT ( .MILLI., .METRE. ) );
#1317 = PRESENTATION_STYLE_ASSIGNMENT (( #11491 ) ) ;
#1318 = STYLED_ITEM ( 'NONE', ( #2482 ), #255 ) ;
#1319 = SURFACE_SIDE_STYLE ('',( #5838 ) ) ;
#1320 = ORIENTED_EDGE ( 'NONE', *, *, #10861, .F. ) ;
#1321 = CARTESIAN_POINT ( 'NONE',  ( 5.050000000000002500, -8.530959199293837800E-016, -0.9250000000000004900 ) ) ;
#1322 = DIRECTION ( 'NONE',  ( 2.209081482755458100E-016, 1.426581805901979600E-016, -1.000000000000000000 ) ) ;
#1323 = SURFACE_STYLE_FILL_AREA ( #4248 ) ;
#1324 = DIRECTION ( 'NONE',  ( 1.426581805901979100E-016, -1.000000000000000000, 5.952404271712229500E-017 ) ) ;
#1325 = CARTESIAN_POINT ( 'NONE',  ( 5.170000000000001700, -0.1800000000000013000, 3.850000000000000100 ) ) ;
#1326 = ORIENTED_EDGE ( 'NONE', *, *, #1269, .T. ) ;
#1327 = CARTESIAN_POINT ( 'NONE',  ( -5.050000000000002500, 0.0000000000000000000, 2.629999999999999900 ) ) ;
#1328 = LINE ( 'NONE', #1896, #8107 ) ;
#1329 = LINE ( 'NONE', #3919, #10248 ) ;
#1330 = CARTESIAN_POINT ( 'NONE',  ( -5.350000000000003200, -3.815000000000000400, 1.124999999999999800 ) ) ;
#1331 = DIRECTION ( 'NONE',  ( 1.426581805901975000E-016, 1.000000000000000000, 3.348823158252935900E-015 ) ) ;
#1332 = PLANE ( 'NONE',  #8089 ) ;
#1333 =( NAMED_UNIT ( * ) PLANE_ANGLE_UNIT ( ) SI_UNIT ( $, .RADIAN. ) );
#1334 = PLANE ( 'NONE',  #5501 ) ;
#1335 = ORIENTED_EDGE ( 'NONE', *, *, #1164, .T. ) ;
#1336 = SURFACE_STYLE_FILL_AREA ( #4676 ) ;
#1337 = ORIENTED_EDGE ( 'NONE', *, *, #6877, .T. ) ;
#1338 =( LENGTH_UNIT ( ) NAMED_UNIT ( * ) SI_UNIT ( .MILLI., .METRE. ) );
#1339 = EDGE_CURVE ( 'NONE', #6796, #11281, #5492, .T. ) ;
#1340 = DIRECTION ( 'NONE',  ( 1.426581805901975000E-016, -1.000000000000000000, -2.140309255008997200E-017 ) ) ;
#1341 = CIRCLE ( 'NONE', #6568, 0.1250000000000000000 ) ;
#1342 = ORIENTED_EDGE ( 'NONE', *, *, #6676, .T. ) ;
#1343 =( GEOMETRIC_REPRESENTATION_CONTEXT ( 3 ) GLOBAL_UNCERTAINTY_ASSIGNED_CONTEXT ( ( #5220 ) ) GLOBAL_UNIT_ASSIGNED_CONTEXT ( ( #21, #6223, #917 ) ) REPRESENTATION_CONTEXT ( 'NONE', 'WORKASPACE' ) );
#1344 = SURFACE_STYLE_USAGE ( .BOTH. , #6636 ) ;
#1345 = CARTESIAN_POINT ( 'NONE',  ( 5.100000000000003200, -1.870000000000000800, -0.8750000000000003300 ) ) ;
#1346 = AXIS2_PLACEMENT_3D ( 'NONE', #10542, #3788, #5933 ) ;
#1347 = CARTESIAN_POINT ( 'NONE',  ( -5.165992822668254500, -3.974928226682516600, 1.002085514207897300 ) ) ;
#1348 = FILL_AREA_STYLE_COLOUR ( '', #4100 ) ;
#1349 = MECHANICAL_DESIGN_GEOMETRIC_PRESENTATION_REPRESENTATION (  '', ( #1590 ), #1302 ) ;
#1350 = VERTEX_POINT ( 'NONE', #9861 ) ;
#1351 = DIRECTION ( 'NONE',  ( -1.000000000000000000, 9.035018104045871900E-017, 0.0000000000000000000 ) ) ;
#1352 =( NAMED_UNIT ( * ) PLANE_ANGLE_UNIT ( ) SI_UNIT ( $, .RADIAN. ) );
#1353 = SURFACE_STYLE_USAGE ( .BOTH. , #1129 ) ;
#1354 = DIRECTION ( 'NONE',  ( -0.0000000000000000000, -1.000000000000000000, -0.0000000000000000000 ) ) ;
#1355 = PRESENTATION_LAYER_ASSIGNMENT (  '', '', ( #131 ) ) ;
#1356 = VERTEX_POINT ( 'NONE', #6143 ) ;
#1357 = LINE ( 'NONE', #4396, #10537 ) ;
#1358 = FILL_AREA_STYLE ('',( #5754 ) ) ;
#1359 = ORIENTED_EDGE ( 'NONE', *, *, #4681, .T. ) ;
#1360 = SURFACE_STYLE_USAGE ( .BOTH. , #6657 ) ;
#1361 = DIRECTION ( 'NONE',  ( 0.0000000000000000000, 1.000000000000000000, 5.214884716704054000E-032 ) ) ;
#1362 = CIRCLE ( 'NONE', #2263, 0.03000000000000007900 ) ;
#1363 = ORIENTED_EDGE ( 'NONE', *, *, #10797, .T. ) ;
#1364 = LINE ( 'NONE', #9401, #3471 ) ;
#1365 =( NAMED_UNIT ( * ) SI_UNIT ( $, .STERADIAN. ) SOLID_ANGLE_UNIT ( ) );
#1366 = CARTESIAN_POINT ( 'NONE',  ( -5.350000000000001400, -4.014999999999999700, -3.850000000000000500 ) ) ;
#1367 = ADVANCED_FACE ( 'NONE', ( #782 ), #6746, .T. ) ;
#1368 = VECTOR ( 'NONE', #5411, 1000.000000000000000 ) ;
#1369 = MECHANICAL_DESIGN_GEOMETRIC_PRESENTATION_REPRESENTATION (  '', ( #150 ), #2000 ) ;
#1370 =( GEOMETRIC_REPRESENTATION_CONTEXT ( 3 ) GLOBAL_UNCERTAINTY_ASSIGNED_CONTEXT ( ( #1602 ) ) GLOBAL_UNIT_ASSIGNED_CONTEXT ( ( #10805, #5454, #128 ) ) REPRESENTATION_CONTEXT ( 'NONE', 'WORKASPACE' ) );
#1371 = DIRECTION ( 'NONE',  ( -1.000000000000000000, 4.081702296416008100E-015, -2.551063935260005100E-016 ) ) ;
#1372 = CARTESIAN_POINT ( 'NONE',  ( 4.725000000000002300, -3.764999999999999700, 0.9249999999999991600 ) ) ;
#1373 = CARTESIAN_POINT ( 'NONE',  ( -5.250000000000000900, 0.0000000000000000000, 4.200000000000000200 ) ) ;
#1374 =( LENGTH_UNIT ( ) NAMED_UNIT ( * ) SI_UNIT ( .MILLI., .METRE. ) );
#1375 = ORIENTED_EDGE ( 'NONE', *, *, #2684, .F. ) ;
#1376 = EDGE_CURVE ( 'NONE', #9116, #11405, #9138, .T. ) ;
#1377 = EDGE_CURVE ( 'NONE', #5067, #7869, #4679, .T. ) ;
#1378 = COLOUR_RGB ( '',1.000000000000000000, 1.000000000000000000, 1.000000000000000000 ) ;
#1379 = DIRECTION ( 'NONE',  ( 0.0000000000000000000, 8.131516293641279300E-016, 1.000000000000000000 ) ) ;
#1380 = DIRECTION ( 'NONE',  ( 1.000000000000000000, 4.580624489496172500E-016, 3.504491870660234600E-017 ) ) ;
#1381 = DIRECTION ( 'NONE',  ( -1.000000000000000000, 9.827563551769197900E-017, -1.927470528863119500E-016 ) ) ;
#1382 = CARTESIAN_POINT ( 'NONE',  ( -5.254407615346901000, -3.825440761534689900, 0.9465649028722784600 ) ) ;
#1383 = VERTEX_POINT ( 'NONE', #5465 ) ;
#1384 =( NAMED_UNIT ( * ) SI_UNIT ( $, .STERADIAN. ) SOLID_ANGLE_UNIT ( ) );
#1385 = CARTESIAN_POINT ( 'NONE',  ( 5.170000000000004400, -3.835000000000000000, -3.650000000000001700 ) ) ;
#1386 = STYLED_ITEM ( 'NONE', ( #6393 ), #7288 ) ;
#1387 = STYLED_ITEM ( 'NONE', ( #10430 ), #11263 ) ;
#1388 = CARTESIAN_POINT ( 'NONE',  ( -5.350000000000002300, -1.870000000000000800, 0.9249999999999998200 ) ) ;
#1389 = COLOUR_RGB ( '',1.000000000000000000, 1.000000000000000000, 1.000000000000000000 ) ;
#1390 = LINE ( 'NONE', #2225, #7337 ) ;
#1391 = CARTESIAN_POINT ( 'NONE',  ( -5.120000000000002800, -3.815000000000001300, 3.650000000000000800 ) ) ;
#1392 = AXIS2_PLACEMENT_3D ( 'NONE', #6609, #4987, #2457 ) ;
#1393 = COLOUR_RGB ( '',1.000000000000000000, 1.000000000000000000, 1.000000000000000000 ) ;
#1394 = ORIENTED_EDGE ( 'NONE', *, *, #563, .F. ) ;
#1395 = EDGE_CURVE ( 'NONE', #154, #11026, #8840, .T. ) ;
#1396 = FILL_AREA_STYLE ('',( #1014 ) ) ;
#1397 = ORIENTED_EDGE ( 'NONE', *, *, #8876, .T. ) ;
#1398 = CYLINDRICAL_SURFACE ( 'NONE', #2665, 0.05000000000000012800 ) ;
#1399 = VECTOR ( 'NONE', #7060, 1000.000000000000000 ) ;
#1400 = DIRECTION ( 'NONE',  ( 1.426581805901979900E-016, -1.000000000000000000, -2.725027521453481900E-016 ) ) ;
#1401 = LINE ( 'NONE', #9655, #7350 ) ;
#1402 = VECTOR ( 'NONE', #4805, 1000.000000000000000 ) ;
#1403 = DIRECTION ( 'NONE',  ( 1.000000000000000000, 6.736636305648235200E-017, 1.927470528863119300E-016 ) ) ;
#1404 = UNCERTAINTY_MEASURE_WITH_UNIT (LENGTH_MEASURE( 1.000000000000000100E-005 ), #5662, 'distance_accuracy_value', 'NONE');
#1405 = SURFACE_STYLE_USAGE ( .BOTH. , #7351 ) ;
#1406 = ORIENTED_EDGE ( 'NONE', *, *, #6554, .F. ) ;
#1407 = PLANE ( 'NONE',  #7998 ) ;
#1408 = EDGE_CURVE ( 'NONE', #3426, #8763, #11212, .T. ) ;
#1409 = STYLED_ITEM ( 'NONE', ( #6256 ), #2115 ) ;
#1410 = EDGE_CURVE ( 'NONE', #10051, #5048, #4403, .T. ) ;
#1411 = AXIS2_PLACEMENT_3D ( 'NONE', #11013, #5673, #362 ) ;
#1412 = DIRECTION ( 'NONE',  ( 2.014244061477911900E-016, 3.348823158252935100E-015, -1.000000000000000000 ) ) ;
#1413 = CARTESIAN_POINT ( 'NONE',  ( -4.975000000000002300, -3.714999999999996700, -0.7500000000000124300 ) ) ;
#1414 = DIRECTION ( 'NONE',  ( 1.927470528863119000E-016, 1.426581805901979600E-016, -1.000000000000000000 ) ) ;
#1415 = SURFACE_STYLE_USAGE ( .BOTH. , #1456 ) ;
#1416 = VECTOR ( 'NONE', #6875, 1000.000000000000000 ) ;
#1417 = CARTESIAN_POINT ( 'NONE',  ( -5.100000000000003200, -3.390000000000000600, 1.124999999999999600 ) ) ;
#1418 = PRESENTATION_STYLE_ASSIGNMENT (( #1256 ) ) ;
#1419 = ORIENTED_EDGE ( 'NONE', *, *, #3281, .F. ) ;
#1420 = DIRECTION ( 'NONE',  ( -2.200962968769376600E-016, -3.348823158252935100E-015, 1.000000000000000000 ) ) ;
#1421 = VERTEX_POINT ( 'NONE', #2576 ) ;
#1422 = UNCERTAINTY_MEASURE_WITH_UNIT (LENGTH_MEASURE( 1.000000000000000100E-005 ), #7196, 'distance_accuracy_value', 'NONE');
#1423 = SHAPE_REPRESENTATION ( 'M1060-2R5YLC_提出用', ( #919, #11294 ), #331 ) ;
#1424 =( LENGTH_UNIT ( ) NAMED_UNIT ( * ) SI_UNIT ( .MILLI., .METRE. ) );
#1425 = ORIENTED_EDGE ( 'NONE', *, *, #7399, .T. ) ;
#1426 = PRESENTATION_LAYER_ASSIGNMENT (  '', '', ( #1590 ) ) ;
#1427 = PRESENTATION_STYLE_ASSIGNMENT (( #10372 ) ) ;
#1428 = PRESENTATION_STYLE_ASSIGNMENT (( #2012 ) ) ;
#1429 = COLOUR_RGB ( '',0.9098039215686274400, 0.4431372549019607600, 0.03137254901960784300 ) ;
#1430 = EDGE_CURVE ( 'NONE', #4306, #2135, #4146, .T. ) ;
#1431 = CARTESIAN_POINT ( 'NONE',  ( -5.211542179912423300, -3.876542179912417600, 0.9240739029081905800 ) ) ;
#1432 = ORIENTED_EDGE ( 'NONE', *, *, #10830, .F. ) ;
#1433 = CARTESIAN_POINT ( 'NONE',  ( -5.100000000000003200, -3.390000000000000100, 0.9249999999999999300 ) ) ;
#1434 = VERTEX_POINT ( 'NONE', #2141 ) ;
#1435 =( GEOMETRIC_REPRESENTATION_CONTEXT ( 3 ) GLOBAL_UNCERTAINTY_ASSIGNED_CONTEXT ( ( #10291 ) ) GLOBAL_UNIT_ASSIGNED_CONTEXT ( ( #10152, #4794, #11025 ) ) REPRESENTATION_CONTEXT ( 'NONE', 'WORKASPACE' ) );
#1436 = ADVANCED_FACE ( 'NONE', ( #6176 ), #2886, .T. ) ;
#1437 = CARTESIAN_POINT ( 'NONE',  ( -5.150000000000003000, -3.390000000000000600, 1.174999999999999400 ) ) ;
#1438 = PRESENTATION_LAYER_ASSIGNMENT (  '', '', ( #1409 ) ) ;
#1439 = CARTESIAN_POINT ( 'NONE',  ( 5.150000000000003000, -1.869999999999999900, -1.175000000000000300 ) ) ;
#1440 = ORIENTED_EDGE ( 'NONE', *, *, #4036, .F. ) ;
#1441 = COLOUR_RGB ( '',1.000000000000000000, 1.000000000000000000, 1.000000000000000000 ) ;
#1442 = SURFACE_STYLE_USAGE ( .BOTH. , #11247 ) ;
#1443 = VECTOR ( 'NONE', #6389, 1000.000000000000000 ) ;
#1444 =( LENGTH_UNIT ( ) NAMED_UNIT ( * ) SI_UNIT ( .MILLI., .METRE. ) );
#1445 =( NAMED_UNIT ( * ) PLANE_ANGLE_UNIT ( ) SI_UNIT ( $, .RADIAN. ) );
#1446 = PRESENTATION_LAYER_ASSIGNMENT (  '', '', ( #10602 ) ) ;
#1447 = DIRECTION ( 'NONE',  ( -7.553600721220266900E-017, -2.021034546310080300E-016, 1.000000000000000000 ) ) ;
#1448 = CARTESIAN_POINT ( 'NONE',  ( -5.170000000000002600, -4.015000000000000600, 1.124999999999999800 ) ) ;
#1449 = STYLED_ITEM ( 'NONE', ( #8141 ), #478 ) ;
#1450 = UNCERTAINTY_MEASURE_WITH_UNIT (LENGTH_MEASURE( 1.000000000000000100E-005 ), #6190, 'distance_accuracy_value', 'NONE');
#1451 = EDGE_CURVE ( 'NONE', #3153, #5067, #5350, .T. ) ;
#1452 = CARTESIAN_POINT ( 'NONE',  ( 4.750000000000001800, 0.0000000000000000000, 1.799999999999999800 ) ) ;
#1453 = PLANE ( 'NONE',  #7947 ) ;
#1454 = ORIENTED_EDGE ( 'NONE', *, *, #4369, .F. ) ;
#1455 = DIRECTION ( 'NONE',  ( -0.0000000000000000000, 1.000000000000000000, -0.0000000000000000000 ) ) ;
#1456 = SURFACE_SIDE_STYLE ('',( #5683 ) ) ;
#1457 = CARTESIAN_POINT ( 'NONE',  ( -4.725000000000002300, -3.765000000000000600, 1.174999999999999800 ) ) ;
#1458 = ORIENTED_EDGE ( 'NONE', *, *, #4314, .F. ) ;
#1459 = SURFACE_STYLE_USAGE ( .BOTH. , #6750 ) ;
#1460 =( LENGTH_UNIT ( ) NAMED_UNIT ( * ) SI_UNIT ( .MILLI., .METRE. ) );
#1461 = STYLED_ITEM ( 'NONE', ( #297 ), #6819 ) ;
#1462 =( GEOMETRIC_REPRESENTATION_CONTEXT ( 3 ) GLOBAL_UNCERTAINTY_ASSIGNED_CONTEXT ( ( #2687 ) ) GLOBAL_UNIT_ASSIGNED_CONTEXT ( ( #3368, #9564, #4237 ) ) REPRESENTATION_CONTEXT ( 'NONE', 'WORKASPACE' ) );
#1463 = EDGE_LOOP ( 'NONE', ( #10456, #9413, #6308, #3007, #5209, #2692, #3905, #10662 ) ) ;
#1464 = FILL_AREA_STYLE_COLOUR ( '', #5688 ) ;
#1465 = LINE ( 'NONE', #1021, #5886 ) ;
#1466 = EDGE_CURVE ( 'NONE', #3509, #3309, #1789, .T. ) ;
#1467 = CARTESIAN_POINT ( 'NONE',  ( -5.160440761534692600, -3.919407615346898400, 0.9465649028722782400 ) ) ;
#1468 = SURFACE_STYLE_FILL_AREA ( #8767 ) ;
#1469 =( LENGTH_UNIT ( ) NAMED_UNIT ( * ) SI_UNIT ( .MILLI., .METRE. ) );
#1470 = DIRECTION ( 'NONE',  ( 2.209081482755457800E-016, 1.426581805901979600E-016, -1.000000000000000000 ) ) ;
#1471 = VECTOR ( 'NONE', #1886, 1000.000000000000000 ) ;
#1472 = VECTOR ( 'NONE', #8635, 1000.000000000000000 ) ;
#1473 = CYLINDRICAL_SURFACE ( 'NONE', #537, 0.1799999999999996000 ) ;
#1474 =( NAMED_UNIT ( * ) PLANE_ANGLE_UNIT ( ) SI_UNIT ( $, .RADIAN. ) );
#1475 = DIRECTION ( 'NONE',  ( 1.000000000000000000, 1.426581805901979400E-016, 2.209081482755458100E-016 ) ) ;
#1476 = ORIENTED_EDGE ( 'NONE', *, *, #3213, .F. ) ;
#1478 = SURFACE_STYLE_FILL_AREA ( #10498 ) ;
#1477 = UNCERTAINTY_MEASURE_WITH_UNIT (LENGTH_MEASURE( 1.000000000000000100E-005 ), #2544, 'distance_accuracy_value', 'NONE');
#1479 = DIRECTION ( 'NONE',  ( -2.014244061477907700E-016, -2.140309255009110000E-017, 1.000000000000000000 ) ) ;
#1480 = FILL_AREA_STYLE_COLOUR ( '', #3571 ) ;
#1481 = LINE ( 'NONE', #5771, #1772 ) ;
#1482 = VERTEX_POINT ( 'NONE', #2319 ) ;
#1483 = SURFACE_SIDE_STYLE ('',( #2582 ) ) ;
#1484 = LINE ( 'NONE', #2097, #8258 ) ;
#1485 = EDGE_CURVE ( 'NONE', #6097, #5552, #7443, .T. ) ;
#1486 = DIRECTION ( 'NONE',  ( -1.426581805901979600E-016, 1.000000000000000000, 1.426581805901979400E-016 ) ) ;
#1487 = COLOUR_RGB ( '',0.5019607843137254800, 0.5019607843137254800, 0.5019607843137254800 ) ;
#1488 = AXIS2_PLACEMENT_3D ( 'NONE', #11283, #2622, #7878 ) ;
#1489 = DIRECTION ( 'NONE',  ( 1.426581805901980100E-016, -1.000000000000000000, -3.448404038975182000E-016 ) ) ;
#1490 = CIRCLE ( 'NONE', #8110, 0.03000000000000007900 ) ;
#1491 = DIRECTION ( 'NONE',  ( -1.000000000000000000, -1.505836350674314900E-016, -2.209081482755463300E-016 ) ) ;
#1492 = ORIENTED_EDGE ( 'NONE', *, *, #6465, .T. ) ;
#1493 = DIRECTION ( 'NONE',  ( 0.0000000000000000000, -3.401418580346682800E-016, 1.000000000000000000 ) ) ;
#1494 = UNCERTAINTY_MEASURE_WITH_UNIT (LENGTH_MEASURE( 1.000000000000000100E-005 ), #5565, 'distance_accuracy_value', 'NONE');
#1495 = CARTESIAN_POINT ( 'NONE',  ( -4.025000000000000400, -0.1249999999999994000, -0.7500000000000005600 ) ) ;
#1496 = ADVANCED_FACE ( 'NONE', ( #9836 ), #1829, .F. ) ;
#1497 = ORIENTED_EDGE ( 'NONE', *, *, #9431, .F. ) ;
#1498 = CARTESIAN_POINT ( 'NONE',  ( -4.975000000000003200, -3.540000000000001400, 0.7499999999999882300 ) ) ;
#1499 = FILL_AREA_STYLE ('',( #1712 ) ) ;
#1500 = PRESENTATION_STYLE_ASSIGNMENT (( #2656 ) ) ;
#1501 = SURFACE_STYLE_USAGE ( .BOTH. , #4158 ) ;
#1502 = LINE ( 'NONE', #11502, #5916 ) ;
#1503 = ORIENTED_EDGE ( 'NONE', *, *, #1756, .T. ) ;
#1504 = SURFACE_STYLE_USAGE ( .BOTH. , #6785 ) ;
#1505 = EDGE_CURVE ( 'NONE', #3153, #4838, #6599, .T. ) ;
#1506 = DIRECTION ( 'NONE',  ( -1.000000000000000000, 0.0000000000000000000, 0.0000000000000000000 ) ) ;
#1507 = LINE ( 'NONE', #3762, #3585 ) ;
#1508 = AXIS2_PLACEMENT_3D ( 'NONE', #8565, #3296, #9498 ) ;
#1509 = ORIENTED_EDGE ( 'NONE', *, *, #2241, .T. ) ;
#1510 =( GEOMETRIC_REPRESENTATION_CONTEXT ( 3 ) GLOBAL_UNCERTAINTY_ASSIGNED_CONTEXT ( ( #6731 ) ) GLOBAL_UNIT_ASSIGNED_CONTEXT ( ( #3171, #5713, #7798 ) ) REPRESENTATION_CONTEXT ( 'NONE', 'WORKASPACE' ) );
#1511 = VECTOR ( 'NONE', #10520, 1000.000000000000000 ) ;
#1512 = CARTESIAN_POINT ( 'NONE',  ( -2.950000000000002800, -3.365000000000000700, 1.800000000000000500 ) ) ;
#1513 = DIRECTION ( 'NONE',  ( 2.209081482755457800E-016, 1.426581805901979600E-016, -1.000000000000000000 ) ) ;
#1514 = VECTOR ( 'NONE', #5902, 1000.000000000000000 ) ;
#1515 = CARTESIAN_POINT ( 'NONE',  ( -5.202499219377003200, -3.820249921937698600, 0.9250000000000006000 ) ) ;
#1516 = DIRECTION ( 'NONE',  ( 0.0000000000000000000, 0.0000000000000000000, -1.000000000000000000 ) ) ;
#1517 = DIRECTION ( 'NONE',  ( 7.553600721220374100E-017, 3.348823158252935500E-015, -1.000000000000000000 ) ) ;
#1518 = CARTESIAN_POINT ( 'NONE',  ( 4.390000000000003200, -4.016000000000000900, 3.100000000000001000 ) ) ;
#1519 = SURFACE_STYLE_USAGE ( .BOTH. , #1248 ) ;
#1520 = COLOUR_RGB ( '',0.9098039215686274400, 0.4431372549019607600, 0.03137254901960784300 ) ;
#1521 = ORIENTED_EDGE ( 'NONE', *, *, #10413, .T. ) ;
#1522 = CARTESIAN_POINT ( 'NONE',  ( 4.975000000000003200, -3.539999999999998700, 0.7500000000000018900 ) ) ;
#1523 = DIRECTION ( 'NONE',  ( -1.000000000000000000, 3.634139519433330100E-015, -7.553600721219157500E-017 ) ) ;
#1524 = UNCERTAINTY_MEASURE_WITH_UNIT (LENGTH_MEASURE( 1.000000000000000100E-005 ), #7167, 'distance_accuracy_value', 'NONE');
#1525 = EDGE_CURVE ( 'NONE', #1356, #8750, #1935, .T. ) ;
#1526 = CARTESIAN_POINT ( 'NONE',  ( 5.050000000000002500, -3.390000000000000100, -0.9250000000000004900 ) ) ;
#1527 = AXIS2_PLACEMENT_3D ( 'NONE', #9913, #6673, #3025 ) ;
#1528 = CIRCLE ( 'NONE', #5069, 0.05000000000000002400 ) ;
#1529 = CARTESIAN_POINT ( 'NONE',  ( -3.350000000000003200, -3.814999999999999900, -3.850000000000001000 ) ) ;
#1530 = DIRECTION ( 'NONE',  ( -1.927470528863118800E-016, -3.448404038975182500E-016, 1.000000000000000000 ) ) ;
#1531 = LINE ( 'NONE', #5909, #6202 ) ;
#1532 = SURFACE_SIDE_STYLE ('',( #6119 ) ) ;
#1533 = CARTESIAN_POINT ( 'NONE',  ( -5.150000000000002100, -3.815000000000000400, -0.9250000000000002700 ) ) ;
#1534 = ORIENTED_EDGE ( 'NONE', *, *, #9206, .F. ) ;
#1535 = FILL_AREA_STYLE_COLOUR ( '', #8667 ) ;
#1536 = LINE ( 'NONE', #1761, #10973 ) ;
#1537 = CARTESIAN_POINT ( 'NONE',  ( 4.350000000000005000, -3.515000000000000600, 0.9249999999999994900 ) ) ;
#1538 = COLOUR_RGB ( '',1.000000000000000000, 1.000000000000000000, 1.000000000000000000 ) ;
#1539 = ORIENTED_EDGE ( 'NONE', *, *, #3473, .T. ) ;
#1540 = STYLED_ITEM ( 'NONE', ( #5122 ), #5014 ) ;
#1541 =( GEOMETRIC_REPRESENTATION_CONTEXT ( 3 ) GLOBAL_UNCERTAINTY_ASSIGNED_CONTEXT ( ( #4674 ) ) GLOBAL_UNIT_ASSIGNED_CONTEXT ( ( #9496, #9457, #9422 ) ) REPRESENTATION_CONTEXT ( 'NONE', 'WORKASPACE' ) );
#1542 = CARTESIAN_POINT ( 'NONE',  ( -5.350000000000002300, -0.2000000000000013700, 2.350000000000001000 ) ) ;
#1543 = CARTESIAN_POINT ( 'NONE',  ( -5.170000000000000800, -0.1800000000000001900, -3.850000000000000100 ) ) ;
#1544 = EDGE_CURVE ( 'NONE', #10631, #10595, #11074, .T. ) ;
#1545 = EDGE_CURVE ( 'NONE', #8821, #704, #6311, .T. ) ;
#1546 = CARTESIAN_POINT ( 'NONE',  ( 5.165992822668255400, -3.974928226682514800, -1.002085514207897000 ) ) ;
#1547 = DIRECTION ( 'NONE',  ( 0.0000000000000000000, 3.401418580346682800E-016, -1.000000000000000000 ) ) ;
#1548 = ORIENTED_EDGE ( 'NONE', *, *, #4148, .T. ) ;
#1549 = CIRCLE ( 'NONE', #1751, 0.1250000000000001100 ) ;
#1550 = PRESENTATION_STYLE_ASSIGNMENT (( #10136 ) ) ;
#1551 = CIRCLE ( 'NONE', #3882, 0.1250000000000000000 ) ;
#1552 = VECTOR ( 'NONE', #7599, 1000.000000000000000 ) ;
#1553 = ORIENTED_EDGE ( 'NONE', *, *, #9986, .T. ) ;
#1554 = DIRECTION ( 'NONE',  ( 1.927470528863119000E-016, 1.426581805901979400E-016, -1.000000000000000000 ) ) ;
#1555 = CARTESIAN_POINT ( 'NONE',  ( -5.150000000000002100, -0.4249999999999959900, -0.7500000000000015500 ) ) ;
#1556 = DIRECTION ( 'NONE',  ( 0.0000000000000000000, 0.0000000000000000000, -1.000000000000000000 ) ) ;
#1557 = ADVANCED_FACE ( 'NONE', ( #8403 ), #1453, .F. ) ;
#1558 = PRODUCT_DEFINITION ( 'UNKNOWN', '', #4512, #10955 ) ;
#1559 = EDGE_LOOP ( 'NONE', ( #6332, #3942, #9910, #10608 ) ) ;
#1560 = FACE_OUTER_BOUND ( 'NONE', #6925, .T. ) ;
#1561 =( LENGTH_UNIT ( ) NAMED_UNIT ( * ) SI_UNIT ( .MILLI., .METRE. ) );
#1562 = LINE ( 'NONE', #639, #10712 ) ;
#1563 = EDGE_CURVE ( 'NONE', #5149, #5127, #7579, .T. ) ;
#1564 = PRESENTATION_STYLE_ASSIGNMENT (( #3965 ) ) ;
#1565 = LINE ( 'NONE', #4633, #8332 ) ;
#1566 = ORIENTED_EDGE ( 'NONE', *, *, #1679, .T. ) ;
#1567 = ORIENTED_EDGE ( 'NONE', *, *, #5655, .T. ) ;
#1568 = SURFACE_STYLE_USAGE ( .BOTH. , #1483 ) ;
#1569 = EDGE_LOOP ( 'NONE', ( #4992, #7693, #7598, #3370, #1094, #7645, #978, #4038, #1492, #6936, #10064, #5425, #202, #1717 ) ) ;
#1570 = DIRECTION ( 'NONE',  ( -3.526005099788157400E-016, 1.000000000000000000, 5.814184788688304800E-032 ) ) ;
#1571 = CARTESIAN_POINT ( 'NONE',  ( 3.350000000000005000, -3.815000000000000400, 0.9249999999999992700 ) ) ;
#1572 = FILL_AREA_STYLE_COLOUR ( '', #11297 ) ;
#1573 = CARTESIAN_POINT ( 'NONE',  ( 5.150000000000003900, -3.785000000000000600, 0.9249999999999996000 ) ) ;
#1574 = VERTEX_POINT ( 'NONE', #10724 ) ;
#1575 = CARTESIAN_POINT ( 'NONE',  ( 5.100000000000003200, -1.870000000000001000, 1.175000000000000000 ) ) ;
#1576 = ORIENTED_EDGE ( 'NONE', *, *, #2079, .F. ) ;
#1577 = CARTESIAN_POINT ( 'NONE',  ( 2.950000000000002800, -3.665000000000000900, -2.625000000000000000 ) ) ;
#1578 = EDGE_CURVE ( 'NONE', #7739, #10635, #768, .T. ) ;
#1579 = EDGE_CURVE ( 'NONE', #9266, #804, #9974, .T. ) ;
#1580 = MECHANICAL_DESIGN_GEOMETRIC_PRESENTATION_REPRESENTATION (  '', ( #11307 ), #2202 ) ;
#1581 = ORIENTED_EDGE ( 'NONE', *, *, #4356, .F. ) ;
#1582 = PLANE ( 'NONE',  #828 ) ;
#1583 = DIRECTION ( 'NONE',  ( 0.0000000000000000000, 1.000000000000000000, 0.0000000000000000000 ) ) ;
#1584 = COLOUR_RGB ( '',1.000000000000000000, 1.000000000000000000, 1.000000000000000000 ) ;
#1585 = CARTESIAN_POINT ( 'NONE',  ( 5.350000000000003200, -4.015000000000000600, -1.125000000000001100 ) ) ;
#1586 = CARTESIAN_POINT ( 'NONE',  ( -5.350000000000001400, -4.014999999999999700, -3.850000000000000500 ) ) ;
#1587 = VERTEX_POINT ( 'NONE', #5379 ) ;
#1588 = VERTEX_POINT ( 'NONE', #3595 ) ;
#1589 = PRODUCT ( 'M1060-2R5YLC', 'M1060-2R5YLC', '', ( #785 ) ) ;
#1590 = STYLED_ITEM ( 'NONE', ( #3364 ), #3312 ) ;
#1591 = EDGE_LOOP ( 'NONE', ( #364, #5488, #3275, #10487 ) ) ;
#1592 = DIRECTION ( 'NONE',  ( 0.0000000000000000000, -1.000000000000000000, 0.0000000000000000000 ) ) ;
#1593 = VECTOR ( 'NONE', #75, 1000.000000000000000 ) ;
#1594 = DIRECTION ( 'NONE',  ( 1.927470528863119000E-016, 1.426581805901979600E-016, -1.000000000000000000 ) ) ;
#1595 = FILL_AREA_STYLE_COLOUR ( '', #3084 ) ;
#1596 =( GEOMETRIC_REPRESENTATION_CONTEXT ( 3 ) GLOBAL_UNCERTAINTY_ASSIGNED_CONTEXT ( ( #7106 ) ) GLOBAL_UNIT_ASSIGNED_CONTEXT ( ( #7848, #2590, #8744 ) ) REPRESENTATION_CONTEXT ( 'NONE', 'WORKASPACE' ) );
#1597 = ORIENTED_EDGE ( 'NONE', *, *, #6273, .T. ) ;
#1598 = PRESENTATION_LAYER_ASSIGNMENT (  '', '', ( #2660 ) ) ;
#1599 = FILL_AREA_STYLE ('',( #10443 ) ) ;
#1600 = CARTESIAN_POINT ( 'NONE',  ( -2.950000000000002800, -3.665000000000000900, 3.899999999999999900 ) ) ;
#1601 = ORIENTED_EDGE ( 'NONE', *, *, #9769, .T. ) ;
#1602 = UNCERTAINTY_MEASURE_WITH_UNIT (LENGTH_MEASURE( 1.000000000000000100E-005 ), #10805, 'distance_accuracy_value', 'NONE');
#1603 = PRESENTATION_STYLE_ASSIGNMENT (( #8119 ) ) ;
#1604 = SURFACE_STYLE_USAGE ( .BOTH. , #5375 ) ;
#1605 =( GEOMETRIC_REPRESENTATION_CONTEXT ( 3 ) GLOBAL_UNCERTAINTY_ASSIGNED_CONTEXT ( ( #9737 ) ) GLOBAL_UNIT_ASSIGNED_CONTEXT ( ( #720, #676, #566 ) ) REPRESENTATION_CONTEXT ( 'NONE', 'WORKASPACE' ) );
#1606 = CARTESIAN_POINT ( 'NONE',  ( 4.390000000000005000, -4.016000000000000000, -3.100000000000001400 ) ) ;
#1607 = ORIENTED_EDGE ( 'NONE', *, *, #2054, .F. ) ;
#1608 = CARTESIAN_POINT ( 'NONE',  ( 3.350000000000003600, -1.870000000000001000, -3.650000000000001200 ) ) ;
#1610 = AXIS2_PLACEMENT_3D ( 'NONE', #2460, #2386, #2347 ) ;
#1609 = PRESENTATION_LAYER_ASSIGNMENT (  '', '', ( #970 ) ) ;
#1611 = CARTESIAN_POINT ( 'NONE',  ( 4.975000000000003200, -3.539999999999998700, -0.7499999999999982200 ) ) ;
#1612 = EDGE_CURVE ( 'NONE', #5048, #4739, #9685, .T. ) ;
#1613 = CYLINDRICAL_SURFACE ( 'NONE', #8172, 0.2999999999999999300 ) ;
#1614 = ORIENTED_EDGE ( 'NONE', *, *, #8895, .T. ) ;
#1615 = EDGE_CURVE ( 'NONE', #3286, #4851, #5205, .T. ) ;
#1616 = CARTESIAN_POINT ( 'NONE',  ( -5.050000000000001600, -1.870000000000000600, 1.125000000000000000 ) ) ;
#1617 = CARTESIAN_POINT ( 'NONE',  ( -5.250000000000002700, 1.985000000000000300, -5.000000000000000000 ) ) ;
#1618 = ADVANCED_FACE ( 'NONE', ( #9421 ), #6167, .F. ) ;
#1619 = LINE ( 'NONE', #6105, #10770 ) ;
#1620 = COLOUR_RGB ( '',1.000000000000000000, 1.000000000000000000, 1.000000000000000000 ) ;
#1621 = CARTESIAN_POINT ( 'NONE',  ( 5.150000000000003000, -0.2000000000000002300, -0.9249999999999999300 ) ) ;
#1622 = VERTEX_POINT ( 'NONE', #8599 ) ;
#1623 = FILL_AREA_STYLE ('',( #11391 ) ) ;
#1624 = DIRECTION ( 'NONE',  ( 2.602085213965211100E-016, 0.0000000000000000000, 1.000000000000000000 ) ) ;
#1625 = SURFACE_STYLE_FILL_AREA ( #11109 ) ;
#1626 = ORIENTED_EDGE ( 'NONE', *, *, #1646, .T. ) ;
#1627 = CARTESIAN_POINT ( 'NONE',  ( 5.350000000000005000, -0.2000000000000009000, 2.300000000000000700 ) ) ;
#1628 =( GEOMETRIC_REPRESENTATION_CONTEXT ( 3 ) GLOBAL_UNCERTAINTY_ASSIGNED_CONTEXT ( ( #1404 ) ) GLOBAL_UNIT_ASSIGNED_CONTEXT ( ( #5662, #5589, #5544 ) ) REPRESENTATION_CONTEXT ( 'NONE', 'WORKASPACE' ) );
#1629 = LINE ( 'NONE', #7607, #3707 ) ;
#1630 = AXIS2_PLACEMENT_3D ( 'NONE', #7849, #9640, #7215 ) ;
#1631 = CARTESIAN_POINT ( 'NONE',  ( -5.150000000000002100, -0.2300000000000015400, 3.850000000000000500 ) ) ;
#1632 = ORIENTED_EDGE ( 'NONE', *, *, #4654, .F. ) ;
#1633 = DIRECTION ( 'NONE',  ( 2.409338161078898200E-017, -1.426581805901979900E-016, 1.000000000000000000 ) ) ;
#1634 =( NAMED_UNIT ( * ) PLANE_ANGLE_UNIT ( ) SI_UNIT ( $, .RADIAN. ) );
#1635 =( LENGTH_UNIT ( ) NAMED_UNIT ( * ) SI_UNIT ( .MILLI., .METRE. ) );
#1636 = VERTEX_POINT ( 'NONE', #20 ) ;
#1637 = ORIENTED_EDGE ( 'NONE', *, *, #9080, .T. ) ;
#1638 = DIRECTION ( 'NONE',  ( 0.0000000000000000000, 0.0000000000000000000, 1.000000000000000000 ) ) ;
#1639 = COLOUR_RGB ( '',1.000000000000000000, 1.000000000000000000, 1.000000000000000000 ) ;
#1640 = COLOUR_RGB ( '',0.5019607843137254800, 0.5019607843137254800, 0.5019607843137254800 ) ;
#1641 = DIRECTION ( 'NONE',  ( 3.770802719384151000E-016, -1.000000000000000000, -1.426581805901979400E-016 ) ) ;
#1642 = CARTESIAN_POINT ( 'NONE',  ( -5.250000000000000900, -3.865000000000000200, -4.200000000000000200 ) ) ;
#1643 = ORIENTED_EDGE ( 'NONE', *, *, #2420, .F. ) ;
#1644 = UNCERTAINTY_MEASURE_WITH_UNIT (LENGTH_MEASURE( 1.000000000000000100E-005 ), #218, 'distance_accuracy_value', 'NONE');
#1645 = CARTESIAN_POINT ( 'NONE',  ( 5.250000000000002700, -3.865000000000000200, -3.899999999999999900 ) ) ;
#1646 = EDGE_CURVE ( 'NONE', #7564, #290, #4132, .T. ) ;
#1647 = ORIENTED_EDGE ( 'NONE', *, *, #10709, .T. ) ;
#1648 = CARTESIAN_POINT ( 'NONE',  ( 3.350000000000002300, -4.015000000000001500, 3.849999999999999600 ) ) ;
#1649 = STYLED_ITEM ( 'NONE', ( #3754 ), #8057 ) ;
#1650 = DIRECTION ( 'NONE',  ( 7.553600721220374100E-017, 3.348823158252935500E-015, -1.000000000000000000 ) ) ;
#1651 = VECTOR ( 'NONE', #7595, 1000.000000000000000 ) ;
#1652 = CARTESIAN_POINT ( 'NONE',  ( -5.250000000000000900, 0.0000000000000000000, -5.000000000000000000 ) ) ;
#1653 = CARTESIAN_POINT ( 'NONE',  ( 3.790000000000003100, -1.065656609008778800E-015, 2.350000000000000500 ) ) ;
#1654 = CARTESIAN_POINT ( 'NONE',  ( -3.355000000000002600, -3.714999999999996700, 0.7499999999999879000 ) ) ;
#1655 = CIRCLE ( 'NONE', #336, 0.03000000000000007900 ) ;
#1656 = FILL_AREA_STYLE_COLOUR ( '', #4959 ) ;
#1657 =( NAMED_UNIT ( * ) PLANE_ANGLE_UNIT ( ) SI_UNIT ( $, .RADIAN. ) );
#1658 = EDGE_LOOP ( 'NONE', ( #6496, #5294, #5034, #137, #10256, #3465, #3958, #7022, #1924, #4731, #5323, #9191, #2921, #6652, #766, #1022 ) ) ;
#1659 = SURFACE_STYLE_USAGE ( .BOTH. , #6937 ) ;
#1660 = EDGE_CURVE ( 'NONE', #2980, #7619, #1776, .T. ) ;
#1661 = DIRECTION ( 'NONE',  ( -1.000000000000000000, -3.348823158252936600E-015, -2.014244061478019600E-016 ) ) ;
#1662 = PRESENTATION_LAYER_ASSIGNMENT (  '', '', ( #1030 ) ) ;
#1663 = VERTEX_POINT ( 'NONE', #5180 ) ;
#1664 = MECHANICAL_DESIGN_GEOMETRIC_PRESENTATION_REPRESENTATION (  '', ( #2220 ), #1510 ) ;
#1665 = SHAPE_REPRESENTATION_RELATIONSHIP ( 'NONE' , 'NONE' ,  #10864, #8105 ) ;
#1666 = SURFACE_SIDE_STYLE ('',( #8185 ) ) ;
#1667 = CARTESIAN_POINT ( 'NONE',  ( -5.178314331236007800, -3.843314331235967000, 0.9249985170463178600 ) ) ;
#1668 = ORIENTED_EDGE ( 'NONE', *, *, #4002, .F. ) ;
#1669 = CARTESIAN_POINT ( 'NONE',  ( -5.350000000000002300, -0.2000000000000013700, 2.350000000000001000 ) ) ;
#1670 = CARTESIAN_POINT ( 'NONE',  ( 0.0000000000000000000, 0.0000000000000000000, 0.0000000000000000000 ) ) ;
#1671 = UNCERTAINTY_MEASURE_WITH_UNIT (LENGTH_MEASURE( 1.000000000000000100E-005 ), #3354, 'distance_accuracy_value', 'NONE');
#1672 = ADVANCED_FACE ( 'NONE', ( #10927 ), #358, .F. ) ;
#1673 = SURFACE_STYLE_USAGE ( .BOTH. , #6954 ) ;
#1674 = DIRECTION ( 'NONE',  ( -1.000000000000000000, 1.426581805901979900E-016, -1.927470528863118800E-016 ) ) ;
#1675 = LINE ( 'NONE', #7966, #10828 ) ;
#1676 = CARTESIAN_POINT ( 'NONE',  ( -4.390000000000003200, -1.303895770594409400E-015, 3.100000000000001000 ) ) ;
#1677 = DIRECTION ( 'NONE',  ( 0.0000000000000000000, -1.000000000000000000, 0.0000000000000000000 ) ) ;
#1678 = ORIENTED_EDGE ( 'NONE', *, *, #10986, .T. ) ;
#1679 = EDGE_CURVE ( 'NONE', #5552, #6693, #630, .T. ) ;
#1680 = EDGE_CURVE ( 'NONE', #1103, #526, #9820, .T. ) ;
#1681 = FILL_AREA_STYLE_COLOUR ( '', #3621 ) ;
#1682 = LINE ( 'NONE', #4032, #10019 ) ;
#1683 = VECTOR ( 'NONE', #6367, 1000.000000000000000 ) ;
#1684 = DIRECTION ( 'NONE',  ( 0.0000000000000000000, 0.0000000000000000000, 1.000000000000000000 ) ) ;
#1685 = VECTOR ( 'NONE', #8935, 1000.000000000000000 ) ;
#1686 = LINE ( 'NONE', #1529, #10840 ) ;
#1687 = ORIENTED_EDGE ( 'NONE', *, *, #9872, .T. ) ;
#1688 =( NAMED_UNIT ( * ) PLANE_ANGLE_UNIT ( ) SI_UNIT ( $, .RADIAN. ) );
#1689 = CARTESIAN_POINT ( 'NONE',  ( -5.270281719800236100, -3.935281719800236600, -0.9508589309545191200 ) ) ;
#1690 = DIRECTION ( 'NONE',  ( 1.000000000000000000, 3.634139519433330900E-015, 7.553600721220340800E-017 ) ) ;
#1691 = CARTESIAN_POINT ( 'NONE',  ( -5.126739893770036400, -0.2005759548479146600, 2.350008891180190400 ) ) ;
#1692 = ORIENTED_EDGE ( 'NONE', *, *, #2567, .F. ) ;
#1693 =( GEOMETRIC_REPRESENTATION_CONTEXT ( 3 ) GLOBAL_UNCERTAINTY_ASSIGNED_CONTEXT ( ( #1027 ) ) GLOBAL_UNIT_ASSIGNED_CONTEXT ( ( #6408, #7038, #8674 ) ) REPRESENTATION_CONTEXT ( 'NONE', 'WORKASPACE' ) );
#1694 =( GEOMETRIC_REPRESENTATION_CONTEXT ( 3 ) GLOBAL_UNCERTAINTY_ASSIGNED_CONTEXT ( ( #9928 ) ) GLOBAL_UNIT_ASSIGNED_CONTEXT ( ( #7563, #2301, #8434 ) ) REPRESENTATION_CONTEXT ( 'NONE', 'WORKASPACE' ) );
#1695 = CARTESIAN_POINT ( 'NONE',  ( 5.350000000000003200, -3.894568330112402900E-016, -2.350000000000001000 ) ) ;
#1696 = DIRECTION ( 'NONE',  ( -1.000000000000000000, 1.426581805901979900E-016, -1.927470528863118800E-016 ) ) ;
#1697 = VECTOR ( 'NONE', #671, 1000.000000000000000 ) ;
#1698 = STYLED_ITEM ( 'NONE', ( #4117 ), #367 ) ;
#1699 = LINE ( 'NONE', #11031, #1402 ) ;
#1700 = DIRECTION ( 'NONE',  ( 0.0000000000000000000, 0.0000000000000000000, -1.000000000000000000 ) ) ;
#1701 = ORIENTED_EDGE ( 'NONE', *, *, #6439, .T. ) ;
#1702 = EDGE_CURVE ( 'NONE', #5564, #7971, #3046, .T. ) ;
#1703 = CARTESIAN_POINT ( 'NONE',  ( 4.975000000000002300, -0.4249999999999984300, 0.2766384493639882900 ) ) ;
#1704 = CARTESIAN_POINT ( 'NONE',  ( 4.025000000000000400, -1.626303258728256700E-015, -0.7499999999999980000 ) ) ;
#1705 = ORIENTED_EDGE ( 'NONE', *, *, #1151, .F. ) ;
#1706 = FILL_AREA_STYLE ('',( #6986 ) ) ;
#1707 = VERTEX_POINT ( 'NONE', #311 ) ;
#1708 = DIRECTION ( 'NONE',  ( 0.0000000000000000000, 1.000000000000000000, 2.853163611803958800E-016 ) ) ;
#1709 = AXIS2_PLACEMENT_3D ( 'NONE', #4482, #4345, #4305 ) ;
#1710 = SURFACE_STYLE_USAGE ( .BOTH. , #1666 ) ;
#1711 = SURFACE_STYLE_FILL_AREA ( #9391 ) ;
#1712 = FILL_AREA_STYLE_COLOUR ( '', #8036 ) ;
#1713 = APPLICATION_PROTOCOL_DEFINITION ( 'draft international standard', 'automotive_design', 1998, #6992 ) ;
#1714 = VERTEX_POINT ( 'NONE', #868 ) ;
#1715 = ORIENTED_EDGE ( 'NONE', *, *, #7978, .F. ) ;
#1716 = DIRECTION ( 'NONE',  ( 1.426581805901979600E-016, 1.000000000000000000, 1.426581805901979900E-016 ) ) ;
#1717 = ORIENTED_EDGE ( 'NONE', *, *, #3681, .T. ) ;
#1718 = MECHANICAL_DESIGN_GEOMETRIC_PRESENTATION_REPRESENTATION (  '', ( #5052 ), #995 ) ;
#1719 = CYLINDRICAL_SURFACE ( 'NONE', #3066, 0.2999999999999999300 ) ;
#1720 = VECTOR ( 'NONE', #2253, 1000.000000000000000 ) ;
#1721 = FACE_OUTER_BOUND ( 'NONE', #6351, .T. ) ;
#1722 = ORIENTED_EDGE ( 'NONE', *, *, #7263, .T. ) ;
#1723 = ORIENTED_EDGE ( 'NONE', *, *, #8366, .F. ) ;
#1724 = ORIENTED_EDGE ( 'NONE', *, *, #1102, .T. ) ;
#1725 = SURFACE_STYLE_USAGE ( .BOTH. , #7002 ) ;
#1726 = DIRECTION ( 'NONE',  ( -6.736636305648237600E-017, 1.000000000000000000, 1.426581805901979400E-016 ) ) ;
#1727 = ORIENTED_EDGE ( 'NONE', *, *, #1739, .F. ) ;
#1728 = DIRECTION ( 'NONE',  ( -1.000000000000000000, 4.755272686339936200E-017, 2.409338161078900700E-017 ) ) ;
#1729 = FACE_OUTER_BOUND ( 'NONE', #8795, .T. ) ;
#1730 = DIRECTION ( 'NONE',  ( 1.000000000000000000, 0.0000000000000000000, 1.084202172485506400E-015 ) ) ;
#1731 = SURFACE_STYLE_FILL_AREA ( #9314 ) ;
#1732 =( LENGTH_UNIT ( ) NAMED_UNIT ( * ) SI_UNIT ( .MILLI., .METRE. ) );
#1733 = VECTOR ( 'NONE', #3913, 1000.000000000000000 ) ;
#1734 = CARTESIAN_POINT ( 'NONE',  ( -3.790000000000003100, -1.065656609008779000E-015, 2.350000000000001400 ) ) ;
#1735 = DIRECTION ( 'NONE',  ( 2.409338161078900700E-017, -4.302164800072544200E-032, 1.000000000000000000 ) ) ;
#1736 = VECTOR ( 'NONE', #9024, 1000.000000000000000 ) ;
#1737 = ADVANCED_FACE ( 'NONE', ( #7430 ), #6300, .T. ) ;
#1738 = EDGE_CURVE ( 'NONE', #3039, #1587, #4256, .T. ) ;
#1739 = EDGE_CURVE ( 'NONE', #272, #7121, #8672, .T. ) ;
#1740 = ORIENTED_EDGE ( 'NONE', *, *, #3375, .T. ) ;
#1741 = STYLED_ITEM ( 'NONE', ( #8829 ), #8681 ) ;
#1742 = DIRECTION ( 'NONE',  ( 2.209081482755457800E-016, 1.426581805901979600E-016, -1.000000000000000000 ) ) ;
#1743 = CARTESIAN_POINT ( 'NONE',  ( 5.275000000000003000, -3.539999999999998700, 0.7500000000000021100 ) ) ;
#1744 = DIRECTION ( 'NONE',  ( -3.770802719384151000E-016, -1.000000000000000000, -1.426581805901979900E-016 ) ) ;
#1745 = PRESENTATION_LAYER_ASSIGNMENT (  '', '', ( #2220 ) ) ;
#1746 = FILL_AREA_STYLE_COLOUR ( '', #6767 ) ;
#1747 = DIRECTION ( 'NONE',  ( 1.000000000000000000, 3.717264591378876000E-015, 0.0000000000000000000 ) ) ;
#1748 = CARTESIAN_POINT ( 'NONE',  ( -4.725000000000001400, -3.390000000000000100, -0.9250000000000006000 ) ) ;
#1749 = CIRCLE ( 'NONE', #1929, 0.1999999999999996500 ) ;
#1750 = CARTESIAN_POINT ( 'NONE',  ( -5.150000000000002100, -0.2000000000000008200, -1.125000000000000400 ) ) ;
#1751 = AXIS2_PLACEMENT_3D ( 'NONE', #2034, #1993, #1957 ) ;
#1752 = EDGE_LOOP ( 'NONE', ( #1083, #6204, #11239, #2570 ) ) ;
#1753 = COLOUR_RGB ( '',1.000000000000000000, 1.000000000000000000, 1.000000000000000000 ) ;
#1754 = ORIENTED_EDGE ( 'NONE', *, *, #4842, .F. ) ;
#1755 = CIRCLE ( 'NONE', #11395, 0.04999999999999991300 ) ;
#1756 = EDGE_CURVE ( 'NONE', #8422, #6172, #1918, .T. ) ;
#1757 = AXIS2_PLACEMENT_3D ( 'NONE', #10867, #2176, #770 ) ;
#1758 = DIRECTION ( 'NONE',  ( 1.000000000000000000, -4.580624489496172500E-016, 3.504491870660219800E-017 ) ) ;
#1759 = CARTESIAN_POINT ( 'NONE',  ( -2.950000000000002800, -3.665000000000000900, 3.899999999999999900 ) ) ;
#1760 = CARTESIAN_POINT ( 'NONE',  ( 4.975000000000002300, -0.4249999999999984300, -0.7499999999999980000 ) ) ;
#1761 = CARTESIAN_POINT ( 'NONE',  ( -5.050000000000002500, -3.865000000000000200, 2.629999999999999900 ) ) ;
#1762 = DIRECTION ( 'NONE',  ( 1.927470528863118800E-016, 1.281360903504771100E-017, -1.000000000000000000 ) ) ;
#1763 = CARTESIAN_POINT ( 'NONE',  ( 5.100000000000003200, -1.870000000000001000, 1.175000000000000000 ) ) ;
#1764 = LINE ( 'NONE', #10160, #1471 ) ;
#1765 = CARTESIAN_POINT ( 'NONE',  ( 3.350000000000003600, -3.815000000000000400, -0.9250000000000009300 ) ) ;
#1766 = MECHANICAL_DESIGN_GEOMETRIC_PRESENTATION_REPRESENTATION (  '', ( #10900 ), #2382 ) ;
#1767 = MECHANICAL_DESIGN_GEOMETRIC_PRESENTATION_REPRESENTATION (  '', ( #538 ), #2383 ) ;
#1768 = CARTESIAN_POINT ( 'NONE',  ( 5.350000000000004100, -0.2000000000000002600, -2.300000000000000700 ) ) ;
#1769 = VERTEX_POINT ( 'NONE', #9953 ) ;
#1770 = LINE ( 'NONE', #5899, #4124 ) ;
#1771 = VERTEX_POINT ( 'NONE', #8228 ) ;
#1772 = VECTOR ( 'NONE', #8716, 1000.000000000000000 ) ;
#1773 = ORIENTED_EDGE ( 'NONE', *, *, #5242, .T. ) ;
#1774 = CARTESIAN_POINT ( 'NONE',  ( 4.975000000000001400, 1.490777987167568600E-015, 0.7500000000000021100 ) ) ;
#1775 = CARTESIAN_POINT ( 'NONE',  ( 5.350000000000002300, -1.870000000000001400, 3.650000000000000400 ) ) ;
#1776 = LINE ( 'NONE', #8075, #3865 ) ;
#1777 = LINE ( 'NONE', #7250, #6169 ) ;
#1778 = CARTESIAN_POINT ( 'NONE',  ( 5.161715728752540100, -3.932157287525381400, 0.9249999999999992700 ) ) ;
#1779 = DIRECTION ( 'NONE',  ( 1.000000000000000000, -1.426581805901979900E-016, 2.209081482755457600E-016 ) ) ;
#1780 = ORIENTED_EDGE ( 'NONE', *, *, #9999, .F. ) ;
#1781 =( NAMED_UNIT ( * ) SI_UNIT ( $, .STERADIAN. ) SOLID_ANGLE_UNIT ( ) );
#1783 = PRESENTATION_STYLE_ASSIGNMENT (( #2501 ) ) ;
#1782 = UNCERTAINTY_MEASURE_WITH_UNIT (LENGTH_MEASURE( 1.000000000000000100E-005 ), #104, 'distance_accuracy_value', 'NONE');
#1784 = SURFACE_SIDE_STYLE ('',( #11213 ) ) ;
#1785 =( GEOMETRIC_REPRESENTATION_CONTEXT ( 3 ) GLOBAL_UNCERTAINTY_ASSIGNED_CONTEXT ( ( #10387 ) ) GLOBAL_UNIT_ASSIGNED_CONTEXT ( ( #9102, #8376, #8297 ) ) REPRESENTATION_CONTEXT ( 'NONE', 'WORKASPACE' ) );
#1786 = STYLED_ITEM ( 'NONE', ( #4965 ), #11445 ) ;
#1787 = ORIENTED_EDGE ( 'NONE', *, *, #8961, .T. ) ;
#1788 = EDGE_CURVE ( 'NONE', #6665, #8750, #10781, .T. ) ;
#1789 = LINE ( 'NONE', #2905, #645 ) ;
#1790 = CARTESIAN_POINT ( 'NONE',  ( -5.050000000000003400, 0.0000000000000000000, -3.899999999999999900 ) ) ;
#1791 = ORIENTED_EDGE ( 'NONE', *, *, #9388, .T. ) ;
#1792 = UNCERTAINTY_MEASURE_WITH_UNIT (LENGTH_MEASURE( 1.000000000000000100E-005 ), #5547, 'distance_accuracy_value', 'NONE');
#1793 = DIRECTION ( 'NONE',  ( 0.0000000000000000000, -1.000000000000000000, -6.829619984160660000E-016 ) ) ;
#1794 = SURFACE_SIDE_STYLE ('',( #4413 ) ) ;
#1795 = CARTESIAN_POINT ( 'NONE',  ( -3.355000000000002200, -3.964999999999996300, 0.7499999999999870100 ) ) ;
#1796 = EDGE_LOOP ( 'NONE', ( #1320, #4556, #144, #7117, #39, #7945 ) ) ;
#1797 = CARTESIAN_POINT ( 'NONE',  ( -5.150000000000002100, -0.2273479599911588900, -2.341989030006632200 ) ) ;
#1798 = SURFACE_STYLE_FILL_AREA ( #9746 ) ;
#1799 = CARTESIAN_POINT ( 'NONE',  ( -5.120000000000002800, -3.785000000000000600, -0.9250000000000002700 ) ) ;
#1800 = VECTOR ( 'NONE', #9473, 1000.000000000000000 ) ;
#1801 = AXIS2_PLACEMENT_3D ( 'NONE', #6091, #5387, #4211 ) ;
#1802 = DIRECTION ( 'NONE',  ( 2.014244061477912100E-016, 3.367495048982081600E-015, -1.000000000000000000 ) ) ;
#1803 = PRESENTATION_LAYER_ASSIGNMENT (  '', '', ( #581 ) ) ;
#1804 = DIRECTION ( 'NONE',  ( 3.526005099788157400E-016, 1.000000000000000000, 1.281360903504777500E-017 ) ) ;
#1805 = CARTESIAN_POINT ( 'NONE',  ( 4.025000000000000400, -1.951563910473908000E-015, 0.7500000000000021100 ) ) ;
#1806 =( LENGTH_UNIT ( ) NAMED_UNIT ( * ) SI_UNIT ( .MILLI., .METRE. ) );
#1807 = SURFACE_STYLE_FILL_AREA ( #503 ) ;
#1808 = ORIENTED_EDGE ( 'NONE', *, *, #5882, .F. ) ;
#1809 = CARTESIAN_POINT ( 'NONE',  ( 3.350000000000004100, -1.680000000000000800, -3.850000000000001400 ) ) ;
#1810 =( NAMED_UNIT ( * ) PLANE_ANGLE_UNIT ( ) SI_UNIT ( $, .RADIAN. ) );
#1811 = EDGE_LOOP ( 'NONE', ( #1534, #533, #1039, #9612 ) ) ;
#1812 = DIRECTION ( 'NONE',  ( -1.000000000000000000, 0.0000000000000000000, 0.0000000000000000000 ) ) ;
#1813 =( GEOMETRIC_REPRESENTATION_CONTEXT ( 3 ) GLOBAL_UNCERTAINTY_ASSIGNED_CONTEXT ( ( #9407 ) ) GLOBAL_UNIT_ASSIGNED_CONTEXT ( ( #2662, #2627, #2584 ) ) REPRESENTATION_CONTEXT ( 'NONE', 'WORKASPACE' ) );
#1814 =( NAMED_UNIT ( * ) PLANE_ANGLE_UNIT ( ) SI_UNIT ( $, .RADIAN. ) );
#1815 = CARTESIAN_POINT ( 'NONE',  ( -3.350000000000002300, -3.764999999999999700, -0.8749999999999998900 ) ) ;
#1816 = EDGE_CURVE ( 'NONE', #1884, #11521, #1629, .T. ) ;
#1817 = DIRECTION ( 'NONE',  ( -1.000000000000000000, 3.348823158252935900E-015, -2.014244061477902700E-016 ) ) ;
#1818 = VERTEX_POINT ( 'NONE', #5093 ) ;
#1819 = UNCERTAINTY_MEASURE_WITH_UNIT (LENGTH_MEASURE( 1.000000000000000100E-005 ), #9412, 'distance_accuracy_value', 'NONE');
#1820 =( GEOMETRIC_REPRESENTATION_CONTEXT ( 3 ) GLOBAL_UNCERTAINTY_ASSIGNED_CONTEXT ( ( #7964 ) ) GLOBAL_UNIT_ASSIGNED_CONTEXT ( ( #6762, #1474, #7657 ) ) REPRESENTATION_CONTEXT ( 'NONE', 'WORKASPACE' ) );
#1821 =( NAMED_UNIT ( * ) PLANE_ANGLE_UNIT ( ) SI_UNIT ( $, .RADIAN. ) );
#1822 =( NAMED_UNIT ( * ) PLANE_ANGLE_UNIT ( ) SI_UNIT ( $, .RADIAN. ) );
#1823 = MECHANICAL_DESIGN_GEOMETRIC_PRESENTATION_REPRESENTATION (  '', ( #2732 ), #4130 ) ;
#1824 = PRESENTATION_STYLE_ASSIGNMENT (( #4660 ) ) ;
#1825 = CARTESIAN_POINT ( 'NONE',  ( -5.150000000000003900, -3.540000000000001400, 0.7499999999999881200 ) ) ;
#1826 = CARTESIAN_POINT ( 'NONE',  ( 4.590000000000002500, -0.2000000000000013700, 2.350000000000000500 ) ) ;
#1827 = ORIENTED_EDGE ( 'NONE', *, *, #5100, .T. ) ;
#1828 = DIRECTION ( 'NONE',  ( -0.0000000000000000000, 1.000000000000000000, 2.853163611803958300E-016 ) ) ;
#1829 = PLANE ( 'NONE',  #8475 ) ;
#1830 =( NAMED_UNIT ( * ) SI_UNIT ( $, .STERADIAN. ) SOLID_ANGLE_UNIT ( ) );
#1831 = VECTOR ( 'NONE', #6475, 1000.000000000000000 ) ;
#1832 = LINE ( 'NONE', #8755, #3921 ) ;
#1833 = CARTESIAN_POINT ( 'NONE',  ( -5.130348417780590300, -0.2018413379323809300, -2.349966083242724500 ) ) ;
#1835 = MECHANICAL_DESIGN_GEOMETRIC_PRESENTATION_REPRESENTATION (  '', ( #1974 ), #1813 ) ;
#1834 =( GEOMETRIC_REPRESENTATION_CONTEXT ( 3 ) GLOBAL_UNCERTAINTY_ASSIGNED_CONTEXT ( ( #5191 ) ) GLOBAL_UNIT_ASSIGNED_CONTEXT ( ( #7684, #2429, #8575 ) ) REPRESENTATION_CONTEXT ( 'NONE', 'WORKASPACE' ) );
#1836 = VECTOR ( 'NONE', #453, 1000.000000000000000 ) ;
#1837 = ORIENTED_EDGE ( 'NONE', *, *, #4027, .T. ) ;
#1838 = EDGE_CURVE ( 'NONE', #9838, #4485, #3993, .T. ) ;
#1840 = EDGE_LOOP ( 'NONE', ( #10511, #6833, #10733, #2495, #10370 ) ) ;
#1839 = DIRECTION ( 'NONE',  ( 1.426581805901979600E-016, 1.000000000000000000, 1.426581805901979900E-016 ) ) ;
#1841 = SURFACE_STYLE_USAGE ( .BOTH. , #7110 ) ;
#1842 = LINE ( 'NONE', #648, #2136 ) ;
#1843 =( NAMED_UNIT ( * ) SI_UNIT ( $, .STERADIAN. ) SOLID_ANGLE_UNIT ( ) );
#1844 = CARTESIAN_POINT ( 'NONE',  ( 5.100000000000003200, -1.870000000000000600, -0.9250000000000003800 ) ) ;
#1845 = DIRECTION ( 'NONE',  ( 9.827563551769195500E-017, -1.000000000000000000, -1.426581805901979900E-016 ) ) ;
#1846 = PRESENTATION_STYLE_ASSIGNMENT (( #7119 ) ) ;
#1847 = CYLINDRICAL_SURFACE ( 'NONE', #6920, 0.05000000000000012800 ) ;
#1848 = DIRECTION ( 'NONE',  ( -1.426581805901979600E-016, 1.000000000000000000, 1.426581805901979400E-016 ) ) ;
#1849 =( NAMED_UNIT ( * ) PLANE_ANGLE_UNIT ( ) SI_UNIT ( $, .RADIAN. ) );
#1850 = ORIENTED_EDGE ( 'NONE', *, *, #8815, .F. ) ;
#1851 = EDGE_LOOP ( 'NONE', ( #9255, #10386, #11288, #10875 ) ) ;
#1852 = STYLED_ITEM ( 'NONE', ( #1427 ), #6993 ) ;
#1853 = AXIS2_PLACEMENT_3D ( 'NONE', #1763, #7929, #2672 ) ;
#1854 = DIRECTION ( 'NONE',  ( -0.0000000000000000000, 0.0000000000000000000, -1.000000000000000000 ) ) ;
#1855 = ORIENTED_EDGE ( 'NONE', *, *, #189, .T. ) ;
#1856 = SURFACE_SIDE_STYLE ('',( #3494 ) ) ;
#1857 = CARTESIAN_POINT ( 'NONE',  ( 3.350000000000003200, -4.015000000000000600, 0.9249999999999992700 ) ) ;
#1858 = CARTESIAN_POINT ( 'NONE',  ( 3.350000000000002300, -0.4000000000000012400, 1.125000000000000000 ) ) ;
#1859 = EDGE_CURVE ( 'NONE', #6800, #2230, #1328, .T. ) ;
#1860 = PRESENTATION_STYLE_ASSIGNMENT (( #561 ) ) ;
#1861 = COLOUR_RGB ( '',1.000000000000000000, 1.000000000000000000, 1.000000000000000000 ) ;
#1862 = COLOUR_RGB ( '',0.9098039215686274400, 0.4431372549019607600, 0.03137254901960784300 ) ;
#1863 = FILL_AREA_STYLE_COLOUR ( '', #8550 ) ;
#1864 = ORIENTED_EDGE ( 'NONE', *, *, #3226, .F. ) ;
#1865 = ORIENTED_EDGE ( 'NONE', *, *, #4289, .T. ) ;
#1866 = DIRECTION ( 'NONE',  ( 2.014244061477911900E-016, 3.348823158252935100E-015, -1.000000000000000000 ) ) ;
#1867 =( LENGTH_UNIT ( ) NAMED_UNIT ( * ) SI_UNIT ( .MILLI., .METRE. ) );
#1868 = ADVANCED_FACE ( 'NONE', ( #5768 ), #1334, .F. ) ;
#1869 = ORIENTED_EDGE ( 'NONE', *, *, #4639, .T. ) ;
#1870 = FACE_OUTER_BOUND ( 'NONE', #7162, .T. ) ;
#1871 = CIRCLE ( 'NONE', #4422, 0.04999999999999991300 ) ;
#1872 = DIRECTION ( 'NONE',  ( 1.426581805901979600E-016, 1.000000000000000000, 1.426581805901979900E-016 ) ) ;
#1873 = SURFACE_STYLE_FILL_AREA ( #2965 ) ;
#1874 = VERTEX_POINT ( 'NONE', #11178 ) ;
#1875 = ORIENTED_EDGE ( 'NONE', *, *, #177, .F. ) ;
#1876 =( NAMED_UNIT ( * ) PLANE_ANGLE_UNIT ( ) SI_UNIT ( $, .RADIAN. ) );
#1877 = SURFACE_SIDE_STYLE ('',( #907 ) ) ;
#1878 = EDGE_CURVE ( 'NONE', #6142, #1291, #4916, .T. ) ;
#1879 = PRESENTATION_LAYER_ASSIGNMENT (  '', '', ( #1254 ) ) ;
#1880 = CARTESIAN_POINT ( 'NONE',  ( -5.150000000000003000, -3.815000000000000400, 0.9249999999999998200 ) ) ;
#1881 = LINE ( 'NONE', #6660, #8637 ) ;
#1882 = DIRECTION ( 'NONE',  ( 2.209081482755457800E-016, 1.426581805901979600E-016, -1.000000000000000000 ) ) ;
#1883 = DIRECTION ( 'NONE',  ( -1.927470528863119000E-016, -1.426581805901979600E-016, 1.000000000000000000 ) ) ;
#1884 = VERTEX_POINT ( 'NONE', #10792 ) ;
#1885 =( LENGTH_UNIT ( ) NAMED_UNIT ( * ) SI_UNIT ( .MILLI., .METRE. ) );
#1886 = DIRECTION ( 'NONE',  ( -4.818676322157798900E-017, 3.354052334765097900E-016, -1.000000000000000000 ) ) ;
#1887 = VECTOR ( 'NONE', #7028, 1000.000000000000000 ) ;
#1888 = ORIENTED_EDGE ( 'NONE', *, *, #11531, .T. ) ;
#1889 = FILL_AREA_STYLE ('',( #1863 ) ) ;
#1890 = UNCERTAINTY_MEASURE_WITH_UNIT (LENGTH_MEASURE( 1.000000000000000100E-005 ), #5858, 'distance_accuracy_value', 'NONE');
#1892 =( GEOMETRIC_REPRESENTATION_CONTEXT ( 3 ) GLOBAL_UNCERTAINTY_ASSIGNED_CONTEXT ( ( #8679 ) ) GLOBAL_UNIT_ASSIGNED_CONTEXT ( ( #6971, #1688, #7858 ) ) REPRESENTATION_CONTEXT ( 'NONE', 'WORKASPACE' ) );
#1891 = FACE_BOUND ( 'NONE', #11299, .T. ) ;
#1893 = CARTESIAN_POINT ( 'NONE',  ( -5.050000000000003400, -3.865000000000000200, -3.899999999999999900 ) ) ;
#1894 = DIRECTION ( 'NONE',  ( -7.228014483236697000E-017, -1.426581805901979900E-016, 1.000000000000000000 ) ) ;
#1895 = ORIENTED_EDGE ( 'NONE', *, *, #4927, .F. ) ;
#1896 = CARTESIAN_POINT ( 'NONE',  ( -5.350000000000002300, -0.2000000000000012000, 1.125000000000000000 ) ) ;
#1897 = DIRECTION ( 'NONE',  ( 0.0000000000000000000, 0.0000000000000000000, -1.000000000000000000 ) ) ;
#1898 = COLOUR_RGB ( '',0.5019607843137254800, 0.5019607843137254800, 0.5019607843137254800 ) ;
#1899 = DIRECTION ( 'NONE',  ( 1.426581805901978900E-016, -1.000000000000000000, 2.187425435716369900E-016 ) ) ;
#1900 = VERTEX_POINT ( 'NONE', #599 ) ;
#1901 = CARTESIAN_POINT ( 'NONE',  ( 3.350000000000002300, -3.765000000000000100, -1.125000000000000900 ) ) ;
#1902 = CARTESIAN_POINT ( 'NONE',  ( 5.120000000000003700, -3.815000000000001300, 3.650000000000000800 ) ) ;
#1903 = LINE ( 'NONE', #1132, #4244 ) ;
#1904 = ORIENTED_EDGE ( 'NONE', *, *, #3091, .F. ) ;
#1905 = ORIENTED_EDGE ( 'NONE', *, *, #3213, .T. ) ;
#1906 =( GEOMETRIC_REPRESENTATION_CONTEXT ( 3 ) GLOBAL_UNCERTAINTY_ASSIGNED_CONTEXT ( ( #4545 ) ) GLOBAL_UNIT_ASSIGNED_CONTEXT ( ( #7082, #7044, #7017 ) ) REPRESENTATION_CONTEXT ( 'NONE', 'WORKASPACE' ) );
#1907 = COLOUR_RGB ( '',1.000000000000000000, 1.000000000000000000, 1.000000000000000000 ) ;
#1908 = DIRECTION ( 'NONE',  ( 0.0000000000000000000, 1.000000000000000000, -0.0000000000000000000 ) ) ;
#1909 = CARTESIAN_POINT ( 'NONE',  ( -5.150000000000002100, -0.2300000000000015400, 3.850000000000000500 ) ) ;
#1910 = CARTESIAN_POINT ( 'NONE',  ( 5.350000000000002300, -0.1800000000000010500, 2.350000000000000500 ) ) ;
#1911 = FACE_OUTER_BOUND ( 'NONE', #8042, .T. ) ;
#1912 = STYLED_ITEM ( 'NONE', ( #9814 ), #1080 ) ;
#1913 = EDGE_LOOP ( 'NONE', ( #10834, #428, #1335, #10991 ) ) ;
#1914 = EDGE_CURVE ( 'NONE', #7515, #7778, #9668, .T. ) ;
#1915 = AXIS2_PLACEMENT_3D ( 'NONE', #7597, #2652, #2994 ) ;
#1916 = CARTESIAN_POINT ( 'NONE',  ( 4.590000000000003400, -2.724000123972291700E-016, -3.150000000000000800 ) ) ;
#1917 = FILL_AREA_STYLE_COLOUR ( '', #2770 ) ;
#1918 = CIRCLE ( 'NONE', #6377, 0.1999999999999999800 ) ;
#1919 = VECTOR ( 'NONE', #3956, 1000.000000000000000 ) ;
#1920 = CARTESIAN_POINT ( 'NONE',  ( 5.350000000000002300, -3.834999918295677500, 1.098821942543505100 ) ) ;
#1921 = VERTEX_POINT ( 'NONE', #519 ) ;
#1922 = ORIENTED_EDGE ( 'NONE', *, *, #10448, .T. ) ;
#1923 = CARTESIAN_POINT ( 'NONE',  ( -5.250000000000002700, -3.865000000000000200, -3.899999999999999900 ) ) ;
#1924 = ORIENTED_EDGE ( 'NONE', *, *, #10479, .T. ) ;
#1925 = DIRECTION ( 'NONE',  ( -2.409338161078898200E-017, 1.426581805901979400E-016, -1.000000000000000000 ) ) ;
#1926 =( NAMED_UNIT ( * ) PLANE_ANGLE_UNIT ( ) SI_UNIT ( $, .RADIAN. ) );
#1927 = MECHANICAL_DESIGN_GEOMETRIC_PRESENTATION_REPRESENTATION (  '', ( #3318 ), #1906 ) ;
#1928 = ADVANCED_FACE ( 'NONE', ( #9409 ), #6630, .F. ) ;
#1929 = AXIS2_PLACEMENT_3D ( 'NONE', #1274, #1229, #1154 ) ;
#1931 = PRESENTATION_LAYER_ASSIGNMENT (  '', '', ( #1974 ) ) ;
#1930 =( GEOMETRIC_REPRESENTATION_CONTEXT ( 3 ) GLOBAL_UNCERTAINTY_ASSIGNED_CONTEXT ( ( #10561 ) ) GLOBAL_UNIT_ASSIGNED_CONTEXT ( ( #2026, #8173, #2914 ) ) REPRESENTATION_CONTEXT ( 'NONE', 'WORKASPACE' ) );
#1932 = COLOUR_RGB ( '',0.9098039215686274400, 0.4431372549019607600, 0.03137254901960784300 ) ;
#1933 =( NAMED_UNIT ( * ) SI_UNIT ( $, .STERADIAN. ) SOLID_ANGLE_UNIT ( ) );
#1934 = DIRECTION ( 'NONE',  ( 1.000000000000000000, -4.755272686339933800E-017, -2.409338161078898200E-017 ) ) ;
#1935 = LINE ( 'NONE', #1617, #8689 ) ;
#1936 = FACE_OUTER_BOUND ( 'NONE', #6064, .T. ) ;
#1937 = EDGE_CURVE ( 'NONE', #5431, #1771, #6155, .T. ) ;
#1938 = EDGE_CURVE ( 'NONE', #4509, #2406, #1764, .T. ) ;
#1939 = ORIENTED_EDGE ( 'NONE', *, *, #3972, .T. ) ;
#1940 = DIRECTION ( 'NONE',  ( -3.469446951953622900E-015, 1.000000000000000000, 3.469446951953622900E-015 ) ) ;
#1941 = VECTOR ( 'NONE', #6786, 1000.000000000000000 ) ;
#1942 = FILL_AREA_STYLE ('',( #4175 ) ) ;
#1943 = ORIENTED_EDGE ( 'NONE', *, *, #5837, .F. ) ;
#1944 = ADVANCED_FACE ( 'NONE', ( #10641 ), #2454, .T. ) ;
#1945 = CARTESIAN_POINT ( 'NONE',  ( -5.120000000000002800, -3.815000000000000800, -0.9250000000000007100 ) ) ;
#1946 = LINE ( 'NONE', #8127, #6608 ) ;
#1947 = AXIS2_PLACEMENT_3D ( 'NONE', #5692, #5646, #5485 ) ;
#1948 =( LENGTH_UNIT ( ) NAMED_UNIT ( * ) SI_UNIT ( .MILLI., .METRE. ) );
#1949 = SURFACE_STYLE_FILL_AREA ( #3372 ) ;
#1950 = COLOUR_RGB ( '',1.000000000000000000, 1.000000000000000000, 1.000000000000000000 ) ;
#1951 = DIRECTION ( 'NONE',  ( 1.000000000000000000, 3.348823158252935900E-015, 2.014244061478019600E-016 ) ) ;
#1952 = FILL_AREA_STYLE ('',( #4553 ) ) ;
#1953 = EDGE_CURVE ( 'NONE', #7889, #2255, #4760, .T. ) ;
#1954 = VERTEX_POINT ( 'NONE', #9408 ) ;
#1955 = EDGE_LOOP ( 'NONE', ( #2756, #1521, #5527, #8698, #1850, #9398 ) ) ;
#1956 =( NAMED_UNIT ( * ) SI_UNIT ( $, .STERADIAN. ) SOLID_ANGLE_UNIT ( ) );
#1957 = DIRECTION ( 'NONE',  ( -1.000000000000000000, 0.0000000000000000000, 0.0000000000000000000 ) ) ;
#1958 = DIRECTION ( 'NONE',  ( 1.000000000000000000, 1.426581805901979400E-016, 1.927470528863119300E-016 ) ) ;
#1959 = DIRECTION ( 'NONE',  ( -1.927470528863119000E-016, -1.426581805901979600E-016, 1.000000000000000000 ) ) ;
#1960 = CARTESIAN_POINT ( 'NONE',  ( 5.155249921937704400, -3.867499219377003300, 0.9249999999999994900 ) ) ;
#1961 = CARTESIAN_POINT ( 'NONE',  ( -4.850000000000002300, -3.390000000000000600, 0.9249999999999996000 ) ) ;
#1962 = ORIENTED_EDGE ( 'NONE', *, *, #1149, .T. ) ;
#1963 = EDGE_CURVE ( 'NONE', #3531, #5773, #308, .T. ) ;
#1964 = SURFACE_SIDE_STYLE ('',( #3979 ) ) ;
#1965 = EDGE_CURVE ( 'NONE', #2255, #6305, #9519, .T. ) ;
#1966 = AXIS2_PLACEMENT_3D ( 'NONE', #10728, #5382, #54 ) ;
#1967 = SURFACE_SIDE_STYLE ('',( #9638 ) ) ;
#1968 = FILL_AREA_STYLE ('',( #1572 ) ) ;
#1969 = PRESENTATION_STYLE_ASSIGNMENT (( #3075 ) ) ;
#1970 = DIRECTION ( 'NONE',  ( 1.000000000000000000, -1.426581805901979100E-016, -2.409338161078899200E-016 ) ) ;
#1971 = FILL_AREA_STYLE ('',( #1917 ) ) ;
#1972 = PRESENTATION_STYLE_ASSIGNMENT (( #3450 ) ) ;
#1973 = CARTESIAN_POINT ( 'NONE',  ( -5.150000000000002100, -0.2000000000000005100, -3.650000000000000400 ) ) ;
#1974 = STYLED_ITEM ( 'NONE', ( #9173 ), #3269 ) ;
#1975 = SURFACE_STYLE_FILL_AREA ( #2318 ) ;
#1976 = VECTOR ( 'NONE', #6254, 1000.000000000000000 ) ;
#1977 = FILL_AREA_STYLE ('',( #7975 ) ) ;
#1978 = LINE ( 'NONE', #5921, #6361 ) ;
#1979 = DIRECTION ( 'NONE',  ( -1.927470528863119000E-016, -1.426581805901979600E-016, 1.000000000000000000 ) ) ;
#1980 = PRESENTATION_LAYER_ASSIGNMENT (  '', '', ( #3318 ) ) ;
#1981 = DIRECTION ( 'NONE',  ( 1.426581805901979100E-016, -1.000000000000000000, 5.952404271712229500E-017 ) ) ;
#1982 = DIRECTION ( 'NONE',  ( 6.736636305648237600E-017, 1.000000000000000000, 1.426581805901979900E-016 ) ) ;
#1983 = MECHANICAL_DESIGN_GEOMETRIC_PRESENTATION_REPRESENTATION (  '', ( #131 ), #2586 ) ;
#1984 = CARTESIAN_POINT ( 'NONE',  ( -5.267157287525381400, -0.2828427124746199000, -0.9250000000000003800 ) ) ;
#1985 = ORIENTED_EDGE ( 'NONE', *, *, #7079, .T. ) ;
#1986 = AXIS2_PLACEMENT_3D ( 'NONE', #9157, #11227, #3590 ) ;
#1987 = ADVANCED_FACE ( 'NONE', ( #7105 ), #2374, .F. ) ;
#1988 = CYLINDRICAL_SURFACE ( 'NONE', #11156, 0.05000000000000002400 ) ;
#1989 = FACE_BOUND ( 'NONE', #198, .T. ) ;
#1990 = DIRECTION ( 'NONE',  ( 1.000000000000000000, 1.426581805901979400E-016, 1.927470528863119300E-016 ) ) ;
#1991 = CARTESIAN_POINT ( 'NONE',  ( -3.790000000000003100, -1.065656609008779000E-015, 2.350000000000001400 ) ) ;
#1992 = CARTESIAN_POINT ( 'NONE',  ( 5.350000000000002300, -0.2000000000000012000, 1.125000000000000400 ) ) ;
#1993 = DIRECTION ( 'NONE',  ( 1.426581805901975000E-016, -1.000000000000000000, -2.140309255008997200E-017 ) ) ;
#1994 = ORIENTED_EDGE ( 'NONE', *, *, #3055, .T. ) ;
#1995 = CARTESIAN_POINT ( 'NONE',  ( -5.050000000000002500, -3.390000000000000100, -0.8750000000000002200 ) ) ;
#1996 = ORIENTED_EDGE ( 'NONE', *, *, #10917, .T. ) ;
#1997 = ADVANCED_FACE ( 'NONE', ( #8365 ), #3657, .T. ) ;
#1998 = VECTOR ( 'NONE', #6760, 1000.000000000000000 ) ;
#1999 = FILL_AREA_STYLE_COLOUR ( '', #2256 ) ;
#2000 =( GEOMETRIC_REPRESENTATION_CONTEXT ( 3 ) GLOBAL_UNCERTAINTY_ASSIGNED_CONTEXT ( ( #11221 ) ) GLOBAL_UNIT_ASSIGNED_CONTEXT ( ( #4597, #2032, #2228 ) ) REPRESENTATION_CONTEXT ( 'NONE', 'WORKASPACE' ) );
#2001 =( GEOMETRIC_REPRESENTATION_CONTEXT ( 3 ) GLOBAL_UNCERTAINTY_ASSIGNED_CONTEXT ( ( #7790 ) ) GLOBAL_UNIT_ASSIGNED_CONTEXT ( ( #9695, #9256, #10213 ) ) REPRESENTATION_CONTEXT ( 'NONE', 'WORKASPACE' ) );
#2002 = AXIS2_PLACEMENT_3D ( 'NONE', #4994, #4921, #4892 ) ;
#2003 = COLOUR_RGB ( '',0.5019607843137254800, 0.5019607843137254800, 0.5019607843137254800 ) ;
#2004 = FACE_OUTER_BOUND ( 'NONE', #9817, .T. ) ;
#2005 = UNCERTAINTY_MEASURE_WITH_UNIT (LENGTH_MEASURE( 1.000000000000000100E-005 ), #9733, 'distance_accuracy_value', 'NONE');
#2006 = PRESENTATION_LAYER_ASSIGNMENT (  '', '', ( #1912 ) ) ;
#2007 = ORIENTED_EDGE ( 'NONE', *, *, #5076, .F. ) ;
#2008 = EDGE_CURVE ( 'NONE', #8514, #6665, #5157, .T. ) ;
#2009 = VERTEX_POINT ( 'NONE', #6748 ) ;
#2010 =( LENGTH_UNIT ( ) NAMED_UNIT ( * ) SI_UNIT ( .MILLI., .METRE. ) );
#2011 = ORIENTED_EDGE ( 'NONE', *, *, #3821, .T. ) ;
#2012 = SURFACE_STYLE_USAGE ( .BOTH. , #1532 ) ;
#2013 =( NAMED_UNIT ( * ) SI_UNIT ( $, .STERADIAN. ) SOLID_ANGLE_UNIT ( ) );
#2014 = CIRCLE ( 'NONE', #3823, 0.04999999999999991300 ) ;
#2015 = DIRECTION ( 'NONE',  ( 6.736636305648237600E-017, -1.000000000000000000, -1.426581805901979400E-016 ) ) ;
#2016 = COLOUR_RGB ( '',1.000000000000000000, 1.000000000000000000, 1.000000000000000000 ) ;
#2017 = ORIENTED_EDGE ( 'NONE', *, *, #4670, .T. ) ;
#2018 = ORIENTED_EDGE ( 'NONE', *, *, #192, .F. ) ;
#2019 = DIRECTION ( 'NONE',  ( -1.000000000000000000, 3.657902066415301400E-018, -1.927470528863118800E-016 ) ) ;
#2020 = UNCERTAINTY_MEASURE_WITH_UNIT (LENGTH_MEASURE( 1.000000000000000100E-005 ), #10250, 'distance_accuracy_value', 'NONE');
#2021 = AXIS2_PLACEMENT_3D ( 'NONE', #2073, #1908, #504 ) ;
#2022 = AXIS2_PLACEMENT_3D ( 'NONE', #1152, #10068, #2125 ) ;
#2023 = SURFACE_STYLE_USAGE ( .BOTH. , #1856 ) ;
#2024 = ORIENTED_EDGE ( 'NONE', *, *, #422, .T. ) ;
#2025 = EDGE_CURVE ( 'NONE', #57, #1707, #2853, .T. ) ;
#2026 =( LENGTH_UNIT ( ) NAMED_UNIT ( * ) SI_UNIT ( .MILLI., .METRE. ) );
#2027 = EDGE_CURVE ( 'NONE', #10384, #9004, #9636, .T. ) ;
#2028 = VECTOR ( 'NONE', #11096, 1000.000000000000000 ) ;
#2029 = CARTESIAN_POINT ( 'NONE',  ( -5.150000000000003000, -1.870000000000000300, -1.175000000000000500 ) ) ;
#2030 = SURFACE_STYLE_FILL_AREA ( #3294 ) ;
#2031 = CARTESIAN_POINT ( 'NONE',  ( 5.120000000000003700, -3.785000000000001000, 3.650000000000000800 ) ) ;
#2032 =( NAMED_UNIT ( * ) PLANE_ANGLE_UNIT ( ) SI_UNIT ( $, .RADIAN. ) );
#2033 = DIRECTION ( 'NONE',  ( -1.000000000000000000, 1.426581805901979900E-016, -1.927470528863118800E-016 ) ) ;
#2034 = CARTESIAN_POINT ( 'NONE',  ( 5.275000000000003000, -3.539999999999998700, -0.7499999999999980000 ) ) ;
#2035 = AXIS2_PLACEMENT_3D ( 'NONE', #8687, #5610, #6338 ) ;
#2036 = EDGE_CURVE ( 'NONE', #5023, #5552, #7538, .T. ) ;
#2037 = CARTESIAN_POINT ( 'NONE',  ( -3.355000000000002200, -3.839999999999996700, 0.7499999999999874500 ) ) ;
#2038 =( GEOMETRIC_REPRESENTATION_CONTEXT ( 3 ) GLOBAL_UNCERTAINTY_ASSIGNED_CONTEXT ( ( #7223 ) ) GLOBAL_UNIT_ASSIGNED_CONTEXT ( ( #679, #6116, #8882 ) ) REPRESENTATION_CONTEXT ( 'NONE', 'WORKASPACE' ) );
#2039 = EDGE_CURVE ( 'NONE', #1011, #9898, #448, .T. ) ;
#2040 = PRESENTATION_LAYER_ASSIGNMENT (  '', '', ( #797 ) ) ;
#2041 = CARTESIAN_POINT ( 'NONE',  ( -4.450000000000001100, 0.0000000000000000000, 5.000000000000000000 ) ) ;
#2042 = DIRECTION ( 'NONE',  ( 1.000000000000000000, 0.0000000000000000000, 0.0000000000000000000 ) ) ;
#2043 = LINE ( 'NONE', #4106, #11182 ) ;
#2044 = EDGE_LOOP ( 'NONE', ( #8211, #8981, #7242, #3202, #5634 ) ) ;
#2045 = UNCERTAINTY_MEASURE_WITH_UNIT (LENGTH_MEASURE( 1.000000000000000100E-005 ), #1806, 'distance_accuracy_value', 'NONE');
#2046 =( NAMED_UNIT ( * ) PLANE_ANGLE_UNIT ( ) SI_UNIT ( $, .RADIAN. ) );
#2047 = SURFACE_STYLE_USAGE ( .BOTH. , #2126 ) ;
#2048 = SURFACE_STYLE_FILL_AREA ( #8710 ) ;
#2049 = ADVANCED_FACE ( 'NONE', ( #4886 ), #5805, .F. ) ;
#2050 = CARTESIAN_POINT ( 'NONE',  ( 5.249999999999998200, 1.985000000000000300, 4.199999999999998400 ) ) ;
#2051 =( NAMED_UNIT ( * ) SI_UNIT ( $, .STERADIAN. ) SOLID_ANGLE_UNIT ( ) );
#2052 = VERTEX_POINT ( 'NONE', #1945 ) ;
#2053 =( NAMED_UNIT ( * ) PLANE_ANGLE_UNIT ( ) SI_UNIT ( $, .RADIAN. ) );
#2054 = EDGE_CURVE ( 'NONE', #3124, #7297, #8492, .T. ) ;
#2055 = SURFACE_STYLE_FILL_AREA ( #4759 ) ;
#2056 = CARTESIAN_POINT ( 'NONE',  ( 5.350000000000002300, -0.1800000000000013300, 3.850000000000000100 ) ) ;
#2057 = ADVANCED_FACE ( 'NONE', ( #1729 ), #7396, .T. ) ;
#2058 = AXIS2_PLACEMENT_3D ( 'NONE', #207, #8505, #1970 ) ;
#2059 = CARTESIAN_POINT ( 'NONE',  ( 5.149635524265194800, -0.2244487703297379000, 2.343732459374956000 ) ) ;
#2060 = DIRECTION ( 'NONE',  ( -7.553600721220332200E-017, -1.426581805901979400E-016, 1.000000000000000000 ) ) ;
#2061 = VERTEX_POINT ( 'NONE', #9246 ) ;
#2062 = DIRECTION ( 'NONE',  ( -1.426581805901979100E-016, -1.000000000000000000, -3.448404038975182000E-016 ) ) ;
#2063 = DIRECTION ( 'NONE',  ( 0.0000000000000000000, -0.0000000000000000000, -1.000000000000000000 ) ) ;
#2064 = ORIENTED_EDGE ( 'NONE', *, *, #1938, .F. ) ;
#2065 = SURFACE_STYLE_USAGE ( .BOTH. , #6225 ) ;
#2066 = VERTEX_POINT ( 'NONE', #7478 ) ;
#2067 = DIRECTION ( 'NONE',  ( 0.0000000000000000000, 0.0000000000000000000, 1.000000000000000000 ) ) ;
#2068 = CYLINDRICAL_SURFACE ( 'NONE', #512, 0.2000000000000000900 ) ;
#2069 = DIRECTION ( 'NONE',  ( -1.426581805901979600E-016, 1.000000000000000000, 1.426581805901979400E-016 ) ) ;
#2071 = AXIS2_PLACEMENT_3D ( 'NONE', #3008, #2967, #2804 ) ;
#2070 = MECHANICAL_DESIGN_GEOMETRIC_PRESENTATION_REPRESENTATION (  '', ( #10602 ), #2664 ) ;
#2072 =( NAMED_UNIT ( * ) SI_UNIT ( $, .STERADIAN. ) SOLID_ANGLE_UNIT ( ) );
#2073 = CARTESIAN_POINT ( 'NONE',  ( 4.449999999999999300, -3.865000000000000200, 4.200000000000000200 ) ) ;
#2074 = FILL_AREA_STYLE_COLOUR ( '', #10303 ) ;
#2075 = CARTESIAN_POINT ( 'NONE',  ( -2.950000000000002800, -3.665000000000000500, -3.899999999999999500 ) ) ;
#2076 = CARTESIAN_POINT ( 'NONE',  ( -5.250000000000000900, -3.865000000000000200, 4.200000000000000200 ) ) ;
#2077 = ORIENTED_EDGE ( 'NONE', *, *, #9388, .F. ) ;
#2078 = LINE ( 'NONE', #1759, #7584 ) ;
#2079 = EDGE_CURVE ( 'NONE', #6635, #1421, #2997, .T. ) ;
#2080 = DIRECTION ( 'NONE',  ( -7.553600721220266900E-017, -2.021034546310080300E-016, 1.000000000000000000 ) ) ;
#2081 =( NAMED_UNIT ( * ) SI_UNIT ( $, .STERADIAN. ) SOLID_ANGLE_UNIT ( ) );
#2082 = ORIENTED_EDGE ( 'NONE', *, *, #1466, .F. ) ;
#2083 = CIRCLE ( 'NONE', #2330, 0.1250000000000001100 ) ;
#2084 = VECTOR ( 'NONE', #6751, 1000.000000000000000 ) ;
#2085 = PRESENTATION_STYLE_ASSIGNMENT (( #7944 ) ) ;
#2086 = ORIENTED_EDGE ( 'NONE', *, *, #615, .T. ) ;
#2087 = CARTESIAN_POINT ( 'NONE',  ( -4.725000000000002300, -3.714999999999999400, 0.8749999999999997800 ) ) ;
#2088 = FILL_AREA_STYLE_COLOUR ( '', #7540 ) ;
#2089 = PRESENTATION_LAYER_ASSIGNMENT (  '', '', ( #1461 ) ) ;
#2090 = PRESENTATION_LAYER_ASSIGNMENT (  '', '', ( #2677 ) ) ;
#2091 = DIRECTION ( 'NONE',  ( 0.0000000000000000000, -1.000000000000000000, 0.0000000000000000000 ) ) ;
#2092 = VERTEX_POINT ( 'NONE', #1203 ) ;
#2093 = SURFACE_SIDE_STYLE ('',( #9092 ) ) ;
#2094 =( GEOMETRIC_REPRESENTATION_CONTEXT ( 3 ) GLOBAL_UNCERTAINTY_ASSIGNED_CONTEXT ( ( #989 ) ) GLOBAL_UNIT_ASSIGNED_CONTEXT ( ( #5966, #7340, #8095 ) ) REPRESENTATION_CONTEXT ( 'NONE', 'WORKASPACE' ) );
#2095 = EDGE_CURVE ( 'NONE', #4108, #6394, #5296, .T. ) ;
#2096 = LINE ( 'NONE', #2999, #6755 ) ;
#2097 = CARTESIAN_POINT ( 'NONE',  ( -5.350000000000002300, -3.390000000000000100, 0.9249999999999996000 ) ) ;
#2098 =( NAMED_UNIT ( * ) PLANE_ANGLE_UNIT ( ) SI_UNIT ( $, .RADIAN. ) );
#2099 = CARTESIAN_POINT ( 'NONE',  ( -3.350000000000001400, -3.515000000000001000, 1.125000000000000000 ) ) ;
#2100 = CARTESIAN_POINT ( 'NONE',  ( 5.120000000000002800, -0.2000000000000013700, 2.350000000000000500 ) ) ;
#2101 = SURFACE_SIDE_STYLE ('',( #10162 ) ) ;
#2102 = ORIENTED_EDGE ( 'NONE', *, *, #11089, .F. ) ;
#2103 = CARTESIAN_POINT ( 'NONE',  ( 0.0000000000000000000, 1.985000000000000300, 0.0000000000000000000 ) ) ;
#2104 = CARTESIAN_POINT ( 'NONE',  ( 5.120000000000003700, -3.785000000000000600, -0.9250000000000009300 ) ) ;
#2105 = ADVANCED_FACE ( 'NONE', ( #7659 ), #11015, .T. ) ;
#2106 = EDGE_CURVE ( 'NONE', #122, #2481, #8922, .T. ) ;
#2107 = FACE_OUTER_BOUND ( 'NONE', #5287, .T. ) ;
#2108 = PRESENTATION_LAYER_ASSIGNMENT (  '', '', ( #859 ) ) ;
#2109 =( NAMED_UNIT ( * ) SI_UNIT ( $, .STERADIAN. ) SOLID_ANGLE_UNIT ( ) );
#2110 = DIRECTION ( 'NONE',  ( 1.000000000000000000, 3.571489509364014100E-015, 7.553600721220339600E-017 ) ) ;
#2111 = DIRECTION ( 'NONE',  ( 1.426581805901979600E-016, 1.000000000000000000, 1.426581805901979900E-016 ) ) ;
#2112 = DIRECTION ( 'NONE',  ( 0.0000000000000000000, -1.000000000000000000, 0.0000000000000000000 ) ) ;
#2113 = ORIENTED_EDGE ( 'NONE', *, *, #4002, .T. ) ;
#2114 =( LENGTH_UNIT ( ) NAMED_UNIT ( * ) SI_UNIT ( .MILLI., .METRE. ) );
#2115 = ADVANCED_FACE ( 'NONE', ( #1870 ), #3130, .F. ) ;
#2116 = COLOUR_RGB ( '',1.000000000000000000, 1.000000000000000000, 1.000000000000000000 ) ;
#2117 = EDGE_LOOP ( 'NONE', ( #10877, #4197, #9326, #9389 ) ) ;
#2118 = FILL_AREA_STYLE ('',( #1058 ) ) ;
#2119 = COLOUR_RGB ( '',1.000000000000000000, 1.000000000000000000, 1.000000000000000000 ) ;
#2120 = CYLINDRICAL_SURFACE ( 'NONE', #6182, 0.2999999999999999300 ) ;
#2121 = SURFACE_STYLE_FILL_AREA ( #4721 ) ;
#2122 = EDGE_CURVE ( 'NONE', #2972, #3434, #985, .T. ) ;
#2123 = CARTESIAN_POINT ( 'NONE',  ( -5.155249921937703500, -3.867499219377002400, 0.9250000000000002700 ) ) ;
#2124 = VERTEX_POINT ( 'NONE', #4392 ) ;
#2125 = DIRECTION ( 'NONE',  ( 1.000000000000000000, 2.478176394252571900E-015, 0.0000000000000000000 ) ) ;
#2126 = SURFACE_SIDE_STYLE ('',( #7256 ) ) ;
#2127 = VECTOR ( 'NONE', #4958, 1000.000000000000000 ) ;
#2128 = CARTESIAN_POINT ( 'NONE',  ( 5.150000000000003000, -0.2000000000000015400, 3.850000000000000500 ) ) ;
#2129 = LINE ( 'NONE', #2970, #1831 ) ;
#2130 = LINE ( 'NONE', #11454, #8881 ) ;
#2131 = PRESENTATION_LAYER_ASSIGNMENT (  '', '', ( #957 ) ) ;
#2132 = ORIENTED_EDGE ( 'NONE', *, *, #3323, .T. ) ;
#2133 = SURFACE_STYLE_USAGE ( .BOTH. , #488 ) ;
#2134 =( LENGTH_UNIT ( ) NAMED_UNIT ( * ) SI_UNIT ( .MILLI., .METRE. ) );
#2135 = VERTEX_POINT ( 'NONE', #10071 ) ;
#2136 = VECTOR ( 'NONE', #9835, 1000.000000000000000 ) ;
#2137 = DIRECTION ( 'NONE',  ( 0.0000000000000000000, 0.0000000000000000000, -1.000000000000000000 ) ) ;
#2138 = LINE ( 'NONE', #5202, #11270 ) ;
#2139 = CYLINDRICAL_SURFACE ( 'NONE', #2140, 0.1250000000000000000 ) ;
#2140 = AXIS2_PLACEMENT_3D ( 'NONE', #8809, #8972, #8287 ) ;
#2141 = CARTESIAN_POINT ( 'NONE',  ( -5.250000000000000900, -3.865000000000000200, -4.200000000000000200 ) ) ;
#2142 = VERTEX_POINT ( 'NONE', #3095 ) ;
#2143 = CARTESIAN_POINT ( 'NONE',  ( -5.250000000000000900, -3.865000000000000200, -5.000000000000000000 ) ) ;
#2144 = EDGE_CURVE ( 'NONE', #9264, #9610, #7520, .T. ) ;
#2145 = DIRECTION ( 'NONE',  ( -1.000000000000000000, 4.580624489496172500E-016, -3.504491870660219800E-017 ) ) ;
#2146 = ORIENTED_EDGE ( 'NONE', *, *, #2312, .F. ) ;
#2147 = EDGE_CURVE ( 'NONE', #10628, #7300, #717, .T. ) ;
#2148 = DIRECTION ( 'NONE',  ( -1.000000000000000000, 1.426581805901979900E-016, -1.927470528863118800E-016 ) ) ;
#2149 = AXIS2_PLACEMENT_3D ( 'NONE', #9212, #10952, #370 ) ;
#2150 = EDGE_LOOP ( 'NONE', ( #10506, #10907, #1276, #5011 ) ) ;
#2151 = SURFACE_STYLE_FILL_AREA ( #1977 ) ;
#2152 =( LENGTH_UNIT ( ) NAMED_UNIT ( * ) SI_UNIT ( .MILLI., .METRE. ) );
#2153 = SURFACE_STYLE_USAGE ( .BOTH. , #2192 ) ;
#2154 = DIRECTION ( 'NONE',  ( -7.553600721220332200E-017, -2.140309255009064400E-017, 1.000000000000000000 ) ) ;
#2155 = FILL_AREA_STYLE ('',( #2074 ) ) ;
#2156 = DIRECTION ( 'NONE',  ( -1.000000000000000000, 0.0000000000000000000, 0.0000000000000000000 ) ) ;
#2157 = LINE ( 'NONE', #2366, #6815 ) ;
#2158 = VECTOR ( 'NONE', #8879, 1000.000000000000000 ) ;
#2159 = PRESENTATION_STYLE_ASSIGNMENT (( #8146 ) ) ;
#2160 = UNCERTAINTY_MEASURE_WITH_UNIT (LENGTH_MEASURE( 1.000000000000000100E-005 ), #1867, 'distance_accuracy_value', 'NONE');
#2161 = ORIENTED_EDGE ( 'NONE', *, *, #9679, .F. ) ;
#2162 = ORIENTED_EDGE ( 'NONE', *, *, #2979, .T. ) ;
#2163 = CARTESIAN_POINT ( 'NONE',  ( 5.100000000000004100, -3.390000000000000100, 0.8749999999999992200 ) ) ;
#2164 = DIRECTION ( 'NONE',  ( -1.000000000000000000, -0.0000000000000000000, -0.0000000000000000000 ) ) ;
#2165 = PLANE ( 'NONE',  #1411 ) ;
#2166 = ORIENTED_EDGE ( 'NONE', *, *, #5007, .F. ) ;
#2167 = PRESENTATION_LAYER_ASSIGNMENT (  '', '', ( #5052 ) ) ;
#2168 = EDGE_CURVE ( 'NONE', #6172, #154, #9914, .T. ) ;
#2169 = VECTOR ( 'NONE', #1447, 1000.000000000000000 ) ;
#2170 = CARTESIAN_POINT ( 'NONE',  ( -5.150000000000006600, -3.815000000000000400, 0.9249999999999996000 ) ) ;
#2171 = SURFACE_STYLE_USAGE ( .BOTH. , #7429 ) ;
#2172 = ORIENTED_EDGE ( 'NONE', *, *, #10763, .T. ) ;
#2173 = VERTEX_POINT ( 'NONE', #1232 ) ;
#2174 = UNCERTAINTY_MEASURE_WITH_UNIT (LENGTH_MEASURE( 1.000000000000000100E-005 ), #462, 'distance_accuracy_value', 'NONE');
#2175 = ADVANCED_FACE ( 'NONE', ( #7231 ), #4215, .T. ) ;
#2176 = DIRECTION ( 'NONE',  ( -0.0000000000000000000, 1.000000000000000000, -0.0000000000000000000 ) ) ;
#2177 = EDGE_LOOP ( 'NONE', ( #6210, #7222, #8666, #1962 ) ) ;
#2178 = DIRECTION ( 'NONE',  ( -1.000000000000000000, 3.717264591378876000E-015, 0.0000000000000000000 ) ) ;
#2179 = STYLED_ITEM ( 'NONE', ( #1267 ), #7528 ) ;
#2180 = ADVANCED_FACE ( 'NONE', ( #11151 ), #3258, .T. ) ;
#2181 = DIRECTION ( 'NONE',  ( 1.000000000000000000, 0.0000000000000000000, 0.0000000000000000000 ) ) ;
#2182 = MECHANICAL_DESIGN_GEOMETRIC_PRESENTATION_REPRESENTATION (  '', ( #263 ), #4872 ) ;
#2183 = SURFACE_STYLE_USAGE ( .BOTH. , #7442 ) ;
#2184 = FACE_OUTER_BOUND ( 'NONE', #2948, .T. ) ;
#2185 = FILL_AREA_STYLE ('',( #338 ) ) ;
#2186 = LINE ( 'NONE', #7490, #1887 ) ;
#2187 = EDGE_LOOP ( 'NONE', ( #10934, #10450, #6054, #1196 ) ) ;
#2188 = CIRCLE ( 'NONE', #6985, 0.04999999999999969700 ) ;
#2189 = SURFACE_STYLE_USAGE ( .BOTH. , #2647 ) ;
#2190 = ORIENTED_EDGE ( 'NONE', *, *, #7751, .F. ) ;
#2191 = CARTESIAN_POINT ( 'NONE',  ( 4.725000000000003200, -3.390000000000000100, 0.9249999999999997100 ) ) ;
#2192 = SURFACE_SIDE_STYLE ('',( #550 ) ) ;
#2193 = DIRECTION ( 'NONE',  ( -1.426581805901975000E-016, 1.000000000000000000, 2.140309255008997200E-017 ) ) ;
#2194 = DIRECTION ( 'NONE',  ( 0.0000000000000000000, -1.000000000000000000, 0.0000000000000000000 ) ) ;
#2195 = VECTOR ( 'NONE', #9134, 1000.000000000000000 ) ;
#2196 = CARTESIAN_POINT ( 'NONE',  ( -5.120000000000001900, -0.2300000000000004500, -3.850000000000000100 ) ) ;
#2197 = ORIENTED_EDGE ( 'NONE', *, *, #107, .F. ) ;
#2198 = UNCERTAINTY_MEASURE_WITH_UNIT (LENGTH_MEASURE( 1.000000000000000100E-005 ), #1948, 'distance_accuracy_value', 'NONE');
#2199 = EDGE_CURVE ( 'NONE', #10609, #2359, #7923, .T. ) ;
#2200 = DIRECTION ( 'NONE',  ( 2.465190328815661900E-032, 1.426581805901979900E-016, -1.000000000000000000 ) ) ;
#2201 = AXIS2_PLACEMENT_3D ( 'NONE', #10138, #10818, #10597 ) ;
#2202 =( GEOMETRIC_REPRESENTATION_CONTEXT ( 3 ) GLOBAL_UNCERTAINTY_ASSIGNED_CONTEXT ( ( #5148 ) ) GLOBAL_UNIT_ASSIGNED_CONTEXT ( ( #3418, #9611, #4293 ) ) REPRESENTATION_CONTEXT ( 'NONE', 'WORKASPACE' ) );
#2203 = DIRECTION ( 'NONE',  ( -3.526005099788157400E-016, -1.000000000000000000, 5.952404271712220800E-017 ) ) ;
#2204 = ORIENTED_EDGE ( 'NONE', *, *, #10014, .T. ) ;
#2205 = ORIENTED_EDGE ( 'NONE', *, *, #697, .T. ) ;
#2206 = LINE ( 'NONE', #6259, #4517 ) ;
#2207 = ORIENTED_EDGE ( 'NONE', *, *, #9736, .T. ) ;
#2208 = CARTESIAN_POINT ( 'NONE',  ( 5.150000000000003900, -3.815000000000000400, -0.9250000000000009300 ) ) ;
#2209 = FILL_AREA_STYLE ('',( #2327 ) ) ;
#2210 = FILL_AREA_STYLE ('',( #3622 ) ) ;
#2211 = VECTOR ( 'NONE', #1324, 1000.000000000000000 ) ;
#2212 = VECTOR ( 'NONE', #764, 1000.000000000000000 ) ;
#2213 = DIRECTION ( 'NONE',  ( -1.426581805901979600E-016, 1.000000000000000000, 1.426581805901979400E-016 ) ) ;
#2214 = ORIENTED_EDGE ( 'NONE', *, *, #4494, .F. ) ;
#2215 = ORIENTED_EDGE ( 'NONE', *, *, #6129, .F. ) ;
#2216 = DIRECTION ( 'NONE',  ( 7.553600721220374100E-017, 3.348823158252935500E-015, -1.000000000000000000 ) ) ;
#2217 = CYLINDRICAL_SURFACE ( 'NONE', #2730, 0.2000000000000000100 ) ;
#2218 = VERTEX_POINT ( 'NONE', #490 ) ;
#2219 =( NAMED_UNIT ( * ) PLANE_ANGLE_UNIT ( ) SI_UNIT ( $, .RADIAN. ) );
#2220 = STYLED_ITEM ( 'NONE', ( #7389 ), #2105 ) ;
#2221 = PRESENTATION_STYLE_ASSIGNMENT (( #860 ) ) ;
#2222 = DIRECTION ( 'NONE',  ( -1.426581805901979600E-016, 1.000000000000000000, 1.426581805901979400E-016 ) ) ;
#2223 = LINE ( 'NONE', #8982, #11075 ) ;
#2224 = CARTESIAN_POINT ( 'NONE',  ( 5.249999999999999100, -3.865000000000000200, 5.000000000000000000 ) ) ;
#2225 = CARTESIAN_POINT ( 'NONE',  ( 4.725000000000003200, -3.515000000000000600, 1.124999999999999600 ) ) ;
#2226 = DIRECTION ( 'NONE',  ( 1.000000000000000000, 0.0000000000000000000, 0.0000000000000000000 ) ) ;
#2227 = LINE ( 'NONE', #4697, #6602 ) ;
#2228 =( NAMED_UNIT ( * ) SI_UNIT ( $, .STERADIAN. ) SOLID_ANGLE_UNIT ( ) );
#2229 = ADVANCED_FACE ( 'NONE', ( #5568 ), #2832, .F. ) ;
#2230 = VERTEX_POINT ( 'NONE', #4361 ) ;
#2231 = MECHANICAL_DESIGN_GEOMETRIC_PRESENTATION_REPRESENTATION (  '', ( #7529 ), #385 ) ;
#2233 =( GEOMETRIC_REPRESENTATION_CONTEXT ( 3 ) GLOBAL_UNCERTAINTY_ASSIGNED_CONTEXT ( ( #6434 ) ) GLOBAL_UNIT_ASSIGNED_CONTEXT ( ( #7606, #7489, #7536 ) ) REPRESENTATION_CONTEXT ( 'NONE', 'WORKASPACE' ) );
#2232 = MECHANICAL_DESIGN_GEOMETRIC_PRESENTATION_REPRESENTATION (  '', ( #970 ), #2812 ) ;
#2234 = FILL_AREA_STYLE ('',( #3083 ) ) ;
#2235 =( NAMED_UNIT ( * ) SI_UNIT ( $, .STERADIAN. ) SOLID_ANGLE_UNIT ( ) );
#2236 = CARTESIAN_POINT ( 'NONE',  ( -4.350000000000003200, -4.015000000000000600, -5.854372770656183800E-016 ) ) ;
#2237 = CARTESIAN_POINT ( 'NONE',  ( 5.120000000000002800, -0.2000000000000015400, 3.850000000000000500 ) ) ;
#2238 = VECTOR ( 'NONE', #8649, 1000.000000000000000 ) ;
#2239 = DIRECTION ( 'NONE',  ( 1.000000000000000000, -3.348823158252936600E-015, 2.014244061477902700E-016 ) ) ;
#2240 = AXIS2_PLACEMENT_3D ( 'NONE', #6972, #67, #1638 ) ;
#2241 = EDGE_CURVE ( 'NONE', #6963, #4406, #2434, .T. ) ;
#2242 = CARTESIAN_POINT ( 'NONE',  ( -5.350000000000001400, -1.870000000000000600, -3.650000000000001200 ) ) ;
#2243 = CARTESIAN_POINT ( 'NONE',  ( 3.350000000000004100, -4.014999999999999700, -3.850000000000000500 ) ) ;
#2244 = ORIENTED_EDGE ( 'NONE', *, *, #4749, .T. ) ;
#2245 = PRESENTATION_STYLE_ASSIGNMENT (( #11194 ) ) ;
#2246 = EDGE_LOOP ( 'NONE', ( #6572, #4727, #3643, #6056 ) ) ;
#2247 = COLOUR_RGB ( '',1.000000000000000000, 1.000000000000000000, 1.000000000000000000 ) ;
#2248 = CARTESIAN_POINT ( 'NONE',  ( -5.150000000000004800, -3.815000000000001700, 0.9249999999999996000 ) ) ;
#2249 = FILL_AREA_STYLE ('',( #6603 ) ) ;
#2250 = DIRECTION ( 'NONE',  ( 0.0000000000000000000, 0.0000000000000000000, -1.000000000000000000 ) ) ;
#2251 = AXIS2_PLACEMENT_3D ( 'NONE', #5436, #108, #6330 ) ;
#2252 = FILL_AREA_STYLE ('',( #8091 ) ) ;
#2253 = DIRECTION ( 'NONE',  ( 1.000000000000000000, 9.827563551769193000E-017, 3.504491870660224700E-017 ) ) ;
#2254 = EDGE_CURVE ( 'NONE', #7910, #154, #10337, .T. ) ;
#2255 = VERTEX_POINT ( 'NONE', #9575 ) ;
#2256 = COLOUR_RGB ( '',0.9098039215686274400, 0.4431372549019607600, 0.03137254901960784300 ) ;
#2257 = CYLINDRICAL_SURFACE ( 'NONE', #8341, 0.05000000000000002400 ) ;
#2258 = CARTESIAN_POINT ( 'NONE',  ( 3.355000000000002600, -3.714999999999994500, -0.7499999999999984500 ) ) ;
#2259 = CIRCLE ( 'NONE', #10901, 0.1799999999999996000 ) ;
#2260 =( LENGTH_UNIT ( ) NAMED_UNIT ( * ) SI_UNIT ( .MILLI., .METRE. ) );
#2261 = CARTESIAN_POINT ( 'NONE',  ( 5.150000000000003000, -0.4000000000000012400, 1.125000000000000400 ) ) ;
#2262 = PRESENTATION_STYLE_ASSIGNMENT (( #3135 ) ) ;
#2263 = AXIS2_PLACEMENT_3D ( 'NONE', #2528, #4883, #7355 ) ;
#2264 = CARTESIAN_POINT ( 'NONE',  ( 3.350000000000002300, -3.515000000000001000, 0.9249999999999992700 ) ) ;
#2265 = ORIENTED_EDGE ( 'NONE', *, *, #5654, .F. ) ;
#2266 =( NAMED_UNIT ( * ) SI_UNIT ( $, .STERADIAN. ) SOLID_ANGLE_UNIT ( ) );
#2267 = SURFACE_STYLE_FILL_AREA ( #3085 ) ;
#2268 = EDGE_CURVE ( 'NONE', #7994, #3715, #11547, .T. ) ;
#2269 = AXIS2_PLACEMENT_3D ( 'NONE', #149, #8197, #2930 ) ;
#2270 = PLANE ( 'NONE',  #9200 ) ;
#2271 =( NAMED_UNIT ( * ) PLANE_ANGLE_UNIT ( ) SI_UNIT ( $, .RADIAN. ) );
#2272 = CARTESIAN_POINT ( 'NONE',  ( 3.350000000000003200, -4.015000000000000600, 1.124999999999999800 ) ) ;
#2273 = DIRECTION ( 'NONE',  ( 0.0000000000000000000, 0.0000000000000000000, 1.000000000000000000 ) ) ;
#2274 = ORIENTED_EDGE ( 'NONE', *, *, #1236, .F. ) ;
#2275 =( LENGTH_UNIT ( ) NAMED_UNIT ( * ) SI_UNIT ( .MILLI., .METRE. ) );
#2276 =( NAMED_UNIT ( * ) SI_UNIT ( $, .STERADIAN. ) SOLID_ANGLE_UNIT ( ) );
#2277 =( LENGTH_UNIT ( ) NAMED_UNIT ( * ) SI_UNIT ( .MILLI., .METRE. ) );
#2278 = ORIENTED_EDGE ( 'NONE', *, *, #2534, .T. ) ;
#2279 =( NAMED_UNIT ( * ) PLANE_ANGLE_UNIT ( ) SI_UNIT ( $, .RADIAN. ) );
#2280 = COLOUR_RGB ( '',0.9098039215686274400, 0.4431372549019607600, 0.03137254901960784300 ) ;
#2281 = CARTESIAN_POINT ( 'NONE',  ( 4.725000000000003200, -3.715000000000000700, -1.125000000000000900 ) ) ;
#2282 = SURFACE_STYLE_FILL_AREA ( #8991 ) ;
#2283 = ORIENTED_EDGE ( 'NONE', *, *, #2513, .T. ) ;
#2284 = EDGE_CURVE ( 'NONE', #2297, #4687, #4464, .T. ) ;
#2285 = CARTESIAN_POINT ( 'NONE',  ( 4.449999999999995700, -3.865000000000000200, 5.000000000000000000 ) ) ;
#2286 = ORIENTED_EDGE ( 'NONE', *, *, #5819, .T. ) ;
#2287 = MECHANICAL_DESIGN_GEOMETRIC_PRESENTATION_REPRESENTATION (  '', ( #1030 ), #2863 ) ;
#2288 = DIRECTION ( 'NONE',  ( 0.0000000000000000000, -1.000000000000000000, 0.0000000000000000000 ) ) ;
#2289 = ADVANCED_FACE ( 'NONE', ( #6812 ), #5705, .F. ) ;
#2290 = ORIENTED_EDGE ( 'NONE', *, *, #9646, .F. ) ;
#2291 = CYLINDRICAL_SURFACE ( 'NONE', #3902, 0.2000000000000000900 ) ;
#2292 = MECHANICAL_DESIGN_GEOMETRIC_PRESENTATION_REPRESENTATION (  '', ( #8519 ), #9328 ) ;
#2293 = CYLINDRICAL_SURFACE ( 'NONE', #8324, 0.2999999999999999300 ) ;
#2294 = LINE ( 'NONE', #10174, #11144 ) ;
#2295 = SURFACE_STYLE_FILL_AREA ( #4285 ) ;
#2296 = SURFACE_STYLE_FILL_AREA ( #6501 ) ;
#2297 = VERTEX_POINT ( 'NONE', #5145 ) ;
#2298 = ORIENTED_EDGE ( 'NONE', *, *, #1292, .F. ) ;
#2299 =( LENGTH_UNIT ( ) NAMED_UNIT ( * ) SI_UNIT ( .MILLI., .METRE. ) );
#2300 = ORIENTED_EDGE ( 'NONE', *, *, #4535, .T. ) ;
#2301 =( NAMED_UNIT ( * ) PLANE_ANGLE_UNIT ( ) SI_UNIT ( $, .RADIAN. ) );
#2302 = CARTESIAN_POINT ( 'NONE',  ( -4.450000000000001100, -3.865000000000000200, 4.200000000000000200 ) ) ;
#2303 =( LENGTH_UNIT ( ) NAMED_UNIT ( * ) SI_UNIT ( .MILLI., .METRE. ) );
#2304 = PRESENTATION_STYLE_ASSIGNMENT (( #37 ) ) ;
#2305 = SURFACE_STYLE_FILL_AREA ( #10969 ) ;
#2306 = CARTESIAN_POINT ( 'NONE',  ( 2.950000000000002800, -3.365000000000000700, -1.799999999999999600 ) ) ;
#2307 = UNCERTAINTY_MEASURE_WITH_UNIT (LENGTH_MEASURE( 1.000000000000000100E-005 ), #394, 'distance_accuracy_value', 'NONE');
#2308 = ORIENTED_EDGE ( 'NONE', *, *, #8078, .T. ) ;
#2309 = PRESENTATION_LAYER_ASSIGNMENT (  '', '', ( #1698 ) ) ;
#2310 = ORIENTED_EDGE ( 'NONE', *, *, #6285, .T. ) ;
#2311 = EDGE_LOOP ( 'NONE', ( #3619, #8892, #1905, #3026 ) ) ;
#2312 = EDGE_CURVE ( 'NONE', #7573, #6576, #8058, .T. ) ;
#2313 = DIRECTION ( 'NONE',  ( -2.379972492887966100E-016, -0.6887494619146932200, 0.7249994335944136600 ) ) ;
#2314 = FILL_AREA_STYLE ('',( #424 ) ) ;
#2315 = DIRECTION ( 'NONE',  ( 1.000000000000000000, 0.0000000000000000000, 0.0000000000000000000 ) ) ;
#2316 = CARTESIAN_POINT ( 'NONE',  ( -4.590000000000002500, -0.2000000000000015700, 3.850000000000000500 ) ) ;
#2317 = DIRECTION ( 'NONE',  ( 3.526005099788156900E-016, -1.000000000000000000, -1.426581805901978900E-016 ) ) ;
#2318 = FILL_AREA_STYLE ('',( #5793 ) ) ;
#2319 = CARTESIAN_POINT ( 'NONE',  ( 3.350000000000003600, -3.764999999999999700, -0.9250000000000009300 ) ) ;
#2320 = ORIENTED_EDGE ( 'NONE', *, *, #10432, .T. ) ;
#2321 = UNCERTAINTY_MEASURE_WITH_UNIT (LENGTH_MEASURE( 1.000000000000000100E-005 ), #11303, 'distance_accuracy_value', 'NONE');
#2322 = DIRECTION ( 'NONE',  ( 6.736636305648237600E-017, -1.000000000000000000, -1.426581805901979400E-016 ) ) ;
#2323 = MECHANICAL_DESIGN_GEOMETRIC_PRESENTATION_REPRESENTATION (  '', ( #1912 ), #2782 ) ;
#2324 = EDGE_CURVE ( 'NONE', #6566, #10391, #1278, .T. ) ;
#2325 = SURFACE_STYLE_USAGE ( .BOTH. , #3311 ) ;
#2326 = CARTESIAN_POINT ( 'NONE',  ( -5.250000000000000900, -3.865000000000000200, 5.000000000000000000 ) ) ;
#2327 = FILL_AREA_STYLE_COLOUR ( '', #1308 ) ;
#2328 = CARTESIAN_POINT ( 'NONE',  ( 4.850000000000002300, -3.390000000000000600, -1.125000000000000700 ) ) ;
#2329 = FILL_AREA_STYLE ('',( #481 ) ) ;
#2330 = AXIS2_PLACEMENT_3D ( 'NONE', #4802, #4691, #4643 ) ;
#2331 = CIRCLE ( 'NONE', #10868, 0.05000000000000002400 ) ;
#2332 = ORIENTED_EDGE ( 'NONE', *, *, #11204, .T. ) ;
#2333 = CARTESIAN_POINT ( 'NONE',  ( -4.975000000000002300, -0.4249999999999959900, -0.7500000000000015500 ) ) ;
#2334 = PLANE ( 'NONE',  #3669 ) ;
#2335 = EDGE_CURVE ( 'NONE', #9901, #4939, #3649, .T. ) ;
#2336 = CARTESIAN_POINT ( 'NONE',  ( -4.590000000000001600, -3.865265568693875700E-016, -2.350000000000000500 ) ) ;
#2337 = ORIENTED_EDGE ( 'NONE', *, *, #615, .F. ) ;
#2338 =( NAMED_UNIT ( * ) PLANE_ANGLE_UNIT ( ) SI_UNIT ( $, .RADIAN. ) );
#2339 = FACE_OUTER_BOUND ( 'NONE', #11414, .T. ) ;
#2340 = DIRECTION ( 'NONE',  ( 1.000000000000000000, 9.827563551769193000E-017, 1.927470528863119000E-016 ) ) ;
#2341 = LINE ( 'NONE', #1809, #9105 ) ;
#2342 = UNCERTAINTY_MEASURE_WITH_UNIT (LENGTH_MEASURE( 1.000000000000000100E-005 ), #4483, 'distance_accuracy_value', 'NONE');
#2343 = DIRECTION ( 'NONE',  ( 1.426581805901975000E-016, 1.000000000000000000, 3.348823158252935900E-015 ) ) ;
#2344 = ADVANCED_FACE ( 'NONE', ( #968 ), #2291, .T. ) ;
#2345 = CARTESIAN_POINT ( 'NONE',  ( 4.975000000000002300, -0.2499999999999985000, 0.7500000000000021100 ) ) ;
#2346 = DIRECTION ( 'NONE',  ( -3.526005099788157400E-016, 1.000000000000000000, 2.725027521453481400E-016 ) ) ;
#2347 = DIRECTION ( 'NONE',  ( -1.426581805901979100E-016, -1.000000000000000000, -3.448404038975182000E-016 ) ) ;
#2348 = EDGE_LOOP ( 'NONE', ( #8676, #5585, #1996, #3136, #7705, #11167, #11342, #4547, #337, #9807, #5126, #8929, #5991, #3441, #2204, #843, #2577, #7138, #435, #5671 ) ) ;
#2349 = DIRECTION ( 'NONE',  ( 1.000000000000000000, -0.0000000000000000000, -8.260587980841940000E-017 ) ) ;
#2350 = VERTEX_POINT ( 'NONE', #2498 ) ;
#2351 = ORIENTED_EDGE ( 'NONE', *, *, #2655, .F. ) ;
#2352 = EDGE_CURVE ( 'NONE', #10822, #11355, #6946, .T. ) ;
#2353 = EDGE_CURVE ( 'NONE', #1060, #863, #125, .T. ) ;
#2354 = EDGE_LOOP ( 'NONE', ( #5967, #2244, #9047, #9884, #5426, #10013, #4936, #497 ) ) ;
#2355 = PRESENTATION_LAYER_ASSIGNMENT (  '', '', ( #1741 ) ) ;
#2356 =( NAMED_UNIT ( * ) SI_UNIT ( $, .STERADIAN. ) SOLID_ANGLE_UNIT ( ) );
#2357 = PRESENTATION_STYLE_ASSIGNMENT (( #2133 ) ) ;
#2358 = ORIENTED_EDGE ( 'NONE', *, *, #3454, .F. ) ;
#2359 = VERTEX_POINT ( 'NONE', #10289 ) ;
#2360 = CARTESIAN_POINT ( 'NONE',  ( -5.170000000000002600, -4.015000000000000600, 1.124999999999999100 ) ) ;
#2361 = PLANE ( 'NONE',  #5310 ) ;
#2362 = ORIENTED_EDGE ( 'NONE', *, *, #8915, .T. ) ;
#2363 =( GEOMETRIC_REPRESENTATION_CONTEXT ( 3 ) GLOBAL_UNCERTAINTY_ASSIGNED_CONTEXT ( ( #27 ) ) GLOBAL_UNIT_ASSIGNED_CONTEXT ( ( #5115, #5085, #5072 ) ) REPRESENTATION_CONTEXT ( 'NONE', 'WORKASPACE' ) );
#2364 = ORIENTED_EDGE ( 'NONE', *, *, #9750, .F. ) ;
#2365 =( LENGTH_UNIT ( ) NAMED_UNIT ( * ) SI_UNIT ( .MILLI., .METRE. ) );
#2366 = CARTESIAN_POINT ( 'NONE',  ( -3.350000000000005000, -3.815000000000000800, 3.650000000000000400 ) ) ;
#2367 = CARTESIAN_POINT ( 'NONE',  ( -5.309928226682516500, -3.830992822668251900, -1.002085514207895900 ) ) ;
#2368 = VECTOR ( 'NONE', #4561, 1000.000000000000000 ) ;
#2369 = UNCERTAINTY_MEASURE_WITH_UNIT (LENGTH_MEASURE( 1.000000000000000100E-005 ), #196, 'distance_accuracy_value', 'NONE');
#2370 = CARTESIAN_POINT ( 'NONE',  ( -4.025000000000001200, -0.2500000000000041600, 0.7499999999999990000 ) ) ;
#2371 = VERTEX_POINT ( 'NONE', #3033 ) ;
#2372 = COLOUR_RGB ( '',1.000000000000000000, 1.000000000000000000, 1.000000000000000000 ) ;
#2373 = EDGE_CURVE ( 'NONE', #590, #2876, #4330, .T. ) ;
#2374 = PLANE ( 'NONE',  #3756 ) ;
#2375 =( GEOMETRIC_REPRESENTATION_CONTEXT ( 3 ) GLOBAL_UNCERTAINTY_ASSIGNED_CONTEXT ( ( #5521 ) ) GLOBAL_UNIT_ASSIGNED_CONTEXT ( ( #6915, #8401, #5734 ) ) REPRESENTATION_CONTEXT ( 'NONE', 'WORKASPACE' ) );
#2376 = EDGE_LOOP ( 'NONE', ( #2441, #6719, #7708, #1864 ) ) ;
#2377 = CARTESIAN_POINT ( 'NONE',  ( -4.025000000000001200, -0.1250000000000041600, 0.7499999999999994400 ) ) ;
#2378 = CARTESIAN_POINT ( 'NONE',  ( -5.170000000000003500, -4.015000000000000600, 1.007842712474618800 ) ) ;
#2379 = UNCERTAINTY_MEASURE_WITH_UNIT (LENGTH_MEASURE( 1.000000000000000100E-005 ), #2515, 'distance_accuracy_value', 'NONE');
#2380 =( NAMED_UNIT ( * ) PLANE_ANGLE_UNIT ( ) SI_UNIT ( $, .RADIAN. ) );
#2381 = PRESENTATION_STYLE_ASSIGNMENT (( #294 ) ) ;
#2382 =( GEOMETRIC_REPRESENTATION_CONTEXT ( 3 ) GLOBAL_UNCERTAINTY_ASSIGNED_CONTEXT ( ( #2160 ) ) GLOBAL_UNIT_ASSIGNED_CONTEXT ( ( #1867, #1822, #1293 ) ) REPRESENTATION_CONTEXT ( 'NONE', 'WORKASPACE' ) );
#2383 =( GEOMETRIC_REPRESENTATION_CONTEXT ( 3 ) GLOBAL_UNCERTAINTY_ASSIGNED_CONTEXT ( ( #8323 ) ) GLOBAL_UNIT_ASSIGNED_CONTEXT ( ( #9250, #3953, #10164 ) ) REPRESENTATION_CONTEXT ( 'NONE', 'WORKASPACE' ) );
#2384 = CARTESIAN_POINT ( 'NONE',  ( -5.170000000000001700, -3.835000000000000000, -3.650000000000001700 ) ) ;
#2385 =( NAMED_UNIT ( * ) SI_UNIT ( $, .STERADIAN. ) SOLID_ANGLE_UNIT ( ) );
#2386 = DIRECTION ( 'NONE',  ( 1.927470528863119300E-016, 3.448404038975181500E-016, -1.000000000000000000 ) ) ;
#2387 = ORIENTED_EDGE ( 'NONE', *, *, #6209, .F. ) ;
#2388 = EDGE_CURVE ( 'NONE', #4726, #8821, #4607, .T. ) ;
#2389 = EDGE_CURVE ( 'NONE', #7096, #466, #9055, .T. ) ;
#2390 =( NAMED_UNIT ( * ) PLANE_ANGLE_UNIT ( ) SI_UNIT ( $, .RADIAN. ) );
#2391 =( NAMED_UNIT ( * ) SI_UNIT ( $, .STERADIAN. ) SOLID_ANGLE_UNIT ( ) );
#2392 = PRESENTATION_STYLE_ASSIGNMENT (( #9725 ) ) ;
#2393 = COLOUR_RGB ( '',1.000000000000000000, 1.000000000000000000, 1.000000000000000000 ) ;
#2394 = CARTESIAN_POINT ( 'NONE',  ( 5.050000000000003400, -3.390000000000000100, 0.8749999999999992200 ) ) ;
#2395 = ORIENTED_EDGE ( 'NONE', *, *, #2934, .T. ) ;
#2396 =( NAMED_UNIT ( * ) SI_UNIT ( $, .STERADIAN. ) SOLID_ANGLE_UNIT ( ) );
#2397 = ADVANCED_FACE ( 'NONE', ( #6668 ), #832, .T. ) ;
#2398 = STYLED_ITEM ( 'NONE', ( #6674 ), #7411 ) ;
#2399 = PRESENTATION_LAYER_ASSIGNMENT (  '', '', ( #1786 ) ) ;
#2400 = FACE_OUTER_BOUND ( 'NONE', #1752, .T. ) ;
#2401 = EDGE_CURVE ( 'NONE', #3042, #80, #10323, .T. ) ;
#2402 = CYLINDRICAL_SURFACE ( 'NONE', #10550, 0.1250000000000001100 ) ;
#2403 = CARTESIAN_POINT ( 'NONE',  ( -4.975000000000001400, 4.038653092508504000E-015, -0.7500000000000001100 ) ) ;
#2404 = UNCERTAINTY_MEASURE_WITH_UNIT (LENGTH_MEASURE( 1.000000000000000100E-005 ), #9399, 'distance_accuracy_value', 'NONE');
#2405 = UNCERTAINTY_MEASURE_WITH_UNIT (LENGTH_MEASURE( 1.000000000000000100E-005 ), #3583, 'distance_accuracy_value', 'NONE');
#2406 = VERTEX_POINT ( 'NONE', #10685 ) ;
#2407 = SURFACE_STYLE_FILL_AREA ( #2773 ) ;
#2408 =( NAMED_UNIT ( * ) SI_UNIT ( $, .STERADIAN. ) SOLID_ANGLE_UNIT ( ) );
#2409 = SURFACE_STYLE_FILL_AREA ( #3666 ) ;
#2410 = FILL_AREA_STYLE ('',( #4978 ) ) ;
#2411 = LINE ( 'NONE', #3809, #6791 ) ;
#2412 = DIRECTION ( 'NONE',  ( -1.000000000000000000, 3.571489509364014100E-015, 0.0000000000000000000 ) ) ;
#2413 = VECTOR ( 'NONE', #11246, 1000.000000000000000 ) ;
#2414 =( NAMED_UNIT ( * ) SI_UNIT ( $, .STERADIAN. ) SOLID_ANGLE_UNIT ( ) );
#2415 = EDGE_LOOP ( 'NONE', ( #9947, #8142, #4186, #10688 ) ) ;
#2416 = FILL_AREA_STYLE_COLOUR ( '', #9410 ) ;
#2417 = VERTEX_POINT ( 'NONE', #10111 ) ;
#2418 = EDGE_CURVE ( 'NONE', #10120, #3053, #5270, .T. ) ;
#2419 = ORIENTED_EDGE ( 'NONE', *, *, #29, .F. ) ;
#2420 = EDGE_CURVE ( 'NONE', #4253, #3137, #10040, .T. ) ;
#2421 = MECHANICAL_DESIGN_GEOMETRIC_PRESENTATION_REPRESENTATION (  '', ( #581 ), #3017 ) ;
#2422 = DIRECTION ( 'NONE',  ( 0.0000000000000000000, 0.0000000000000000000, -1.000000000000000000 ) ) ;
#2423 =( NAMED_UNIT ( * ) PLANE_ANGLE_UNIT ( ) SI_UNIT ( $, .RADIAN. ) );
#2424 = DIRECTION ( 'NONE',  ( -1.000000000000000000, -0.0000000000000000000, -0.0000000000000000000 ) ) ;
#2425 = CYLINDRICAL_SURFACE ( 'NONE', #3397, 0.8000000000000003800 ) ;
#2426 = CARTESIAN_POINT ( 'NONE',  ( -4.850000000000002300, -1.870000000000000600, -1.125000000000000400 ) ) ;
#2427 = COLOUR_RGB ( '',1.000000000000000000, 1.000000000000000000, 1.000000000000000000 ) ;
#2428 = EDGE_LOOP ( 'NONE', ( #2214, #7956, #9740, #8482, #1186, #6550, #2480, #3068, #2879, #5998, #10447, #1566, #8196 ) ) ;
#2429 =( NAMED_UNIT ( * ) PLANE_ANGLE_UNIT ( ) SI_UNIT ( $, .RADIAN. ) );
#2430 = DIRECTION ( 'NONE',  ( 3.526005099788157400E-016, -1.000000000000000000, -3.448404038975181500E-016 ) ) ;
#2431 = VERTEX_POINT ( 'NONE', #947 ) ;
#2432 = PLANE ( 'NONE',  #8308 ) ;
#2433 = ORIENTED_EDGE ( 'NONE', *, *, #4096, .F. ) ;
#2434 = LINE ( 'NONE', #662, #9204 ) ;
#2435 = CARTESIAN_POINT ( 'NONE',  ( -4.850000000000002300, -1.870000000000000600, -1.125000000000000400 ) ) ;
#2436 = CARTESIAN_POINT ( 'NONE',  ( 5.170000000000002600, -0.1800000000000007400, 1.747409143683428900E-016 ) ) ;
#2437 = LINE ( 'NONE', #9935, #4468 ) ;
#2438 = EDGE_CURVE ( 'NONE', #11059, #1921, #3247, .T. ) ;
#2439 =( LENGTH_UNIT ( ) NAMED_UNIT ( * ) SI_UNIT ( .MILLI., .METRE. ) );
#2440 = ORIENTED_EDGE ( 'NONE', *, *, #10989, .F. ) ;
#2441 = ORIENTED_EDGE ( 'NONE', *, *, #9789, .F. ) ;
#2442 = CARTESIAN_POINT ( 'NONE',  ( 4.975000000000002300, -0.4249999999999984300, -0.7499999999999980000 ) ) ;
#2443 = MECHANICAL_DESIGN_GEOMETRIC_PRESENTATION_REPRESENTATION (  '', ( #2589 ), #2375 ) ;
#2444 = CARTESIAN_POINT ( 'NONE',  ( -3.350000000000002800, -3.715000000000001200, 0.9249999999999998200 ) ) ;
#2445 = VERTEX_POINT ( 'NONE', #445 ) ;
#2446 = DIRECTION ( 'NONE',  ( 1.000000000000000000, 3.634139519433330900E-015, 7.553600721220340800E-017 ) ) ;
#2447 = FACE_OUTER_BOUND ( 'NONE', #7133, .T. ) ;
#2448 = EDGE_LOOP ( 'NONE', ( #10230, #829, #8139, #2889, #10178, #4748, #10109, #9234, #6939, #6686, #10354, #6808, #7777, #3102 ) ) ;
#2449 = FILL_AREA_STYLE_COLOUR ( '', #7948 ) ;
#2451 = MECHANICAL_DESIGN_GEOMETRIC_PRESENTATION_REPRESENTATION (  '', ( #2745 ), #2363 ) ;
#2450 = AXIS2_PLACEMENT_3D ( 'NONE', #5999, #700, #6899 ) ;
#2452 = ORIENTED_EDGE ( 'NONE', *, *, #3322, .T. ) ;
#2453 =( NAMED_UNIT ( * ) PLANE_ANGLE_UNIT ( ) SI_UNIT ( $, .RADIAN. ) );
#2454 = CYLINDRICAL_SURFACE ( 'NONE', #4322, 0.1250000000000001100 ) ;
#2455 = DIRECTION ( 'NONE',  ( -1.000000000000000000, 3.348823158252935900E-015, -2.014244061477902700E-016 ) ) ;
#2456 = EDGE_CURVE ( 'NONE', #8763, #396, #7637, .T. ) ;
#2457 = DIRECTION ( 'NONE',  ( 1.000000000000000000, 3.717264591378876000E-015, 0.0000000000000000000 ) ) ;
#2458 = DIRECTION ( 'NONE',  ( 0.0000000000000000000, -1.000000000000000000, 0.0000000000000000000 ) ) ;
#2459 = ADVANCED_FACE ( 'NONE', ( #7911 ), #4190, .T. ) ;
#2460 = CARTESIAN_POINT ( 'NONE',  ( -3.350000000000001400, -1.870000000000001000, -3.650000000000001200 ) ) ;
#2461 = VECTOR ( 'NONE', #6696, 1000.000000000000000 ) ;
#2462 =( NAMED_UNIT ( * ) SI_UNIT ( $, .STERADIAN. ) SOLID_ANGLE_UNIT ( ) );
#2463 = ORIENTED_EDGE ( 'NONE', *, *, #11448, .F. ) ;
#2464 = CARTESIAN_POINT ( 'NONE',  ( 5.309928226682517400, -3.830992822668251900, -1.002085514207894800 ) ) ;
#2465 = DIRECTION ( 'NONE',  ( 0.9404533124606545600, 0.0000000000000000000, 0.3399228840219241100 ) ) ;
#2466 = AXIS2_PLACEMENT_3D ( 'NONE', #3168, #3424, #4261 ) ;
#2467 = AXIS2_PLACEMENT_3D ( 'NONE', #9707, #4381, #10611 ) ;
#2468 = EDGE_LOOP ( 'NONE', ( #6319, #452, #1458, #9337, #1740 ) ) ;
#2469 = AXIS2_PLACEMENT_3D ( 'NONE', #3943, #8209, #8924 ) ;
#2470 = DIRECTION ( 'NONE',  ( 1.000000000000000000, 0.0000000000000000000, 0.0000000000000000000 ) ) ;
#2471 = EDGE_CURVE ( 'NONE', #4485, #8913, #6511, .T. ) ;
#2472 =( NAMED_UNIT ( * ) SI_UNIT ( $, .STERADIAN. ) SOLID_ANGLE_UNIT ( ) );
#2473 = PRESENTATION_STYLE_ASSIGNMENT (( #6606 ) ) ;
#2474 = FILL_AREA_STYLE ('',( #4834 ) ) ;
#2475 = DIRECTION ( 'NONE',  ( 1.426581805901979600E-016, 1.000000000000000000, 1.426581805901979900E-016 ) ) ;
#2476 = VECTOR ( 'NONE', #6888, 1000.000000000000000 ) ;
#2477 =( NAMED_UNIT ( * ) SI_UNIT ( $, .STERADIAN. ) SOLID_ANGLE_UNIT ( ) );
#2478 = DIRECTION ( 'NONE',  ( 1.000000000000000000, 1.426581805901979400E-016, 1.927470528863119300E-016 ) ) ;
#2479 = ORIENTED_EDGE ( 'NONE', *, *, #2106, .T. ) ;
#2480 = ORIENTED_EDGE ( 'NONE', *, *, #3375, .F. ) ;
#2481 = VERTEX_POINT ( 'NONE', #9013 ) ;
#2482 = PRESENTATION_STYLE_ASSIGNMENT (( #10809 ) ) ;
#2483 = EDGE_LOOP ( 'NONE', ( #9128, #408, #7582, #2298 ) ) ;
#2484 = SURFACE_SIDE_STYLE ('',( #4507 ) ) ;
#2485 = EDGE_CURVE ( 'NONE', #4343, #3567, #10993, .T. ) ;
#2486 = SURFACE_SIDE_STYLE ('',( #11121 ) ) ;
#2487 = MECHANICAL_DESIGN_GEOMETRIC_PRESENTATION_REPRESENTATION (  '', ( #1254 ), #3081 ) ;
#2488 = PLANE ( 'NONE',  #2526 ) ;
#2489 = LINE ( 'NONE', #817, #6866 ) ;
#2490 =( LENGTH_UNIT ( ) NAMED_UNIT ( * ) SI_UNIT ( .MILLI., .METRE. ) );
#2491 = ORIENTED_EDGE ( 'NONE', *, *, #10532, .F. ) ;
#2492 = ORIENTED_EDGE ( 'NONE', *, *, #7680, .T. ) ;
#2493 = SURFACE_STYLE_FILL_AREA ( #7824 ) ;
#2494 = ORIENTED_EDGE ( 'NONE', *, *, #7398, .T. ) ;
#2495 = ORIENTED_EDGE ( 'NONE', *, *, #1505, .T. ) ;
#2496 = CARTESIAN_POINT ( 'NONE',  ( 5.050000000000002500, 0.0000000000000000000, 3.899999999999999900 ) ) ;
#2497 =( NAMED_UNIT ( * ) PLANE_ANGLE_UNIT ( ) SI_UNIT ( $, .RADIAN. ) );
#2498 = CARTESIAN_POINT ( 'NONE',  ( -5.120000000000002800, -3.815000000000001300, 3.650000000000000400 ) ) ;
#2499 = PRESENTATION_STYLE_ASSIGNMENT (( #7527 ) ) ;
#2500 = EDGE_CURVE ( 'NONE', #7879, #4014, #1842, .T. ) ;
#2501 = SURFACE_STYLE_USAGE ( .BOTH. , #941 ) ;
#2502 = LINE ( 'NONE', #7299, #4544 ) ;
#2503 = CARTESIAN_POINT ( 'NONE',  ( 3.350000000000002300, -3.515000000000001000, -1.125000000000000900 ) ) ;
#2504 = VERTEX_POINT ( 'NONE', #285 ) ;
#2505 = PRESENTATION_LAYER_ASSIGNMENT (  '', '', ( #2589 ) ) ;
#2506 =( BOUNDED_SURFACE ( )  B_SPLINE_SURFACE ( 3, 2, ( 
 ( #6241, #70, #6281 ),
 ( #969, #7180, #1920 ),
 ( #8076, #2811, #8996 ),
 ( #3686, #9903, #4564 ),
 ( #10782, #5430, #103 ),
 ( #6322, #1013, #7217 ),
 ( #1960, #8109, #2852 ),
 ( #9034, #3730, #9941 ) ),
 .UNSPECIFIED., .F., .F., .F. ) 
 B_SPLINE_SURFACE_WITH_KNOTS ( ( 4, 2, 2, 4 ),
 ( 3, 3 ),
 ( 6.283185307179586200, 6.675884388878310800, 7.068583470577034500, 7.853981633974482800 ),
 ( 0.0000000000000000000, 1.000000000000000000 ),
 .UNSPECIFIED. ) 
 GEOMETRIC_REPRESENTATION_ITEM ( )  RATIONAL_B_SPLINE_SURFACE ( (
 ( 1.000000000000000000, 0.7071067811865475700, 1.000000000000000000),
 ( 1.000000000000000000, 0.7066293932665924600, 1.000000000000000000),
 ( 1.000000000000000000, 0.7266134707116358400, 1.000000000000000000),
 ( 1.000000000000000000, 0.7876167689855697600, 1.000000000000000000),
 ( 1.000000000000000000, 0.8282764008093225200, 1.000000000000000000),
 ( 1.000000000000000000, 0.9415234097346770700, 1.000000000000000000),
 ( 1.000000000000000000, 1.002733288062911200, 1.000000000000000000),
 ( 1.000000000000000000, 1.000000000000000000, 1.000000000000000000) ) ) 
 REPRESENTATION_ITEM ( '' )  SURFACE ( )  );
#2507 =( NAMED_UNIT ( * ) PLANE_ANGLE_UNIT ( ) SI_UNIT ( $, .RADIAN. ) );
#2508 = ADVANCED_FACE ( 'NONE', ( #1560 ), #6474, .F. ) ;
#2509 = VECTOR ( 'NONE', #10489, 1000.000000000000000 ) ;
#2510 = SURFACE_STYLE_USAGE ( .BOTH. , #7773 ) ;
#2511 = VECTOR ( 'NONE', #2313, 1000.000000000000100 ) ;
#2512 = EDGE_CURVE ( 'NONE', #9264, #9936, #688, .T. ) ;
#2513 = EDGE_CURVE ( 'NONE', #9004, #2637, #5396, .T. ) ;
#2514 = UNCERTAINTY_MEASURE_WITH_UNIT (LENGTH_MEASURE( 1.000000000000000100E-005 ), #3229, 'distance_accuracy_value', 'NONE');
#2515 =( LENGTH_UNIT ( ) NAMED_UNIT ( * ) SI_UNIT ( .MILLI., .METRE. ) );
#2516 = AXIS2_PLACEMENT_3D ( 'NONE', #2426, #541, #4977 ) ;
#2517 = PRESENTATION_STYLE_ASSIGNMENT (( #7200 ) ) ;
#2518 = SURFACE_SIDE_STYLE ('',( #7622 ) ) ;
#2519 = CARTESIAN_POINT ( 'NONE',  ( 5.050000000000003400, -3.665000000000000500, -3.899999999999999500 ) ) ;
#2520 = SURFACE_STYLE_USAGE ( .BOTH. , #2558 ) ;
#2521 = CARTESIAN_POINT ( 'NONE',  ( 4.975000000000002300, -3.839999999999999400, -0.7499999999999982200 ) ) ;
#2522 = EDGE_LOOP ( 'NONE', ( #1375, #6859, #5033, #4088 ) ) ;
#2523 = CARTESIAN_POINT ( 'NONE',  ( 5.170000000000003500, -4.015000000000000600, -1.125000000000000700 ) ) ;
#2524 = CARTESIAN_POINT ( 'NONE',  ( -4.390000000000002300, -0.2000000000000005100, -3.100000000000001000 ) ) ;
#2525 = COLOUR_RGB ( '',0.9098039215686274400, 0.4431372549019607600, 0.03137254901960784300 ) ;
#2526 = AXIS2_PLACEMENT_3D ( 'NONE', #1608, #1530, #1489 ) ;
#2527 = PRESENTATION_LAYER_ASSIGNMENT (  '', '', ( #3127 ) ) ;
#2528 = CARTESIAN_POINT ( 'NONE',  ( -5.120000000000002800, -3.785000000000001000, 3.650000000000000800 ) ) ;
#2529 = FILL_AREA_STYLE_COLOUR ( '', #9163 ) ;
#2530 = PRESENTATION_STYLE_ASSIGNMENT (( #9753 ) ) ;
#2531 = DIRECTION ( 'NONE',  ( -0.0000000000000000000, 1.000000000000000000, -0.0000000000000000000 ) ) ;
#2532 = LINE ( 'NONE', #4788, #7189 ) ;
#2533 = EDGE_CURVE ( 'NONE', #1622, #11068, #3103, .T. ) ;
#2534 = EDGE_CURVE ( 'NONE', #5431, #11418, #6015, .T. ) ;
#2535 = CARTESIAN_POINT ( 'NONE',  ( -5.050000000000002500, -1.870000000000001200, 0.8749999999999998900 ) ) ;
#2536 =( LENGTH_UNIT ( ) NAMED_UNIT ( * ) SI_UNIT ( .MILLI., .METRE. ) );
#2537 = ORIENTED_EDGE ( 'NONE', *, *, #5077, .F. ) ;
#2538 = LINE ( 'NONE', #619, #9315 ) ;
#2539 = SURFACE_SIDE_STYLE ('',( #6611 ) ) ;
#2540 = VECTOR ( 'NONE', #4546, 1000.000000000000000 ) ;
#2541 = PRESENTATION_STYLE_ASSIGNMENT (( #9739 ) ) ;
#2542 =( NAMED_UNIT ( * ) SI_UNIT ( $, .STERADIAN. ) SOLID_ANGLE_UNIT ( ) );
#2543 = ORIENTED_EDGE ( 'NONE', *, *, #7263, .F. ) ;
#2544 =( LENGTH_UNIT ( ) NAMED_UNIT ( * ) SI_UNIT ( .MILLI., .METRE. ) );
#2545 =( NAMED_UNIT ( * ) SI_UNIT ( $, .STERADIAN. ) SOLID_ANGLE_UNIT ( ) );
#2546 = UNCERTAINTY_MEASURE_WITH_UNIT (LENGTH_MEASURE( 1.000000000000000100E-005 ), #11467, 'distance_accuracy_value', 'NONE');
#2547 = UNCERTAINTY_MEASURE_WITH_UNIT (LENGTH_MEASURE( 1.000000000000000100E-005 ), #2277, 'distance_accuracy_value', 'NONE');
#2548 = CARTESIAN_POINT ( 'NONE',  ( -3.350000000000002300, -4.015000000000000600, -1.125000000000000900 ) ) ;
#2549 = LINE ( 'NONE', #4035, #9329 ) ;
#2550 = STYLED_ITEM ( 'NONE', ( #7012 ), #193 ) ;
#2551 = VECTOR ( 'NONE', #4259, 1000.000000000000000 ) ;
#2552 = VECTOR ( 'NONE', #10082, 1000.000000000000000 ) ;
#2553 = VERTEX_POINT ( 'NONE', #2938 ) ;
#2554 = ORIENTED_EDGE ( 'NONE', *, *, #5446, .T. ) ;
#2555 =( LENGTH_UNIT ( ) NAMED_UNIT ( * ) SI_UNIT ( .MILLI., .METRE. ) );
#2556 = ORIENTED_EDGE ( 'NONE', *, *, #11413, .F. ) ;
#2557 = PLANE ( 'NONE',  #9201 ) ;
#2558 = SURFACE_SIDE_STYLE ('',( #10066 ) ) ;
#2559 = LINE ( 'NONE', #6589, #4866 ) ;
#2560 = CARTESIAN_POINT ( 'NONE',  ( -5.350000000000003200, -0.1800000000000013300, 3.850000000000001000 ) ) ;
#2561 = VERTEX_POINT ( 'NONE', #5767 ) ;
#2563 =( LENGTH_UNIT ( ) NAMED_UNIT ( * ) SI_UNIT ( .MILLI., .METRE. ) );
#2562 = DIRECTION ( 'NONE',  ( -1.426581805901980100E-016, -1.000000000000000000, 5.952404271712224500E-017 ) ) ;
#2564 = CARTESIAN_POINT ( 'NONE',  ( -5.350000000000002300, -3.835000000000000400, -1.125000000000000700 ) ) ;
#2565 = ADVANCED_FACE ( 'NONE', ( #10496 ), #4912, .T. ) ;
#2566 = EDGE_CURVE ( 'NONE', #10483, #7869, #7269, .T. ) ;
#2567 = EDGE_CURVE ( 'NONE', #11210, #3124, #474, .T. ) ;
#2568 = ORIENTED_EDGE ( 'NONE', *, *, #42, .T. ) ;
#2569 = AXIS2_PLACEMENT_3D ( 'NONE', #8889, #1866, #8023 ) ;
#2570 = ORIENTED_EDGE ( 'NONE', *, *, #5054, .F. ) ;
#2571 =( NAMED_UNIT ( * ) SI_UNIT ( $, .STERADIAN. ) SOLID_ANGLE_UNIT ( ) );
#2572 = PRESENTATION_LAYER_ASSIGNMENT (  '', '', ( #9915 ) ) ;
#2573 = CIRCLE ( 'NONE', #7206, 0.02999999999999964500 ) ;
#2574 = LINE ( 'NONE', #10895, #9363 ) ;
#2575 =( NAMED_UNIT ( * ) PLANE_ANGLE_UNIT ( ) SI_UNIT ( $, .RADIAN. ) );
#2576 = CARTESIAN_POINT ( 'NONE',  ( 4.725000000000003200, -3.815000000000000800, -0.9250000000000006000 ) ) ;
#2577 = ORIENTED_EDGE ( 'NONE', *, *, #10137, .F. ) ;
#2578 = ORIENTED_EDGE ( 'NONE', *, *, #8078, .F. ) ;
#2579 = ORIENTED_EDGE ( 'NONE', *, *, #2079, .T. ) ;
#2580 = ORIENTED_EDGE ( 'NONE', *, *, #11124, .T. ) ;
#2581 =( NAMED_UNIT ( * ) PLANE_ANGLE_UNIT ( ) SI_UNIT ( $, .RADIAN. ) );
#2582 = SURFACE_STYLE_FILL_AREA ( #10220 ) ;
#2583 = SURFACE_STYLE_USAGE ( .BOTH. , #3021 ) ;
#2584 =( NAMED_UNIT ( * ) SI_UNIT ( $, .STERADIAN. ) SOLID_ANGLE_UNIT ( ) );
#2585 = DIRECTION ( 'NONE',  ( 1.000000000000000000, 0.0000000000000000000, 0.0000000000000000000 ) ) ;
#2586 =( GEOMETRIC_REPRESENTATION_CONTEXT ( 3 ) GLOBAL_UNCERTAINTY_ASSIGNED_CONTEXT ( ( #8532 ) ) GLOBAL_UNIT_ASSIGNED_CONTEXT ( ( #4560, #10779, #5428 ) ) REPRESENTATION_CONTEXT ( 'NONE', 'WORKASPACE' ) );
#2587 = PRESENTATION_STYLE_ASSIGNMENT (( #8899 ) ) ;
#2588 = VERTEX_POINT ( 'NONE', #427 ) ;
#2589 = STYLED_ITEM ( 'NONE', ( #10883 ), #2057 ) ;
#2590 =( NAMED_UNIT ( * ) PLANE_ANGLE_UNIT ( ) SI_UNIT ( $, .RADIAN. ) );
#2591 = DIRECTION ( 'NONE',  ( -2.361815290865932900E-016, 0.7249994335944136600, 0.6887494619146932200 ) ) ;
#2592 = DIRECTION ( 'NONE',  ( -1.000000000000000000, 1.426581805901981900E-016, 0.0000000000000000000 ) ) ;
#2593 = ORIENTED_EDGE ( 'NONE', *, *, #997, .F. ) ;
#2594 = CARTESIAN_POINT ( 'NONE',  ( -4.725000000000002300, -3.714999999999999400, 0.8749999999999997800 ) ) ;
#2595 = CYLINDRICAL_SURFACE ( 'NONE', #10460, 0.7999999999999999300 ) ;
#2596 = CARTESIAN_POINT ( 'NONE',  ( 5.150000000000003900, -3.815000000000000400, -0.9250000000000009300 ) ) ;
#2597 = EDGE_LOOP ( 'NONE', ( #6728, #3510, #6243, #7393 ) ) ;
#2599 = PRESENTATION_LAYER_ASSIGNMENT (  '', '', ( #2745 ) ) ;
#2598 = STYLED_ITEM ( 'NONE', ( #1824 ), #10191 ) ;
#2600 = FILL_AREA_STYLE ('',( #3328 ) ) ;
#2601 = VECTOR ( 'NONE', #8302, 1000.000000000000100 ) ;
#2602 = MECHANICAL_DESIGN_GEOMETRIC_PRESENTATION_REPRESENTATION (  '', ( #3422 ), #3613 ) ;
#2603 = EDGE_LOOP ( 'NONE', ( #9694, #1394, #11048, #1406 ) ) ;
#2604 = EDGE_CURVE ( 'NONE', #7297, #9198, #186, .T. ) ;
#2606 =( NAMED_UNIT ( * ) PLANE_ANGLE_UNIT ( ) SI_UNIT ( $, .RADIAN. ) );
#2605 = FILL_AREA_STYLE_COLOUR ( '', #9599 ) ;
#2607 = DIRECTION ( 'NONE',  ( 0.0000000000000000000, 0.0000000000000000000, 1.000000000000000000 ) ) ;
#2608 = PRESENTATION_STYLE_ASSIGNMENT (( #7077 ) ) ;
#2609 = CARTESIAN_POINT ( 'NONE',  ( -3.350000000000002800, -3.714999999999999400, 0.8750000000000001100 ) ) ;
#2610 = ORIENTED_EDGE ( 'NONE', *, *, #5312, .F. ) ;
#2611 = PLANE ( 'NONE',  #896 ) ;
#2612 = COLOUR_RGB ( '',0.5019607843137254800, 0.5019607843137254800, 0.5019607843137254800 ) ;
#2613 = FILL_AREA_STYLE_COLOUR ( '', #9019 ) ;
#2614 = DIRECTION ( 'NONE',  ( -1.000000000000000000, 9.035018104045871900E-017, 0.0000000000000000000 ) ) ;
#2615 = SURFACE_STYLE_USAGE ( .BOTH. , #7876 ) ;
#2616 = MECHANICAL_DESIGN_GEOMETRIC_PRESENTATION_REPRESENTATION (  '', ( #1386 ), #3209 ) ;
#2617 = MECHANICAL_DESIGN_GEOMETRIC_PRESENTATION_REPRESENTATION (  '', ( #1387 ), #3210 ) ;
#2618 = PRESENTATION_STYLE_ASSIGNMENT (( #4491 ) ) ;
#2619 = CIRCLE ( 'NONE', #282, 0.04999999999999969700 ) ;
#2620 = SURFACE_SIDE_STYLE ('',( #10794 ) ) ;
#2621 = EDGE_CURVE ( 'NONE', #10795, #9264, #9665, .T. ) ;
#2622 = DIRECTION ( 'NONE',  ( 0.0000000000000000000, 0.0000000000000000000, 1.000000000000000000 ) ) ;
#2623 = EDGE_CURVE ( 'NONE', #4485, #8596, #6999, .T. ) ;
#2624 = ORIENTED_EDGE ( 'NONE', *, *, #9254, .F. ) ;
#2625 = ORIENTED_EDGE ( 'NONE', *, *, #1702, .T. ) ;
#2626 = CYLINDRICAL_SURFACE ( 'NONE', #1630, 0.1250000000000005600 ) ;
#2627 =( NAMED_UNIT ( * ) PLANE_ANGLE_UNIT ( ) SI_UNIT ( $, .RADIAN. ) );
#2628 = ORIENTED_EDGE ( 'NONE', *, *, #1937, .T. ) ;
#2629 = ADVANCED_FACE ( 'NONE', ( #2339 ), #8239, .T. ) ;
#2630 = FACE_OUTER_BOUND ( 'NONE', #8627, .T. ) ;
#2631 = ORIENTED_EDGE ( 'NONE', *, *, #4749, .F. ) ;
#2632 = CARTESIAN_POINT ( 'NONE',  ( -5.267157287525381400, -3.826715728752538800, -0.9250000000000009300 ) ) ;
#2633 = DIRECTION ( 'NONE',  ( -1.079575420682579900E-017, 1.000000000000000000, 1.426581805901979400E-016 ) ) ;
#2634 = VECTOR ( 'NONE', #34, 1000.000000000000000 ) ;
#2635 = VECTOR ( 'NONE', #4991, 1000.000000000000000 ) ;
#2636 = COLOUR_RGB ( '',1.000000000000000000, 1.000000000000000000, 1.000000000000000000 ) ;
#2637 = VERTEX_POINT ( 'NONE', #11497 ) ;
#2638 = ORIENTED_EDGE ( 'NONE', *, *, #9752, .T. ) ;
#2639 = EDGE_CURVE ( 'NONE', #10595, #2588, #1465, .T. ) ;
#2640 = EDGE_CURVE ( 'NONE', #1247, #3825, #6149, .T. ) ;
#2641 = ORIENTED_EDGE ( 'NONE', *, *, #7541, .F. ) ;
#2642 =( NAMED_UNIT ( * ) PLANE_ANGLE_UNIT ( ) SI_UNIT ( $, .RADIAN. ) );
#2643 = MECHANICAL_DESIGN_GEOMETRIC_PRESENTATION_REPRESENTATION (  '', ( #797 ), #3228 ) ;
#2644 = FILL_AREA_STYLE ('',( #454 ) ) ;
#2645 = DIRECTION ( 'NONE',  ( 1.000000000000000000, 3.634139519433330900E-015, 7.553600721220340800E-017 ) ) ;
#2646 = FACE_OUTER_BOUND ( 'NONE', #852, .T. ) ;
#2647 = SURFACE_SIDE_STYLE ('',( #6157 ) ) ;
#2648 = DIRECTION ( 'NONE',  ( 1.000000000000000000, 1.426581805901979400E-016, 1.927470528863119300E-016 ) ) ;
#2649 = DIRECTION ( 'NONE',  ( -1.000000000000000000, 9.035018104045871900E-017, 0.0000000000000000000 ) ) ;
#2650 = AXIS2_PLACEMENT_3D ( 'NONE', #9466, #9437, #9394 ) ;
#2651 = ORIENTED_EDGE ( 'NONE', *, *, #6811, .F. ) ;
#2652 = DIRECTION ( 'NONE',  ( -1.426581805901979600E-016, 1.000000000000000000, 1.426581805901979400E-016 ) ) ;
#2653 = LINE ( 'NONE', #1973, #8144 ) ;
#2654 = PRESENTATION_STYLE_ASSIGNMENT (( #6752 ) ) ;
#2655 = EDGE_CURVE ( 'NONE', #3814, #4242, #10638, .T. ) ;
#2656 = SURFACE_STYLE_USAGE ( .BOTH. , #2795 ) ;
#2657 = UNCERTAINTY_MEASURE_WITH_UNIT (LENGTH_MEASURE( 1.000000000000000100E-005 ), #9193, 'distance_accuracy_value', 'NONE');
#2658 = AXIS2_PLACEMENT_3D ( 'NONE', #4829, #11066, #5729 ) ;
#2659 = CYLINDRICAL_SURFACE ( 'NONE', #3693, 0.05000000000000002400 ) ;
#2660 = STYLED_ITEM ( 'NONE', ( #7358 ), #2459 ) ;
#2661 = ORIENTED_EDGE ( 'NONE', *, *, #11346, .T. ) ;
#2662 =( LENGTH_UNIT ( ) NAMED_UNIT ( * ) SI_UNIT ( .MILLI., .METRE. ) );
#2663 = UNCERTAINTY_MEASURE_WITH_UNIT (LENGTH_MEASURE( 1.000000000000000100E-005 ), #2866, 'distance_accuracy_value', 'NONE');
#2665 = AXIS2_PLACEMENT_3D ( 'NONE', #6196, #6951, #6161 ) ;
#2664 =( GEOMETRIC_REPRESENTATION_CONTEXT ( 3 ) GLOBAL_UNCERTAINTY_ASSIGNED_CONTEXT ( ( #8178 ) ) GLOBAL_UNIT_ASSIGNED_CONTEXT ( ( #1338, #7543, #2276 ) ) REPRESENTATION_CONTEXT ( 'NONE', 'WORKASPACE' ) );
#2666 = CIRCLE ( 'NONE', #11501, 0.1799999999999999900 ) ;
#2667 = ORIENTED_EDGE ( 'NONE', *, *, #7626, .T. ) ;
#2668 = EDGE_CURVE ( 'NONE', #6017, #11248, #1175, .T. ) ;
#2669 = ORIENTED_EDGE ( 'NONE', *, *, #11321, .T. ) ;
#2670 = CIRCLE ( 'NONE', #10417, 0.8000000000000003800 ) ;
#2671 = LINE ( 'NONE', #1542, #9463 ) ;
#2672 = DIRECTION ( 'NONE',  ( -1.000000000000000000, 0.0000000000000000000, 0.0000000000000000000 ) ) ;
#2673 = DIRECTION ( 'NONE',  ( -1.927470528863118800E-016, 5.952404271712227000E-017, 1.000000000000000000 ) ) ;
#2674 = DIRECTION ( 'NONE',  ( -1.426581805901979900E-016, -1.000000000000000000, -1.281360903504773400E-017 ) ) ;
#2675 = VECTOR ( 'NONE', #4636, 1000.000000000000000 ) ;
#2676 = MECHANICAL_DESIGN_GEOMETRIC_PRESENTATION_REPRESENTATION (  '', ( #1461 ), #3277 ) ;
#2677 = STYLED_ITEM ( 'NONE', ( #10021 ), #10879 ) ;
#2678 = DIRECTION ( 'NONE',  ( 6.736636305648237600E-017, 1.000000000000000000, 1.426581805901979900E-016 ) ) ;
#2679 = DIRECTION ( 'NONE',  ( 0.0000000000000000000, 0.0000000000000000000, -1.000000000000000000 ) ) ;
#2680 = LINE ( 'NONE', #7728, #9474 ) ;
#2681 = EDGE_CURVE ( 'NONE', #10346, #2066, #7962, .T. ) ;
#2682 = FACE_OUTER_BOUND ( 'NONE', #4200, .T. ) ;
#2683 = ORIENTED_EDGE ( 'NONE', *, *, #6678, .T. ) ;
#2684 = EDGE_CURVE ( 'NONE', #2553, #9144, #3557, .T. ) ;
#2685 = FILL_AREA_STYLE_COLOUR ( '', #3218 ) ;
#2686 = ORIENTED_EDGE ( 'NONE', *, *, #1545, .F. ) ;
#2687 = UNCERTAINTY_MEASURE_WITH_UNIT (LENGTH_MEASURE( 1.000000000000000100E-005 ), #3368, 'distance_accuracy_value', 'NONE');
#2688 =( LENGTH_UNIT ( ) NAMED_UNIT ( * ) SI_UNIT ( .MILLI., .METRE. ) );
#2689 = ORIENTED_EDGE ( 'NONE', *, *, #8684, .F. ) ;
#2690 = PRESENTATION_STYLE_ASSIGNMENT (( #8224 ) ) ;
#2691 = SURFACE_STYLE_USAGE ( .BOTH. , #2728 ) ;
#2692 = ORIENTED_EDGE ( 'NONE', *, *, #6234, .T. ) ;
#2693 = VERTEX_POINT ( 'NONE', #4465 ) ;
#2694 = CARTESIAN_POINT ( 'NONE',  ( 5.267157287525384000, -0.2828427124746200600, -0.9249999999999996000 ) ) ;
#2695 = SURFACE_SIDE_STYLE ('',( #7721 ) ) ;
#2696 = EDGE_LOOP ( 'NONE', ( #1194, #3314, #1002, #9385 ) ) ;
#2697 = AXIS2_PLACEMENT_3D ( 'NONE', #11407, #2591, #5065 ) ;
#2698 = MECHANICAL_DESIGN_GEOMETRIC_PRESENTATION_REPRESENTATION (  '', ( #859 ), #3293 ) ;
#2699 = CARTESIAN_POINT ( 'NONE',  ( -5.350000000000002300, -3.390000000000000100, -0.9250000000000004900 ) ) ;
#2700 = SURFACE_STYLE_FILL_AREA ( #5029 ) ;
#2701 = ORIENTED_EDGE ( 'NONE', *, *, #6797, .F. ) ;
#2702 = ORIENTED_EDGE ( 'NONE', *, *, #2752, .T. ) ;
#2703 = CARTESIAN_POINT ( 'NONE',  ( 5.350000000000003200, -0.2000000000000007000, -2.350000000000001000 ) ) ;
#2704 = DIRECTION ( 'NONE',  ( 1.927470528863118800E-016, 3.448404038975182000E-016, -1.000000000000000000 ) ) ;
#2705 = ORIENTED_EDGE ( 'NONE', *, *, #1615, .F. ) ;
#2706 = COLOUR_RGB ( '',1.000000000000000000, 1.000000000000000000, 1.000000000000000000 ) ;
#2707 =( NAMED_UNIT ( * ) SI_UNIT ( $, .STERADIAN. ) SOLID_ANGLE_UNIT ( ) );
#2708 = UNCERTAINTY_MEASURE_WITH_UNIT (LENGTH_MEASURE( 1.000000000000000100E-005 ), #8801, 'distance_accuracy_value', 'NONE');
#2709 = COLOUR_RGB ( '',1.000000000000000000, 1.000000000000000000, 1.000000000000000000 ) ;
#2710 = SURFACE_STYLE_USAGE ( .BOTH. , #2695 ) ;
#2711 = FACE_OUTER_BOUND ( 'NONE', #2448, .T. ) ;
#2712 = EDGE_CURVE ( 'NONE', #6394, #11200, #3295, .T. ) ;
#2713 = ORIENTED_EDGE ( 'NONE', *, *, #6187, .T. ) ;
#2714 = SURFACE_STYLE_USAGE ( .BOTH. , #6297 ) ;
#2715 = PLANE ( 'NONE',  #10500 ) ;
#2716 = CARTESIAN_POINT ( 'NONE',  ( -4.350000000000004100, -3.715000000000000700, 0.9249999999999997100 ) ) ;
#2717 =( GEOMETRIC_REPRESENTATION_CONTEXT ( 3 ) GLOBAL_UNCERTAINTY_ASSIGNED_CONTEXT ( ( #1422 ) ) GLOBAL_UNIT_ASSIGNED_CONTEXT ( ( #7196, #899, #2462 ) ) REPRESENTATION_CONTEXT ( 'NONE', 'WORKASPACE' ) );
#2718 = ORIENTED_EDGE ( 'NONE', *, *, #1660, .T. ) ;
#2719 = DIRECTION ( 'NONE',  ( 0.0000000000000000000, 0.0000000000000000000, -1.000000000000000000 ) ) ;
#2720 = DIRECTION ( 'NONE',  ( -0.0000000000000000000, 0.0000000000000000000, 1.000000000000000000 ) ) ;
#2721 = CARTESIAN_POINT ( 'NONE',  ( 3.350000000000002300, -4.015000000000001500, 3.849999999999999600 ) ) ;
#2722 = PRESENTATION_STYLE_ASSIGNMENT (( #5248 ) ) ;
#2723 = AXIS2_PLACEMENT_3D ( 'NONE', #5546, #5463, #5386 ) ;
#2724 = VERTEX_POINT ( 'NONE', #6823 ) ;
#2725 = CARTESIAN_POINT ( 'NONE',  ( 5.150000000000003000, -0.2000000000000007000, -2.250000000000000900 ) ) ;
#2726 = VECTOR ( 'NONE', #2317, 1000.000000000000000 ) ;
#2727 =( LENGTH_UNIT ( ) NAMED_UNIT ( * ) SI_UNIT ( .MILLI., .METRE. ) );
#2728 = SURFACE_SIDE_STYLE ('',( #2407 ) ) ;
#2729 = ORIENTED_EDGE ( 'NONE', *, *, #9117, .F. ) ;
#2730 = AXIS2_PLACEMENT_3D ( 'NONE', #1085, #7737, #920 ) ;
#2731 = EDGE_CURVE ( 'NONE', #3786, #8053, #10096, .T. ) ;
#2732 = STYLED_ITEM ( 'NONE', ( #5408 ), #2344 ) ;
#2733 = CARTESIAN_POINT ( 'NONE',  ( -5.050000000000001600, -1.870000000000000600, 1.125000000000000000 ) ) ;
#2734 = DIRECTION ( 'NONE',  ( 1.000000000000000000, 1.426581805901979600E-016, -2.409338161078900700E-017 ) ) ;
#2735 =( NAMED_UNIT ( * ) PLANE_ANGLE_UNIT ( ) SI_UNIT ( $, .RADIAN. ) );
#2736 = CARTESIAN_POINT ( 'NONE',  ( -5.123503671507455300, -0.2000000000000006500, -2.350000000000001000 ) ) ;
#2737 = DIRECTION ( 'NONE',  ( 7.553600721220266900E-017, 2.021034546310080300E-016, -1.000000000000000000 ) ) ;
#2738 = LINE ( 'NONE', #11312, #7127 ) ;
#2739 = CARTESIAN_POINT ( 'NONE',  ( -5.120000000000002800, -3.785000000000000100, -3.850000000000000500 ) ) ;
#2740 =( NAMED_UNIT ( * ) PLANE_ANGLE_UNIT ( ) SI_UNIT ( $, .RADIAN. ) );
#2741 = CYLINDRICAL_SURFACE ( 'NONE', #4141, 0.05000000000000002400 ) ;
#2742 = ADVANCED_FACE ( 'NONE', ( #7691 ), #6569, .F. ) ;
#2743 = AXIS2_PLACEMENT_3D ( 'NONE', #8837, #8796, #8754 ) ;
#2745 = STYLED_ITEM ( 'NONE', ( #8182 ), #3208 ) ;
#2744 = STYLED_ITEM ( 'NONE', ( #8014 ), #10458 ) ;
#2746 = FILL_AREA_STYLE_COLOUR ( '', #8479 ) ;
#2747 = FILL_AREA_STYLE ('',( #10396 ) ) ;
#2748 = ORIENTED_EDGE ( 'NONE', *, *, #319, .F. ) ;
#2749 = AXIS2_PLACEMENT_3D ( 'NONE', #6165, #5279, #4963 ) ;
#2750 = CARTESIAN_POINT ( 'NONE',  ( 5.120000000000003700, -3.785000000000001000, 3.849999999999999600 ) ) ;
#2751 = SURFACE_STYLE_FILL_AREA ( #9809 ) ;
#2752 = EDGE_CURVE ( 'NONE', #9004, #3626, #8960, .T. ) ;
#2753 = DIRECTION ( 'NONE',  ( 1.426581805901979900E-016, 1.000000000000000000, 1.281360903504773400E-017 ) ) ;
#2754 = UNCERTAINTY_MEASURE_WITH_UNIT (LENGTH_MEASURE( 1.000000000000000100E-005 ), #1732, 'distance_accuracy_value', 'NONE');
#2755 = VECTOR ( 'NONE', #8953, 1000.000000000000000 ) ;
#2756 = ORIENTED_EDGE ( 'NONE', *, *, #10197, .F. ) ;
#2757 = DIRECTION ( 'NONE',  ( -1.000000000000000000, 3.634139519433330100E-015, -7.553600721219157500E-017 ) ) ;
#2758 = COLOUR_RGB ( '',0.9098039215686274400, 0.4431372549019607600, 0.03137254901960784300 ) ;
#2759 = DIRECTION ( 'NONE',  ( 1.000000000000000000, -3.348823158252936600E-015, 2.014244061477902700E-016 ) ) ;
#2760 = CYLINDRICAL_SURFACE ( 'NONE', #753, 0.05000000000000012800 ) ;
#2761 =( GEOMETRIC_REPRESENTATION_CONTEXT ( 3 ) GLOBAL_UNCERTAINTY_ASSIGNED_CONTEXT ( ( #11441 ) ) GLOBAL_UNIT_ASSIGNED_CONTEXT ( ( #6057, #5988, #5918 ) ) REPRESENTATION_CONTEXT ( 'NONE', 'WORKASPACE' ) );
#2762 = DIRECTION ( 'NONE',  ( 1.000000000000000000, 4.081702296416016800E-015, 2.014244061477908600E-016 ) ) ;
#2763 = ORIENTED_EDGE ( 'NONE', *, *, #10032, .T. ) ;
#2764 = DIRECTION ( 'NONE',  ( 7.553600721220266900E-017, 2.021034546310080300E-016, -1.000000000000000000 ) ) ;
#2765 = LINE ( 'NONE', #9782, #9265 ) ;
#2766 = ORIENTED_EDGE ( 'NONE', *, *, #3970, .T. ) ;
#2767 = AXIS2_PLACEMENT_3D ( 'NONE', #7415, #9259, #11440 ) ;
#2768 = PRODUCT_DEFINITION ( 'UNKNOWN', '', #3357, #8331 ) ;
#2769 = ORIENTED_EDGE ( 'NONE', *, *, #8349, .T. ) ;
#2770 = COLOUR_RGB ( '',1.000000000000000000, 1.000000000000000000, 1.000000000000000000 ) ;
#2771 = LINE ( 'NONE', #9338, #7445 ) ;
#2772 = DIRECTION ( 'NONE',  ( 1.000000000000000000, -1.426581805901980400E-016, 4.707476099338773300E-016 ) ) ;
#2773 = FILL_AREA_STYLE ('',( #4145 ) ) ;
#2774 = FILL_AREA_STYLE_COLOUR ( '', #7865 ) ;
#2775 = VERTEX_POINT ( 'NONE', #1069 ) ;
#2776 = SURFACE_SIDE_STYLE ('',( #5947 ) ) ;
#2777 = COLOUR_RGB ( '',0.5019607843137254800, 0.5019607843137254800, 0.5019607843137254800 ) ;
#2778 = FACE_OUTER_BOUND ( 'NONE', #7083, .T. ) ;
#2779 = EDGE_CURVE ( 'NONE', #1771, #11014, #4241, .T. ) ;
#2780 = VECTOR ( 'NONE', #10833, 1000.000000000000000 ) ;
#2781 = FILL_AREA_STYLE_COLOUR ( '', #5316 ) ;
#2782 =( GEOMETRIC_REPRESENTATION_CONTEXT ( 3 ) GLOBAL_UNCERTAINTY_ASSIGNED_CONTEXT ( ( #5106 ) ) GLOBAL_UNIT_ASSIGNED_CONTEXT ( ( #3224, #9169, #8576 ) ) REPRESENTATION_CONTEXT ( 'NONE', 'WORKASPACE' ) );
#2783 = CARTESIAN_POINT ( 'NONE',  ( -5.150000000000002100, -3.390000000000000100, -0.9250000000000003800 ) ) ;
#2784 = PRESENTATION_LAYER_ASSIGNMENT (  '', '', ( #3376 ) ) ;
#2785 =( NAMED_UNIT ( * ) PLANE_ANGLE_UNIT ( ) SI_UNIT ( $, .RADIAN. ) );
#2786 = DIRECTION ( 'NONE',  ( -0.0000000000000000000, -1.000000000000000000, 0.0000000000000000000 ) ) ;
#2787 = VECTOR ( 'NONE', #3154, 1000.000000000000000 ) ;
#2788 = EDGE_LOOP ( 'NONE', ( #4329, #7423, #6397, #1135 ) ) ;
#2789 = CARTESIAN_POINT ( 'NONE',  ( -4.390000000000002300, -0.2000000000000005100, -3.100000000000001000 ) ) ;
#2790 = CARTESIAN_POINT ( 'NONE',  ( 4.690000000000002200, 0.0000000000000000000, 3.100000000000001000 ) ) ;
#2791 = PRESENTATION_LAYER_ASSIGNMENT (  '', '', ( #11268 ) ) ;
#2792 = LINE ( 'NONE', #4506, #384 ) ;
#2793 =( LENGTH_UNIT ( ) NAMED_UNIT ( * ) SI_UNIT ( .MILLI., .METRE. ) );
#2794 = SURFACE_SIDE_STYLE ('',( #8447 ) ) ;
#2795 = SURFACE_SIDE_STYLE ('',( #3874 ) ) ;
#2796 = VERTEX_POINT ( 'NONE', #4121 ) ;
#2797 = STYLED_ITEM ( 'NONE', ( #4192 ), #9535 ) ;
#2798 = DIRECTION ( 'NONE',  ( 0.0000000000000000000, -1.000000000000000000, -5.214884716704054000E-032 ) ) ;
#2799 = VERTEX_POINT ( 'NONE', #2076 ) ;
#2800 = CIRCLE ( 'NONE', #8047, 0.1250000000000000000 ) ;
#2801 = DIRECTION ( 'NONE',  ( 0.0000000000000000000, 0.0000000000000000000, -1.000000000000000000 ) ) ;
#2802 = MECHANICAL_DESIGN_GEOMETRIC_PRESENTATION_REPRESENTATION (  '', ( #2939 ), #2717 ) ;
#2803 = ADVANCED_FACE ( 'NONE', ( #8656 ), #3104, .F. ) ;
#2804 = DIRECTION ( 'NONE',  ( 1.000000000000000000, 0.0000000000000000000, 0.0000000000000000000 ) ) ;
#2805 = ORIENTED_EDGE ( 'NONE', *, *, #858, .F. ) ;
#2806 =( NAMED_UNIT ( * ) SI_UNIT ( $, .STERADIAN. ) SOLID_ANGLE_UNIT ( ) );
#2807 = ADVANCED_FACE ( 'NONE', ( #1015 ), #6989, .F. ) ;
#2808 = AXIS2_PLACEMENT_3D ( 'NONE', #1799, #1762, #1677 ) ;
#2809 = FACE_OUTER_BOUND ( 'NONE', #5715, .T. ) ;
#2810 = VECTOR ( 'NONE', #7522, 1000.000000000000000 ) ;
#2811 = CARTESIAN_POINT ( 'NONE',  ( 5.334913704759040700, -3.999913704759034500, 1.029167737981876000 ) ) ;
#2812 =( GEOMETRIC_REPRESENTATION_CONTEXT ( 3 ) GLOBAL_UNCERTAINTY_ASSIGNED_CONTEXT ( ( #1450 ) ) GLOBAL_UNIT_ASSIGNED_CONTEXT ( ( #6190, #877, #7088 ) ) REPRESENTATION_CONTEXT ( 'NONE', 'WORKASPACE' ) );
#2813 = SURFACE_STYLE_FILL_AREA ( #2410 ) ;
#2814 = DIRECTION ( 'NONE',  ( 3.634139519433330900E-015, -1.000000000000000000, -2.021034546310077600E-016 ) ) ;
#2815 = VERTEX_POINT ( 'NONE', #4051 ) ;
#2816 = EDGE_CURVE ( 'NONE', #2693, #2417, #9395, .T. ) ;
#2817 = EDGE_CURVE ( 'NONE', #1153, #10860, #176, .T. ) ;
#2819 = EDGE_LOOP ( 'NONE', ( #9402, #10434, #2578, #11477, #7397, #1939, #10944, #160, #8303, #11544, #6362, #3222, #2763, #3651, #7647, #6688 ) ) ;
#2818 = DIRECTION ( 'NONE',  ( 1.000000000000000000, -4.755272686339933800E-017, -2.409338161078898200E-017 ) ) ;
#2820 = LINE ( 'NONE', #6048, #4598 ) ;
#2821 = FILL_AREA_STYLE_COLOUR ( '', #7783 ) ;
#2822 = PRESENTATION_STYLE_ASSIGNMENT (( #11378 ) ) ;
#2823 = LINE ( 'NONE', #8700, #9606 ) ;
#2824 =( NAMED_UNIT ( * ) SI_UNIT ( $, .STERADIAN. ) SOLID_ANGLE_UNIT ( ) );
#2825 = VERTEX_POINT ( 'NONE', #8644 ) ;
#2826 = ORIENTED_EDGE ( 'NONE', *, *, #9510, .F. ) ;
#2827 = CARTESIAN_POINT ( 'NONE',  ( 4.025000000000001200, -0.2500000000000019400, 0.7500000000000021100 ) ) ;
#2828 = STYLED_ITEM ( 'NONE', ( #3002 ), #7178 ) ;
#2829 = AXIS2_PLACEMENT_3D ( 'NONE', #981, #7184, #1925 ) ;
#2830 = DIRECTION ( 'NONE',  ( 0.0000000000000000000, 0.0000000000000000000, -1.000000000000000000 ) ) ;
#2831 = CARTESIAN_POINT ( 'NONE',  ( -4.025000000000001200, -0.2499999999999994200, -0.7500000000000010000 ) ) ;
#2832 = PLANE ( 'NONE',  #3098 ) ;
#2833 = EDGE_CURVE ( 'NONE', #6619, #7352, #2331, .T. ) ;
#2834 =( NAMED_UNIT ( * ) SI_UNIT ( $, .STERADIAN. ) SOLID_ANGLE_UNIT ( ) );
#2835 = EDGE_CURVE ( 'NONE', #8053, #6631, #11455, .T. ) ;
#2836 = FILL_AREA_STYLE_COLOUR ( '', #540 ) ;
#2837 = CARTESIAN_POINT ( 'NONE',  ( -4.725000000000002300, -3.815000000000000800, 0.9249999999999994900 ) ) ;
#2838 = SURFACE_STYLE_USAGE ( .BOTH. , #8097 ) ;
#2839 = ORIENTED_EDGE ( 'NONE', *, *, #4839, .T. ) ;
#2840 = ORIENTED_EDGE ( 'NONE', *, *, #3226, .T. ) ;
#2841 = SURFACE_STYLE_FILL_AREA ( #4815 ) ;
#2842 = VECTOR ( 'NONE', #3460, 1000.000000000000000 ) ;
#2843 = SURFACE_STYLE_USAGE ( .BOTH. , #2880 ) ;
#2844 = DIRECTION ( 'NONE',  ( 0.0000000000000000000, 0.0000000000000000000, 1.000000000000000000 ) ) ;
#2845 = AXIS2_PLACEMENT_3D ( 'NONE', #2384, #7794, #1162 ) ;
#2846 = EDGE_LOOP ( 'NONE', ( #10365, #1994, #4348, #5456 ) ) ;
#2847 = VERTEX_POINT ( 'NONE', #1417 ) ;
#2848 = CARTESIAN_POINT ( 'NONE',  ( 3.350000000000004100, -3.815000000000000400, 1.174999999999999200 ) ) ;
#2849 = EDGE_CURVE ( 'NONE', #3363, #1011, #2043, .T. ) ;
#2850 = FILL_AREA_STYLE_COLOUR ( '', #3041 ) ;
#2851 = PRESENTATION_LAYER_ASSIGNMENT (  '', '', ( #1649 ) ) ;
#2852 = CARTESIAN_POINT ( 'NONE',  ( 5.202499219376997000, -3.820249921937698600, 0.9249999999999978200 ) ) ;
#2853 = CIRCLE ( 'NONE', #3248, 0.8000000000000003800 ) ;
#2854 = UNCERTAINTY_MEASURE_WITH_UNIT (LENGTH_MEASURE( 1.000000000000000100E-005 ), #3280, 'distance_accuracy_value', 'NONE');
#2855 = VECTOR ( 'NONE', #1400, 1000.000000000000000 ) ;
#2856 = LINE ( 'NONE', #10287, #7248 ) ;
#2857 =( LENGTH_UNIT ( ) NAMED_UNIT ( * ) SI_UNIT ( .MILLI., .METRE. ) );
#2858 = SURFACE_SIDE_STYLE ('',( #6768 ) ) ;
#2859 = ORIENTED_EDGE ( 'NONE', *, *, #11274, .T. ) ;
#2860 = ADVANCED_FACE ( 'NONE', ( #4368 ), #6147, .F. ) ;
#2861 = ORIENTED_EDGE ( 'NONE', *, *, #3131, .F. ) ;
#2862 = CARTESIAN_POINT ( 'NONE',  ( 0.0000000000000000000, 0.0000000000000000000, 0.0000000000000000000 ) ) ;
#2863 =( GEOMETRIC_REPRESENTATION_CONTEXT ( 3 ) GLOBAL_UNCERTAINTY_ASSIGNED_CONTEXT ( ( #2342 ) ) GLOBAL_UNIT_ASSIGNED_CONTEXT ( ( #4483, #10708, #5363 ) ) REPRESENTATION_CONTEXT ( 'NONE', 'WORKASPACE' ) );
#2864 = UNCERTAINTY_MEASURE_WITH_UNIT (LENGTH_MEASURE( 1.000000000000000100E-005 ), #10930, 'distance_accuracy_value', 'NONE');
#2865 = DIRECTION ( 'NONE',  ( -1.000000000000000000, -4.755272686339933800E-017, 2.409338161078898200E-017 ) ) ;
#2866 =( LENGTH_UNIT ( ) NAMED_UNIT ( * ) SI_UNIT ( .MILLI., .METRE. ) );
#2867 = ADVANCED_FACE ( 'NONE', ( #3547 ), #4996, .T. ) ;
#2868 = ORIENTED_EDGE ( 'NONE', *, *, #10531, .T. ) ;
#2869 = SURFACE_STYLE_USAGE ( .BOTH. , #7742 ) ;
#2870 = PRESENTATION_LAYER_ASSIGNMENT (  '', '', ( #2939 ) ) ;
#2871 = DIRECTION ( 'NONE',  ( 1.426581805901979600E-016, -1.000000000000000000, -2.725027521453481900E-016 ) ) ;
#2872 = CARTESIAN_POINT ( 'NONE',  ( 4.725000000000003200, -3.714999999999999400, -0.8750000000000008900 ) ) ;
#2873 = CARTESIAN_POINT ( 'NONE',  ( 5.120000000000002800, -0.2000000000000006500, -2.350000000000001000 ) ) ;
#2874 = DIRECTION ( 'NONE',  ( 1.000000000000000000, 0.0000000000000000000, -1.652117596168388000E-016 ) ) ;
#2875 = VECTOR ( 'NONE', #10223, 1000.000000000000000 ) ;
#2876 = VERTEX_POINT ( 'NONE', #8379 ) ;
#2877 = COLOUR_RGB ( '',1.000000000000000000, 1.000000000000000000, 1.000000000000000000 ) ;
#2878 = FACE_OUTER_BOUND ( 'NONE', #11140, .T. ) ;
#2879 = ORIENTED_EDGE ( 'NONE', *, *, #1376, .T. ) ;
#2880 = SURFACE_SIDE_STYLE ('',( #1873 ) ) ;
#2881 =( LENGTH_UNIT ( ) NAMED_UNIT ( * ) SI_UNIT ( .MILLI., .METRE. ) );
#2882 = CARTESIAN_POINT ( 'NONE',  ( -5.170000000000001700, -7.503820299044412400E-016, -1.938093635819209900E-016 ) ) ;
#2883 = EDGE_CURVE ( 'NONE', #9610, #3945, #318, .T. ) ;
#2884 = EDGE_CURVE ( 'NONE', #2724, #1103, #7115, .T. ) ;
#2885 = PLANE ( 'NONE',  #8472 ) ;
#2886 = PLANE ( 'NONE',  #9257 ) ;
#2887 = CIRCLE ( 'NONE', #1508, 0.8000000000000003800 ) ;
#2888 = FILL_AREA_STYLE ('',( #1999 ) ) ;
#2889 = ORIENTED_EDGE ( 'NONE', *, *, #6526, .T. ) ;
#2890 = ORIENTED_EDGE ( 'NONE', *, *, #10607, .T. ) ;
#2891 = VERTEX_POINT ( 'NONE', #9203 ) ;
#2892 = EDGE_LOOP ( 'NONE', ( #2537, #4503, #1432, #687, #11344, #10881, #6427 ) ) ;
#2893 = UNCERTAINTY_MEASURE_WITH_UNIT (LENGTH_MEASURE( 1.000000000000000100E-005 ), #16, 'distance_accuracy_value', 'NONE');
#2894 = FILL_AREA_STYLE ('',( #6363 ) ) ;
#2895 = EDGE_LOOP ( 'NONE', ( #11546, #2839, #2610, #2433 ) ) ;
#2896 = FILL_AREA_STYLE_COLOUR ( '', #8015 ) ;
#2897 = AXIS2_PLACEMENT_3D ( 'NONE', #2377, #414, #9317 ) ;
#2898 = STYLED_ITEM ( 'NONE', ( #10705 ), #10810 ) ;
#2899 = DIRECTION ( 'NONE',  ( 1.652117596168388000E-016, -0.0000000000000000000, 1.000000000000000000 ) ) ;
#2900 = CARTESIAN_POINT ( 'NONE',  ( -4.450000000000001100, -3.865000000000000200, 5.000000000000000000 ) ) ;
#2901 = VECTOR ( 'NONE', #7280, 1000.000000000000000 ) ;
#2902 = CIRCLE ( 'NONE', #754, 0.8000000000000003800 ) ;
#2903 = EDGE_CURVE ( 'NONE', #722, #9996, #9233, .T. ) ;
#2904 = EDGE_CURVE ( 'NONE', #6619, #2445, #24, .T. ) ;
#2905 = CARTESIAN_POINT ( 'NONE',  ( -5.150000000000003000, -3.539999999999996500, -0.7500000000000119900 ) ) ;
#2906 = ORIENTED_EDGE ( 'NONE', *, *, #10243, .F. ) ;
#2907 = FACE_OUTER_BOUND ( 'NONE', #1237, .T. ) ;
#2908 = ORIENTED_EDGE ( 'NONE', *, *, #1702, .F. ) ;
#2909 = DIRECTION ( 'NONE',  ( -1.426581805901979600E-016, 1.000000000000000000, 1.426581805901979400E-016 ) ) ;
#2910 = VERTEX_POINT ( 'NONE', #113 ) ;
#2911 = FILL_AREA_STYLE_COLOUR ( '', #9621 ) ;
#2912 = CYLINDRICAL_SURFACE ( 'NONE', #3140, 0.2999999999999999300 ) ;
#2913 = MECHANICAL_DESIGN_GEOMETRIC_PRESENTATION_REPRESENTATION (  '', ( #3348 ), #2761 ) ;
#2914 =( NAMED_UNIT ( * ) SI_UNIT ( $, .STERADIAN. ) SOLID_ANGLE_UNIT ( ) );
#2915 = VECTOR ( 'NONE', #4328, 1000.000000000000000 ) ;
#2916 = LINE ( 'NONE', #9904, #7307 ) ;
#2917 = CARTESIAN_POINT ( 'NONE',  ( 5.150000000000003000, -0.1999999999999989600, -3.650000000000000800 ) ) ;
#2918 = DIRECTION ( 'NONE',  ( 0.0000000000000000000, -1.000000000000000000, 0.0000000000000000000 ) ) ;
#2919 = CARTESIAN_POINT ( 'NONE',  ( 5.249999999999999100, -3.865000000000000200, 5.000000000000000000 ) ) ;
#2920 = ADVANCED_FACE ( 'NONE', ( #2184 ), #2334, .F. ) ;
#2921 = ORIENTED_EDGE ( 'NONE', *, *, #3013, .T. ) ;
#2922 = DIRECTION ( 'NONE',  ( 0.0000000000000000000, 0.0000000000000000000, -1.000000000000000000 ) ) ;
#2923 = CARTESIAN_POINT ( 'NONE',  ( -4.725000000000001400, -4.015000000000000600, -0.9250000000000007100 ) ) ;
#2924 = SURFACE_SIDE_STYLE ('',( #2409 ) ) ;
#2925 = DIRECTION ( 'NONE',  ( -3.770802719384151000E-016, -1.000000000000000000, -1.426581805901979900E-016 ) ) ;
#2926 = PRESENTATION_STYLE_ASSIGNMENT (( #4408 ) ) ;
#2927 = DIRECTION ( 'NONE',  ( -0.0000000000000000000, 1.000000000000000000, 0.0000000000000000000 ) ) ;
#2928 = CARTESIAN_POINT ( 'NONE',  ( -5.120000000000001000, -0.2000000000000013700, 2.350000000000001000 ) ) ;
#2929 = ADVANCED_FACE ( 'NONE', ( #3846 ), #5320, .T. ) ;
#2930 = DIRECTION ( 'NONE',  ( 1.000000000000000000, 3.571489509364014100E-015, 7.553600721220339600E-017 ) ) ;
#2931 =( NAMED_UNIT ( * ) SI_UNIT ( $, .STERADIAN. ) SOLID_ANGLE_UNIT ( ) );
#2932 = PRESENTATION_STYLE_ASSIGNMENT (( #582 ) ) ;
#2933 = COLOUR_RGB ( '',1.000000000000000000, 1.000000000000000000, 1.000000000000000000 ) ;
#2934 = EDGE_CURVE ( 'NONE', #11275, #5787, #9806, .T. ) ;
#2935 = MECHANICAL_DESIGN_GEOMETRIC_PRESENTATION_REPRESENTATION (  '', ( #1741 ), #3522 ) ;
#2936 = CARTESIAN_POINT ( 'NONE',  ( 5.249999999999997300, 1.985000000000000300, -5.000000000000001800 ) ) ;
#2937 = VECTOR ( 'NONE', #1883, 1000.000000000000000 ) ;
#2938 = CARTESIAN_POINT ( 'NONE',  ( 5.150000000000003000, -0.4249999999999984300, -0.7499999999999980000 ) ) ;
#2939 = STYLED_ITEM ( 'NONE', ( #6970 ), #2049 ) ;
#2940 = DIRECTION ( 'NONE',  ( 2.409338161078898200E-017, -1.426581805901979400E-016, 1.000000000000000000 ) ) ;
#2941 = DIRECTION ( 'NONE',  ( -1.000000000000000000, 4.580624489496172500E-016, -3.504491870660219800E-017 ) ) ;
#2942 = EDGE_LOOP ( 'NONE', ( #6904, #1051, #11362, #182 ) ) ;
#2943 =( NAMED_UNIT ( * ) SI_UNIT ( $, .STERADIAN. ) SOLID_ANGLE_UNIT ( ) );
#2944 = CARTESIAN_POINT ( 'NONE',  ( -4.850000000000002300, -3.390000000000000600, -1.125000000000000900 ) ) ;
#2945 =( GEOMETRIC_REPRESENTATION_CONTEXT ( 3 ) GLOBAL_UNCERTAINTY_ASSIGNED_CONTEXT ( ( #9174 ) ) GLOBAL_UNIT_ASSIGNED_CONTEXT ( ( #6431, #6391, #6316 ) ) REPRESENTATION_CONTEXT ( 'NONE', 'WORKASPACE' ) );
#2946 = FACE_OUTER_BOUND ( 'NONE', #9506, .T. ) ;
#2947 = FACE_OUTER_BOUND ( 'NONE', #4801, .T. ) ;
#2948 = EDGE_LOOP ( 'NONE', ( #3077, #4349, #5201 ) ) ;
#2949 = SURFACE_STYLE_FILL_AREA ( #3711 ) ;
#2950 = CARTESIAN_POINT ( 'NONE',  ( 5.147935749934389600, -0.2186530475746153700, 2.346501866060893600 ) ) ;
#2951 = CARTESIAN_POINT ( 'NONE',  ( 4.025000000000001200, -0.1250000000000016400, -0.7499999999999980000 ) ) ;
#2952 = CARTESIAN_POINT ( 'NONE',  ( 5.350000000000002300, -1.680000000000001500, 3.850000000000000500 ) ) ;
#2953 = CARTESIAN_POINT ( 'NONE',  ( 5.400000000000003000, -3.539999999999998700, -0.7499999999999980000 ) ) ;
#2954 = CARTESIAN_POINT ( 'NONE',  ( -5.150000000000003000, -3.815000000000000400, 0.9249999999999998200 ) ) ;
#2955 = VERTEX_POINT ( 'NONE', #7122 ) ;
#2956 = LINE ( 'NONE', #4848, #9471 ) ;
#2957 = MECHANICAL_DESIGN_GEOMETRIC_PRESENTATION_REPRESENTATION (  '', ( #3288 ), #6921 ) ;
#2958 = EDGE_CURVE ( 'NONE', #163, #10812, #613, .T. ) ;
#2959 = SURFACE_STYLE_USAGE ( .BOTH. , #10488 ) ;
#2960 = AXIS2_PLACEMENT_3D ( 'NONE', #6020, #3324, #2112 ) ;
#2961 = VECTOR ( 'NONE', #2865, 1000.000000000000000 ) ;
#2962 = VECTOR ( 'NONE', #8839, 1000.000000000000000 ) ;
#2963 =( NAMED_UNIT ( * ) SI_UNIT ( $, .STERADIAN. ) SOLID_ANGLE_UNIT ( ) );
#2964 = CARTESIAN_POINT ( 'NONE',  ( 3.350000000000004100, -4.014999999999999700, -3.650000000000001700 ) ) ;
#2965 = FILL_AREA_STYLE ('',( #3155 ) ) ;
#2966 = CARTESIAN_POINT ( 'NONE',  ( 5.400000000000003000, -3.539999999999998700, -0.7499999999999980000 ) ) ;
#2967 = DIRECTION ( 'NONE',  ( -1.426581805901979600E-016, -1.000000000000000000, -1.426581805901979900E-016 ) ) ;
#2968 = ORIENTED_EDGE ( 'NONE', *, *, #2438, .F. ) ;
#2969 = ORIENTED_EDGE ( 'NONE', *, *, #4779, .F. ) ;
#2970 = CARTESIAN_POINT ( 'NONE',  ( 5.100000000000003200, -1.870000000000001000, 0.9249999999999997100 ) ) ;
#2971 = SURFACE_SIDE_STYLE ('',( #4266 ) ) ;
#2972 = VERTEX_POINT ( 'NONE', #1437 ) ;
#2973 = VECTOR ( 'NONE', #8428, 1000.000000000000000 ) ;
#2974 = DIRECTION ( 'NONE',  ( -2.409338161078901600E-017, 2.853163611803959300E-016, -1.000000000000000000 ) ) ;
#2975 = PRESENTATION_LAYER_ASSIGNMENT (  '', '', ( #3543 ) ) ;
#2976 = LINE ( 'NONE', #908, #564 ) ;
#2977 = AXIS2_PLACEMENT_3D ( 'NONE', #2750, #2940, #3430 ) ;
#2978 = ORIENTED_EDGE ( 'NONE', *, *, #9536, .T. ) ;
#2979 = EDGE_CURVE ( 'NONE', #9202, #6742, #2738, .T. ) ;
#2980 = VERTEX_POINT ( 'NONE', #9724 ) ;
#2981 = ADVANCED_FACE ( 'NONE', ( #9531 ), #1613, .F. ) ;
#2982 = VERTEX_POINT ( 'NONE', #5866 ) ;
#2983 = FILL_AREA_STYLE ('',( #757 ) ) ;
#2984 = CARTESIAN_POINT ( 'NONE',  ( 5.050000000000002500, -8.530959199293837800E-016, 0.9250000000000000400 ) ) ;
#2985 = CIRCLE ( 'NONE', #5979, 0.1250000000000000000 ) ;
#2986 = FACE_OUTER_BOUND ( 'NONE', #226, .T. ) ;
#2987 = LINE ( 'NONE', #5962, #5008 ) ;
#2988 = FACE_OUTER_BOUND ( 'NONE', #8215, .T. ) ;
#2989 = VERTEX_POINT ( 'NONE', #3986 ) ;
#2990 =( NAMED_UNIT ( * ) PLANE_ANGLE_UNIT ( ) SI_UNIT ( $, .RADIAN. ) );
#2991 = AXIS2_PLACEMENT_3D ( 'NONE', #4743, #4671, #3961 ) ;
#2992 = MECHANICAL_DESIGN_GEOMETRIC_PRESENTATION_REPRESENTATION (  '', ( #1786 ), #3563 ) ;
#2993 = ADVANCED_FACE ( 'NONE', ( #8380 ), #9351, .F. ) ;
#2994 = DIRECTION ( 'NONE',  ( 1.000000000000000000, 1.426581805901979400E-016, 1.927470528863119300E-016 ) ) ;
#2995 = ORIENTED_EDGE ( 'NONE', *, *, #10634, .T. ) ;
#2996 = EDGE_CURVE ( 'NONE', #831, #4967, #5042, .T. ) ;
#2997 = LINE ( 'NONE', #4041, #9777 ) ;
#2998 =( LENGTH_UNIT ( ) NAMED_UNIT ( * ) SI_UNIT ( .MILLI., .METRE. ) );
#2999 = CARTESIAN_POINT ( 'NONE',  ( 4.850000000000002300, -1.870000000000001000, 0.9250000000000000400 ) ) ;
#3000 = LINE ( 'NONE', #7807, #588 ) ;
#3001 =( NAMED_UNIT ( * ) SI_UNIT ( $, .STERADIAN. ) SOLID_ANGLE_UNIT ( ) );
#3002 = PRESENTATION_STYLE_ASSIGNMENT (( #4634 ) ) ;
#3003 = DIRECTION ( 'NONE',  ( 0.0000000000000000000, 1.000000000000000000, 0.0000000000000000000 ) ) ;
#3004 = EDGE_LOOP ( 'NONE', ( #10446, #6253, #6083, #8460, #840, #3216, #10033, #11159, #8419, #10098, #9072, #4140, #10707, #7571, #6543, #2625, #9875, #10734, #10254, #3799, #3685, #10784, #6810, #7078 ) ) ;
#3005 = DIRECTION ( 'NONE',  ( 1.927470528863119000E-016, 1.426581805901979600E-016, -1.000000000000000000 ) ) ;
#3006 = CARTESIAN_POINT ( 'NONE',  ( -5.170000000000000800, -4.422403598296132200E-017, -2.350000000000000500 ) ) ;
#3007 = ORIENTED_EDGE ( 'NONE', *, *, #3789, .T. ) ;
#3008 = CARTESIAN_POINT ( 'NONE',  ( -5.100000000000002300, -1.870000000000000600, -0.8750000000000001100 ) ) ;
#3009 = DIRECTION ( 'NONE',  ( -1.000000000000000000, -1.426581805901979400E-016, -1.927470528863119300E-016 ) ) ;
#3010 = UNCERTAINTY_MEASURE_WITH_UNIT (LENGTH_MEASURE( 1.000000000000000100E-005 ), #3082, 'distance_accuracy_value', 'NONE');
#3011 = FACE_OUTER_BOUND ( 'NONE', #10718, .T. ) ;
#3012 = DIRECTION ( 'NONE',  ( 1.000000000000000000, -0.0000000000000000000, -0.0000000000000000000 ) ) ;
#3013 = EDGE_CURVE ( 'NONE', #5629, #10585, #10764, .T. ) ;
#3014 =( NAMED_UNIT ( * ) PLANE_ANGLE_UNIT ( ) SI_UNIT ( $, .RADIAN. ) );
#3015 = EDGE_CURVE ( 'NONE', #6305, #8356, #739, .T. ) ;
#3016 = VERTEX_POINT ( 'NONE', #10932 ) ;
#3017 =( GEOMETRIC_REPRESENTATION_CONTEXT ( 3 ) GLOBAL_UNCERTAINTY_ASSIGNED_CONTEXT ( ( #9530 ) ) GLOBAL_UNIT_ASSIGNED_CONTEXT ( ( #1460, #7646, #2391 ) ) REPRESENTATION_CONTEXT ( 'NONE', 'WORKASPACE' ) );
#3018 = SURFACE_STYLE_USAGE ( .BOTH. , #8269 ) ;
#3019 = COLOUR_RGB ( '',1.000000000000000000, 1.000000000000000000, 1.000000000000000000 ) ;
#3020 = ORIENTED_EDGE ( 'NONE', *, *, #8496, .T. ) ;
#3021 = SURFACE_SIDE_STYLE ('',( #3954 ) ) ;
#3022 = CARTESIAN_POINT ( 'NONE',  ( 5.350000000000003200, -0.1800000000000003800, -2.350000000000001000 ) ) ;
#3023 = CYLINDRICAL_SURFACE ( 'NONE', #4622, 0.02999999999999964500 ) ;
#3024 = UNCERTAINTY_MEASURE_WITH_UNIT (LENGTH_MEASURE( 1.000000000000000100E-005 ), #7456, 'distance_accuracy_value', 'NONE');
#3025 = DIRECTION ( 'NONE',  ( -0.3417430630867060400, 0.0000000000000000000, -0.9397934234884364200 ) ) ;
#3026 = ORIENTED_EDGE ( 'NONE', *, *, #7850, .T. ) ;
#3027 = SURFACE_STYLE_FILL_AREA ( #11373 ) ;
#3028 = EDGE_CURVE ( 'NONE', #1350, #10860, #7557, .T. ) ;
#3029 = SURFACE_STYLE_FILL_AREA ( #5877 ) ;
#3030 =( LENGTH_UNIT ( ) NAMED_UNIT ( * ) SI_UNIT ( .MILLI., .METRE. ) );
#3031 = AXIS2_PLACEMENT_3D ( 'NONE', #2444, #8586, #3315 ) ;
#3032 = DIRECTION ( 'NONE',  ( 1.426581805901979900E-016, 1.000000000000000000, 1.281360903504773400E-017 ) ) ;
#3033 = CARTESIAN_POINT ( 'NONE',  ( -4.750000000000001800, 0.0000000000000000000, 1.799999999999999800 ) ) ;
#3034 = STYLED_ITEM ( 'NONE', ( #11046 ), #2807 ) ;
#3035 = ORIENTED_EDGE ( 'NONE', *, *, #83, .T. ) ;
#3036 = CARTESIAN_POINT ( 'NONE',  ( -5.150000000000002100, -0.2000000000000013700, 2.250000000000000900 ) ) ;
#3037 = ORIENTED_EDGE ( 'NONE', *, *, #3698, .T. ) ;
#3038 = CARTESIAN_POINT ( 'NONE',  ( 5.050000000000003400, -3.390000000000000100, -0.8750000000000007800 ) ) ;
#3039 = VERTEX_POINT ( 'NONE', #10057 ) ;
#3040 = SURFACE_STYLE_FILL_AREA ( #10856 ) ;
#3041 = COLOUR_RGB ( '',0.5019607843137254800, 0.5019607843137254800, 0.5019607843137254800 ) ;
#3042 = VERTEX_POINT ( 'NONE', #10327 ) ;
#3043 = SURFACE_STYLE_USAGE ( .BOTH. , #4990 ) ;
#3044 = ADVANCED_FACE ( 'NONE', ( #5176 ), #10732, .F. ) ;
#3045 = STYLED_ITEM ( 'NONE', ( #2221 ), #5657 ) ;
#3046 = CIRCLE ( 'NONE', #6832, 0.8000000000000003800 ) ;
#3047 = PRESENTATION_STYLE_ASSIGNMENT (( #11035 ) ) ;
#3048 =( NAMED_UNIT ( * ) PLANE_ANGLE_UNIT ( ) SI_UNIT ( $, .RADIAN. ) );
#3049 = SURFACE_STYLE_USAGE ( .BOTH. , #5695 ) ;
#3050 = VERTEX_POINT ( 'NONE', #9508 ) ;
#3051 = LINE ( 'NONE', #6863, #4800 ) ;
#3052 = MECHANICAL_DESIGN_GEOMETRIC_PRESENTATION_REPRESENTATION (  '', ( #7928 ), #4751 ) ;
#3053 = VERTEX_POINT ( 'NONE', #9349 ) ;
#3054 = UNCERTAINTY_MEASURE_WITH_UNIT (LENGTH_MEASURE( 1.000000000000000100E-005 ), #2857, 'distance_accuracy_value', 'NONE');
#3055 = EDGE_CURVE ( 'NONE', #1356, #8514, #465, .T. ) ;
#3056 = DIRECTION ( 'NONE',  ( 1.000000000000000000, 0.0000000000000000000, 0.0000000000000000000 ) ) ;
#3057 = FILL_AREA_STYLE_COLOUR ( '', #208 ) ;
#3058 = UNCERTAINTY_MEASURE_WITH_UNIT (LENGTH_MEASURE( 1.000000000000000100E-005 ), #6984, 'distance_accuracy_value', 'NONE');
#3059 = ORIENTED_EDGE ( 'NONE', *, *, #2566, .F. ) ;
#3060 = ADVANCED_FACE ( 'NONE', ( #9946 ), #9104, .F. ) ;
#3061 = SURFACE_STYLE_USAGE ( .BOTH. , #8309 ) ;
#3062 = PRESENTATION_STYLE_ASSIGNMENT (( #3072 ) ) ;
#3063 = PRESENTATION_STYLE_ASSIGNMENT (( #2710 ) ) ;
#3064 = FILL_AREA_STYLE_COLOUR ( '', #7232 ) ;
#3065 =( NAMED_UNIT ( * ) PLANE_ANGLE_UNIT ( ) SI_UNIT ( $, .RADIAN. ) );
#3066 = AXIS2_PLACEMENT_3D ( 'NONE', #9520, #8545, #516 ) ;
#3067 = STYLED_ITEM ( 'NONE', ( #2530 ), #10981 ) ;
#3068 = ORIENTED_EDGE ( 'NONE', *, *, #3131, .T. ) ;
#3069 = EDGE_CURVE ( 'NONE', #4386, #10631, #5596, .T. ) ;
#3070 = EDGE_CURVE ( 'NONE', #272, #6576, #7950, .T. ) ;
#3071 = PRESENTATION_STYLE_ASSIGNMENT (( #3702 ) ) ;
#3072 = SURFACE_STYLE_USAGE ( .BOTH. , #3101 ) ;
#3073 = DIRECTION ( 'NONE',  ( 0.0000000000000000000, 1.000000000000000000, 0.0000000000000000000 ) ) ;
#3074 =( NAMED_UNIT ( * ) PLANE_ANGLE_UNIT ( ) SI_UNIT ( $, .RADIAN. ) );
#3075 = SURFACE_STYLE_USAGE ( .BOTH. , #8333 ) ;
#3076 = VECTOR ( 'NONE', #3908, 1000.000000000000000 ) ;
#3077 = ORIENTED_EDGE ( 'NONE', *, *, #5639, .T. ) ;
#3078 =( NAMED_UNIT ( * ) SI_UNIT ( $, .STERADIAN. ) SOLID_ANGLE_UNIT ( ) );
#3079 = PLANE ( 'NONE',  #8844 ) ;
#3080 = DIRECTION ( 'NONE',  ( 0.0000000000000000000, 0.0000000000000000000, -1.000000000000000000 ) ) ;
#3081 =( GEOMETRIC_REPRESENTATION_CONTEXT ( 3 ) GLOBAL_UNCERTAINTY_ASSIGNED_CONTEXT ( ( #532 ) ) GLOBAL_UNIT_ASSIGNED_CONTEXT ( ( #4344, #10558, #5208 ) ) REPRESENTATION_CONTEXT ( 'NONE', 'WORKASPACE' ) );
#3082 =( LENGTH_UNIT ( ) NAMED_UNIT ( * ) SI_UNIT ( .MILLI., .METRE. ) );
#3083 = FILL_AREA_STYLE_COLOUR ( '', #7349 ) ;
#3084 = COLOUR_RGB ( '',0.7921568627450980000, 0.8196078431372548800, 0.9333333333333333500 ) ;
#3085 = FILL_AREA_STYLE ('',( #4425 ) ) ;
#3086 = PLANE ( 'NONE',  #1610 ) ;
#3087 = PLANE ( 'NONE',  #11464 ) ;
#3088 = PRESENTATION_STYLE_ASSIGNMENT (( #1659 ) ) ;
#3089 = CARTESIAN_POINT ( 'NONE',  ( -5.150000000000002100, -0.1999999999999999800, 3.650000000000000800 ) ) ;
#3090 = FACE_OUTER_BOUND ( 'NONE', #9434, .T. ) ;
#3091 = EDGE_CURVE ( 'NONE', #10595, #6505, #3285, .T. ) ;
#3092 = FILL_AREA_STYLE ('',( #4037 ) ) ;
#3093 = AXIS2_PLACEMENT_3D ( 'NONE', #800, #7007, #1730 ) ;
#3094 = ADVANCED_FACE ( 'NONE', ( #603 ), #8947, .F. ) ;
#3095 = CARTESIAN_POINT ( 'NONE',  ( 4.449999999999997500, 1.985000000000000300, -5.000000000000001800 ) ) ;
#3096 = LINE ( 'NONE', #7420, #9878 ) ;
#3097 = LINE ( 'NONE', #7749, #2810 ) ;
#3098 = AXIS2_PLACEMENT_3D ( 'NONE', #10001, #1845, #11063 ) ;
#3099 = CARTESIAN_POINT ( 'NONE',  ( 4.090000000000005200, -4.016000000000000000, -3.100000000000001400 ) ) ;
#3100 = ORIENTED_EDGE ( 'NONE', *, *, #9378, .F. ) ;
#3101 = SURFACE_SIDE_STYLE ('',( #10122 ) ) ;
#3102 = ORIENTED_EDGE ( 'NONE', *, *, #5755, .T. ) ;
#3103 = LINE ( 'NONE', #9285, #10776 ) ;
#3104 = PLANE ( 'NONE',  #8017 ) ;
#3105 = PRESENTATION_STYLE_ASSIGNMENT (( #922 ) ) ;
#3106 = SURFACE_STYLE_FILL_AREA ( #5750 ) ;
#3107 = LINE ( 'NONE', #11309, #10997 ) ;
#3108 =( NAMED_UNIT ( * ) PLANE_ANGLE_UNIT ( ) SI_UNIT ( $, .RADIAN. ) );
#3109 = VERTEX_POINT ( 'NONE', #7500 ) ;
#3110 = CARTESIAN_POINT ( 'NONE',  ( -5.050000000000003400, 0.0000000000000000000, -3.899999999999999900 ) ) ;
#3111 = UNCERTAINTY_MEASURE_WITH_UNIT (LENGTH_MEASURE( 1.000000000000000100E-005 ), #8163, 'distance_accuracy_value', 'NONE');
#3112 = ORIENTED_EDGE ( 'NONE', *, *, #9469, .F. ) ;
#3113 = EDGE_CURVE ( 'NONE', #2724, #9838, #4495, .T. ) ;
#3114 = MECHANICAL_DESIGN_GEOMETRIC_PRESENTATION_REPRESENTATION (  '', ( #957 ), #3167 ) ;
#3115 = VERTEX_POINT ( 'NONE', #8032 ) ;
#3116 = DIRECTION ( 'NONE',  ( -1.079575420682579900E-017, -1.000000000000000000, -1.426581805901980100E-016 ) ) ;
#3117 = DIRECTION ( 'NONE',  ( -7.553600721220308800E-017, -3.168122796172017900E-015, 1.000000000000000000 ) ) ;
#3118 = CARTESIAN_POINT ( 'NONE',  ( -4.590000000000001600, -4.014999999999999700, -3.050000000000000700 ) ) ;
#3119 = CARTESIAN_POINT ( 'NONE',  ( -4.025000000000001200, -0.1250000000000041600, 0.7499999999999994400 ) ) ;
#3120 = CYLINDRICAL_SURFACE ( 'NONE', #5814, 0.05000000000000012800 ) ;
#3121 = FACE_OUTER_BOUND ( 'NONE', #5346, .T. ) ;
#3122 = FILL_AREA_STYLE ('',( #3740 ) ) ;
#3123 = CARTESIAN_POINT ( 'NONE',  ( -5.141256086659351100, -0.2085764379637287100, 2.349302167280541600 ) ) ;
#3124 = VERTEX_POINT ( 'NONE', #7640 ) ;
#3125 = DIRECTION ( 'NONE',  ( -1.000000000000000000, -1.426581805901980100E-016, 2.409338161078898200E-016 ) ) ;
#3126 = STYLED_ITEM ( 'NONE', ( #8499 ), #6531 ) ;
#3128 = AXIS2_PLACEMENT_3D ( 'NONE', #7901, #7868, #7830 ) ;
#3127 = STYLED_ITEM ( 'NONE', ( #2381 ), #10632 ) ;
#3129 = ORIENTED_EDGE ( 'NONE', *, *, #5549, .F. ) ;
#3130 = CYLINDRICAL_SURFACE ( 'NONE', #1034, 0.05000000000000012800 ) ;
#3131 = EDGE_CURVE ( 'NONE', #3050, #9116, #2186, .T. ) ;
#3132 = LINE ( 'NONE', #1825, #721 ) ;
#3133 = DIRECTION ( 'NONE',  ( 1.000000000000000000, 0.0000000000000000000, 0.0000000000000000000 ) ) ;
#3134 = UNCERTAINTY_MEASURE_WITH_UNIT (LENGTH_MEASURE( 1.000000000000000100E-005 ), #11404, 'distance_accuracy_value', 'NONE');
#3135 = SURFACE_STYLE_USAGE ( .BOTH. , #8388 ) ;
#3136 = ORIENTED_EDGE ( 'NONE', *, *, #8773, .F. ) ;
#3137 = VERTEX_POINT ( 'NONE', #7136 ) ;
#3138 = DIRECTION ( 'NONE',  ( -4.707476099338773300E-016, -1.426581805901979400E-016, 1.000000000000000000 ) ) ;
#3139 = DIRECTION ( 'NONE',  ( -1.000000000000000000, -1.426581805901979400E-016, -1.927470528863119300E-016 ) ) ;
#3140 = AXIS2_PLACEMENT_3D ( 'NONE', #7623, #7260, #6653 ) ;
#3141 = LINE ( 'NONE', #11218, #5433 ) ;
#3142 = ORIENTED_EDGE ( 'NONE', *, *, #2268, .F. ) ;
#3143 = DIRECTION ( 'NONE',  ( 1.927470528863119000E-016, 1.426581805901979600E-016, -1.000000000000000000 ) ) ;
#3144 = EDGE_CURVE ( 'NONE', #2980, #9527, #6841, .T. ) ;
#3145 =( NAMED_UNIT ( * ) SI_UNIT ( $, .STERADIAN. ) SOLID_ANGLE_UNIT ( ) );
#3146 =( LENGTH_UNIT ( ) NAMED_UNIT ( * ) SI_UNIT ( .MILLI., .METRE. ) );
#3147 = VERTEX_POINT ( 'NONE', #6780 ) ;
#3148 = PLANE ( 'NONE',  #871 ) ;
#3149 = UNCERTAINTY_MEASURE_WITH_UNIT (LENGTH_MEASURE( 1.000000000000000100E-005 ), #7035, 'distance_accuracy_value', 'NONE');
#3150 = LINE ( 'NONE', #158, #7815 ) ;
#3151 = DIRECTION ( 'NONE',  ( 1.927470528863119000E-016, 1.426581805901979600E-016, -1.000000000000000000 ) ) ;
#3152 = ADVANCED_FACE ( 'NONE', ( #11033 ), #1398, .F. ) ;
#3153 = VERTEX_POINT ( 'NONE', #6006 ) ;
#3154 = DIRECTION ( 'NONE',  ( -2.209081482755457800E-016, -1.426581805901979600E-016, 1.000000000000000000 ) ) ;
#3155 = FILL_AREA_STYLE_COLOUR ( '', #11017 ) ;
#3156 = DIRECTION ( 'NONE',  ( 1.000000000000000000, 0.0000000000000000000, 0.0000000000000000000 ) ) ;
#3157 = CARTESIAN_POINT ( 'NONE',  ( 5.350000000000003200, -0.2000000000000008700, -1.125000000000000000 ) ) ;
#3158 = VECTOR ( 'NONE', #10896, 1000.000000000000000 ) ;
#3159 = EDGE_LOOP ( 'NONE', ( #1068, #2579, #10588, #1130 ) ) ;
#3160 = DIRECTION ( 'NONE',  ( -1.000000000000000000, 3.717264591378876000E-015, 0.0000000000000000000 ) ) ;
#3161 = CARTESIAN_POINT ( 'NONE',  ( 4.590000000000002500, -1.057020005643318000E-015, 2.350000000000000500 ) ) ;
#3162 = AXIS2_PLACEMENT_3D ( 'NONE', #10767, #5416, #92 ) ;
#3163 = UNCERTAINTY_MEASURE_WITH_UNIT (LENGTH_MEASURE( 1.000000000000000100E-005 ), #2365, 'distance_accuracy_value', 'NONE');
#3164 = VECTOR ( 'NONE', #10147, 1000.000000000000000 ) ;
#3165 = ORIENTED_EDGE ( 'NONE', *, *, #6793, .T. ) ;
#3166 = EDGE_LOOP ( 'NONE', ( #664, #10726, #1028 ) ) ;
#3167 =( GEOMETRIC_REPRESENTATION_CONTEXT ( 3 ) GLOBAL_UNCERTAINTY_ASSIGNED_CONTEXT ( ( #3163 ) ) GLOBAL_UNIT_ASSIGNED_CONTEXT ( ( #2365, #8006, #5490 ) ) REPRESENTATION_CONTEXT ( 'NONE', 'WORKASPACE' ) );
#3168 = CARTESIAN_POINT ( 'NONE',  ( -5.050000000000001600, -1.870000000000001000, 0.9250000000000000400 ) ) ;
#3169 = CARTESIAN_POINT ( 'NONE',  ( 4.449999999999999300, -3.865000000000000200, -4.200000000000000200 ) ) ;
#3170 = MECHANICAL_DESIGN_GEOMETRIC_PRESENTATION_REPRESENTATION (  '', ( #11055 ), #807 ) ;
#3171 =( LENGTH_UNIT ( ) NAMED_UNIT ( * ) SI_UNIT ( .MILLI., .METRE. ) );
#3172 = LINE ( 'NONE', #3221, #480 ) ;
#3173 = DIRECTION ( 'NONE',  ( -1.927470528863118800E-016, -2.725027521453482400E-016, 1.000000000000000000 ) ) ;
#3174 = ORIENTED_EDGE ( 'NONE', *, *, #2904, .T. ) ;
#3175 = AXIS2_PLACEMENT_3D ( 'NONE', #7376, #7331, #7272 ) ;
#3176 = VERTEX_POINT ( 'NONE', #5827 ) ;
#3177 = ORIENTED_EDGE ( 'NONE', *, *, #11143, .F. ) ;
#3178 = FILL_AREA_STYLE ('',( #3704 ) ) ;
#3179 = AXIS2_PLACEMENT_3D ( 'NONE', #9074, #3761, #9984 ) ;
#3180 = ORIENTED_EDGE ( 'NONE', *, *, #8773, .T. ) ;
#3181 = AXIS2_PLACEMENT_3D ( 'NONE', #6712, #10713, #6368 ) ;
#3182 = CYLINDRICAL_SURFACE ( 'NONE', #7266, 0.7999999999999999300 ) ;
#3183 = DIRECTION ( 'NONE',  ( 0.0000000000000000000, 0.0000000000000000000, 1.000000000000000000 ) ) ;
#3184 = DIRECTION ( 'NONE',  ( 0.0000000000000000000, 0.0000000000000000000, -1.000000000000000000 ) ) ;
#3185 = ORIENTED_EDGE ( 'NONE', *, *, #6342, .T. ) ;
#3186 = DIRECTION ( 'NONE',  ( 0.0000000000000000000, -0.3417430630867041000, -0.9397934234884372000 ) ) ;
#3187 = LINE ( 'NONE', #3636, #774 ) ;
#3188 = UNCERTAINTY_MEASURE_WITH_UNIT (LENGTH_MEASURE( 1.000000000000000100E-005 ), #8330, 'distance_accuracy_value', 'NONE');
#3189 = PLANE ( 'NONE',  #10312 ) ;
#3190 = EDGE_LOOP ( 'NONE', ( #9912, #10606, #8131, #3339 ) ) ;
#3191 = AXIS2_PLACEMENT_3D ( 'NONE', #3719, #460, #3080 ) ;
#3192 = MECHANICAL_DESIGN_GEOMETRIC_PRESENTATION_REPRESENTATION (  '', ( #4565 ), #2001 ) ;
#3194 = AXIS2_PLACEMENT_3D ( 'NONE', #8603, #8571, #8226 ) ;
#3193 = AXIS2_PLACEMENT_3D ( 'NONE', #1036, #7245, #1981 ) ;
#3195 = DIRECTION ( 'NONE',  ( -1.927470528863119000E-016, -1.426581805901979600E-016, 1.000000000000000000 ) ) ;
#3196 = CARTESIAN_POINT ( 'NONE',  ( -4.025000000000001200, -0.2499999999999994200, -0.7500000000000010000 ) ) ;
#3197 = CARTESIAN_POINT ( 'NONE',  ( 5.050000000000003400, -3.390000000000000100, 0.8749999999999993300 ) ) ;
#3198 = CARTESIAN_POINT ( 'NONE',  ( 5.150000000000003000, -0.2300000000000006500, -2.340000000000000700 ) ) ;
#3199 = PRESENTATION_STYLE_ASSIGNMENT (( #9190 ) ) ;
#3200 = CYLINDRICAL_SURFACE ( 'NONE', #3974, 0.05000000000000012800 ) ;
#3201 = EDGE_CURVE ( 'NONE', #10391, #6566, #8454, .T. ) ;
#3202 = ORIENTED_EDGE ( 'NONE', *, *, #7079, .F. ) ;
#3203 = SURFACE_STYLE_USAGE ( .BOTH. , #8451 ) ;
#3204 = ORIENTED_EDGE ( 'NONE', *, *, #8993, .T. ) ;
#3205 = VECTOR ( 'NONE', #2200, 1000.000000000000000 ) ;
#3206 = DIRECTION ( 'NONE',  ( -1.927470528863119000E-016, -1.426581805901979600E-016, 1.000000000000000000 ) ) ;
#3207 = DIRECTION ( 'NONE',  ( 0.0000000000000000000, 0.0000000000000000000, 1.000000000000000000 ) ) ;
#3208 = ADVANCED_FACE ( 'NONE', ( #6089 ), #5591, .F. ) ;
#3209 =( GEOMETRIC_REPRESENTATION_CONTEXT ( 3 ) GLOBAL_UNCERTAINTY_ASSIGNED_CONTEXT ( ( #5009 ) ) GLOBAL_UNIT_ASSIGNED_CONTEXT ( ( #139, #9103, #8188 ) ) REPRESENTATION_CONTEXT ( 'NONE', 'WORKASPACE' ) );
#3210 =( GEOMETRIC_REPRESENTATION_CONTEXT ( 3 ) GLOBAL_UNCERTAINTY_ASSIGNED_CONTEXT ( ( #214 ) ) GLOBAL_UNIT_ASSIGNED_CONTEXT ( ( #8313, #3065, #9237 ) ) REPRESENTATION_CONTEXT ( 'NONE', 'WORKASPACE' ) );
#3211 = CARTESIAN_POINT ( 'NONE',  ( 5.050000000000003400, -3.865000000000000200, -2.625000000000000000 ) ) ;
#3212 = SURFACE_STYLE_USAGE ( .BOTH. , #8468 ) ;
#3213 = EDGE_CURVE ( 'NONE', #6566, #487, #7344, .T. ) ;
#3214 = EDGE_CURVE ( 'NONE', #6097, #9791, #9741, .T. ) ;
#3215 = UNCERTAINTY_MEASURE_WITH_UNIT (LENGTH_MEASURE( 1.000000000000000100E-005 ), #2439, 'distance_accuracy_value', 'NONE');
#3216 = ORIENTED_EDGE ( 'NONE', *, *, #7164, .T. ) ;
#3217 = PLANE ( 'NONE',  #8954 ) ;
#3218 = COLOUR_RGB ( '',0.5019607843137254800, 0.5019607843137254800, 0.5019607843137254800 ) ;
#3219 = CARTESIAN_POINT ( 'NONE',  ( -3.350000000000001400, -0.2000000000000009000, -0.9249999999999998200 ) ) ;
#3220 = SURFACE_STYLE_USAGE ( .BOTH. , #3260 ) ;
#3221 = CARTESIAN_POINT ( 'NONE',  ( -4.450000000000002800, 1.985000000000000300, -5.000000000000000000 ) ) ;
#3222 = ORIENTED_EDGE ( 'NONE', *, *, #2027, .F. ) ;
#3223 = UNCERTAINTY_MEASURE_WITH_UNIT (LENGTH_MEASURE( 1.000000000000000100E-005 ), #8490, 'distance_accuracy_value', 'NONE');
#3224 =( LENGTH_UNIT ( ) NAMED_UNIT ( * ) SI_UNIT ( .MILLI., .METRE. ) );
#3225 = EDGE_CURVE ( 'NONE', #9680, #11258, #2956, .T. ) ;
#3226 = EDGE_CURVE ( 'NONE', #3176, #1350, #4976, .T. ) ;
#3227 = VECTOR ( 'NONE', #1420, 1000.000000000000000 ) ;
#3228 =( GEOMETRIC_REPRESENTATION_CONTEXT ( 3 ) GLOBAL_UNCERTAINTY_ASSIGNED_CONTEXT ( ( #2307 ) ) GLOBAL_UNIT_ASSIGNED_CONTEXT ( ( #394, #6597, #1300 ) ) REPRESENTATION_CONTEXT ( 'NONE', 'WORKASPACE' ) );
#3229 =( LENGTH_UNIT ( ) NAMED_UNIT ( * ) SI_UNIT ( .MILLI., .METRE. ) );
#3230 = CARTESIAN_POINT ( 'NONE',  ( -5.100000000000003200, -3.390000000000000100, -0.9250000000000003800 ) ) ;
#3231 = FACE_OUTER_BOUND ( 'NONE', #4448, .T. ) ;
#3232 = CARTESIAN_POINT ( 'NONE',  ( -4.975000000000003200, -3.539999999999996500, -0.7500000000000119900 ) ) ;
#3233 = CARTESIAN_POINT ( 'NONE',  ( 6.599166481399135100, -3.714999999999999000, -0.9250000000000002700 ) ) ;
#3234 = LINE ( 'NONE', #5505, #822 ) ;
#3235 = MECHANICAL_DESIGN_GEOMETRIC_PRESENTATION_REPRESENTATION (  '', ( #4353 ), #2945 ) ;
#3236 = VECTOR ( 'NONE', #1055, 1000.000000000000000 ) ;
#3237 = LINE ( 'NONE', #3377, #10316 ) ;
#3238 = PRESENTATION_STYLE_ASSIGNMENT (( #8594 ) ) ;
#3239 = ORIENTED_EDGE ( 'NONE', *, *, #1563, .T. ) ;
#3240 = EDGE_CURVE ( 'NONE', #804, #3050, #8430, .T. ) ;
#3241 = CARTESIAN_POINT ( 'NONE',  ( 5.170000000000003500, -3.835000000000000400, -1.125000000000000900 ) ) ;
#3242 = DIRECTION ( 'NONE',  ( 6.736636305648237600E-017, -1.000000000000000000, -1.426581805901979400E-016 ) ) ;
#3243 = ORIENTED_EDGE ( 'NONE', *, *, #10697, .F. ) ;
#3244 = AXIS2_PLACEMENT_3D ( 'NONE', #371, #6567, #1280 ) ;
#3245 = ORIENTED_EDGE ( 'NONE', *, *, #8118, .F. ) ;
#3246 = DIRECTION ( 'NONE',  ( 0.0000000000000000000, 0.0000000000000000000, 1.000000000000000000 ) ) ;
#3247 = CIRCLE ( 'NONE', #7591, 0.1999999999999996500 ) ;
#3248 = AXIS2_PLACEMENT_3D ( 'NONE', #8264, #10655, #9605 ) ;
#3249 = DIRECTION ( 'NONE',  ( 2.409338161078898200E-017, -1.426581805901979900E-016, 1.000000000000000000 ) ) ;
#3250 = PRESENTATION_STYLE_ASSIGNMENT (( #1673 ) ) ;
#3251 = SURFACE_STYLE_FILL_AREA ( #8602 ) ;
#3252 = VECTOR ( 'NONE', #1005, 1000.000000000000000 ) ;
#3253 = VERTEX_POINT ( 'NONE', #3157 ) ;
#3254 = UNCERTAINTY_MEASURE_WITH_UNIT (LENGTH_MEASURE( 1.000000000000000100E-005 ), #8207, 'distance_accuracy_value', 'NONE');
#3255 = ORIENTED_EDGE ( 'NONE', *, *, #4357, .T. ) ;
#3256 = SURFACE_STYLE_USAGE ( .BOTH. , #10271 ) ;
#3257 = DIRECTION ( 'NONE',  ( -1.000000000000000000, 3.634139519433330100E-015, -7.553600721219157500E-017 ) ) ;
#3258 = CYLINDRICAL_SURFACE ( 'NONE', #64, 0.2000000000000000900 ) ;
#3259 = STYLED_ITEM ( 'NONE', ( #8442 ), #9902 ) ;
#3260 = SURFACE_SIDE_STYLE ('',( #2030 ) ) ;
#3261 = LINE ( 'NONE', #3982, #5284 ) ;
#3262 = SURFACE_STYLE_FILL_AREA ( #2314 ) ;
#3263 = DIRECTION ( 'NONE',  ( 1.426581805901979600E-016, 1.000000000000000000, 1.426581805901979900E-016 ) ) ;
#3264 = EDGE_LOOP ( 'NONE', ( #6582, #4603, #10765, #9548, #5325, #2017, #2705, #2300 ) ) ;
#3265 = ORIENTED_EDGE ( 'NONE', *, *, #4989, .F. ) ;
#3266 = EDGE_CURVE ( 'NONE', #7910, #7295, #7062, .T. ) ;
#3267 = FILL_AREA_STYLE ('',( #4554 ) ) ;
#3268 = DIRECTION ( 'NONE',  ( 1.000000000000000000, 0.0000000000000000000, 0.0000000000000000000 ) ) ;
#3269 = ADVANCED_FACE ( 'NONE', ( #262 ), #3086, .T. ) ;
#3270 = ORIENTED_EDGE ( 'NONE', *, *, #7680, .F. ) ;
#3271 = CARTESIAN_POINT ( 'NONE',  ( 5.150000000014829400, -0.2274234051711138100, -2.341932446124357800 ) ) ;
#3272 = DIRECTION ( 'NONE',  ( -7.553600721220332200E-017, -2.140309255009064400E-017, 1.000000000000000000 ) ) ;
#3273 = FACE_OUTER_BOUND ( 'NONE', #1463, .T. ) ;
#3274 =( NAMED_UNIT ( * ) SI_UNIT ( $, .STERADIAN. ) SOLID_ANGLE_UNIT ( ) );
#3275 = ORIENTED_EDGE ( 'NONE', *, *, #3701, .F. ) ;
#3276 = DIRECTION ( 'NONE',  ( 0.0000000000000000000, 0.0000000000000000000, -1.000000000000000000 ) ) ;
#3277 =( GEOMETRIC_REPRESENTATION_CONTEXT ( 3 ) GLOBAL_UNCERTAINTY_ASSIGNED_CONTEXT ( ( #10105 ) ) GLOBAL_UNIT_ASSIGNED_CONTEXT ( ( #5943, #5875, #5840 ) ) REPRESENTATION_CONTEXT ( 'NONE', 'WORKASPACE' ) );
#3278 = AXIS2_PLACEMENT_3D ( 'NONE', #5957, #1570, #5094 ) ;
#3279 = EDGE_CURVE ( 'NONE', #6098, #4756, #1549, .T. ) ;
#3280 =( LENGTH_UNIT ( ) NAMED_UNIT ( * ) SI_UNIT ( .MILLI., .METRE. ) );
#3281 = EDGE_CURVE ( 'NONE', #11248, #5762, #8312, .T. ) ;
#3282 = LINE ( 'NONE', #493, #595 ) ;
#3283 = CARTESIAN_POINT ( 'NONE',  ( -3.350000000000001400, -0.2000000000000009000, -0.9249999999999998200 ) ) ;
#3284 = CARTESIAN_POINT ( 'NONE',  ( 5.050000000000002500, -3.865000000000000200, 2.629999999999999900 ) ) ;
#3285 = LINE ( 'NONE', #9311, #5313 ) ;
#3286 = VERTEX_POINT ( 'NONE', #2316 ) ;
#3287 = DIRECTION ( 'NONE',  ( -0.0000000000000000000, -1.000000000000000000, -2.749694387888392200E-032 ) ) ;
#3288 = STYLED_ITEM ( 'NONE', ( #209 ), #6050 ) ;
#3289 = DIRECTION ( 'NONE',  ( -1.000000000000000000, -1.426581805901979400E-016, -2.209081482755458100E-016 ) ) ;
#3290 = STYLED_ITEM ( 'NONE', ( #3856 ), #2 ) ;
#3291 = SURFACE_STYLE_USAGE ( .BOTH. , #8557 ) ;
#3292 = VERTEX_POINT ( 'NONE', #1910 ) ;
#3293 =( GEOMETRIC_REPRESENTATION_CONTEXT ( 3 ) GLOBAL_UNCERTAINTY_ASSIGNED_CONTEXT ( ( #7281 ) ) GLOBAL_UNIT_ASSIGNED_CONTEXT ( ( #6765, #5019, #4163 ) ) REPRESENTATION_CONTEXT ( 'NONE', 'WORKASPACE' ) );
#3294 = FILL_AREA_STYLE ('',( #3407 ) ) ;
#3295 = LINE ( 'NONE', #3806, #5319 ) ;
#3296 = DIRECTION ( 'NONE',  ( -6.736636305648237600E-017, -1.000000000000000000, -1.426581805901979900E-016 ) ) ;
#3297 = CARTESIAN_POINT ( 'NONE',  ( -5.100000000000002300, -1.870000000000001200, 0.8749999999999998900 ) ) ;
#3298 = CARTESIAN_POINT ( 'NONE',  ( 5.149656817902978500, -0.2246153923934492100, -2.343632787870422600 ) ) ;
#3299 = VERTEX_POINT ( 'NONE', #1790 ) ;
#3300 = ORIENTED_EDGE ( 'NONE', *, *, #8118, .T. ) ;
#3301 = EDGE_CURVE ( 'NONE', #9983, #1818, #10700, .T. ) ;
#3302 = FILL_AREA_STYLE_COLOUR ( '', #9148 ) ;
#3303 = ORIENTED_EDGE ( 'NONE', *, *, #7151, .F. ) ;
#3304 = STYLED_ITEM ( 'NONE', ( #4656 ), #8944 ) ;
#3305 = CARTESIAN_POINT ( 'NONE',  ( 4.449999999999999300, 0.0000000000000000000, -4.200000000000000200 ) ) ;
#3306 = VECTOR ( 'NONE', #4770, 1000.000000000000000 ) ;
#3307 = SURFACE_STYLE_USAGE ( .BOTH. , #3349 ) ;
#3308 = VERTEX_POINT ( 'NONE', #1826 ) ;
#3309 = VERTEX_POINT ( 'NONE', #1555 ) ;
#3310 = LINE ( 'NONE', #3727, #5630 ) ;
#3311 = SURFACE_SIDE_STYLE ('',( #719 ) ) ;
#3312 = ADVANCED_FACE ( 'NONE', ( #1249 ), #1582, .F. ) ;
#3313 = CYLINDRICAL_SURFACE ( 'NONE', #15, 0.04999999999999969700 ) ;
#3314 = ORIENTED_EDGE ( 'NONE', *, *, #3565, .F. ) ;
#3315 = DIRECTION ( 'NONE',  ( 0.0000000000000000000, 0.0000000000000000000, -1.000000000000000000 ) ) ;
#3316 = LINE ( 'NONE', #3746, #7989 ) ;
#3317 = SURFACE_STYLE_FILL_AREA ( #4470 ) ;
#3318 = STYLED_ITEM ( 'NONE', ( #1846 ), #4952 ) ;
#3319 = CARTESIAN_POINT ( 'NONE',  ( 4.025000000000000400, -0.1250000000000019400, 0.7500000000000021100 ) ) ;
#3320 = ORIENTED_EDGE ( 'NONE', *, *, #5138, .F. ) ;
#3321 = COLOUR_RGB ( '',0.5019607843137254800, 0.5019607843137254800, 0.5019607843137254800 ) ;
#3322 = EDGE_CURVE ( 'NONE', #2637, #5470, #10435, .T. ) ;
#3323 = EDGE_CURVE ( 'NONE', #863, #5149, #3627, .T. ) ;
#3324 = DIRECTION ( 'NONE',  ( -1.927470528863118800E-016, -3.448404038975182000E-016, 1.000000000000000000 ) ) ;
#3325 = MECHANICAL_DESIGN_GEOMETRIC_PRESENTATION_REPRESENTATION (  '', ( #7341 ), #4379 ) ;
#3326 = ORIENTED_EDGE ( 'NONE', *, *, #6187, .F. ) ;
#3327 = CARTESIAN_POINT ( 'NONE',  ( 5.050000000000003400, 0.0000000000000000000, -2.625000000000000000 ) ) ;
#3328 = FILL_AREA_STYLE_COLOUR ( '', #7661 ) ;
#3329 = FACE_OUTER_BOUND ( 'NONE', #2150, .T. ) ;
#3330 = DIRECTION ( 'NONE',  ( -3.526005099788157400E-016, 1.000000000000000000, 3.348994459872642300E-032 ) ) ;
#3331 = DIRECTION ( 'NONE',  ( 0.0000000000000000000, 6.829619984160659000E-016, -1.000000000000000000 ) ) ;
#3332 = CARTESIAN_POINT ( 'NONE',  ( -5.143505485089876000, -0.2110855138638120200, 2.348836193006981400 ) ) ;
#3333 = AXIS2_PLACEMENT_3D ( 'NONE', #9383, #9369, #9331 ) ;
#3334 = PRESENTATION_LAYER_ASSIGNMENT (  '', '', ( #2744 ) ) ;
#3335 = CARTESIAN_POINT ( 'NONE',  ( -5.100000000000002300, -1.870000000000000600, 1.125000000000000000 ) ) ;
#3336 = SURFACE_SIDE_STYLE ('',( #2267 ) ) ;
#3337 = CARTESIAN_POINT ( 'NONE',  ( 5.148859654883947800, -0.2218073008123355400, -2.344993795475380800 ) ) ;
#3338 = CARTESIAN_POINT ( 'NONE',  ( -4.725000000000001400, -3.764999999999999700, -0.9250000000000002700 ) ) ;
#3339 = ORIENTED_EDGE ( 'NONE', *, *, #11513, .F. ) ;
#3340 = EDGE_CURVE ( 'NONE', #6028, #10007, #7192, .T. ) ;
#3341 = LINE ( 'NONE', #3089, #10143 ) ;
#3342 = CARTESIAN_POINT ( 'NONE',  ( 5.293808351810059600, -3.958808351810059200, -0.9676668700774000400 ) ) ;
#3343 = CARTESIAN_POINT ( 'NONE',  ( 5.150000000000004800, -3.785000000000001000, 3.650000000000000800 ) ) ;
#3344 = EDGE_LOOP ( 'NONE', ( #6185, #6235, #2146, #9017, #10202 ) ) ;
#3345 = FILL_AREA_STYLE_COLOUR ( '', #5084 ) ;
#3346 = PRESENTATION_STYLE_ASSIGNMENT (( #1104 ) ) ;
#3347 = SHAPE_DEFINITION_REPRESENTATION ( #9852, #1423 ) ;
#3348 = STYLED_ITEM ( 'NONE', ( #7305 ), #5554 ) ;
#3349 = SURFACE_SIDE_STYLE ('',( #4858 ) ) ;
#3350 = UNCERTAINTY_MEASURE_WITH_UNIT (LENGTH_MEASURE( 1.000000000000000100E-005 ), #9018, 'distance_accuracy_value', 'NONE');
#3351 = DIRECTION ( 'NONE',  ( 0.0000000000000000000, -0.0000000000000000000, -1.000000000000000000 ) ) ;
#3352 = ORIENTED_EDGE ( 'NONE', *, *, #4859, .F. ) ;
#3353 = CARTESIAN_POINT ( 'NONE',  ( 5.148090277165539200, -0.2190970859100094000, -2.346307364846816700 ) ) ;
#3354 =( LENGTH_UNIT ( ) NAMED_UNIT ( * ) SI_UNIT ( .MILLI., .METRE. ) );
#3355 = FACE_OUTER_BOUND ( 'NONE', #3166, .T. ) ;
#3356 = PRESENTATION_LAYER_ASSIGNMENT (  '', '', ( #2179 ) ) ;
#3357 = PRODUCT_DEFINITION_FORMATION_WITH_SPECIFIED_SOURCE ( 'ANY', '', #7130, .NOT_KNOWN. ) ;
#3358 = VECTOR ( 'NONE', #3415, 1000.000000000000000 ) ;
#3359 = DIRECTION ( 'NONE',  ( 1.000000000000000000, 0.0000000000000000000, 0.0000000000000000000 ) ) ;
#3360 = EDGE_CURVE ( 'NONE', #4000, #10007, #2538, .T. ) ;
#3361 = LINE ( 'NONE', #8217, #8027 ) ;
#3362 = COLOUR_RGB ( '',0.9098039215686274400, 0.4431372549019607600, 0.03137254901960784300 ) ;
#3363 = VERTEX_POINT ( 'NONE', #389 ) ;
#3364 = PRESENTATION_STYLE_ASSIGNMENT (( #1415 ) ) ;
#3365 = UNCERTAINTY_MEASURE_WITH_UNIT (LENGTH_MEASURE( 1.000000000000000100E-005 ), #6691, 'distance_accuracy_value', 'NONE');
#3366 = SURFACE_STYLE_USAGE ( .BOTH. , #6935 ) ;
#3367 = CYLINDRICAL_SURFACE ( 'NONE', #4615, 0.1250000000000000000 ) ;
#3368 =( LENGTH_UNIT ( ) NAMED_UNIT ( * ) SI_UNIT ( .MILLI., .METRE. ) );
#3369 = FACE_OUTER_BOUND ( 'NONE', #9374, .T. ) ;
#3370 = ORIENTED_EDGE ( 'NONE', *, *, #10815, .T. ) ;
#3371 = CARTESIAN_POINT ( 'NONE',  ( 5.100000000000003200, -1.870000000000001000, 1.125000000000000200 ) ) ;
#3372 = FILL_AREA_STYLE ('',( #1025 ) ) ;
#3373 = ADVANCED_FACE ( 'NONE', ( #6914 ), #351, .F. ) ;
#3374 = ORIENTED_EDGE ( 'NONE', *, *, #7604, .T. ) ;
#3375 = EDGE_CURVE ( 'NONE', #3050, #6262, #6229, .T. ) ;
#3376 = STYLED_ITEM ( 'NONE', ( #10274 ), #8391 ) ;
#3377 = CARTESIAN_POINT ( 'NONE',  ( -5.350000000000001400, -0.4000000000000009700, -1.125000000000000400 ) ) ;
#3378 =( NAMED_UNIT ( * ) SI_UNIT ( $, .STERADIAN. ) SOLID_ANGLE_UNIT ( ) );
#3379 = FACE_OUTER_BOUND ( 'NONE', #856, .T. ) ;
#3380 = VECTOR ( 'NONE', #6627, 1000.000000000000000 ) ;
#3381 =( LENGTH_UNIT ( ) NAMED_UNIT ( * ) SI_UNIT ( .MILLI., .METRE. ) );
#3382 = EDGE_LOOP ( 'NONE', ( #9987, #3037, #6864, #248 ) ) ;
#3383 = EDGE_LOOP ( 'NONE', ( #5461, #10499, #6981, #9294 ) ) ;
#3384 = DIRECTION ( 'NONE',  ( 1.000000000000000000, 1.426581805901979600E-016, 3.504491870660227200E-017 ) ) ;
#3385 = ORIENTED_EDGE ( 'NONE', *, *, #10032, .F. ) ;
#3386 = AXIS2_PLACEMENT_3D ( 'NONE', #8823, #6640, #10251 ) ;
#3387 = SURFACE_STYLE_FILL_AREA ( #13 ) ;
#3388 = FILL_AREA_STYLE ('',( #6046 ) ) ;
#3389 = LINE ( 'NONE', #5914, #6522 ) ;
#3390 = PRESENTATION_STYLE_ASSIGNMENT (( #6551 ) ) ;
#3391 = PRESENTATION_STYLE_ASSIGNMENT (( #9145 ) ) ;
#3392 =( GEOMETRIC_REPRESENTATION_CONTEXT ( 3 ) GLOBAL_UNCERTAINTY_ASSIGNED_CONTEXT ( ( #8294 ) ) GLOBAL_UNIT_ASSIGNED_CONTEXT ( ( #8489, #8410, #8377 ) ) REPRESENTATION_CONTEXT ( 'NONE', 'WORKASPACE' ) );
#3393 = CARTESIAN_POINT ( 'NONE',  ( -5.150000000000003000, -3.815000000000002600, 0.9249999999999996000 ) ) ;
#3394 = EDGE_LOOP ( 'NONE', ( #6615, #9500, #6334, #6383, #3566, #7216, #212, #4926 ) ) ;
#3395 =( NAMED_UNIT ( * ) PLANE_ANGLE_UNIT ( ) SI_UNIT ( $, .RADIAN. ) );
#3396 = ORIENTED_EDGE ( 'NONE', *, *, #8274, .T. ) ;
#3397 = AXIS2_PLACEMENT_3D ( 'NONE', #9660, #5166, #4341 ) ;
#3398 =( GEOMETRIC_REPRESENTATION_CONTEXT ( 3 ) GLOBAL_UNCERTAINTY_ASSIGNED_CONTEXT ( ( #251 ) ) GLOBAL_UNIT_ASSIGNED_CONTEXT ( ( #10994, #8512, #3526 ) ) REPRESENTATION_CONTEXT ( 'NONE', 'WORKASPACE' ) );
#3399 =( NAMED_UNIT ( * ) PLANE_ANGLE_UNIT ( ) SI_UNIT ( $, .RADIAN. ) );
#3400 = VERTEX_POINT ( 'NONE', #2281 ) ;
#3401 = COLOUR_RGB ( '',1.000000000000000000, 1.000000000000000000, 1.000000000000000000 ) ;
#3402 = EDGE_LOOP ( 'NONE', ( #8104, #11196, #3532, #9426 ) ) ;
#3403 = ORIENTED_EDGE ( 'NONE', *, *, #7941, .T. ) ;
#3404 = FILL_AREA_STYLE ('',( #8629 ) ) ;
#3405 =( GEOMETRIC_REPRESENTATION_CONTEXT ( 3 ) GLOBAL_UNCERTAINTY_ASSIGNED_CONTEXT ( ( #4529 ) ) GLOBAL_UNIT_ASSIGNED_CONTEXT ( ( #1315, #1029, #11146 ) ) REPRESENTATION_CONTEXT ( 'NONE', 'WORKASPACE' ) );
#3406 =( LENGTH_UNIT ( ) NAMED_UNIT ( * ) SI_UNIT ( .MILLI., .METRE. ) );
#3407 = FILL_AREA_STYLE_COLOUR ( '', #11172 ) ;
#3408 = DIRECTION ( 'NONE',  ( 0.0000000000000000000, 1.000000000000000000, 0.0000000000000000000 ) ) ;
#3409 = EDGE_CURVE ( 'NONE', #4838, #10483, #1562, .T. ) ;
#3410 = CARTESIAN_POINT ( 'NONE',  ( 5.249999999999997300, 1.985000000000000300, -5.000000000000001800 ) ) ;
#3411 = EDGE_CURVE ( 'NONE', #4923, #892, #8601, .T. ) ;
#3412 = SURFACE_SIDE_STYLE ('',( #5904 ) ) ;
#3413 = DIRECTION ( 'NONE',  ( -1.000000000000000000, 0.0000000000000000000, 0.0000000000000000000 ) ) ;
#3414 = EDGE_LOOP ( 'NONE', ( #5561, #4127, #9172, #6088 ) ) ;
#3415 = DIRECTION ( 'NONE',  ( 1.426581805901979600E-016, 1.000000000000000000, 1.281360903504773400E-017 ) ) ;
#3416 = CARTESIAN_POINT ( 'NONE',  ( -4.725000000000002300, -3.515000000000000600, 1.125000000000000000 ) ) ;
#3417 = FACE_OUTER_BOUND ( 'NONE', #7435, .T. ) ;
#3418 =( LENGTH_UNIT ( ) NAMED_UNIT ( * ) SI_UNIT ( .MILLI., .METRE. ) );
#3419 = AXIS2_PLACEMENT_3D ( 'NONE', #5462, #5421, #5385 ) ;
#3420 = STYLED_ITEM ( 'NONE', ( #4166 ), #11100 ) ;
#3421 = ORIENTED_EDGE ( 'NONE', *, *, #6526, .F. ) ;
#3422 = STYLED_ITEM ( 'NONE', ( #341 ), #58 ) ;
#3423 = EDGE_CURVE ( 'NONE', #10585, #2561, #10995, .T. ) ;
#3424 = DIRECTION ( 'NONE',  ( 1.426581805901979600E-016, 1.000000000000000000, 1.426581805901979900E-016 ) ) ;
#3425 = CARTESIAN_POINT ( 'NONE',  ( -4.090000000000002500, -4.016000000000000000, -3.100000000000001400 ) ) ;
#3426 = VERTEX_POINT ( 'NONE', #5932 ) ;
#3427 = DIRECTION ( 'NONE',  ( 0.0000000000000000000, 0.0000000000000000000, 1.000000000000000000 ) ) ;
#3428 = ADVANCED_FACE ( 'NONE', ( #10444 ), #7204, .F. ) ;
#3429 = CARTESIAN_POINT ( 'NONE',  ( 5.100000000000004100, -3.390000000000000100, -0.8750000000000007800 ) ) ;
#3430 = DIRECTION ( 'NONE',  ( 1.000000000000000000, 0.0000000000000000000, 0.0000000000000000000 ) ) ;
#3431 = ORIENTED_EDGE ( 'NONE', *, *, #9117, .T. ) ;
#3432 = SURFACE_STYLE_FILL_AREA ( #8745 ) ;
#3433 =( GEOMETRIC_REPRESENTATION_CONTEXT ( 3 ) GLOBAL_UNCERTAINTY_ASSIGNED_CONTEXT ( ( #11385 ) ) GLOBAL_UNIT_ASSIGNED_CONTEXT ( ( #5543, #5486, #5450 ) ) REPRESENTATION_CONTEXT ( 'NONE', 'WORKASPACE' ) );
#3434 = VERTEX_POINT ( 'NONE', #7099 ) ;
#3435 = EDGE_CURVE ( 'NONE', #396, #3115, #412, .T. ) ;
#3436 = SURFACE_SIDE_STYLE ('',( #4434 ) ) ;
#3437 = PRESENTATION_STYLE_ASSIGNMENT (( #353 ) ) ;
#3438 = MECHANICAL_DESIGN_GEOMETRIC_PRESENTATION_REPRESENTATION (  '', ( #1649 ), #4028 ) ;
#3439 = VECTOR ( 'NONE', #1212, 1000.000000000000000 ) ;
#3440 = PLANE ( 'NONE',  #8320 ) ;
#3441 = ORIENTED_EDGE ( 'NONE', *, *, #6965, .T. ) ;
#3442 = ORIENTED_EDGE ( 'NONE', *, *, #7264, .F. ) ;
#3444 = CARTESIAN_POINT ( 'NONE',  ( 4.975000000000001400, -0.1249999999999981800, -0.7499999999999980000 ) ) ;
#3443 = CARTESIAN_POINT ( 'NONE',  ( 4.025000000000000400, -1.626303258728256700E-015, -0.7499999999999980000 ) ) ;
#3445 =( NAMED_UNIT ( * ) PLANE_ANGLE_UNIT ( ) SI_UNIT ( $, .RADIAN. ) );
#3446 = PRESENTATION_STYLE_ASSIGNMENT (( #1405 ) ) ;
#3447 = ORIENTED_EDGE ( 'NONE', *, *, #9873, .F. ) ;
#3448 = PRESENTATION_STYLE_ASSIGNMENT (( #1442 ) ) ;
#3449 = DIRECTION ( 'NONE',  ( -0.0000000000000000000, 1.000000000000000000, -0.0000000000000000000 ) ) ;
#3450 = SURFACE_STYLE_USAGE ( .BOTH. , #3336 ) ;
#3451 = MECHANICAL_DESIGN_GEOMETRIC_PRESENTATION_REPRESENTATION (  '', ( #5333 ), #3694 ) ;
#3452 = CARTESIAN_POINT ( 'NONE',  ( -5.150000000000003900, -3.785000000000000100, -3.650000000000001700 ) ) ;
#3453 = ORIENTED_EDGE ( 'NONE', *, *, #5868, .T. ) ;
#3454 = EDGE_CURVE ( 'NONE', #2135, #7821, #9604, .T. ) ;
#3455 = CARTESIAN_POINT ( 'NONE',  ( -5.145237685053593200, -0.2137808985102234400, 2.348063362723086900 ) ) ;
#3456 = VECTOR ( 'NONE', #3570, 1000.000000000000000 ) ;
#3457 = PRESENTATION_LAYER_ASSIGNMENT (  '', '', ( #4040 ) ) ;
#3458 = EDGE_LOOP ( 'NONE', ( #1668, #4207, #8669, #7636 ) ) ;
#3459 =( NAMED_UNIT ( * ) PLANE_ANGLE_UNIT ( ) SI_UNIT ( $, .RADIAN. ) );
#3460 = DIRECTION ( 'NONE',  ( 1.000000000000000000, 3.634139519433330900E-015, 7.553600721220340800E-017 ) ) ;
#3461 = CARTESIAN_POINT ( 'NONE',  ( 5.146871391806030300, -0.2163230230856121900, -2.347334475712504100 ) ) ;
#3462 = ORIENTED_EDGE ( 'NONE', *, *, #8733, .T. ) ;
#3463 = LINE ( 'NONE', #3794, #1061 ) ;
#3464 =( LENGTH_UNIT ( ) NAMED_UNIT ( * ) SI_UNIT ( .MILLI., .METRE. ) );
#3465 = ORIENTED_EDGE ( 'NONE', *, *, #6844, .T. ) ;
#3466 = SURFACE_SIDE_STYLE ('',( #7054 ) ) ;
#3467 = FACE_OUTER_BOUND ( 'NONE', #11314, .T. ) ;
#3468 = EDGE_LOOP ( 'NONE', ( #7918, #10902, #2132, #3239 ) ) ;
#3469 = CARTESIAN_POINT ( 'NONE',  ( 5.050000000000002500, -3.390000000000000600, 1.125000000000000200 ) ) ;
#3470 = VECTOR ( 'NONE', #7634, 1000.000000000000000 ) ;
#3471 = VECTOR ( 'NONE', #10298, 1000.000000000000000 ) ;
#3472 = EDGE_CURVE ( 'NONE', #2588, #11275, #2549, .T. ) ;
#3473 = EDGE_CURVE ( 'NONE', #11493, #3941, #2820, .T. ) ;
#3474 = CARTESIAN_POINT ( 'NONE',  ( 5.350000000000002300, -3.835000000000000400, -1.007842712474620100 ) ) ;
#3475 = DIRECTION ( 'NONE',  ( 0.0000000000000000000, 0.0000000000000000000, 1.000000000000000000 ) ) ;
#3476 = DIRECTION ( 'NONE',  ( -3.348823158252936600E-015, -1.000000000000000000, 2.677174867793768400E-016 ) ) ;
#3477 = ORIENTED_EDGE ( 'NONE', *, *, #4761, .F. ) ;
#3478 = DIRECTION ( 'NONE',  ( -1.927470528863118800E-016, -1.281360903504771100E-017, 1.000000000000000000 ) ) ;
#3479 = CARTESIAN_POINT ( 'NONE',  ( -4.590000000000001600, -3.980163238466522500E-016, -3.050000000000000300 ) ) ;
#3480 = ADVANCED_FACE ( 'NONE', ( #111 ), #8183, .T. ) ;
#3481 = CYLINDRICAL_SURFACE ( 'NONE', #387, 0.1749999999999998200 ) ;
#3482 = AXIS2_PLACEMENT_3D ( 'NONE', #10790, #10943, #11107 ) ;
#3483 = AXIS2_PLACEMENT_3D ( 'NONE', #9382, #4052, #10279 ) ;
#3484 =( LENGTH_UNIT ( ) NAMED_UNIT ( * ) SI_UNIT ( .MILLI., .METRE. ) );
#3485 = CARTESIAN_POINT ( 'NONE',  ( 5.170000000000003500, -4.015000000000000600, -1.125000000000000900 ) ) ;
#3486 = LINE ( 'NONE', #2224, #10299 ) ;
#3487 = COLOUR_RGB ( '',0.5019607843137254800, 0.5019607843137254800, 0.5019607843137254800 ) ;
#3488 = CARTESIAN_POINT ( 'NONE',  ( -2.950000000000002800, -3.365000000000000700, -1.799999999999999600 ) ) ;
#3489 = EDGE_CURVE ( 'NONE', #2359, #7454, #6092, .T. ) ;
#3490 = DIRECTION ( 'NONE',  ( -0.0000000000000000000, 1.000000000000000000, -0.0000000000000000000 ) ) ;
#3491 = UNCERTAINTY_MEASURE_WITH_UNIT (LENGTH_MEASURE( 1.000000000000000100E-005 ), #8820, 'distance_accuracy_value', 'NONE');
#3492 = ORIENTED_EDGE ( 'NONE', *, *, #4208, .F. ) ;
#3493 =( NAMED_UNIT ( * ) PLANE_ANGLE_UNIT ( ) SI_UNIT ( $, .RADIAN. ) );
#3494 = SURFACE_STYLE_FILL_AREA ( #2155 ) ;
#3495 = PRESENTATION_LAYER_ASSIGNMENT (  '', '', ( #187 ) ) ;
#3496 = CARTESIAN_POINT ( 'NONE',  ( 3.350000000000002800, -0.2000000000000005400, -3.850000000000000500 ) ) ;
#3497 = ORIENTED_EDGE ( 'NONE', *, *, #1376, .F. ) ;
#3498 = CARTESIAN_POINT ( 'NONE',  ( -4.850000000000002300, -8.530959199293837800E-016, -1.989269647921024700E-017 ) ) ;
#3499 = ORIENTED_EDGE ( 'NONE', *, *, #5100, .F. ) ;
#3500 = UNCERTAINTY_MEASURE_WITH_UNIT (LENGTH_MEASURE( 1.000000000000000100E-005 ), #7844, 'distance_accuracy_value', 'NONE');
#3501 = LINE ( 'NONE', #8227, #7900 ) ;
#3502 = STYLED_ITEM ( 'NONE', ( #8967 ), #1134 ) ;
#3503 = CIRCLE ( 'NONE', #3753, 0.05000000000000002400 ) ;
#3504 = VECTOR ( 'NONE', #9041, 1000.000000000000000 ) ;
#3505 = FACE_OUTER_BOUND ( 'NONE', #4764, .T. ) ;
#3506 = DIRECTION ( 'NONE',  ( -7.553600721220308800E-017, -3.168122796172017900E-015, 1.000000000000000000 ) ) ;
#3507 = VECTOR ( 'NONE', #11073, 1000.000000000000000 ) ;
#3508 = ORIENTED_EDGE ( 'NONE', *, *, #9524, .T. ) ;
#3509 = VERTEX_POINT ( 'NONE', #5971 ) ;
#3510 = ORIENTED_EDGE ( 'NONE', *, *, #211, .F. ) ;
#3511 = DIRECTION ( 'NONE',  ( 1.000000000000000000, 1.426581805901979400E-016, 2.209081482755458100E-016 ) ) ;
#3512 = VECTOR ( 'NONE', #7812, 1000.000000000000000 ) ;
#3513 = LINE ( 'NONE', #1909, #3252 ) ;
#3514 = FACE_OUTER_BOUND ( 'NONE', #5859, .T. ) ;
#3515 = CARTESIAN_POINT ( 'NONE',  ( -4.450000000000002800, 1.985000000000000300, -4.200000000000000200 ) ) ;
#3516 = CARTESIAN_POINT ( 'NONE',  ( -5.165992822668253700, -3.974928226682516600, -1.002085514207898400 ) ) ;
#3517 = ORIENTED_EDGE ( 'NONE', *, *, #6642, .F. ) ;
#3518 = FILL_AREA_STYLE ('',( #5743 ) ) ;
#3519 = EDGE_CURVE ( 'NONE', #9066, #4592, #3777, .T. ) ;
#3520 = AXIS2_PLACEMENT_3D ( 'NONE', #10398, #9743, #6075 ) ;
#3521 = ORIENTED_EDGE ( 'NONE', *, *, #1339, .T. ) ;
#3522 =( GEOMETRIC_REPRESENTATION_CONTEXT ( 3 ) GLOBAL_UNCERTAINTY_ASSIGNED_CONTEXT ( ( #7924 ) ) GLOBAL_UNIT_ASSIGNED_CONTEXT ( ( #4738, #10961, #5618 ) ) REPRESENTATION_CONTEXT ( 'NONE', 'WORKASPACE' ) );
#3523 = DIRECTION ( 'NONE',  ( 0.0000000000000000000, 0.0000000000000000000, 1.000000000000000000 ) ) ;
#3524 = EDGE_LOOP ( 'NONE', ( #5040, #8022, #7279, #10898 ) ) ;
#3525 = DIRECTION ( 'NONE',  ( 1.000000000000000000, 4.755272686339936200E-017, -2.409338161078900700E-017 ) ) ;
#3526 =( NAMED_UNIT ( * ) SI_UNIT ( $, .STERADIAN. ) SOLID_ANGLE_UNIT ( ) );
#3527 = MECHANICAL_DESIGN_GEOMETRIC_PRESENTATION_REPRESENTATION (  '', ( #2660 ), #6310 ) ;
#3528 = SURFACE_SIDE_STYLE ('',( #9455 ) ) ;
#3529 = SURFACE_SIDE_STYLE ('',( #1949 ) ) ;
#3530 = ORIENTED_EDGE ( 'NONE', *, *, #5607, .F. ) ;
#3531 = VERTEX_POINT ( 'NONE', #4177 ) ;
#3532 = ORIENTED_EDGE ( 'NONE', *, *, #7914, .T. ) ;
#3533 = UNCERTAINTY_MEASURE_WITH_UNIT (LENGTH_MEASURE( 1.000000000000000100E-005 ), #6221, 'distance_accuracy_value', 'NONE');
#3534 = DIRECTION ( 'NONE',  ( -2.014244061477907700E-016, -2.140309255009110000E-017, 1.000000000000000000 ) ) ;
#3535 = EDGE_LOOP ( 'NONE', ( #1678, #6007, #6307, #5860, #11401 ) ) ;
#3536 = MECHANICAL_DESIGN_GEOMETRIC_PRESENTATION_REPRESENTATION (  '', ( #4410 ), #3392 ) ;
#3537 = CARTESIAN_POINT ( 'NONE',  ( 5.145237685053594100, -0.2137808985102228100, -2.348063362723086900 ) ) ;
#3538 = ORIENTED_EDGE ( 'NONE', *, *, #11249, .F. ) ;
#3539 = STYLED_ITEM ( 'NONE', ( #5764 ), #2565 ) ;
#3540 = FILL_AREA_STYLE ('',( #7920 ) ) ;
#3541 =( NAMED_UNIT ( * ) SI_UNIT ( $, .STERADIAN. ) SOLID_ANGLE_UNIT ( ) );
#3542 = SURFACE_SIDE_STYLE ('',( #7187 ) ) ;
#3543 = STYLED_ITEM ( 'NONE', ( #9539 ), #6355 ) ;
#3545 = AXIS2_PLACEMENT_3D ( 'NONE', #4776, #4502, #4463 ) ;
#3544 = AXIS2_PLACEMENT_3D ( 'NONE', #5738, #6208, #901 ) ;
#3546 = CARTESIAN_POINT ( 'NONE',  ( 3.350000000000003600, -3.764999999999999700, -0.8750000000000012200 ) ) ;
#3547 = FACE_OUTER_BOUND ( 'NONE', #3264, .T. ) ;
#3548 = PRESENTATION_LAYER_ASSIGNMENT (  '', '', ( #8813 ) ) ;
#3549 = ORIENTED_EDGE ( 'NONE', *, *, #7866, .T. ) ;
#3550 = EDGE_CURVE ( 'NONE', #526, #3739, #10573, .T. ) ;
#3551 = CARTESIAN_POINT ( 'NONE',  ( -5.123346935909157900, -0.2000000000000012900, 2.350000000000001000 ) ) ;
#3552 = DIRECTION ( 'NONE',  ( -1.000000000000000000, 0.0000000000000000000, 0.0000000000000000000 ) ) ;
#3553 = SURFACE_STYLE_USAGE ( .BOTH. , #2924 ) ;
#3554 = ORIENTED_EDGE ( 'NONE', *, *, #5255, .T. ) ;
#3555 = DIRECTION ( 'NONE',  ( -1.426581805901979600E-016, -1.000000000000000000, -1.426581805901979900E-016 ) ) ;
#3556 = CARTESIAN_POINT ( 'NONE',  ( 5.170000000000003500, -4.015000000000000600, 1.007842712474618100 ) ) ;
#3557 = CIRCLE ( 'NONE', #10729, 0.1749999999999998200 ) ;
#3558 = PLANE ( 'NONE',  #4566 ) ;
#3559 = DIRECTION ( 'NONE',  ( 0.0000000000000000000, 0.0000000000000000000, -1.000000000000000000 ) ) ;
#3560 = UNCERTAINTY_MEASURE_WITH_UNIT (LENGTH_MEASURE( 1.000000000000000100E-005 ), #2303, 'distance_accuracy_value', 'NONE');
#3561 =( NAMED_UNIT ( * ) SI_UNIT ( $, .STERADIAN. ) SOLID_ANGLE_UNIT ( ) );
#3562 = AXIS2_PLACEMENT_3D ( 'NONE', #10054, #9977, #8187 ) ;
#3563 =( GEOMETRIC_REPRESENTATION_CONTEXT ( 3 ) GLOBAL_UNCERTAINTY_ASSIGNED_CONTEXT ( ( #5392 ) ) GLOBAL_UNIT_ASSIGNED_CONTEXT ( ( #1469, #7653, #2396 ) ) REPRESENTATION_CONTEXT ( 'NONE', 'WORKASPACE' ) );
#3564 = FACE_OUTER_BOUND ( 'NONE', #9812, .T. ) ;
#3565 = EDGE_CURVE ( 'NONE', #8356, #9358, #3501, .T. ) ;
#3566 = ORIENTED_EDGE ( 'NONE', *, *, #6656, .F. ) ;
#3567 = VERTEX_POINT ( 'NONE', #5663 ) ;
#3568 = COLOUR_RGB ( '',1.000000000000000000, 1.000000000000000000, 1.000000000000000000 ) ;
#3569 = ORIENTED_EDGE ( 'NONE', *, *, #3201, .F. ) ;
#3570 = DIRECTION ( 'NONE',  ( -0.0000000000000000000, 1.000000000000000000, -0.0000000000000000000 ) ) ;
#3571 = COLOUR_RGB ( '',0.9098039215686274400, 0.4431372549019607600, 0.03137254901960784300 ) ;
#3572 = LINE ( 'NONE', #5653, #10112 ) ;
#3573 = CARTESIAN_POINT ( 'NONE',  ( -5.148787477711380200, -0.2215571848879113700, -2.345114163848047700 ) ) ;
#3574 = VERTEX_POINT ( 'NONE', #3230 ) ;
#3575 = AXIS2_PLACEMENT_3D ( 'NONE', #7508, #9376, #4455 ) ;
#3576 = ORIENTED_EDGE ( 'NONE', *, *, #7479, .F. ) ;
#3577 = FILL_AREA_STYLE_COLOUR ( '', #8433 ) ;
#3578 = STYLED_ITEM ( 'NONE', ( #5924 ), #8278 ) ;
#3579 = CARTESIAN_POINT ( 'NONE',  ( -4.450000000000001100, -3.865000000000000200, -4.200000000000000200 ) ) ;
#3580 = CARTESIAN_POINT ( 'NONE',  ( -3.355000000000002200, -3.839999999999991400, -0.7500000000000125500 ) ) ;
#3581 = CARTESIAN_POINT ( 'NONE',  ( -3.350000000000002300, -0.2000000000000005400, -3.850000000000000500 ) ) ;
#3582 = COLOUR_RGB ( '',0.9098039215686274400, 0.4431372549019607600, 0.03137254901960784300 ) ;
#3583 =( LENGTH_UNIT ( ) NAMED_UNIT ( * ) SI_UNIT ( .MILLI., .METRE. ) );
#3584 = DIRECTION ( 'NONE',  ( -1.426581805901979900E-016, 1.000000000000000000, 2.725027521453481900E-016 ) ) ;
#3586 = UNCERTAINTY_MEASURE_WITH_UNIT (LENGTH_MEASURE( 1.000000000000000100E-005 ), #9968, 'distance_accuracy_value', 'NONE');
#3585 = VECTOR ( 'NONE', #7386, 1000.000000000000000 ) ;
#3587 =( NAMED_UNIT ( * ) PLANE_ANGLE_UNIT ( ) SI_UNIT ( $, .RADIAN. ) );
#3588 = SURFACE_SIDE_STYLE ('',( #3937 ) ) ;
#3589 = EDGE_LOOP ( 'NONE', ( #4437, #5944, #5927, #9132, #5086, #3670, #6807, #2172 ) ) ;
#3590 = DIRECTION ( 'NONE',  ( -1.426581805901979600E-016, 1.000000000000000000, 1.426581805901979100E-016 ) ) ;
#3591 = FACE_OUTER_BOUND ( 'NONE', #4862, .T. ) ;
#3592 = DIRECTION ( 'NONE',  ( -1.000000000000000000, -3.657902066415252100E-018, -1.927470528863118800E-016 ) ) ;
#3593 = FILL_AREA_STYLE_COLOUR ( '', #4849 ) ;
#3594 = EDGE_CURVE ( 'NONE', #3688, #8072, #3234, .T. ) ;
#3595 = CARTESIAN_POINT ( 'NONE',  ( 5.150000000000003000, -3.390000000000000100, 0.9249999999999994900 ) ) ;
#3596 = AXIS2_PLACEMENT_3D ( 'NONE', #3284, #9486, #4159 ) ;
#3597 = FILL_AREA_STYLE_COLOUR ( '', #7722 ) ;
#3598 =( NAMED_UNIT ( * ) PLANE_ANGLE_UNIT ( ) SI_UNIT ( $, .RADIAN. ) );
#3599 = DIRECTION ( 'NONE',  ( 0.0000000000000000000, 1.000000000000000000, 0.0000000000000000000 ) ) ;
#3600 = STYLED_ITEM ( 'NONE', ( #4492 ), #2929 ) ;
#3601 = ADVANCED_FACE ( 'NONE', ( #10313 ), #1139, .T. ) ;
#3602 = ORIENTED_EDGE ( 'NONE', *, *, #562, .F. ) ;
#3603 = CARTESIAN_POINT ( 'NONE',  ( 4.975000000000002300, -0.4249999999999984300, 0.7500000000000021100 ) ) ;
#3604 = CARTESIAN_POINT ( 'NONE',  ( 5.143505485089876900, -0.2110855138638113900, -2.348836193006981400 ) ) ;
#3605 = CARTESIAN_POINT ( 'NONE',  ( -5.150000000000003900, -3.785000000000000600, 0.9249999999999989300 ) ) ;
#3606 = CARTESIAN_POINT ( 'NONE',  ( 5.150000000000004800, -4.822864651773984200, -0.5417214191852831600 ) ) ;
#3607 =( NAMED_UNIT ( * ) PLANE_ANGLE_UNIT ( ) SI_UNIT ( $, .RADIAN. ) );
#3608 = VECTOR ( 'NONE', #11528, 1000.000000000000000 ) ;
#3609 = STYLED_ITEM ( 'NONE', ( #2357 ), #5726 ) ;
#3610 = CARTESIAN_POINT ( 'NONE',  ( -5.150000000000002100, -0.4000000000000012400, 0.9249999999999998200 ) ) ;
#3611 = STYLED_ITEM ( 'NONE', ( #3088 ), #10010 ) ;
#3612 = LINE ( 'NONE', #8617, #7748 ) ;
#3613 =( GEOMETRIC_REPRESENTATION_CONTEXT ( 3 ) GLOBAL_UNCERTAINTY_ASSIGNED_CONTEXT ( ( #278 ) ) GLOBAL_UNIT_ASSIGNED_CONTEXT ( ( #4864, #1849, #5847 ) ) REPRESENTATION_CONTEXT ( 'NONE', 'WORKASPACE' ) );
#3614 = EDGE_CURVE ( 'NONE', #10403, #6394, #11523, .T. ) ;
#3615 = LINE ( 'NONE', #5245, #1238 ) ;
#3616 = CYLINDRICAL_SURFACE ( 'NONE', #8643, 0.8000000000000003800 ) ;
#3617 = SURFACE_SIDE_STYLE ('',( #6424 ) ) ;
#3618 = VECTOR ( 'NONE', #732, 1000.000000000000000 ) ;
#3619 = ORIENTED_EDGE ( 'NONE', *, *, #3647, .F. ) ;
#3620 = PLANE ( 'NONE',  #8029 ) ;
#3621 = COLOUR_RGB ( '',1.000000000000000000, 1.000000000000000000, 1.000000000000000000 ) ;
#3622 = FILL_AREA_STYLE_COLOUR ( '', #1136 ) ;
#3623 = CARTESIAN_POINT ( 'NONE',  ( -3.350000000000003200, -3.765000000000000100, 1.174999999999999800 ) ) ;
#3624 = FACE_OUTER_BOUND ( 'NONE', #11374, .T. ) ;
#3625 = DIRECTION ( 'NONE',  ( -1.000000000000000000, 0.0000000000000000000, 0.0000000000000000000 ) ) ;
#3626 = VERTEX_POINT ( 'NONE', #4334 ) ;
#3627 = CIRCLE ( 'NONE', #879, 0.4250000000000000400 ) ;
#3628 = PRESENTATION_LAYER_ASSIGNMENT (  '', '', ( #1852 ) ) ;
#3629 = PRESENTATION_LAYER_ASSIGNMENT (  '', '', ( #3067 ) ) ;
#3630 = FILL_AREA_STYLE_COLOUR ( '', #9446 ) ;
#3631 = LINE ( 'NONE', #5917, #8040 ) ;
#3632 =( GEOMETRIC_REPRESENTATION_CONTEXT ( 3 ) GLOBAL_UNCERTAINTY_ASSIGNED_CONTEXT ( ( #647 ) ) GLOBAL_UNIT_ASSIGNED_CONTEXT ( ( #6700, #10702, #325 ) ) REPRESENTATION_CONTEXT ( 'NONE', 'WORKASPACE' ) );
#3633 = COLOUR_RGB ( '',0.9098039215686274400, 0.4431372549019607600, 0.03137254901960784300 ) ;
#3634 = EDGE_CURVE ( 'NONE', #9368, #1900, #4440, .T. ) ;
#3635 = CARTESIAN_POINT ( 'NONE',  ( 4.449999999999995700, -3.865000000000000200, -5.000000000000000000 ) ) ;
#3636 = CARTESIAN_POINT ( 'NONE',  ( -5.350000000000001400, -3.894568330112402900E-016, -2.350000000000000500 ) ) ;
#3637 = CARTESIAN_POINT ( 'NONE',  ( 5.150000000000003000, -0.2000000000000015400, 3.650000000000000400 ) ) ;
#3638 = DIRECTION ( 'NONE',  ( -8.260587980841940000E-017, 0.0000000000000000000, -1.000000000000000000 ) ) ;
#3639 = VECTOR ( 'NONE', #6349, 1000.000000000000000 ) ;
#3640 = SURFACE_STYLE_FILL_AREA ( #8540 ) ;
#3641 = CARTESIAN_POINT ( 'NONE',  ( -5.250000000000000900, 0.0000000000000000000, 5.000000000000000000 ) ) ;
#3642 = SURFACE_SIDE_STYLE ('',( #8329 ) ) ;
#3643 = ORIENTED_EDGE ( 'NONE', *, *, #9803, .F. ) ;
#3644 = ORIENTED_EDGE ( 'NONE', *, *, #9222, .F. ) ;
#3645 = DIRECTION ( 'NONE',  ( -3.657902066415279900E-018, 1.000000000000000000, 1.426581805901979600E-016 ) ) ;
#3646 = CARTESIAN_POINT ( 'NONE',  ( 3.791564028866438700, -0.2000000000000006200, -3.100000000000001000 ) ) ;
#3647 = EDGE_CURVE ( 'NONE', #10391, #5523, #6790, .T. ) ;
#3648 = DIRECTION ( 'NONE',  ( -1.000000000000000000, 0.0000000000000000000, 0.0000000000000000000 ) ) ;
#3649 = LINE ( 'NONE', #5913, #10195 ) ;
#3650 =( LENGTH_UNIT ( ) NAMED_UNIT ( * ) SI_UNIT ( .MILLI., .METRE. ) );
#3651 = ORIENTED_EDGE ( 'NONE', *, *, #9840, .T. ) ;
#3652 = FILL_AREA_STYLE ('',( #2781 ) ) ;
#3653 = FILL_AREA_STYLE ('',( #8965 ) ) ;
#3654 = ADVANCED_FACE ( 'NONE', ( #11252 ), #3367, .T. ) ;
#3655 = ORIENTED_EDGE ( 'NONE', *, *, #8648, .T. ) ;
#3656 = FILL_AREA_STYLE_COLOUR ( '', #9905 ) ;
#3657 = PLANE ( 'NONE',  #3181 ) ;
#3658 =( NAMED_UNIT ( * ) SI_UNIT ( $, .STERADIAN. ) SOLID_ANGLE_UNIT ( ) );
#3659 = CARTESIAN_POINT ( 'NONE',  ( -5.146871391806029400, -0.2163230230856128300, 2.347334475712504100 ) ) ;
#3660 = EDGE_CURVE ( 'NONE', #1588, #1954, #5686, .T. ) ;
#3661 = ORIENTED_EDGE ( 'NONE', *, *, #2471, .F. ) ;
#3662 = ORIENTED_EDGE ( 'NONE', *, *, #10348, .F. ) ;
#3663 =( BOUNDED_CURVE ( )  B_SPLINE_CURVE ( 3, ( #7939, #1778, #3556, #9765 ),
 .UNSPECIFIED., .F., .T. ) 
 B_SPLINE_CURVE_WITH_KNOTS ( ( 4, 4 ),
 ( 4.712388980384689700, 6.283185307179586200 ),
 .UNSPECIFIED. ) 
 CURVE ( )  GEOMETRIC_REPRESENTATION_ITEM ( )  RATIONAL_B_SPLINE_CURVE ( ( 1.000000000000000000, 0.8047378541243649400, 0.8047378541243649400, 1.000000000000000000 ) ) 
 REPRESENTATION_ITEM ( '' )  );
#3664 = AXIS2_PLACEMENT_3D ( 'NONE', #8758, #3476, #9670 ) ;
#3665 = CARTESIAN_POINT ( 'NONE',  ( -2.950000000000002800, 0.0000000000000000000, 0.0000000000000000000 ) ) ;
#3666 = FILL_AREA_STYLE ('',( #5710 ) ) ;
#3667 = ADVANCED_FACE ( 'NONE', ( #943 ), #6916, .T. ) ;
#3668 = CARTESIAN_POINT ( 'NONE',  ( 5.275000000000003000, -3.539999999999998700, -0.7499999999999980000 ) ) ;
#3669 = AXIS2_PLACEMENT_3D ( 'NONE', #3219, #9686, #7590 ) ;
#3670 = ORIENTED_EDGE ( 'NONE', *, *, #10562, .T. ) ;
#3671 = DIRECTION ( 'NONE',  ( 1.000000000000000000, -1.426581805901979900E-016, 1.927470528863118800E-016 ) ) ;
#3672 = COLOUR_RGB ( '',0.5019607843137254800, 0.5019607843137254800, 0.5019607843137254800 ) ;
#3673 =( LENGTH_UNIT ( ) NAMED_UNIT ( * ) SI_UNIT ( .MILLI., .METRE. ) );
#3674 = FILL_AREA_STYLE ('',( #3302 ) ) ;
#3675 = DIRECTION ( 'NONE',  ( 1.000000000000000000, 0.0000000000000000000, 0.0000000000000000000 ) ) ;
#3676 = CARTESIAN_POINT ( 'NONE',  ( -5.150000000000003000, -1.870000000000000600, -3.650000000000001200 ) ) ;
#3677 = CARTESIAN_POINT ( 'NONE',  ( 5.141256086659352000, -0.2085764379637280500, -2.349302167280541600 ) ) ;
#3678 = ORIENTED_EDGE ( 'NONE', *, *, #6106, .T. ) ;
#3679 = COLOUR_RGB ( '',0.5019607843137254800, 0.5019607843137254800, 0.5019607843137254800 ) ;
#3680 = EDGE_CURVE ( 'NONE', #11521, #4386, #101, .T. ) ;
#3681 = EDGE_CURVE ( 'NONE', #9358, #5682, #4845, .T. ) ;
#3682 = MECHANICAL_DESIGN_GEOMETRIC_PRESENTATION_REPRESENTATION (  '', ( #3827 ), #3398 ) ;
#3683 = SURFACE_SIDE_STYLE ('',( #2282 ) ) ;
#3684 = CARTESIAN_POINT ( 'NONE',  ( 5.050000000000002500, -1.870000000000000100, -1.125000000000000400 ) ) ;
#3685 = ORIENTED_EDGE ( 'NONE', *, *, #7032, .F. ) ;
#3686 = CARTESIAN_POINT ( 'NONE',  ( 5.167476091846280500, -3.989760918462774700, 1.024284993575057500 ) ) ;
#3687 = UNCERTAINTY_MEASURE_WITH_UNIT (LENGTH_MEASURE( 1.000000000000000100E-005 ), #2152, 'distance_accuracy_value', 'NONE');
#3688 = VERTEX_POINT ( 'NONE', #3485 ) ;
#3689 = CARTESIAN_POINT ( 'NONE',  ( -5.050000000000003400, -3.665000000000000000, 2.629999999999999900 ) ) ;
#3690 = COLOUR_RGB ( '',0.5019607843137254800, 0.5019607843137254800, 0.5019607843137254800 ) ;
#3691 = PRESENTATION_LAYER_ASSIGNMENT (  '', '', ( #4410 ) ) ;
#3692 = PRESENTATION_LAYER_ASSIGNMENT (  '', '', ( #3126 ) ) ;
#3694 =( GEOMETRIC_REPRESENTATION_CONTEXT ( 3 ) GLOBAL_UNCERTAINTY_ASSIGNED_CONTEXT ( ( #10610 ) ) GLOBAL_UNIT_ASSIGNED_CONTEXT ( ( #8948, #8900, #8860 ) ) REPRESENTATION_CONTEXT ( 'NONE', 'WORKASPACE' ) );
#3693 = AXIS2_PLACEMENT_3D ( 'NONE', #4627, #2871, #3790 ) ;
#3695 = DIRECTION ( 'NONE',  ( 1.000000000000000000, 0.0000000000000000000, 0.0000000000000000000 ) ) ;
#3696 =( NAMED_UNIT ( * ) PLANE_ANGLE_UNIT ( ) SI_UNIT ( $, .RADIAN. ) );
#3697 = ORIENTED_EDGE ( 'NONE', *, *, #11515, .F. ) ;
#3698 = EDGE_CURVE ( 'NONE', #11001, #7994, #11397, .T. ) ;
#3699 = DIRECTION ( 'NONE',  ( 1.000000000000000000, 3.571489509364014100E-015, 0.0000000000000000000 ) ) ;
#3700 = VECTOR ( 'NONE', #7313, 1000.000000000000000 ) ;
#3701 = EDGE_CURVE ( 'NONE', #1314, #1305, #4586, .T. ) ;
#3702 = SURFACE_STYLE_USAGE ( .BOTH. , #3529 ) ;
#3703 = EDGE_LOOP ( 'NONE', ( #6962, #10332, #5647, #4975 ) ) ;
#3704 = FILL_AREA_STYLE_COLOUR ( '', #5349 ) ;
#3705 = UNCERTAINTY_MEASURE_WITH_UNIT (LENGTH_MEASURE( 1.000000000000000100E-005 ), #9225, 'distance_accuracy_value', 'NONE');
#3706 = CARTESIAN_POINT ( 'NONE',  ( 5.100000000000003200, -1.870000000000000600, -1.175000000000000300 ) ) ;
#3707 = VECTOR ( 'NONE', #6255, 1000.000000000000000 ) ;
#3708 = CIRCLE ( 'NONE', #4351, 0.1250000000000000000 ) ;
#3709 = PRESENTATION_LAYER_ASSIGNMENT (  '', '', ( #3348 ) ) ;
#3710 = CARTESIAN_POINT ( 'NONE',  ( 4.750000000000001800, -3.865000000000000200, -1.800000000000000300 ) ) ;
#3711 = FILL_AREA_STYLE ('',( #2836 ) ) ;
#3712 = ORIENTED_EDGE ( 'NONE', *, *, #8738, .F. ) ;
#3713 =( NAMED_UNIT ( * ) PLANE_ANGLE_UNIT ( ) SI_UNIT ( $, .RADIAN. ) );
#3714 = LINE ( 'NONE', #1704, #10785 ) ;
#3715 = VERTEX_POINT ( 'NONE', #2790 ) ;
#3716 =( NAMED_UNIT ( * ) PLANE_ANGLE_UNIT ( ) SI_UNIT ( $, .RADIAN. ) );
#3717 = FACE_OUTER_BOUND ( 'NONE', #650, .T. ) ;
#3718 = ORIENTED_EDGE ( 'NONE', *, *, #6555, .T. ) ;
#3719 = CARTESIAN_POINT ( 'NONE',  ( 4.449999999999998400, 1.985000000000000300, 4.199999999999998400 ) ) ;
#3720 = ADVANCED_FACE ( 'NONE', ( #4307 ), #2715, .F. ) ;
#3721 = EDGE_CURVE ( 'NONE', #867, #10167, #1097, .T. ) ;
#3722 = FACE_OUTER_BOUND ( 'NONE', #10515, .T. ) ;
#3723 = DIRECTION ( 'NONE',  ( -1.426581805901980400E-016, -1.000000000000000000, 2.187425435716359500E-016 ) ) ;
#3724 =( NAMED_UNIT ( * ) PLANE_ANGLE_UNIT ( ) SI_UNIT ( $, .RADIAN. ) );
#3725 = DIRECTION ( 'NONE',  ( -1.000000000000000000, 0.0000000000000000000, 0.0000000000000000000 ) ) ;
#3726 = CARTESIAN_POINT ( 'NONE',  ( -3.350000000000002800, -3.764999999999999700, 0.8750000000000001100 ) ) ;
#3727 = CARTESIAN_POINT ( 'NONE',  ( 5.150000000000003000, -0.2000000000000011200, 0.9250000000000001600 ) ) ;
#3728 = ORIENTED_EDGE ( 'NONE', *, *, #3409, .F. ) ;
#3729 = ADVANCED_FACE ( 'NONE', ( #8167 ), #4712, .T. ) ;
#3730 = CARTESIAN_POINT ( 'NONE',  ( 5.150000000000000400, -3.815000000000000800, 0.9249999999999991600 ) ) ;
#3731 = UNCERTAINTY_MEASURE_WITH_UNIT (LENGTH_MEASURE( 1.000000000000000100E-005 ), #4308, 'distance_accuracy_value', 'NONE');
#3732 = EDGE_CURVE ( 'NONE', #10319, #2230, #2671, .T. ) ;
#3734 = VECTOR ( 'NONE', #10616, 1000.000000000000000 ) ;
#3733 = UNCERTAINTY_MEASURE_WITH_UNIT (LENGTH_MEASURE( 1.000000000000000100E-005 ), #1076, 'distance_accuracy_value', 'NONE');
#3735 =( NAMED_UNIT ( * ) SI_UNIT ( $, .STERADIAN. ) SOLID_ANGLE_UNIT ( ) );
#3736 = MECHANICAL_DESIGN_GEOMETRIC_PRESENTATION_REPRESENTATION (  '', ( #10331 ), #1009 ) ;
#3737 =( LENGTH_UNIT ( ) NAMED_UNIT ( * ) SI_UNIT ( .MILLI., .METRE. ) );
#3738 = STYLED_ITEM ( 'NONE', ( #6312 ), #8569 ) ;
#3739 = VERTEX_POINT ( 'NONE', #1775 ) ;
#3740 = FILL_AREA_STYLE_COLOUR ( '', #6834 ) ;
#3741 = PRESENTATION_LAYER_ASSIGNMENT (  '', '', ( #3827 ) ) ;
#3742 = CIRCLE ( 'NONE', #2845, 0.1799999999999996000 ) ;
#3743 = ORIENTED_EDGE ( 'NONE', *, *, #1953, .T. ) ;
#3744 = CIRCLE ( 'NONE', #7930, 0.8000000000000003800 ) ;
#3745 = CARTESIAN_POINT ( 'NONE',  ( -5.148090277165538400, -0.2190970859100100600, 2.346307364846816700 ) ) ;
#3746 = CARTESIAN_POINT ( 'NONE',  ( 4.725000000000003200, -3.815000000000000800, -1.125000000000000900 ) ) ;
#3747 =( LENGTH_UNIT ( ) NAMED_UNIT ( * ) SI_UNIT ( .MILLI., .METRE. ) );
#3748 = CIRCLE ( 'NONE', #11054, 0.03000000000000007900 ) ;
#3749 = DIRECTION ( 'NONE',  ( 1.000000000000000000, -0.0000000000000000000, -8.260587980841940000E-017 ) ) ;
#3750 = CARTESIAN_POINT ( 'NONE',  ( 5.350000000000002300, -3.835000000000000400, 1.007842712474618100 ) ) ;
#3751 = SURFACE_STYLE_USAGE ( .BOTH. , #1794 ) ;
#3752 = ORIENTED_EDGE ( 'NONE', *, *, #9819, .T. ) ;
#3753 = AXIS2_PLACEMENT_3D ( 'NONE', #3726, #9938, #4604 ) ;
#3754 = PRESENTATION_STYLE_ASSIGNMENT (( #238 ) ) ;
#3755 = DIRECTION ( 'NONE',  ( 1.000000000000000000, 1.426581805901979400E-016, 1.927470528863119300E-016 ) ) ;
#3756 = AXIS2_PLACEMENT_3D ( 'NONE', #4695, #390, #256 ) ;
#3757 =( NAMED_UNIT ( * ) PLANE_ANGLE_UNIT ( ) SI_UNIT ( $, .RADIAN. ) );
#3758 = FILL_AREA_STYLE_COLOUR ( '', #9917 ) ;
#3759 = CARTESIAN_POINT ( 'NONE',  ( 5.138686282182343100, -0.2065303843618623600, -2.349571706447190600 ) ) ;
#3760 = EDGE_LOOP ( 'NONE', ( #3174, #4409, #2479, #1285 ) ) ;
#3761 = DIRECTION ( 'NONE',  ( -1.426581805901979600E-016, 1.000000000000000000, 1.426581805901979400E-016 ) ) ;
#3762 = CARTESIAN_POINT ( 'NONE',  ( -5.050000000000002500, 0.0000000000000000000, 2.629999999999999900 ) ) ;
#3763 = SURFACE_STYLE_FILL_AREA ( #5856 ) ;
#3764 = CYLINDRICAL_SURFACE ( 'NONE', #32, 0.2999999999999999300 ) ;
#3765 = DIRECTION ( 'NONE',  ( -1.000000000000000000, -1.426581805901979400E-016, -2.209081482755458100E-016 ) ) ;
#3766 = AXIS2_PLACEMENT_3D ( 'NONE', #1366, #8295, #5098 ) ;
#3767 = PRESENTATION_LAYER_ASSIGNMENT (  '', '', ( #4565 ) ) ;
#3768 = VECTOR ( 'NONE', #5378, 1000.000000000000000 ) ;
#3769 =( GEOMETRIC_REPRESENTATION_CONTEXT ( 3 ) GLOBAL_UNCERTAINTY_ASSIGNED_CONTEXT ( ( #5619 ) ) GLOBAL_UNIT_ASSIGNED_CONTEXT ( ( #11158, #5926, #9939 ) ) REPRESENTATION_CONTEXT ( 'NONE', 'WORKASPACE' ) );
#3770 = EDGE_CURVE ( 'NONE', #10860, #6542, #7056, .T. ) ;
#3772 = ORIENTED_EDGE ( 'NONE', *, *, #2621, .F. ) ;
#3771 = SURFACE_STYLE_USAGE ( .BOTH. , #9079 ) ;
#3773 = COLOUR_RGB ( '',0.9098039215686274400, 0.4431372549019607600, 0.03137254901960784300 ) ;
#3774 = CARTESIAN_POINT ( 'NONE',  ( 5.150000000000003900, -1.870000000000001400, 3.650000000000000400 ) ) ;
#3775 =( NAMED_UNIT ( * ) SI_UNIT ( $, .STERADIAN. ) SOLID_ANGLE_UNIT ( ) );
#3776 = ADVANCED_FACE ( 'NONE', ( #2400 ), #3616, .T. ) ;
#3777 = CIRCLE ( 'NONE', #6837, 0.04999999999999969700 ) ;
#3778 = CARTESIAN_POINT ( 'NONE',  ( 3.355000000000002200, -3.839999999999994100, -0.7499999999999984500 ) ) ;
#3779 = VECTOR ( 'NONE', #5156, 1000.000000000000000 ) ;
#3780 = VECTOR ( 'NONE', #2222, 1000.000000000000000 ) ;
#3781 = ORIENTED_EDGE ( 'NONE', *, *, #511, .T. ) ;
#3782 = CARTESIAN_POINT ( 'NONE',  ( -4.975000000000002300, -3.964999999999996300, -0.7500000000000133200 ) ) ;
#3783 = ORIENTED_EDGE ( 'NONE', *, *, #9872, .F. ) ;
#3784 = CARTESIAN_POINT ( 'NONE',  ( -5.100000000000002300, -1.870000000000001000, 1.174999999999999800 ) ) ;
#3785 = PRESENTATION_LAYER_ASSIGNMENT (  '', '', ( #4365 ) ) ;
#3786 = VERTEX_POINT ( 'NONE', #1373 ) ;
#3787 = ADVANCED_FACE ( 'NONE', ( #5949 ), #1332, .T. ) ;
#3788 = DIRECTION ( 'NONE',  ( -1.426581805901979900E-016, -1.000000000000000000, -1.281360903504773500E-017 ) ) ;
#3789 = EDGE_CURVE ( 'NONE', #8750, #3039, #5101, .T. ) ;
#3790 = DIRECTION ( 'NONE',  ( 0.0000000000000000000, 0.0000000000000000000, -1.000000000000000000 ) ) ;
#3791 = EDGE_CURVE ( 'NONE', #3137, #6028, #2800, .T. ) ;
#3792 = CIRCLE ( 'NONE', #10727, 0.04999999999999969700 ) ;
#3793 = FILL_AREA_STYLE ('',( #8175 ) ) ;
#3794 = CARTESIAN_POINT ( 'NONE',  ( -5.050000000000003400, 0.0000000000000000000, -2.625000000000000000 ) ) ;
#3795 = VERTEX_POINT ( 'NONE', #3197 ) ;
#3796 = FILL_AREA_STYLE ('',( #6382 ) ) ;
#3797 = DIRECTION ( 'NONE',  ( 1.000000000000000000, 3.657902066415202000E-018, 4.707476099338773300E-016 ) ) ;
#3798 = ORIENTED_EDGE ( 'NONE', *, *, #7020, .T. ) ;
#3799 = ORIENTED_EDGE ( 'NONE', *, *, #6040, .F. ) ;
#3800 = SURFACE_STYLE_USAGE ( .BOTH. , #3838 ) ;
#3801 = COLOUR_RGB ( '',0.5019607843137254800, 0.5019607843137254800, 0.5019607843137254800 ) ;
#3802 = DIRECTION ( 'NONE',  ( 1.000000000000000000, -1.426581805901979900E-016, 1.927470528863118800E-016 ) ) ;
#3803 = DIRECTION ( 'NONE',  ( -1.000000000000000000, -3.348823158252936600E-015, -2.014244061478019600E-016 ) ) ;
#3804 = FACE_OUTER_BOUND ( 'NONE', #7842, .T. ) ;
#3805 = CYLINDRICAL_SURFACE ( 'NONE', #7347, 0.04999999999999969700 ) ;
#3806 = CARTESIAN_POINT ( 'NONE',  ( -4.750000000000001800, -3.365000000000000700, 1.799999999999999800 ) ) ;
#3807 =( GEOMETRIC_REPRESENTATION_CONTEXT ( 3 ) GLOBAL_UNCERTAINTY_ASSIGNED_CONTEXT ( ( #8805 ) ) GLOBAL_UNIT_ASSIGNED_CONTEXT ( ( #3484, #7677, #8845 ) ) REPRESENTATION_CONTEXT ( 'NONE', 'WORKASPACE' ) );
#3808 = ORIENTED_EDGE ( 'NONE', *, *, #1816, .F. ) ;
#3809 = CARTESIAN_POINT ( 'NONE',  ( -3.350000000000002800, -3.714999999999999400, 0.9249999999999998200 ) ) ;
#3810 =( LENGTH_UNIT ( ) NAMED_UNIT ( * ) SI_UNIT ( .MILLI., .METRE. ) );
#3811 = STYLED_ITEM ( 'NONE', ( #11466 ), #2629 ) ;
#3812 = PRESENTATION_LAYER_ASSIGNMENT (  '', '', ( #10404 ) ) ;
#3813 = CARTESIAN_POINT ( 'NONE',  ( 4.725000000000003200, -3.815000000000000800, -1.175000000000000900 ) ) ;
#3814 = VERTEX_POINT ( 'NONE', #11168 ) ;
#3815 = VECTOR ( 'NONE', #6766, 1000.000000000000000 ) ;
#3816 = PRESENTATION_STYLE_ASSIGNMENT (( #8739 ) ) ;
#3817 = SURFACE_STYLE_FILL_AREA ( #5790 ) ;
#3818 = VERTEX_POINT ( 'NONE', #268 ) ;
#3819 = CARTESIAN_POINT ( 'NONE',  ( -4.590000000000002500, -1.271007276528615000E-015, 3.850000000000000500 ) ) ;
#3820 = STYLED_ITEM ( 'NONE', ( #866 ), #3094 ) ;
#3821 = EDGE_CURVE ( 'NONE', #3292, #9776, #7183, .T. ) ;
#3822 = DIRECTION ( 'NONE',  ( 1.000000000000000000, 0.0000000000000000000, 0.0000000000000000000 ) ) ;
#3823 = AXIS2_PLACEMENT_3D ( 'NONE', #8395, #3139, #9322 ) ;
#3824 =( NAMED_UNIT ( * ) SI_UNIT ( $, .STERADIAN. ) SOLID_ANGLE_UNIT ( ) );
#3825 = VERTEX_POINT ( 'NONE', #10931 ) ;
#3826 = CARTESIAN_POINT ( 'NONE',  ( 3.355000000000002200, -3.964999999999994500, -0.7499999999999984500 ) ) ;
#3827 = STYLED_ITEM ( 'NONE', ( #10742 ), #1997 ) ;
#3828 = CARTESIAN_POINT ( 'NONE',  ( 5.144719580289783600, -0.2130016956640668200, 2.348279974211458400 ) ) ;
#3829 = CARTESIAN_POINT ( 'NONE',  ( 5.150000000000003000, -3.815000000000000400, 0.9249999999999991600 ) ) ;
#3830 =( NAMED_UNIT ( * ) PLANE_ANGLE_UNIT ( ) SI_UNIT ( $, .RADIAN. ) );
#3831 = ORIENTED_EDGE ( 'NONE', *, *, #4300, .T. ) ;
#3832 = CARTESIAN_POINT ( 'NONE',  ( -5.350000000000002300, -3.835000000000000400, 1.007842712474618800 ) ) ;
#3833 = DIRECTION ( 'NONE',  ( -0.0000000000000000000, 1.000000000000000000, 3.401418580346682800E-016 ) ) ;
#3834 = CARTESIAN_POINT ( 'NONE',  ( -5.150000000000002100, -0.4000000000000009700, -0.9250000000000002700 ) ) ;
#3835 = ADVANCED_FACE ( 'NONE', ( #7477 ), #143, .F. ) ;
#3836 = VERTEX_POINT ( 'NONE', #10056 ) ;
#3837 = AXIS2_PLACEMENT_3D ( 'NONE', #9146, #9131, #9052 ) ;
#3838 = SURFACE_SIDE_STYLE ('',( #2296 ) ) ;
#3839 = AXIS2_PLACEMENT_3D ( 'NONE', #467, #6675, #1379 ) ;
#3840 =( NAMED_UNIT ( * ) PLANE_ANGLE_UNIT ( ) SI_UNIT ( $, .RADIAN. ) );
#3841 =( NAMED_UNIT ( * ) SI_UNIT ( $, .STERADIAN. ) SOLID_ANGLE_UNIT ( ) );
#3842 = CARTESIAN_POINT ( 'NONE',  ( 5.136075654567682700, -0.2044518277705355500, -2.349845527431620800 ) ) ;
#3843 = VECTOR ( 'NONE', #5664, 1000.000000000000000 ) ;
#3844 = UNCERTAINTY_MEASURE_WITH_UNIT (LENGTH_MEASURE( 1.000000000000000100E-005 ), #1424, 'distance_accuracy_value', 'NONE');
#3845 = MECHANICAL_DESIGN_GEOMETRIC_PRESENTATION_REPRESENTATION (  '', ( #5786 ), #2094 ) ;
#3846 = FACE_OUTER_BOUND ( 'NONE', #5989, .T. ) ;
#3847 = EDGE_CURVE ( 'NONE', #6343, #2406, #2574, .T. ) ;
#3848 = DIRECTION ( 'NONE',  ( -2.409338161078898700E-016, 1.426581805901978900E-016, -1.000000000000000000 ) ) ;
#3849 = CARTESIAN_POINT ( 'NONE',  ( -4.350000000000003200, -4.015000000000000600, 1.125000000000000000 ) ) ;
#3850 = ADVANCED_FACE ( 'NONE', ( #7236 ), #3805, .F. ) ;
#3851 = COLOUR_RGB ( '',0.9098039215686274400, 0.4431372549019607600, 0.03137254901960784300 ) ;
#3852 = VECTOR ( 'NONE', #3330, 1000.000000000000000 ) ;
#3853 = CIRCLE ( 'NONE', #11487, 0.7999999999999999300 ) ;
#3854 = ORIENTED_EDGE ( 'NONE', *, *, #1304, .T. ) ;
#3855 = FACE_OUTER_BOUND ( 'NONE', #5212, .T. ) ;
#3856 = PRESENTATION_STYLE_ASSIGNMENT (( #82 ) ) ;
#3857 = DIRECTION ( 'NONE',  ( 1.000000000000000000, 9.035018104045871900E-017, 0.0000000000000000000 ) ) ;
#3858 = CYLINDRICAL_SURFACE ( 'NONE', #2977, 0.02999999999999964500 ) ;
#3859 = ORIENTED_EDGE ( 'NONE', *, *, #9235, .T. ) ;
#3860 = CARTESIAN_POINT ( 'NONE',  ( 5.050000000000002500, 0.0000000000000000000, 3.899999999999999900 ) ) ;
#3861 = UNCERTAINTY_MEASURE_WITH_UNIT (LENGTH_MEASURE( 1.000000000000000100E-005 ), #4745, 'distance_accuracy_value', 'NONE');
#3862 = AXIS2_PLACEMENT_3D ( 'NONE', #3977, #3940, #3857 ) ;
#3863 = MECHANICAL_DESIGN_GEOMETRIC_PRESENTATION_REPRESENTATION (  '', ( #2677 ), #4423 ) ;
#3864 = CIRCLE ( 'NONE', #4201, 0.04999999999999969700 ) ;
#3865 = VECTOR ( 'NONE', #100, 1000.000000000000000 ) ;
#3866 = PRESENTATION_STYLE_ASSIGNMENT (( #4358 ) ) ;
#3867 = PRESENTATION_LAYER_ASSIGNMENT (  '', '', ( #5854 ) ) ;
#3868 = ORIENTED_EDGE ( 'NONE', *, *, #10181, .F. ) ;
#3869 = EDGE_LOOP ( 'NONE', ( #4152, #9020, #9603, #4419 ) ) ;
#3870 =( NAMED_UNIT ( * ) SI_UNIT ( $, .STERADIAN. ) SOLID_ANGLE_UNIT ( ) );
#3871 = ORIENTED_EDGE ( 'NONE', *, *, #1073, .T. ) ;
#3872 = DIRECTION ( 'NONE',  ( 1.000000000000000000, 1.426581805901979400E-016, 1.927470528863119300E-016 ) ) ;
#3873 = DIRECTION ( 'NONE',  ( -2.253857234975596600E-016, -0.6887494619146932200, 0.7249994335944136600 ) ) ;
#3874 = SURFACE_STYLE_FILL_AREA ( #1889 ) ;
#3875 = SURFACE_STYLE_FILL_AREA ( #10663 ) ;
#3876 =( NAMED_UNIT ( * ) SI_UNIT ( $, .STERADIAN. ) SOLID_ANGLE_UNIT ( ) );
#3877 = FILL_AREA_STYLE ('',( #6291 ) ) ;
#3878 = SURFACE_SIDE_STYLE ('',( #9124 ) ) ;
#3879 = LINE ( 'NONE', #178, #10399 ) ;
#3880 = EDGE_CURVE ( 'NONE', #4741, #6262, #8480, .T. ) ;
#3881 = VERTEX_POINT ( 'NONE', #9684 ) ;
#3882 = AXIS2_PLACEMENT_3D ( 'NONE', #3319, #2446, #11237 ) ;
#3883 = SURFACE_SIDE_STYLE ('',( #10591 ) ) ;
#3884 = CYLINDRICAL_SURFACE ( 'NONE', #8654, 0.1799999999999996000 ) ;
#3885 =( LENGTH_UNIT ( ) NAMED_UNIT ( * ) SI_UNIT ( .MILLI., .METRE. ) );
#3886 = DIRECTION ( 'NONE',  ( -1.426581805901979600E-016, -1.000000000000000000, -1.426581805901979900E-016 ) ) ;
#3887 = SURFACE_STYLE_USAGE ( .BOTH. , #4360 ) ;
#3888 = CARTESIAN_POINT ( 'NONE',  ( 5.133059693292371300, -0.2027850448618747100, -2.349934611265632500 ) ) ;
#3889 = CIRCLE ( 'NONE', #4174, 0.8000000000000003800 ) ;
#3890 = FILL_AREA_STYLE_COLOUR ( '', #10501 ) ;
#3891 = UNCERTAINTY_MEASURE_WITH_UNIT (LENGTH_MEASURE( 1.000000000000000100E-005 ), #5701, 'distance_accuracy_value', 'NONE');
#3892 = PLANE ( 'NONE',  #11189 ) ;
#3893 = CARTESIAN_POINT ( 'NONE',  ( 5.120000000000002800, -0.2000000000000007000, -2.350000000000001000 ) ) ;
#3894 =( NAMED_UNIT ( * ) PLANE_ANGLE_UNIT ( ) SI_UNIT ( $, .RADIAN. ) );
#3895 = VECTOR ( 'NONE', #5660, 1000.000000000000000 ) ;
#3896 = ORIENTED_EDGE ( 'NONE', *, *, #7384, .F. ) ;
#3897 = PLANE ( 'NONE',  #6563 ) ;
#3898 = CARTESIAN_POINT ( 'NONE',  ( 4.850000000000002300, -1.870000000000001000, 1.125000000000000000 ) ) ;
#3899 = PRESENTATION_LAYER_ASSIGNMENT (  '', '', ( #3304 ) ) ;
#3900 = ADVANCED_FACE ( 'NONE', ( #1721 ), #7380, .T. ) ;
#3901 = CIRCLE ( 'NONE', #316, 0.05000000000000002400 ) ;
#3902 = AXIS2_PLACEMENT_3D ( 'NONE', #6565, #1696, #6444 ) ;
#3903 = VECTOR ( 'NONE', #1516, 1000.000000000000000 ) ;
#3904 =( LENGTH_UNIT ( ) NAMED_UNIT ( * ) SI_UNIT ( .MILLI., .METRE. ) );
#3905 = ORIENTED_EDGE ( 'NONE', *, *, #5772, .T. ) ;
#3906 =( NAMED_UNIT ( * ) PLANE_ANGLE_UNIT ( ) SI_UNIT ( $, .RADIAN. ) );
#3907 = LINE ( 'NONE', #8789, #8584 ) ;
#3908 = DIRECTION ( 'NONE',  ( 1.426581805901979900E-016, -1.000000000000000000, -2.725027521453481900E-016 ) ) ;
#3909 = ADVANCED_FACE ( 'NONE', ( #2988 ), #8973, .T. ) ;
#3910 =( NAMED_UNIT ( * ) SI_UNIT ( $, .STERADIAN. ) SOLID_ANGLE_UNIT ( ) );
#3911 = DIRECTION ( 'NONE',  ( -2.014244061477907900E-016, -2.731201820944629400E-018, 1.000000000000000000 ) ) ;
#3912 = DIRECTION ( 'NONE',  ( 1.927470528863119000E-016, 1.426581805901979600E-016, -1.000000000000000000 ) ) ;
#3913 = DIRECTION ( 'NONE',  ( 1.079575420682579900E-017, 1.000000000000000000, 1.426581805901980100E-016 ) ) ;
#3914 = DIRECTION ( 'NONE',  ( 1.927470528863119000E-016, 1.426581805901979600E-016, -1.000000000000000000 ) ) ;
#3915 = ORIENTED_EDGE ( 'NONE', *, *, #3113, .F. ) ;
#3916 = AXIS2_PLACEMENT_3D ( 'NONE', #3410, #10737, #10113 ) ;
#3917 = VECTOR ( 'NONE', #1594, 1000.000000000000000 ) ;
#3918 = EDGE_CURVE ( 'NONE', #3039, #722, #8911, .T. ) ;
#3919 = CARTESIAN_POINT ( 'NONE',  ( -3.350000000000002300, -3.815000000000000400, 0.9250000000000001600 ) ) ;
#3920 = COLOUR_RGB ( '',0.5019607843137254800, 0.5019607843137254800, 0.5019607843137254800 ) ;
#3921 = VECTOR ( 'NONE', #9252, 1000.000000000000000 ) ;
#3922 = LINE ( 'NONE', #3496, #5959 ) ;
#3923 = PLANE ( 'NONE',  #7094 ) ;
#3924 = SURFACE_STYLE_USAGE ( .BOTH. , #3962 ) ;
#3925 = FACE_OUTER_BOUND ( 'NONE', #11010, .T. ) ;
#3926 = ORIENTED_EDGE ( 'NONE', *, *, #5837, .T. ) ;
#3927 =( NAMED_UNIT ( * ) SI_UNIT ( $, .STERADIAN. ) SOLID_ANGLE_UNIT ( ) );
#3928 = SURFACE_SIDE_STYLE ('',( #10984 ) ) ;
#3929 = CARTESIAN_POINT ( 'NONE',  ( -5.148859654883946900, -0.2218073008123361800, 2.344993795475380800 ) ) ;
#3930 = ORIENTED_EDGE ( 'NONE', *, *, #8135, .T. ) ;
#3931 = COLOUR_RGB ( '',1.000000000000000000, 1.000000000000000000, 1.000000000000000000 ) ;
#3932 =( NAMED_UNIT ( * ) PLANE_ANGLE_UNIT ( ) SI_UNIT ( $, .RADIAN. ) );
#3933 = STYLED_ITEM ( 'NONE', ( #4113 ), #6467 ) ;
#3935 = AXIS2_PLACEMENT_3D ( 'NONE', #8740, #8704, #8659 ) ;
#3934 = MECHANICAL_DESIGN_GEOMETRIC_PRESENTATION_REPRESENTATION (  '', ( #2744 ), #4488 ) ;
#3936 = VECTOR ( 'NONE', #6822, 1000.000000000000000 ) ;
#3937 = SURFACE_STYLE_FILL_AREA ( #6213 ) ;
#3938 = FACE_OUTER_BOUND ( 'NONE', #10114, .T. ) ;
#3939 = EDGE_CURVE ( 'NONE', #8346, #2218, #11285, .T. ) ;
#3940 = DIRECTION ( 'NONE',  ( -6.736636305648237600E-017, 1.000000000000000000, 1.426581805901979400E-016 ) ) ;
#3941 = VERTEX_POINT ( 'NONE', #8189 ) ;
#3942 = ORIENTED_EDGE ( 'NONE', *, *, #2533, .F. ) ;
#3943 = CARTESIAN_POINT ( 'NONE',  ( 4.449999999999997500, 1.985000000000000300, -4.200000000000001100 ) ) ;
#3944 =( GEOMETRIC_REPRESENTATION_CONTEXT ( 3 ) GLOBAL_UNCERTAINTY_ASSIGNED_CONTEXT ( ( #3149 ) ) GLOBAL_UNIT_ASSIGNED_CONTEXT ( ( #7035, #6843, #6806 ) ) REPRESENTATION_CONTEXT ( 'NONE', 'WORKASPACE' ) );
#3945 = VERTEX_POINT ( 'NONE', #8412 ) ;
#3946 =( NAMED_UNIT ( * ) SI_UNIT ( $, .STERADIAN. ) SOLID_ANGLE_UNIT ( ) );
#3947 = ORIENTED_EDGE ( 'NONE', *, *, #8256, .F. ) ;
#3948 = MECHANICAL_DESIGN_GEOMETRIC_PRESENTATION_REPRESENTATION (  '', ( #2179 ), #4511 ) ;
#3949 = PRODUCT_RELATED_PRODUCT_CATEGORY ( 'part', '', ( #7130 ) ) ;
#3950 = CARTESIAN_POINT ( 'NONE',  ( 4.850000000000002300, -1.870000000000000100, -1.125000000000000700 ) ) ;
#3951 = ORIENTED_EDGE ( 'NONE', *, *, #1679, .F. ) ;
#3952 = STYLED_ITEM ( 'NONE', ( #3446 ), #181 ) ;
#3953 =( NAMED_UNIT ( * ) PLANE_ANGLE_UNIT ( ) SI_UNIT ( $, .RADIAN. ) );
#3954 = SURFACE_STYLE_FILL_AREA ( #3092 ) ;
#3955 = PRESENTATION_STYLE_ASSIGNMENT (( #2843 ) ) ;
#3956 = DIRECTION ( 'NONE',  ( -1.000000000000000000, 0.0000000000000000000, 0.0000000000000000000 ) ) ;
#3957 = UNCERTAINTY_MEASURE_WITH_UNIT (LENGTH_MEASURE( 1.000000000000000100E-005 ), #4951, 'distance_accuracy_value', 'NONE');
#3958 = ORIENTED_EDGE ( 'NONE', *, *, #4367, .T. ) ;
#3959 = CARTESIAN_POINT ( 'NONE',  ( -5.120000000000002800, -3.785000000000000600, 0.9249999999999998200 ) ) ;
#3960 = ADVANCED_FACE ( 'NONE', ( #4205 ), #7788, .T. ) ;
#3961 = DIRECTION ( 'NONE',  ( 0.0000000000000000000, 0.0000000000000000000, -1.000000000000000000 ) ) ;
#3962 = SURFACE_SIDE_STYLE ('',( #6659 ) ) ;
#3963 = SURFACE_SIDE_STYLE ('',( #11286 ) ) ;
#3964 = VERTEX_POINT ( 'NONE', #7273 ) ;
#3965 = SURFACE_STYLE_USAGE ( .BOTH. , #3588 ) ;
#3966 = DIRECTION ( 'NONE',  ( 1.426581805901979600E-016, -1.000000000000000000, -1.426581805901979400E-016 ) ) ;
#3967 = DIRECTION ( 'NONE',  ( -1.079575420682579900E-017, -1.000000000000000000, -1.426581805901979900E-016 ) ) ;
#3968 = LINE ( 'NONE', #10237, #1593 ) ;
#3969 = DIRECTION ( 'NONE',  ( 1.426581805901978900E-016, -1.000000000000000000, 2.187425435716370400E-016 ) ) ;
#3970 = EDGE_CURVE ( 'NONE', #4388, #5127, #10200, .T. ) ;
#3971 = FILL_AREA_STYLE_COLOUR ( '', #1023 ) ;
#3972 = EDGE_CURVE ( 'NONE', #2431, #5305, #974, .T. ) ;
#3973 = EDGE_LOOP ( 'NONE', ( #9628, #5774, #3517, #1647, #976, #546, #1865, #7249 ) ) ;
#3974 = AXIS2_PLACEMENT_3D ( 'NONE', #1627, #10472, #5151 ) ;
#3975 = PRESENTATION_STYLE_ASSIGNMENT (( #6472 ) ) ;
#3976 = ORIENTED_EDGE ( 'NONE', *, *, #3225, .T. ) ;
#3977 = CARTESIAN_POINT ( 'NONE',  ( 4.390000000000003200, -0.2000000000000014000, 3.100000000000001000 ) ) ;
#3978 = CARTESIAN_POINT ( 'NONE',  ( 4.850000000000002300, -1.870000000000000100, -0.9250000000000004900 ) ) ;
#3979 = SURFACE_STYLE_FILL_AREA ( #7220 ) ;
#3980 = PRESENTATION_LAYER_ASSIGNMENT (  '', '', ( #3820 ) ) ;
#3981 = VERTEX_POINT ( 'NONE', #7293 ) ;
#3982 = CARTESIAN_POINT ( 'NONE',  ( 4.025000000000000400, -1.951563910473908000E-015, 0.7500000000000021100 ) ) ;
#3983 = SURFACE_STYLE_FILL_AREA ( #6532 ) ;
#3984 = ORIENTED_EDGE ( 'NONE', *, *, #4427, .T. ) ;
#3985 = LINE ( 'NONE', #11456, #6009 ) ;
#3986 = CARTESIAN_POINT ( 'NONE',  ( -4.725000000000001400, -3.714999999999999400, -0.8750000000000002200 ) ) ;
#3987 = VECTOR ( 'NONE', #11188, 1000.000000000000000 ) ;
#3988 =( GEOMETRIC_REPRESENTATION_CONTEXT ( 3 ) GLOBAL_UNCERTAINTY_ASSIGNED_CONTEXT ( ( #6010 ) ) GLOBAL_UNIT_ASSIGNED_CONTEXT ( ( #1191, #292, #7817 ) ) REPRESENTATION_CONTEXT ( 'NONE', 'WORKASPACE' ) );
#3989 = CIRCLE ( 'NONE', #3575, 0.04999999999999969700 ) ;
#3990 = EDGE_LOOP ( 'NONE', ( #4520, #1282, #9967, #8397, #3265, #8529 ) ) ;
#3991 = CARTESIAN_POINT ( 'NONE',  ( 5.350000000000004100, -0.2000000000000002600, -2.300000000000000700 ) ) ;
#3992 = MECHANICAL_DESIGN_GEOMETRIC_PRESENTATION_REPRESENTATION (  '', ( #326 ), #6917 ) ;
#3993 = CIRCLE ( 'NONE', #6090, 0.05000000000000012800 ) ;
#3994 = COLOUR_RGB ( '',0.5019607843137254800, 0.5019607843137254800, 0.5019607843137254800 ) ;
#3995 = STYLED_ITEM ( 'NONE', ( #9600 ), #10079 ) ;
#3996 = FILL_AREA_STYLE ('',( #4245 ) ) ;
#3997 = SURFACE_STYLE_USAGE ( .BOTH. , #4246 ) ;
#3998 = CARTESIAN_POINT ( 'NONE',  ( -2.950000000000002800, -3.365000000000000700, -1.799999999999999600 ) ) ;
#3999 = ORIENTED_EDGE ( 'NONE', *, *, #3489, .F. ) ;
#4000 = VERTEX_POINT ( 'NONE', #7045 ) ;
#4001 = ORIENTED_EDGE ( 'NONE', *, *, #635, .T. ) ;
#4002 = EDGE_CURVE ( 'NONE', #2775, #6028, #708, .T. ) ;
#4003 =( LENGTH_UNIT ( ) NAMED_UNIT ( * ) SI_UNIT ( .MILLI., .METRE. ) );
#4004 = ORIENTED_EDGE ( 'NONE', *, *, #9206, .T. ) ;
#4005 = UNCERTAINTY_MEASURE_WITH_UNIT (LENGTH_MEASURE( 1.000000000000000100E-005 ), #1020, 'distance_accuracy_value', 'NONE');
#4006 = FILL_AREA_STYLE_COLOUR ( '', #9449 ) ;
#4007 = DIRECTION ( 'NONE',  ( 3.469446951953622900E-015, -1.000000000000000000, -3.469446951953622900E-015 ) ) ;
#4008 = VECTOR ( 'NONE', #1547, 1000.000000000000000 ) ;
#4009 = LINE ( 'NONE', #9654, #8692 ) ;
#4010 =( NAMED_UNIT ( * ) PLANE_ANGLE_UNIT ( ) SI_UNIT ( $, .RADIAN. ) );
#4011 = ADVANCED_FACE ( 'NONE', ( #3121 ), #6709, .F. ) ;
#4012 = PRESENTATION_LAYER_ASSIGNMENT (  '', '', ( #2828 ) ) ;
#4013 = PRESENTATION_LAYER_ASSIGNMENT (  '', '', ( #3420 ) ) ;
#4014 = VERTEX_POINT ( 'NONE', #6779 ) ;
#4015 = PLANE ( 'NONE',  #7943 ) ;
#4016 = LINE ( 'NONE', #8198, #1651 ) ;
#4017 = MECHANICAL_DESIGN_GEOMETRIC_PRESENTATION_REPRESENTATION (  '', ( #9187 ), #3632 ) ;
#4018 = COLOUR_RGB ( '',1.000000000000000000, 1.000000000000000000, 1.000000000000000000 ) ;
#4019 =( NAMED_UNIT ( * ) PLANE_ANGLE_UNIT ( ) SI_UNIT ( $, .RADIAN. ) );
#4020 = VECTOR ( 'NONE', #10736, 1000.000000000000000 ) ;
#4021 = CARTESIAN_POINT ( 'NONE',  ( -5.170000000000002600, -0.1800000000000010800, 2.350000000000001000 ) ) ;
#4022 = ORIENTED_EDGE ( 'NONE', *, *, #2254, .T. ) ;
#4023 = DIRECTION ( 'NONE',  ( 0.0000000000000000000, -2.710505431213759600E-016, 1.000000000000000000 ) ) ;
#4024 = ORIENTED_EDGE ( 'NONE', *, *, #7020, .F. ) ;
#4025 = FILL_AREA_STYLE_COLOUR ( '', #3994 ) ;
#4026 =( BOUNDED_CURVE ( )  B_SPLINE_CURVE ( 3, ( #9966, #3750, #10844, #5494 ),
 .UNSPECIFIED., .F., .T. ) 
 B_SPLINE_CURVE_WITH_KNOTS ( ( 4, 4 ),
 ( 1.784812348272920400E-016, 1.570796326794896800 ),
 .UNSPECIFIED. ) 
 CURVE ( )  GEOMETRIC_REPRESENTATION_ITEM ( )  RATIONAL_B_SPLINE_CURVE ( ( 1.000000000000000000, 0.8047378541243649400, 0.8047378541243649400, 1.000000000000000000 ) ) 
 REPRESENTATION_ITEM ( '' )  );
#4027 = EDGE_CURVE ( 'NONE', #8362, #5062, #9060, .T. ) ;
#4028 =( GEOMETRIC_REPRESENTATION_CONTEXT ( 3 ) GLOBAL_UNCERTAINTY_ASSIGNED_CONTEXT ( ( #7643 ) ) GLOBAL_UNIT_ASSIGNED_CONTEXT ( ( #6435, #1145, #7343 ) ) REPRESENTATION_CONTEXT ( 'NONE', 'WORKASPACE' ) );
#4029 = CARTESIAN_POINT ( 'NONE',  ( -3.350000000000001900, -1.870000000000000800, -0.9249999999999998200 ) ) ;
#4030 = CARTESIAN_POINT ( 'NONE',  ( 5.129899175163187900, -0.2016802837039540500, -2.349971758490915000 ) ) ;
#4031 = VERTEX_POINT ( 'NONE', #7208 ) ;
#4032 = CARTESIAN_POINT ( 'NONE',  ( -4.025000000000000400, 5.963111948670274400E-016, -0.7500000000000001100 ) ) ;
#4033 = DIRECTION ( 'NONE',  ( 1.927470528863118800E-016, -5.952404271712227000E-017, -1.000000000000000000 ) ) ;
#4034 = CIRCLE ( 'NONE', #5980, 0.8000000000000003800 ) ;
#4035 = CARTESIAN_POINT ( 'NONE',  ( 2.950000000000002800, -3.865000000000000200, -3.899999999999999500 ) ) ;
#4036 = EDGE_CURVE ( 'NONE', #9776, #8596, #6672, .T. ) ;
#4037 = FILL_AREA_STYLE_COLOUR ( '', #1584 ) ;
#4038 = ORIENTED_EDGE ( 'NONE', *, *, #10088, .F. ) ;
#4039 = DIRECTION ( 'NONE',  ( 0.0000000000000000000, 0.0000000000000000000, -1.000000000000000000 ) ) ;
#4040 = STYLED_ITEM ( 'NONE', ( #10087 ), #9133 ) ;
#4041 = CARTESIAN_POINT ( 'NONE',  ( 3.350000000000003200, -3.815000000000000400, -0.9250000000000012700 ) ) ;
#4042 = CYLINDRICAL_SURFACE ( 'NONE', #4412, 0.1749999999999998200 ) ;
#4043 = VECTOR ( 'NONE', #6104, 1000.000000000000000 ) ;
#4044 = PRESENTATION_LAYER_ASSIGNMENT (  '', '', ( #3600 ) ) ;
#4045 = CARTESIAN_POINT ( 'NONE',  ( 3.355000000000002200, -3.964999999999994500, -0.7499999999999984500 ) ) ;
#4046 = PRESENTATION_STYLE_ASSIGNMENT (( #8979 ) ) ;
#4047 = FACE_OUTER_BOUND ( 'NONE', #2696, .T. ) ;
#4048 = UNCERTAINTY_MEASURE_WITH_UNIT (LENGTH_MEASURE( 1.000000000000000100E-005 ), #8411, 'distance_accuracy_value', 'NONE');
#4049 = CARTESIAN_POINT ( 'NONE',  ( -4.590000000000002500, -1.282497043505879700E-015, 3.150000000000000800 ) ) ;
#4050 = ORIENTED_EDGE ( 'NONE', *, *, #9235, .F. ) ;
#4051 = CARTESIAN_POINT ( 'NONE',  ( 4.975000000000001400, -0.1249999999999998900, -0.8749999999999980000 ) ) ;
#4052 = DIRECTION ( 'NONE',  ( -1.000000000000000000, 0.0000000000000000000, 0.0000000000000000000 ) ) ;
#4053 = PRESENTATION_STYLE_ASSIGNMENT (( #3924 ) ) ;
#4054 = LINE ( 'NONE', #737, #1697 ) ;
#4055 = FILL_AREA_STYLE ('',( #2746 ) ) ;
#4056 = LINE ( 'NONE', #6575, #10852 ) ;
#4057 = ORIENTED_EDGE ( 'NONE', *, *, #2903, .F. ) ;
#4058 = CARTESIAN_POINT ( 'NONE',  ( 3.350000000000003200, -0.2000000000000016500, 3.850000000000000500 ) ) ;
#4059 = PRESENTATION_LAYER_ASSIGNMENT (  '', '', ( #5786 ) ) ;
#4060 = ORIENTED_EDGE ( 'NONE', *, *, #7833, .F. ) ;
#4061 = EDGE_CURVE ( 'NONE', #6576, #10319, #4333, .T. ) ;
#4062 = UNCERTAINTY_MEASURE_WITH_UNIT (LENGTH_MEASURE( 1.000000000000000100E-005 ), #10575, 'distance_accuracy_value', 'NONE');
#4063 = ADVANCED_FACE ( 'NONE', ( #2004 ), #5560, .T. ) ;
#4064 = VERTEX_POINT ( 'NONE', #2609 ) ;
#4065 = PRESENTATION_STYLE_ASSIGNMENT (( #3256 ) ) ;
#4066 = DIRECTION ( 'NONE',  ( -1.000000000000000000, 6.776263578034399000E-017, -2.168404344971007700E-015 ) ) ;
#4067 = CARTESIAN_POINT ( 'NONE',  ( 2.950000000000002800, -3.365000000000000700, 1.800000000000000500 ) ) ;
#4068 = CARTESIAN_POINT ( 'NONE',  ( 5.126739893770037200, -0.2005759548479141000, -2.350008891180190400 ) ) ;
#4069 = VECTOR ( 'NONE', #9876, 1000.000000000000000 ) ;
#4070 =( NAMED_UNIT ( * ) PLANE_ANGLE_UNIT ( ) SI_UNIT ( $, .RADIAN. ) );
#4071 = VERTEX_POINT ( 'NONE', #2272 ) ;
#4072 =( NAMED_UNIT ( * ) PLANE_ANGLE_UNIT ( ) SI_UNIT ( $, .RADIAN. ) );
#4073 = CARTESIAN_POINT ( 'NONE',  ( -4.725000000000002300, -3.765000000000000600, 1.125000000000000000 ) ) ;
#4074 = ORIENTED_EDGE ( 'NONE', *, *, #9646, .T. ) ;
#4075 = FILL_AREA_STYLE_COLOUR ( '', #5800 ) ;
#4076 = STYLED_ITEM ( 'NONE', ( #7246 ), #6702 ) ;
#4077 = PRESENTATION_LAYER_ASSIGNMENT (  '', '', ( #2898 ) ) ;
#4078 = LINE ( 'NONE', #11322, #8768 ) ;
#4079 = EDGE_CURVE ( 'NONE', #4756, #10148, #1123, .T. ) ;
#4080 = EDGE_CURVE ( 'NONE', #7739, #7589, #3513, .T. ) ;
#4081 = PRESENTATION_STYLE_ASSIGNMENT (( #446 ) ) ;
#4082 = ORIENTED_EDGE ( 'NONE', *, *, #7494, .F. ) ;
#4083 = CARTESIAN_POINT ( 'NONE',  ( -5.350000000000004100, -0.2000000000000002600, -2.350000000000000500 ) ) ;
#4084 = EDGE_LOOP ( 'NONE', ( #2995, #8544, #5302, #3 ) ) ;
#4085 = ORIENTED_EDGE ( 'NONE', *, *, #10562, .F. ) ;
#4086 = SURFACE_STYLE_USAGE ( .BOTH. , #2484 ) ;
#4087 =( NAMED_UNIT ( * ) PLANE_ANGLE_UNIT ( ) SI_UNIT ( $, .RADIAN. ) );
#4088 = ORIENTED_EDGE ( 'NONE', *, *, #6715, .T. ) ;
#4089 = MECHANICAL_DESIGN_GEOMETRIC_PRESENTATION_REPRESENTATION (  '', ( #4658 ), #3944 ) ;
#4090 = VECTOR ( 'NONE', #11019, 1000.000000000000000 ) ;
#4091 =( LENGTH_UNIT ( ) NAMED_UNIT ( * ) SI_UNIT ( .MILLI., .METRE. ) );
#4092 = CYLINDRICAL_SURFACE ( 'NONE', #8622, 0.05000000000000012800 ) ;
#4093 = VECTOR ( 'NONE', #7098, 1000.000000000000000 ) ;
#4094 = UNCERTAINTY_MEASURE_WITH_UNIT (LENGTH_MEASURE( 1.000000000000000100E-005 ), #10683, 'distance_accuracy_value', 'NONE');
#4095 = DIRECTION ( 'NONE',  ( -2.409338161078898200E-017, 1.426581805901979900E-016, -1.000000000000000000 ) ) ;
#4096 = EDGE_CURVE ( 'NONE', #2955, #4354, #7916, .T. ) ;
#4097 = DIRECTION ( 'NONE',  ( 1.079575420682579900E-017, 1.000000000000000000, 1.426581805901979900E-016 ) ) ;
#4098 = CARTESIAN_POINT ( 'NONE',  ( 5.150000000000003900, -3.390000000000000100, -0.9250000000000003800 ) ) ;
#4099 = DIRECTION ( 'NONE',  ( -0.0000000000000000000, 1.000000000000000000, -0.0000000000000000000 ) ) ;
#4100 = COLOUR_RGB ( '',1.000000000000000000, 1.000000000000000000, 1.000000000000000000 ) ;
#4101 = CARTESIAN_POINT ( 'NONE',  ( -5.254407615346895700, -3.825440761534689900, -0.9465649028722769000 ) ) ;
#4102 = ORIENTED_EDGE ( 'NONE', *, *, #11205, .T. ) ;
#4103 = DIRECTION ( 'NONE',  ( -6.736636305648237600E-017, -1.000000000000000000, -1.426581805901979900E-016 ) ) ;
#4104 = DIRECTION ( 'NONE',  ( 1.426581805901979600E-016, -1.000000000000000000, -1.426581805901979400E-016 ) ) ;
#4105 = FILL_AREA_STYLE ('',( #10134 ) ) ;
#4106 = CARTESIAN_POINT ( 'NONE',  ( -5.250000000000001800, -3.865000000000000200, 3.899999999999999900 ) ) ;
#4107 = VECTOR ( 'NONE', #10775, 1000.000000000000000 ) ;
#4108 = VERTEX_POINT ( 'NONE', #660 ) ;
#4109 = CARTESIAN_POINT ( 'NONE',  ( -5.150000000000003000, -3.539999999999996500, -0.7500000000000119900 ) ) ;
#4110 = EDGE_CURVE ( 'NONE', #3400, #3964, #2976, .T. ) ;
#4111 = EDGE_CURVE ( 'NONE', #590, #6142, #5272, .T. ) ;
#4112 = CIRCLE ( 'NONE', #10227, 0.1999999999999996500 ) ;
#4113 = PRESENTATION_STYLE_ASSIGNMENT (( #8592 ) ) ;
#4114 = DIRECTION ( 'NONE',  ( 1.000000000000000000, 1.426581805901979400E-016, 1.927470528863119300E-016 ) ) ;
#4115 = ORIENTED_EDGE ( 'NONE', *, *, #6069, .F. ) ;
#4116 = MECHANICAL_DESIGN_GEOMETRIC_PRESENTATION_REPRESENTATION (  '', ( #4271 ), #3988 ) ;
#4117 = PRESENTATION_STYLE_ASSIGNMENT (( #458 ) ) ;
#4118 = FILL_AREA_STYLE_COLOUR ( '', #2393 ) ;
#4119 = ADVANCED_FACE ( 'NONE', ( #835 ), #1847, .F. ) ;
#4120 = MECHANICAL_DESIGN_GEOMETRIC_PRESENTATION_REPRESENTATION (  '', ( #3820 ), #4182 ) ;
#4121 = CARTESIAN_POINT ( 'NONE',  ( 5.050000000000003400, -3.665000000000000000, 2.629999999999999900 ) ) ;
#4122 = CARTESIAN_POINT ( 'NONE',  ( 5.120000000000002800, -0.2000000000000013700, 2.350000000000000500 ) ) ;
#4123 = ORIENTED_EDGE ( 'NONE', *, *, #2036, .F. ) ;
#4124 = VECTOR ( 'NONE', #2764, 1000.000000000000000 ) ;
#4125 = EDGE_LOOP ( 'NONE', ( #8213, #10222, #5798, #10811, #9323, #8449, #4057, #9188 ) ) ;
#4126 = SURFACE_STYLE_USAGE ( .BOTH. , #4234 ) ;
#4127 = ORIENTED_EDGE ( 'NONE', *, *, #7965, .T. ) ;
#4128 = EDGE_CURVE ( 'NONE', #11475, #9898, #6515, .T. ) ;
#4129 = DIRECTION ( 'NONE',  ( 1.000000000000000000, 0.0000000000000000000, -5.421010862427532000E-016 ) ) ;
#4130 =( GEOMETRIC_REPRESENTATION_CONTEXT ( 3 ) GLOBAL_UNCERTAINTY_ASSIGNED_CONTEXT ( ( #8869 ) ) GLOBAL_UNIT_ASSIGNED_CONTEXT ( ( #2793, #5336, #6552 ) ) REPRESENTATION_CONTEXT ( 'NONE', 'WORKASPACE' ) );
#4131 = DIRECTION ( 'NONE',  ( 7.553600721220374100E-017, 3.348823158252935500E-015, -1.000000000000000000 ) ) ;
#4132 = CIRCLE ( 'NONE', #7433, 0.8000000000000003800 ) ;
#4133 = LINE ( 'NONE', #6227, #7290 ) ;
#4134 = DIRECTION ( 'NONE',  ( 0.0000000000000000000, 1.000000000000000000, 0.0000000000000000000 ) ) ;
#4135 = CARTESIAN_POINT ( 'NONE',  ( -3.350000000000002800, -3.714999999999999400, -0.8749999999999998900 ) ) ;
#4136 = EDGE_LOOP ( 'NONE', ( #1626, #4220, #1539, #6932, #2387 ) ) ;
#4137 = COLOUR_RGB ( '',1.000000000000000000, 1.000000000000000000, 1.000000000000000000 ) ;
#4138 = CARTESIAN_POINT ( 'NONE',  ( -4.725000000000002300, -3.815000000000000800, 1.174999999999999600 ) ) ;
#4139 = CARTESIAN_POINT ( 'NONE',  ( -5.149656817902977600, -0.2246153923934498800, 2.343632787870422600 ) ) ;
#4140 = ORIENTED_EDGE ( 'NONE', *, *, #4779, .T. ) ;
#4141 = AXIS2_PLACEMENT_3D ( 'NONE', #5784, #3755, #302 ) ;
#4142 = AXIS2_PLACEMENT_3D ( 'NONE', #11032, #5699, #379 ) ;
#4143 = PRESENTATION_STYLE_ASSIGNMENT (( #4126 ) ) ;
#4144 = CARTESIAN_POINT ( 'NONE',  ( -4.590000000000002500, -0.2000000000000014500, 3.050000000000000700 ) ) ;
#4145 = FILL_AREA_STYLE_COLOUR ( '', #11522 ) ;
#4146 = CIRCLE ( 'NONE', #9934, 0.2999999999999999300 ) ;
#4147 = COLOUR_RGB ( '',1.000000000000000000, 1.000000000000000000, 1.000000000000000000 ) ;
#4148 = EDGE_CURVE ( 'NONE', #4726, #712, #11272, .T. ) ;
#4149 = DIRECTION ( 'NONE',  ( 1.426581805901979600E-016, 1.000000000000000000, 1.426581805901979600E-016 ) ) ;
#4150 = FILL_AREA_STYLE_COLOUR ( '', #5327 ) ;
#4151 = CARTESIAN_POINT ( 'NONE',  ( -5.170000000000002600, -4.015000000000000600, 1.124999999999999300 ) ) ;
#4152 = ORIENTED_EDGE ( 'NONE', *, *, #9630, .T. ) ;
#4153 = CARTESIAN_POINT ( 'NONE',  ( -5.120000000000001000, -0.2000000000000013700, 2.350000000000001000 ) ) ;
#4154 =( NAMED_UNIT ( * ) PLANE_ANGLE_UNIT ( ) SI_UNIT ( $, .RADIAN. ) );
#4155 = LINE ( 'NONE', #10368, #1514 ) ;
#4156 = DIRECTION ( 'NONE',  ( -1.426581805901979900E-016, -1.000000000000000000, -1.281360903504773400E-017 ) ) ;
#4157 = PRESENTATION_LAYER_ASSIGNMENT (  '', '', ( #2398 ) ) ;
#4158 = SURFACE_SIDE_STYLE ('',( #560 ) ) ;
#4159 = DIRECTION ( 'NONE',  ( -0.3399228840219241100, 0.0000000000000000000, -0.9404533124606545600 ) ) ;
#4160 =( GEOMETRIC_REPRESENTATION_CONTEXT ( 3 ) GLOBAL_UNCERTAINTY_ASSIGNED_CONTEXT ( ( #2405 ) ) GLOBAL_UNIT_ASSIGNED_CONTEXT ( ( #3583, #1821, #1830 ) ) REPRESENTATION_CONTEXT ( 'NONE', 'WORKASPACE' ) );
#4161 = LINE ( 'NONE', #121, #6481 ) ;
#4162 = EDGE_LOOP ( 'NONE', ( #11350, #3100, #8234, #11369 ) ) ;
#4163 =( NAMED_UNIT ( * ) SI_UNIT ( $, .STERADIAN. ) SOLID_ANGLE_UNIT ( ) );
#4164 = COLOUR_RGB ( '',0.5019607843137254800, 0.5019607843137254800, 0.5019607843137254800 ) ;
#4165 = DIRECTION ( 'NONE',  ( 1.426581805901979600E-016, -1.000000000000000000, -1.426581805901979400E-016 ) ) ;
#4166 = PRESENTATION_STYLE_ASSIGNMENT (( #9037 ) ) ;
#4167 =( NAMED_UNIT ( * ) PLANE_ANGLE_UNIT ( ) SI_UNIT ( $, .RADIAN. ) );
#4168 = PLANE ( 'NONE',  #6830 ) ;
#4169 = VERTEX_POINT ( 'NONE', #3676 ) ;
#4170 = DIRECTION ( 'NONE',  ( -1.079575420682579900E-017, 1.000000000000000000, 1.426581805901979600E-016 ) ) ;
#4171 = ADVANCED_FACE ( 'NONE', ( #6230 ), #5894, .F. ) ;
#4172 = EDGE_CURVE ( 'NONE', #7406, #590, #3107, .T. ) ;
#4173 = AXIS2_PLACEMENT_3D ( 'NONE', #4325, #11232, #11262 ) ;
#4174 = AXIS2_PLACEMENT_3D ( 'NONE', #3305, #9516, #4181 ) ;
#4175 = FILL_AREA_STYLE_COLOUR ( '', #5797 ) ;
#4176 = DIRECTION ( 'NONE',  ( -1.000000000000000000, -1.426581805901979400E-016, -1.927470528863119300E-016 ) ) ;
#4177 = CARTESIAN_POINT ( 'NONE',  ( -5.100000000000003200, -3.390000000000000100, 0.9249999999999997100 ) ) ;
#4178 = FACE_OUTER_BOUND ( 'NONE', #10521, .T. ) ;
#4179 = CARTESIAN_POINT ( 'NONE',  ( 5.150000000000003900, -0.2000000000000005900, -1.125000000000000000 ) ) ;
#4180 = CARTESIAN_POINT ( 'NONE',  ( 5.149999999999999500, -3.815000000000000400, -0.9250000000000009300 ) ) ;
#4181 = DIRECTION ( 'NONE',  ( 0.0000000000000000000, 0.0000000000000000000, -1.000000000000000000 ) ) ;
#4182 =( GEOMETRIC_REPRESENTATION_CONTEXT ( 3 ) GLOBAL_UNCERTAINTY_ASSIGNED_CONTEXT ( ( #3500 ) ) GLOBAL_UNIT_ASSIGNED_CONTEXT ( ( #7844, #7808, #7770 ) ) REPRESENTATION_CONTEXT ( 'NONE', 'WORKASPACE' ) );
#4183 = CIRCLE ( 'NONE', #9097, 0.1750000000000006800 ) ;
#4184 = VECTOR ( 'NONE', #9970, 1000.000000000000000 ) ;
#4185 = CARTESIAN_POINT ( 'NONE',  ( 5.120000000000002800, -0.2300000000000015400, 3.850000000000000500 ) ) ;
#4186 = ORIENTED_EDGE ( 'NONE', *, *, #3550, .F. ) ;
#4187 = DIRECTION ( 'NONE',  ( -0.0000000000000000000, -1.000000000000000000, -0.0000000000000000000 ) ) ;
#4188 = AXIS2_PLACEMENT_3D ( 'NONE', #10409, #5047, #11295 ) ;
#4189 = EDGE_LOOP ( 'NONE', ( #605, #1553, #10190, #239 ) ) ;
#4190 = CYLINDRICAL_SURFACE ( 'NONE', #6003, 0.1999999999999996500 ) ;
#4191 = DIRECTION ( 'NONE',  ( 1.000000000000000000, 1.426581805901979400E-016, 1.927470528863119300E-016 ) ) ;
#4192 = PRESENTATION_STYLE_ASSIGNMENT (( #4407 ) ) ;
#4193 = COLOUR_RGB ( '',0.5019607843137254800, 0.5019607843137254800, 0.5019607843137254800 ) ;
#4194 = COLOUR_RGB ( '',1.000000000000000000, 1.000000000000000000, 1.000000000000000000 ) ;
#4195 =( LENGTH_UNIT ( ) NAMED_UNIT ( * ) SI_UNIT ( .MILLI., .METRE. ) );
#4196 = ORIENTED_EDGE ( 'NONE', *, *, #5819, .F. ) ;
#4197 = ORIENTED_EDGE ( 'NONE', *, *, #4718, .T. ) ;
#4198 = UNCERTAINTY_MEASURE_WITH_UNIT (LENGTH_MEASURE( 1.000000000000000100E-005 ), #1049, 'distance_accuracy_value', 'NONE');
#4199 =( NAMED_UNIT ( * ) SI_UNIT ( $, .STERADIAN. ) SOLID_ANGLE_UNIT ( ) );
#4200 = EDGE_LOOP ( 'NONE', ( #4260, #6529, #6265, #9219 ) ) ;
#4201 = AXIS2_PLACEMENT_3D ( 'NONE', #3784, #10349, #2042 ) ;
#4202 = PRESENTATION_LAYER_ASSIGNMENT (  '', '', ( #4353 ) ) ;
#4203 = COLOUR_RGB ( '',0.5019607843137254800, 0.5019607843137254800, 0.5019607843137254800 ) ;
#4204 = FACE_OUTER_BOUND ( 'NONE', #5004, .T. ) ;
#4205 = FACE_OUTER_BOUND ( 'NONE', #4581, .T. ) ;
#4206 = FACE_OUTER_BOUND ( 'NONE', #4905, .T. ) ;
#4207 = ORIENTED_EDGE ( 'NONE', *, *, #8566, .T. ) ;
#4208 = EDGE_CURVE ( 'NONE', #5228, #3053, #7776, .T. ) ;
#4209 = ORIENTED_EDGE ( 'NONE', *, *, #902, .F. ) ;
#4210 = EDGE_CURVE ( 'NONE', #11157, #6343, #11450, .T. ) ;
#4211 = DIRECTION ( 'NONE',  ( 2.209081482755457800E-016, 1.426581805901979600E-016, -1.000000000000000000 ) ) ;
#4212 = CARTESIAN_POINT ( 'NONE',  ( -4.450000000000001100, -3.865000000000000200, -5.000000000000000000 ) ) ;
#4213 = ORIENTED_EDGE ( 'NONE', *, *, #2604, .T. ) ;
#4214 = VECTOR ( 'NONE', #7492, 1000.000000000000000 ) ;
#4215 = PLANE ( 'NONE',  #515 ) ;
#4216 = CIRCLE ( 'NONE', #5602, 0.1799999999999996000 ) ;
#4217 = LINE ( 'NONE', #3196, #8625 ) ;
#4218 = CARTESIAN_POINT ( 'NONE',  ( 5.169479089454178200, -4.009790894541740000, -1.072641633478905700 ) ) ;
#4219 = EDGE_LOOP ( 'NONE', ( #8678, #9544, #10212, #5326 ) ) ;
#4220 = ORIENTED_EDGE ( 'NONE', *, *, #6019, .T. ) ;
#4221 = PLANE ( 'NONE',  #361 ) ;
#4222 = MECHANICAL_DESIGN_GEOMETRIC_PRESENTATION_REPRESENTATION (  '', ( #1852 ), #4790 ) ;
#4223 = MECHANICAL_DESIGN_GEOMETRIC_PRESENTATION_REPRESENTATION (  '', ( #3067 ), #4791 ) ;
#4224 = ORIENTED_EDGE ( 'NONE', *, *, #3225, .F. ) ;
#4225 = DIRECTION ( 'NONE',  ( 2.409338161078898200E-017, -1.426581805901979400E-016, 1.000000000000000000 ) ) ;
#4226 = EDGE_CURVE ( 'NONE', #80, #1769, #695, .T. ) ;
#4227 = DIRECTION ( 'NONE',  ( 0.0000000000000000000, 0.0000000000000000000, -1.000000000000000000 ) ) ;
#4228 = PRESENTATION_STYLE_ASSIGNMENT (( #5685 ) ) ;
#4229 = UNCERTAINTY_MEASURE_WITH_UNIT (LENGTH_MEASURE( 1.000000000000000100E-005 ), #10633, 'distance_accuracy_value', 'NONE');
#4230 = ADVANCED_FACE ( 'NONE', ( #5123 ), #5864, .F. ) ;
#4231 = ORIENTED_EDGE ( 'NONE', *, *, #9750, .T. ) ;
#4232 = CARTESIAN_POINT ( 'NONE',  ( -5.400000000000003000, -3.540000000000001400, 0.7499999999999880100 ) ) ;
#4233 = ORIENTED_EDGE ( 'NONE', *, *, #3473, .F. ) ;
#4234 = SURFACE_SIDE_STYLE ('',( #9696 ) ) ;
#4235 = FACE_BOUND ( 'NONE', #4136, .T. ) ;
#4236 = STYLED_ITEM ( 'NONE', ( #10647 ), #1064 ) ;
#4237 =( NAMED_UNIT ( * ) SI_UNIT ( $, .STERADIAN. ) SOLID_ANGLE_UNIT ( ) );
#4238 = ORIENTED_EDGE ( 'NONE', *, *, #6198, .F. ) ;
#4239 = STYLED_ITEM ( 'NONE', ( #8304 ), #7988 ) ;
#4240 = FILL_AREA_STYLE_COLOUR ( '', #4617 ) ;
#4241 = CIRCLE ( 'NONE', #9846, 0.02999999999999964500 ) ;
#4242 = VERTEX_POINT ( 'NONE', #8343 ) ;
#4243 = CARTESIAN_POINT ( 'NONE',  ( -5.150000000014828500, -0.2274234051711144800, 2.341932446124357800 ) ) ;
#4244 = VECTOR ( 'NONE', #3151, 1000.000000000000000 ) ;
#4245 = FILL_AREA_STYLE_COLOUR ( '', #6369 ) ;
#4246 = SURFACE_SIDE_STYLE ('',( #2295 ) ) ;
#4247 = ORIENTED_EDGE ( 'NONE', *, *, #357, .T. ) ;
#4248 = FILL_AREA_STYLE ('',( #9263 ) ) ;
#4249 = SURFACE_STYLE_FILL_AREA ( #8774 ) ;
#4250 = VECTOR ( 'NONE', #3331, 1000.000000000000000 ) ;
#4251 = EDGE_CURVE ( 'NONE', #8743, #3814, #6661, .T. ) ;
#4252 = CARTESIAN_POINT ( 'NONE',  ( 4.590000000000002500, -0.2000000000000014800, 3.150000000000000400 ) ) ;
#4253 = VERTEX_POINT ( 'NONE', #10614 ) ;
#4254 = STYLED_ITEM ( 'NONE', ( #1317 ), #9065 ) ;
#4255 = CARTESIAN_POINT ( 'NONE',  ( 3.355000000000002200, -3.714999999999994100, 0.7500000000000015500 ) ) ;
#4256 = LINE ( 'NONE', #7506, #11064 ) ;
#4257 = LINE ( 'NONE', #5740, #2211 ) ;
#4258 = PRESENTATION_LAYER_ASSIGNMENT (  '', '', ( #4271 ) ) ;
#4259 = DIRECTION ( 'NONE',  ( 3.770802719384151000E-016, -1.000000000000000000, -1.426581805901979400E-016 ) ) ;
#4260 = ORIENTED_EDGE ( 'NONE', *, *, #2352, .T. ) ;
#4261 = DIRECTION ( 'NONE',  ( 1.000000000000000000, 0.0000000000000000000, -5.421010862427532000E-016 ) ) ;
#4262 = EDGE_LOOP ( 'NONE', ( #8905, #10297, #626, #7262 ) ) ;
#4263 = EDGE_LOOP ( 'NONE', ( #5990, #5878, #8069, #1419, #9514, #9728 ) ) ;
#4264 = SURFACE_STYLE_FILL_AREA ( #1077 ) ;
#4265 = CARTESIAN_POINT ( 'NONE',  ( -5.050000000000003400, 0.0000000000000000000, -2.625000000000000000 ) ) ;
#4266 = SURFACE_STYLE_FILL_AREA ( #1143 ) ;
#4267 = VECTOR ( 'NONE', #2798, 1000.000000000000000 ) ;
#4268 = FILL_AREA_STYLE ('',( #5432 ) ) ;
#4269 = FACE_OUTER_BOUND ( 'NONE', #524, .T. ) ;
#4270 = DIRECTION ( 'NONE',  ( 1.000000000000000000, -1.505836350674314900E-016, 0.0000000000000000000 ) ) ;
#4271 = STYLED_ITEM ( 'NONE', ( #4481 ), #1987 ) ;
#4272 = ORIENTED_EDGE ( 'NONE', *, *, #580, .T. ) ;
#4273 =( NAMED_UNIT ( * ) SI_UNIT ( $, .STERADIAN. ) SOLID_ANGLE_UNIT ( ) );
#4274 = LINE ( 'NONE', #8998, #8699 ) ;
#4275 =( NAMED_UNIT ( * ) SI_UNIT ( $, .STERADIAN. ) SOLID_ANGLE_UNIT ( ) );
#4276 = VECTOR ( 'NONE', #8787, 1000.000000000000000 ) ;
#4277 = LINE ( 'NONE', #7762, #11087 ) ;
#4278 = SURFACE_SIDE_STYLE ('',( #8522 ) ) ;
#4279 = DIRECTION ( 'NONE',  ( -1.000000000000000000, 4.755272686339936200E-017, 2.409338161078900700E-017 ) ) ;
#4280 = CARTESIAN_POINT ( 'NONE',  ( -4.690000000000003100, -1.261098316417350000E-015, 3.100000000000001000 ) ) ;
#4281 = ADVANCED_FACE ( 'NONE', ( #9045, #1989 ), #10453, .F. ) ;
#4282 = MECHANICAL_DESIGN_GEOMETRIC_PRESENTATION_REPRESENTATION (  '', ( #3126 ), #4853 ) ;
#4283 = MECHANICAL_DESIGN_GEOMETRIC_PRESENTATION_REPRESENTATION (  '', ( #3127 ), #4854 ) ;
#4284 = CARTESIAN_POINT ( 'NONE',  ( -5.400000000000003000, -0.4250000000000008800, 0.7499999999999983300 ) ) ;
#4285 = FILL_AREA_STYLE ('',( #5504 ) ) ;
#4286 = VERTEX_POINT ( 'NONE', #10566 ) ;
#4287 = DIRECTION ( 'NONE',  ( 0.0000000000000000000, -1.000000000000000000, 0.0000000000000000000 ) ) ;
#4288 = ORIENTED_EDGE ( 'NONE', *, *, #11192, .T. ) ;
#4289 = EDGE_CURVE ( 'NONE', #11014, #2955, #1109, .T. ) ;
#4290 = EDGE_CURVE ( 'NONE', #8941, #5268, #7904, .T. ) ;
#4291 = CARTESIAN_POINT ( 'NONE',  ( -4.975000000000002300, -2.136988007400397200E-015, 0.7499999999999990000 ) ) ;
#4292 = CARTESIAN_POINT ( 'NONE',  ( -4.975000000000002300, -0.4249999999999959900, -0.7500000000000015500 ) ) ;
#4293 =( NAMED_UNIT ( * ) SI_UNIT ( $, .STERADIAN. ) SOLID_ANGLE_UNIT ( ) );
#4294 = PRESENTATION_LAYER_ASSIGNMENT (  '', '', ( #4658 ) ) ;
#4295 = CARTESIAN_POINT ( 'NONE',  ( 4.590000000000002500, -1.062730287355646500E-015, 2.350000000000000500 ) ) ;
#4296 = DIRECTION ( 'NONE',  ( 1.000000000000000000, -1.426581805901979900E-016, 1.927470528863118800E-016 ) ) ;
#4297 = ORIENTED_EDGE ( 'NONE', *, *, #5403, .F. ) ;
#4298 = CARTESIAN_POINT ( 'NONE',  ( -30.33843938307981200, 43.20235632183908300, 4.336808689942017700E-016 ) ) ;
#4299 = DIRECTION ( 'NONE',  ( 1.000000000000000000, 0.0000000000000000000, 0.0000000000000000000 ) ) ;
#4300 = EDGE_CURVE ( 'NONE', #1434, #9430, #10317, .T. ) ;
#4301 = CARTESIAN_POINT ( 'NONE',  ( -5.334913704759040700, -3.999913704759038500, -1.029167737981882900 ) ) ;
#4302 = COLOUR_RGB ( '',1.000000000000000000, 1.000000000000000000, 1.000000000000000000 ) ;
#4303 = DIRECTION ( 'NONE',  ( 6.736636305648237600E-017, -1.000000000000000000, -1.426581805901979400E-016 ) ) ;
#4304 = FACE_OUTER_BOUND ( 'NONE', #5475, .T. ) ;
#4305 = DIRECTION ( 'NONE',  ( 1.000000000000000000, 1.426581805901980400E-016, 0.0000000000000000000 ) ) ;
#4306 = VERTEX_POINT ( 'NONE', #8634 ) ;
#4307 = FACE_OUTER_BOUND ( 'NONE', #7907, .T. ) ;
#4308 =( LENGTH_UNIT ( ) NAMED_UNIT ( * ) SI_UNIT ( .MILLI., .METRE. ) );
#4309 = PRESENTATION_STYLE_ASSIGNMENT (( #4490 ) ) ;
#4310 = DIRECTION ( 'NONE',  ( 0.0000000000000000000, 0.0000000000000000000, 1.000000000000000000 ) ) ;
#4311 = PRESENTATION_STYLE_ASSIGNMENT (( #8631 ) ) ;
#4312 = FILL_AREA_STYLE_COLOUR ( '', #36 ) ;
#4313 =( LENGTH_UNIT ( ) NAMED_UNIT ( * ) SI_UNIT ( .MILLI., .METRE. ) );
#4314 = EDGE_CURVE ( 'NONE', #804, #8983, #5260, .T. ) ;
#4315 = ORIENTED_EDGE ( 'NONE', *, *, #6948, .F. ) ;
#4316 = PRESENTATION_LAYER_ASSIGNMENT (  '', '', ( #9286 ) ) ;
#4317 = PRESENTATION_LAYER_ASSIGNMENT (  '', '', ( #3738 ) ) ;
#4318 =( NAMED_UNIT ( * ) PLANE_ANGLE_UNIT ( ) SI_UNIT ( $, .RADIAN. ) );
#4319 = PRESENTATION_STYLE_ASSIGNMENT (( #9899 ) ) ;
#4320 = CIRCLE ( 'NONE', #11444, 0.8000000000000003800 ) ;
#4321 = COLOUR_RGB ( '',1.000000000000000000, 1.000000000000000000, 1.000000000000000000 ) ;
#4322 = AXIS2_PLACEMENT_3D ( 'NONE', #3668, #8360, #9396 ) ;
#4323 = SURFACE_STYLE_USAGE ( .BOTH. , #9648 ) ;
#4324 = DIRECTION ( 'NONE',  ( 0.0000000000000000000, 0.0000000000000000000, 1.000000000000000000 ) ) ;
#4325 = CARTESIAN_POINT ( 'NONE',  ( -4.975000000000002300, -0.4250000000000009300, 0.7499999999999984500 ) ) ;
#4326 = UNCERTAINTY_MEASURE_WITH_UNIT (LENGTH_MEASURE( 1.000000000000000100E-005 ), #1, 'distance_accuracy_value', 'NONE');
#4327 = EDGE_LOOP ( 'NONE', ( #2310, #9932, #5597 ) ) ;
#4328 = DIRECTION ( 'NONE',  ( 1.000000000000000000, -4.755272686339933800E-017, -2.409338161078898200E-017 ) ) ;
#4329 = ORIENTED_EDGE ( 'NONE', *, *, #6891, .T. ) ;
#4330 = LINE ( 'NONE', #7163, #1998 ) ;
#4331 = CARTESIAN_POINT ( 'NONE',  ( 3.350000000000002300, -3.515000000000001000, -1.125000000000000900 ) ) ;
#4332 = VECTOR ( 'NONE', #10539, 1000.000000000000000 ) ;
#4333 = CIRCLE ( 'NONE', #3545, 0.05000000000000012800 ) ;
#4334 = CARTESIAN_POINT ( 'NONE',  ( 4.975000000000003200, -3.714999999999999400, -0.7499999999999982200 ) ) ;
#4335 = APPLICATION_PROTOCOL_DEFINITION ( 'draft international standard', 'automotive_design', 1998, #9658 ) ;
#4336 = AXIS2_PLACEMENT_3D ( 'NONE', #1916, #8074, #6317 ) ;
#4337 = ADVANCED_FACE ( 'NONE', ( #826 ), #9085, .F. ) ;
#4338 = ORIENTED_EDGE ( 'NONE', *, *, #1739, .T. ) ;
#4339 = UNCERTAINTY_MEASURE_WITH_UNIT (LENGTH_MEASURE( 1.000000000000000100E-005 ), #2555, 'distance_accuracy_value', 'NONE');
#4340 = AXIS2_PLACEMENT_3D ( 'NONE', #1526, #4165, #4129 ) ;
#4341 = DIRECTION ( 'NONE',  ( 0.0000000000000000000, 0.0000000000000000000, -1.000000000000000000 ) ) ;
#4342 = DIRECTION ( 'NONE',  ( 3.526005099788157400E-016, -1.000000000000000000, -1.426581805901978900E-016 ) ) ;
#4343 = VERTEX_POINT ( 'NONE', #8921 ) ;
#4344 =( LENGTH_UNIT ( ) NAMED_UNIT ( * ) SI_UNIT ( .MILLI., .METRE. ) );
#4345 = DIRECTION ( 'NONE',  ( -1.426581805901979600E-016, 1.000000000000000000, 1.426581805901979400E-016 ) ) ;
#4346 = SURFACE_STYLE_FILL_AREA ( #11103 ) ;
#4347 = CYLINDRICAL_SURFACE ( 'NONE', #2021, 0.8000000000000003800 ) ;
#4348 = ORIENTED_EDGE ( 'NONE', *, *, #2008, .T. ) ;
#4349 = ORIENTED_EDGE ( 'NONE', *, *, #10830, .T. ) ;
#4350 = ORIENTED_EDGE ( 'NONE', *, *, #4458, .T. ) ;
#4351 = AXIS2_PLACEMENT_3D ( 'NONE', #3444, #1690, #2801 ) ;
#4352 = AXIS2_PLACEMENT_3D ( 'NONE', #9851, #9175, #6029 ) ;
#4353 = STYLED_ITEM ( 'NONE', ( #3975 ), #3152 ) ;
#4354 = VERTEX_POINT ( 'NONE', #11257 ) ;
#4355 = CARTESIAN_POINT ( 'NONE',  ( 4.350000000000003200, -4.015000000000000600, 1.124999999999999100 ) ) ;
#4356 = EDGE_CURVE ( 'NONE', #3945, #5470, #11256, .T. ) ;
#4357 = EDGE_CURVE ( 'NONE', #10795, #9004, #2130, .T. ) ;
#4358 = SURFACE_STYLE_USAGE ( .BOTH. , #3412 ) ;
#4359 = CARTESIAN_POINT ( 'NONE',  ( -5.150000000000002100, -0.2300000000000013100, 2.340000000000000700 ) ) ;
#4360 = SURFACE_SIDE_STYLE ('',( #8039 ) ) ;
#4361 = CARTESIAN_POINT ( 'NONE',  ( -5.350000000000002300, -0.2000000000000012000, 1.125000000000000000 ) ) ;
#4362 = FILL_AREA_STYLE ('',( #2613 ) ) ;
#4363 =( LENGTH_UNIT ( ) NAMED_UNIT ( * ) SI_UNIT ( .MILLI., .METRE. ) );
#4364 = STYLED_ITEM ( 'NONE', ( #5569 ), #7301 ) ;
#4365 = STYLED_ITEM ( 'NONE', ( #2262 ), #11327 ) ;
#4366 = ORIENTED_EDGE ( 'NONE', *, *, #6019, .F. ) ;
#4367 = EDGE_CURVE ( 'NONE', #7535, #736, #6792, .T. ) ;
#4368 = FACE_OUTER_BOUND ( 'NONE', #7132, .T. ) ;
#4369 = EDGE_CURVE ( 'NONE', #4000, #8279, #6500, .T. ) ;
#4370 = DIRECTION ( 'NONE',  ( 0.3233808333817789200, -0.3233808333817768100, -0.8892972917998871500 ) ) ;
#4371 = ORIENTED_EDGE ( 'NONE', *, *, #42, .F. ) ;
#4372 = LINE ( 'NONE', #9038, #6717 ) ;
#4373 = SURFACE_STYLE_USAGE ( .BOTH. , #431 ) ;
#4374 = CARTESIAN_POINT ( 'NONE',  ( -5.350000000000001400, -3.834999918295677500, -1.098821942543506400 ) ) ;
#4375 = DIRECTION ( 'NONE',  ( -1.000000000000000000, 9.827563551769197900E-017, -3.504491870660224700E-017 ) ) ;
#4376 =( NAMED_UNIT ( * ) PLANE_ANGLE_UNIT ( ) SI_UNIT ( $, .RADIAN. ) );
#4377 = CYLINDRICAL_SURFACE ( 'NONE', #7566, 0.2000000000000000900 ) ;
#4378 = EDGE_CURVE ( 'NONE', #2847, #2972, #4444, .T. ) ;
#4379 =( GEOMETRIC_REPRESENTATION_CONTEXT ( 3 ) GLOBAL_UNCERTAINTY_ASSIGNED_CONTEXT ( ( #10049 ) ) GLOBAL_UNIT_ASSIGNED_CONTEXT ( ( #7723, #5567, #5055 ) ) REPRESENTATION_CONTEXT ( 'NONE', 'WORKASPACE' ) );
#4380 = EDGE_CURVE ( 'NONE', #867, #9358, #1832, .T. ) ;
#4381 = DIRECTION ( 'NONE',  ( -2.932732883558709500E-017, -0.7249994335944138800, 0.6887494619146930000 ) ) ;
#4382 = STYLED_ITEM ( 'NONE', ( #11371 ), #8170 ) ;
#4383 =( NAMED_UNIT ( * ) PLANE_ANGLE_UNIT ( ) SI_UNIT ( $, .RADIAN. ) );
#4384 = ORIENTED_EDGE ( 'NONE', *, *, #9254, .T. ) ;
#4385 = UNCERTAINTY_MEASURE_WITH_UNIT (LENGTH_MEASURE( 1.000000000000000100E-005 ), #4195, 'distance_accuracy_value', 'NONE');
#4386 = VERTEX_POINT ( 'NONE', #7896 ) ;
#4387 =( NAMED_UNIT ( * ) PLANE_ANGLE_UNIT ( ) SI_UNIT ( $, .RADIAN. ) );
#4388 = VERTEX_POINT ( 'NONE', #7819 ) ;
#4389 = DIRECTION ( 'NONE',  ( 0.0000000000000000000, 0.0000000000000000000, 1.000000000000000000 ) ) ;
#4390 = CARTESIAN_POINT ( 'NONE',  ( -4.590000000000001600, -0.2000000000000005400, -3.150000000000000400 ) ) ;
#4391 = CIRCLE ( 'NONE', #11460, 0.03000000000000007900 ) ;
#4392 = CARTESIAN_POINT ( 'NONE',  ( 4.090000000000004300, -0.2000000000000005400, -3.100000000000001000 ) ) ;
#4393 =( LENGTH_UNIT ( ) NAMED_UNIT ( * ) SI_UNIT ( .MILLI., .METRE. ) );
#4394 = EDGE_LOOP ( 'NONE', ( #1184, #2283, #2452, #1722 ) ) ;
#4395 = ORIENTED_EDGE ( 'NONE', *, *, #1234, .T. ) ;
#4396 = CARTESIAN_POINT ( 'NONE',  ( 2.950000000000002800, -3.665000000000000900, 3.899999999999999900 ) ) ;
#4397 = TOROIDAL_SURFACE ( 'NONE', #4173, 0.3000000000000002700, 0.1250000000000000000 ) ;
#4398 = STYLED_ITEM ( 'NONE', ( #4081 ), #9241 ) ;
#4399 = UNCERTAINTY_MEASURE_WITH_UNIT (LENGTH_MEASURE( 1.000000000000000100E-005 ), #3381, 'distance_accuracy_value', 'NONE');
#4400 = FILL_AREA_STYLE_COLOUR ( '', #4147 ) ;
#4401 = EDGE_LOOP ( 'NONE', ( #8995, #4692, #5808, #5723, #11496, #11457, #3447 ) ) ;
#4402 = MECHANICAL_DESIGN_GEOMETRIC_PRESENTATION_REPRESENTATION (  '', ( #3600 ), #4466 ) ;
#4403 = LINE ( 'NONE', #2242, #10940 ) ;
#4404 = CIRCLE ( 'NONE', #6288, 0.1750000000000006800 ) ;
#4405 = CARTESIAN_POINT ( 'NONE',  ( 5.120000000000002800, -0.2000000000000007000, -2.350000000000001000 ) ) ;
#4406 = VERTEX_POINT ( 'NONE', #7855 ) ;
#4407 = SURFACE_STYLE_USAGE ( .BOTH. , #9742 ) ;
#4408 = SURFACE_STYLE_USAGE ( .BOTH. , #4522 ) ;
#4409 = ORIENTED_EDGE ( 'NONE', *, *, #8815, .T. ) ;
#4410 = STYLED_ITEM ( 'NONE', ( #5559 ), #4897 ) ;
#4411 = CARTESIAN_POINT ( 'NONE',  ( -5.267157287525383100, -0.2828427124746204500, 0.9249999999999997100 ) ) ;
#4412 = AXIS2_PLACEMENT_3D ( 'NONE', #10221, #4850, #3160 ) ;
#4413 = SURFACE_STYLE_FILL_AREA ( #3674 ) ;
#4414 = EDGE_CURVE ( 'NONE', #1884, #2796, #8593, .T. ) ;
#4415 =( LENGTH_UNIT ( ) NAMED_UNIT ( * ) SI_UNIT ( .MILLI., .METRE. ) );
#4416 =( NAMED_UNIT ( * ) PLANE_ANGLE_UNIT ( ) SI_UNIT ( $, .RADIAN. ) );
#4417 =( LENGTH_UNIT ( ) NAMED_UNIT ( * ) SI_UNIT ( .MILLI., .METRE. ) );
#4418 = FILL_AREA_STYLE_COLOUR ( '', #2877 ) ;
#4419 = ORIENTED_EDGE ( 'NONE', *, *, #2849, .F. ) ;
#4420 = UNCERTAINTY_MEASURE_WITH_UNIT (LENGTH_MEASURE( 1.000000000000000100E-005 ), #4393, 'distance_accuracy_value', 'NONE');
#4421 = MANIFOLD_SOLID_BREP ( '組み合わせ1', #8232 ) ;
#4422 = AXIS2_PLACEMENT_3D ( 'NONE', #4822, #4296, #4227 ) ;
#4423 =( GEOMETRIC_REPRESENTATION_CONTEXT ( 3 ) GLOBAL_UNCERTAINTY_ASSIGNED_CONTEXT ( ( #577 ) ) GLOBAL_UNIT_ASSIGNED_CONTEXT ( ( #3406, #9594, #4273 ) ) REPRESENTATION_CONTEXT ( 'NONE', 'WORKASPACE' ) );
#4424 = DIRECTION ( 'NONE',  ( 1.000000000000000000, 1.426581805901979400E-016, 2.209081482755458100E-016 ) ) ;
#4425 = FILL_AREA_STYLE_COLOUR ( '', #6648 ) ;
#4426 = CIRCLE ( 'NONE', #2251, 0.8000000000000003800 ) ;
#4427 = EDGE_CURVE ( 'NONE', #11200, #2371, #9879, .T. ) ;
#4428 = DIRECTION ( 'NONE',  ( 1.000000000000000000, 1.426581805901975000E-016, 2.200962968769372400E-016 ) ) ;
#4429 = ORIENTED_EDGE ( 'NONE', *, *, #189, .F. ) ;
#4430 = CARTESIAN_POINT ( 'NONE',  ( -3.790000000000002300, -3.951631602348482000E-016, -2.350000000000000500 ) ) ;
#4431 = SURFACE_STYLE_FILL_AREA ( #5867 ) ;
#4432 = ORIENTED_EDGE ( 'NONE', *, *, #1965, .T. ) ;
#4433 = LINE ( 'NONE', #2872, #6490 ) ;
#4434 = SURFACE_STYLE_FILL_AREA ( #8709 ) ;
#4435 = VECTOR ( 'NONE', #10903, 1000.000000000000000 ) ;
#4436 = CARTESIAN_POINT ( 'NONE',  ( 4.802287581699348000, -3.417287581699347300, -1.943790849673202400 ) ) ;
#4437 = ORIENTED_EDGE ( 'NONE', *, *, #5549, .T. ) ;
#4438 = CARTESIAN_POINT ( 'NONE',  ( 5.350000000000004100, -0.2000000000000008700, -1.007842712474619000 ) ) ;
#4439 = DIRECTION ( 'NONE',  ( -1.426581805901979900E-016, 1.000000000000000000, 2.725027521453481900E-016 ) ) ;
#4440 = LINE ( 'NONE', #2237, #2127 ) ;
#4441 = EDGE_CURVE ( 'NONE', #2561, #7406, #3097, .T. ) ;
#4442 = LINE ( 'NONE', #7338, #8880 ) ;
#4443 = AXIS2_PLACEMENT_3D ( 'NONE', #1522, #1479, #604 ) ;
#4444 = CIRCLE ( 'NONE', #9853, 0.04999999999999969700 ) ;
#4445 = CARTESIAN_POINT ( 'NONE',  ( -5.146561278304949900, -0.2156799629227128500, -2.347558722463239700 ) ) ;
#4446 = ORIENTED_EDGE ( 'NONE', *, *, #7832, .F. ) ;
#4447 = EDGE_LOOP ( 'NONE', ( #5702, #1567, #3831, #10090 ) ) ;
#4448 = EDGE_LOOP ( 'NONE', ( #6240, #4004, #7440, #759 ) ) ;
#4449 = DIRECTION ( 'NONE',  ( 1.426581805901979600E-016, 1.000000000000000000, 1.426581805901979900E-016 ) ) ;
#4450 = ADVANCED_FACE ( 'NONE', ( #5111 ), #6358, .F. ) ;
#4451 = DIRECTION ( 'NONE',  ( 1.000000000000000000, 3.348823158252935100E-015, 2.014244061478019600E-016 ) ) ;
#4452 = LINE ( 'NONE', #2733, #958 ) ;
#4453 = LINE ( 'NONE', #8012, #9195 ) ;
#4454 = DIRECTION ( 'NONE',  ( -1.000000000000000000, 6.736636305648240100E-017, -1.927470528863118800E-016 ) ) ;
#4455 = DIRECTION ( 'NONE',  ( 1.000000000000000000, 0.0000000000000000000, 0.0000000000000000000 ) ) ;
#4456 = VERTEX_POINT ( 'NONE', #6331 ) ;
#4457 =( NAMED_UNIT ( * ) PLANE_ANGLE_UNIT ( ) SI_UNIT ( $, .RADIAN. ) );
#4458 = EDGE_CURVE ( 'NONE', #6800, #10635, #8731, .T. ) ;
#4459 = ORIENTED_EDGE ( 'NONE', *, *, #6726, .T. ) ;
#4460 = MECHANICAL_DESIGN_GEOMETRIC_PRESENTATION_REPRESENTATION (  '', ( #3304 ), #5038 ) ;
#4461 = CARTESIAN_POINT ( 'NONE',  ( 3.350000000000003200, -3.765000000000000100, 1.174999999999999400 ) ) ;
#4462 = ORIENTED_EDGE ( 'NONE', *, *, #8589, .F. ) ;
#4463 = DIRECTION ( 'NONE',  ( 0.0000000000000000000, 0.0000000000000000000, -1.000000000000000000 ) ) ;
#4464 = CIRCLE ( 'NONE', #4476, 0.04999999999999969700 ) ;
#4465 = CARTESIAN_POINT ( 'NONE',  ( 5.249999999999999100, -3.865000000000000200, -4.200000000000000200 ) ) ;
#4466 =( GEOMETRIC_REPRESENTATION_CONTEXT ( 3 ) GLOBAL_UNCERTAINTY_ASSIGNED_CONTEXT ( ( #2379 ) ) GLOBAL_UNIT_ASSIGNED_CONTEXT ( ( #2515, #10721, #4199 ) ) REPRESENTATION_CONTEXT ( 'NONE', 'WORKASPACE' ) );
#4467 = FACE_OUTER_BOUND ( 'NONE', #5404, .T. ) ;
#4468 = VECTOR ( 'NONE', #6429, 1000.000000000000000 ) ;
#4469 = CARTESIAN_POINT ( 'NONE',  ( 4.975000000000003200, -3.539999999999998700, -0.7499999999999982200 ) ) ;
#4470 = FILL_AREA_STYLE ('',( #3597 ) ) ;
#4471 = ORIENTED_EDGE ( 'NONE', *, *, #1756, .F. ) ;
#4472 =( NAMED_UNIT ( * ) SI_UNIT ( $, .STERADIAN. ) SOLID_ANGLE_UNIT ( ) );
#4473 = LINE ( 'NONE', #1805, #2169 ) ;
#4474 = EDGE_LOOP ( 'NONE', ( #6076, #4934, #9674, #1581 ) ) ;
#4475 = EDGE_CURVE ( 'NONE', #2891, #11291, #11112, .T. ) ;
#4476 = AXIS2_PLACEMENT_3D ( 'NONE', #9381, #10681, #309 ) ;
#4477 = DIRECTION ( 'NONE',  ( -2.409338161078898200E-017, 1.426581805901979900E-016, -1.000000000000000000 ) ) ;
#4478 = FILL_AREA_STYLE_COLOUR ( '', #2372 ) ;
#4479 = CARTESIAN_POINT ( 'NONE',  ( 5.100000000000003200, -1.870000000000001000, 1.125000000000000200 ) ) ;
#4480 = ORIENTED_EDGE ( 'NONE', *, *, #7466, .T. ) ;
#4481 = PRESENTATION_STYLE_ASSIGNMENT (( #10151 ) ) ;
#4482 = CARTESIAN_POINT ( 'NONE',  ( 4.390000000000004100, -4.194150509351816600E-016, -3.100000000000001000 ) ) ;
#4483 =( LENGTH_UNIT ( ) NAMED_UNIT ( * ) SI_UNIT ( .MILLI., .METRE. ) );
#4484 = DIRECTION ( 'NONE',  ( 1.000000000000000000, -1.426581805901982300E-016, 2.200962968769371900E-016 ) ) ;
#4485 = VERTEX_POINT ( 'NONE', #5923 ) ;
#4486 = AXIS2_PLACEMENT_3D ( 'NONE', #4390, #5545, #11516 ) ;
#4487 = PRESENTATION_LAYER_ASSIGNMENT (  '', '', ( #3933 ) ) ;
#4489 = PRESENTATION_LAYER_ASSIGNMENT (  '', '', ( #5333 ) ) ;
#4488 =( GEOMETRIC_REPRESENTATION_CONTEXT ( 3 ) GLOBAL_UNCERTAINTY_ASSIGNED_CONTEXT ( ( #2893 ) ) GLOBAL_UNIT_ASSIGNED_CONTEXT ( ( #16, #6220, #912 ) ) REPRESENTATION_CONTEXT ( 'NONE', 'WORKASPACE' ) );
#4490 = SURFACE_STYLE_USAGE ( .BOTH. , #4576 ) ;
#4491 = SURFACE_STYLE_USAGE ( .BOTH. , #9005 ) ;
#4492 = PRESENTATION_STYLE_ASSIGNMENT (( #5852 ) ) ;
#4493 = DIRECTION ( 'NONE',  ( 0.0000000000000000000, 0.0000000000000000000, -1.000000000000000000 ) ) ;
#4494 = EDGE_CURVE ( 'NONE', #8356, #4758, #8443, .T. ) ;
#4495 = LINE ( 'NONE', #7537, #6560 ) ;
#4496 =( LENGTH_UNIT ( ) NAMED_UNIT ( * ) SI_UNIT ( .MILLI., .METRE. ) );
#4497 = ORIENTED_EDGE ( 'NONE', *, *, #2816, .F. ) ;
#4498 = EDGE_CURVE ( 'NONE', #3308, #9368, #10838, .T. ) ;
#4499 = DIRECTION ( 'NONE',  ( -2.409338161078898200E-017, 1.426581805901979900E-016, -1.000000000000000000 ) ) ;
#4500 = FACE_BOUND ( 'NONE', #5502, .T. ) ;
#4501 = CARTESIAN_POINT ( 'NONE',  ( -3.355000000000002200, -3.964999999999996300, 0.7499999999999870100 ) ) ;
#4502 = DIRECTION ( 'NONE',  ( 1.000000000000000000, 4.755272686339936200E-017, -2.409338161078900700E-017 ) ) ;
#4503 = ORIENTED_EDGE ( 'NONE', *, *, #9510, .T. ) ;
#4504 =( LENGTH_UNIT ( ) NAMED_UNIT ( * ) SI_UNIT ( .MILLI., .METRE. ) );
#4505 = AXIS2_PLACEMENT_3D ( 'NONE', #8367, #8322, #8240 ) ;
#4506 = CARTESIAN_POINT ( 'NONE',  ( 5.249999999999999100, 0.0000000000000000000, 5.000000000000000000 ) ) ;
#4507 = SURFACE_STYLE_FILL_AREA ( #5728 ) ;
#4508 =( NAMED_UNIT ( * ) SI_UNIT ( $, .STERADIAN. ) SOLID_ANGLE_UNIT ( ) );
#4509 = VERTEX_POINT ( 'NONE', #5496 ) ;
#4510 = CARTESIAN_POINT ( 'NONE',  ( 3.350000000000004100, -3.815000000000000800, 3.850000000000000100 ) ) ;
#4511 =( GEOMETRIC_REPRESENTATION_CONTEXT ( 3 ) GLOBAL_UNCERTAINTY_ASSIGNED_CONTEXT ( ( #9666 ) ) GLOBAL_UNIT_ASSIGNED_CONTEXT ( ( #6988, #6947, #6867 ) ) REPRESENTATION_CONTEXT ( 'NONE', 'WORKASPACE' ) );
#4512 = PRODUCT_DEFINITION_FORMATION_WITH_SPECIFIED_SOURCE ( 'ANY', '', #1589, .NOT_KNOWN. ) ;
#4513 = ADVANCED_FACE ( 'NONE', ( #10565 ), #7247, .T. ) ;
#4514 = MECHANICAL_DESIGN_GEOMETRIC_PRESENTATION_REPRESENTATION (  '', ( #5717 ), #7233 ) ;
#4515 = ORIENTED_EDGE ( 'NONE', *, *, #10623, .F. ) ;
#4516 = ORIENTED_EDGE ( 'NONE', *, *, #8976, .F. ) ;
#4517 = VECTOR ( 'NONE', #5447, 1000.000000000000000 ) ;
#4518 = PLANE ( 'NONE',  #8503 ) ;
#4519 = CARTESIAN_POINT ( 'NONE',  ( 5.123346935909159700, -0.2000000000000007300, -2.350000000000001000 ) ) ;
#4520 = ORIENTED_EDGE ( 'NONE', *, *, #2039, .T. ) ;
#4521 = CARTESIAN_POINT ( 'NONE',  ( -5.250000000000000900, -3.865000000000000200, 5.000000000000000000 ) ) ;
#4522 = SURFACE_SIDE_STYLE ('',( #7602 ) ) ;
#4523 = DIRECTION ( 'NONE',  ( -1.000000000000000000, 1.426581805901979900E-016, -2.209081482755457600E-016 ) ) ;
#4524 = ADVANCED_FACE ( 'NONE', ( #2947 ), #4092, .F. ) ;
#4525 = FACE_OUTER_BOUND ( 'NONE', #8267, .T. ) ;
#4526 =( NAMED_UNIT ( * ) SI_UNIT ( $, .STERADIAN. ) SOLID_ANGLE_UNIT ( ) );
#4527 = CARTESIAN_POINT ( 'NONE',  ( -5.050000000000002500, -3.390000000000000100, 0.8749999999999998900 ) ) ;
#4528 = ORIENTED_EDGE ( 'NONE', *, *, #3660, .F. ) ;
#4530 = PRESENTATION_STYLE_ASSIGNMENT (( #8937 ) ) ;
#4529 = UNCERTAINTY_MEASURE_WITH_UNIT (LENGTH_MEASURE( 1.000000000000000100E-005 ), #1315, 'distance_accuracy_value', 'NONE');
#4531 = ORIENTED_EDGE ( 'NONE', *, *, #9046, .F. ) ;
#4532 = EDGE_CURVE ( 'NONE', #1482, #1114, #8784, .T. ) ;
#4533 = SURFACE_STYLE_USAGE ( .BOTH. , #9864 ) ;
#4535 = EDGE_CURVE ( 'NONE', #3286, #4014, #6405, .T. ) ;
#4534 = FACE_OUTER_BOUND ( 'NONE', #5704, .T. ) ;
#4536 = ORIENTED_EDGE ( 'NONE', *, *, #5528, .T. ) ;
#4537 = SURFACE_STYLE_USAGE ( .BOTH. , #9865 ) ;
#4538 = MECHANICAL_DESIGN_GEOMETRIC_PRESENTATION_REPRESENTATION (  '', ( #3376 ), #5103 ) ;
#4539 = CIRCLE ( 'NONE', #2808, 0.03000000000000007900 ) ;
#4540 = CARTESIAN_POINT ( 'NONE',  ( -5.170000000000003500, -3.835000000000000900, 3.650000000000000800 ) ) ;
#4541 = DIRECTION ( 'NONE',  ( 1.000000000000000000, -4.755272686339941200E-017, 4.095874873834128400E-016 ) ) ;
#4542 = SURFACE_STYLE_FILL_AREA ( #1952 ) ;
#4543 = CARTESIAN_POINT ( 'NONE',  ( -4.590000000000001600, -2.724000123972292200E-016, -3.150000000000000400 ) ) ;
#4544 = VECTOR ( 'NONE', #7954, 1000.000000000000000 ) ;
#4545 = UNCERTAINTY_MEASURE_WITH_UNIT (LENGTH_MEASURE( 1.000000000000000100E-005 ), #7082, 'distance_accuracy_value', 'NONE');
#4546 = DIRECTION ( 'NONE',  ( 0.0000000000000000000, 0.0000000000000000000, -1.000000000000000000 ) ) ;
#4547 = ORIENTED_EDGE ( 'NONE', *, *, #2388, .T. ) ;
#4548 = SURFACE_SIDE_STYLE ('',( #6128 ) ) ;
#4549 = CIRCLE ( 'NONE', #11106, 0.4250000000000000400 ) ;
#4550 =( NAMED_UNIT ( * ) SI_UNIT ( $, .STERADIAN. ) SOLID_ANGLE_UNIT ( ) );
#4551 = DIRECTION ( 'NONE',  ( 1.000000000000000000, -0.0000000000000000000, -0.0000000000000000000 ) ) ;
#4552 = PRESENTATION_LAYER_ASSIGNMENT (  '', '', ( #2797 ) ) ;
#4553 = FILL_AREA_STYLE_COLOUR ( '', #8690 ) ;
#4554 = FILL_AREA_STYLE_COLOUR ( '', #8539 ) ;
#4555 = AXIS2_PLACEMENT_3D ( 'NONE', #6724, #334, #11389 ) ;
#4556 = ORIENTED_EDGE ( 'NONE', *, *, #8978, .T. ) ;
#4557 = COLOUR_RGB ( '',1.000000000000000000, 1.000000000000000000, 1.000000000000000000 ) ;
#4558 =( NAMED_UNIT ( * ) PLANE_ANGLE_UNIT ( ) SI_UNIT ( $, .RADIAN. ) );
#4559 = LINE ( 'NONE', #4852, #9291 ) ;
#4560 =( LENGTH_UNIT ( ) NAMED_UNIT ( * ) SI_UNIT ( .MILLI., .METRE. ) );
#4561 = DIRECTION ( 'NONE',  ( 3.526005099788156900E-016, -1.000000000000000000, -1.426581805901978900E-016 ) ) ;
#4562 = FACE_OUTER_BOUND ( 'NONE', #8203, .T. ) ;
#4563 = AXIS2_PLACEMENT_3D ( 'NONE', #4049, #7068, #289 ) ;
#4564 = CARTESIAN_POINT ( 'NONE',  ( 5.324760918462775500, -3.832476091846277900, 1.024284993575055500 ) ) ;
#4565 = STYLED_ITEM ( 'NONE', ( #6313 ), #5995 ) ;
#4566 = AXIS2_PLACEMENT_3D ( 'NONE', #7979, #2720, #8885 ) ;
#4567 = DIRECTION ( 'NONE',  ( 0.0000000000000000000, 0.0000000000000000000, -1.000000000000000000 ) ) ;
#4568 = ORIENTED_EDGE ( 'NONE', *, *, #8164, .F. ) ;
#4569 = UNCERTAINTY_MEASURE_WITH_UNIT (LENGTH_MEASURE( 1.000000000000000100E-005 ), #6491, 'distance_accuracy_value', 'NONE');
#4570 = FACE_OUTER_BOUND ( 'NONE', #4885, .T. ) ;
#4571 = DIRECTION ( 'NONE',  ( 1.426581805901979600E-016, 1.000000000000000000, 1.426581805901979900E-016 ) ) ;
#4572 = DIRECTION ( 'NONE',  ( 0.0000000000000000000, 0.0000000000000000000, 1.000000000000000000 ) ) ;
#4573 = LINE ( 'NONE', #10547, #3618 ) ;
#4574 =( LENGTH_UNIT ( ) NAMED_UNIT ( * ) SI_UNIT ( .MILLI., .METRE. ) );
#4575 = ADVANCED_FACE ( 'NONE', ( #10888 ), #3440, .F. ) ;
#4576 = SURFACE_SIDE_STYLE ('',( #536 ) ) ;
#4577 = LINE ( 'NONE', #6492, #6911 ) ;
#4578 = SURFACE_SIDE_STYLE ('',( #1468 ) ) ;
#4579 = VECTOR ( 'NONE', #8355, 1000.000000000000000 ) ;
#4580 = DIRECTION ( 'NONE',  ( 1.426581805901979600E-016, 1.000000000000000000, 1.426581805901979900E-016 ) ) ;
#4581 = EDGE_LOOP ( 'NONE', ( #7700, #320, #4988, #1284 ) ) ;
#4582 = PRESENTATION_STYLE_ASSIGNMENT (( #141 ) ) ;
#4583 = DIRECTION ( 'NONE',  ( -2.209081482755457800E-016, -1.426581805901979600E-016, 1.000000000000000000 ) ) ;
#4584 = MECHANICAL_DESIGN_GEOMETRIC_PRESENTATION_REPRESENTATION (  '', ( #2828 ), #5152 ) ;
#4585 = MECHANICAL_DESIGN_GEOMETRIC_PRESENTATION_REPRESENTATION (  '', ( #3420 ), #5153 ) ;
#4586 = LINE ( 'NONE', #2831, #9318 ) ;
#4587 = CARTESIAN_POINT ( 'NONE',  ( 4.090000000000003400, -4.016000000000000900, 3.100000000000001000 ) ) ;
#4588 = ADVANCED_FACE ( 'NONE', ( #3273 ), #3620, .F. ) ;
#4589 =( NAMED_UNIT ( * ) SI_UNIT ( $, .STERADIAN. ) SOLID_ANGLE_UNIT ( ) );
#4590 = EDGE_CURVE ( 'NONE', #8983, #8081, #9216, .T. ) ;
#4591 = DIRECTION ( 'NONE',  ( 0.3417430630867060400, 0.0000000000000000000, -0.9397934234884364200 ) ) ;
#4592 = VERTEX_POINT ( 'NONE', #1844 ) ;
#4593 = EDGE_CURVE ( 'NONE', #7791, #5200, #4473, .T. ) ;
#4594 = SURFACE_STYLE_USAGE ( .BOTH. , #9925 ) ;
#4595 = DIRECTION ( 'NONE',  ( 1.426581805901979900E-016, 1.000000000000000000, 1.281360903504773400E-017 ) ) ;
#4596 = ORIENTED_EDGE ( 'NONE', *, *, #3880, .F. ) ;
#4597 =( LENGTH_UNIT ( ) NAMED_UNIT ( * ) SI_UNIT ( .MILLI., .METRE. ) );
#4598 = VECTOR ( 'NONE', #7547, 1000.000000000000000 ) ;
#4599 = LINE ( 'NONE', #4521, #9043 ) ;
#4600 =( LENGTH_UNIT ( ) NAMED_UNIT ( * ) SI_UNIT ( .MILLI., .METRE. ) );
#4601 = FILL_AREA_STYLE_COLOUR ( '', #1252 ) ;
#4602 = MECHANICAL_DESIGN_GEOMETRIC_PRESENTATION_REPRESENTATION (  '', ( #5087 ), #3807 ) ;
#4603 = ORIENTED_EDGE ( 'NONE', *, *, #6414, .T. ) ;
#4604 = DIRECTION ( 'NONE',  ( 0.0000000000000000000, 0.0000000000000000000, -1.000000000000000000 ) ) ;
#4605 = ORIENTED_EDGE ( 'NONE', *, *, #2934, .F. ) ;
#4606 = PRESENTATION_LAYER_ASSIGNMENT (  '', '', ( #3502 ) ) ;
#4607 = CIRCLE ( 'NONE', #5874, 0.2000000000000000900 ) ;
#4608 = SURFACE_STYLE_FILL_AREA ( #1599 ) ;
#4609 = VECTOR ( 'NONE', #6469, 1000.000000000000000 ) ;
#4610 = ORIENTED_EDGE ( 'NONE', *, *, #2471, .T. ) ;
#4611 = CARTESIAN_POINT ( 'NONE',  ( 0.0000000000000000000, 0.0000000000000000000, 0.0000000000000000000 ) ) ;
#4612 =( NAMED_UNIT ( * ) SI_UNIT ( $, .STERADIAN. ) SOLID_ANGLE_UNIT ( ) );
#4613 = ORIENTED_EDGE ( 'NONE', *, *, #11205, .F. ) ;
#4614 = CARTESIAN_POINT ( 'NONE',  ( -5.120000000000001900, -0.2300000000000015400, 3.850000000000000500 ) ) ;
#4615 = AXIS2_PLACEMENT_3D ( 'NONE', #3119, #8169, #5105 ) ;
#4616 = DIRECTION ( 'NONE',  ( 0.0000000000000000000, 0.0000000000000000000, -1.000000000000000000 ) ) ;
#4617 = COLOUR_RGB ( '',1.000000000000000000, 1.000000000000000000, 1.000000000000000000 ) ;
#4618 = EDGE_CURVE ( 'NONE', #8072, #6635, #6, .T. ) ;
#4619 = ORIENTED_EDGE ( 'NONE', *, *, #979, .T. ) ;
#4620 = ORIENTED_EDGE ( 'NONE', *, *, #3594, .T. ) ;
#4621 = DIRECTION ( 'NONE',  ( 7.228014483236697000E-017, 1.426581805901979400E-016, -1.000000000000000000 ) ) ;
#4622 = AXIS2_PLACEMENT_3D ( 'NONE', #2739, #6247, #932 ) ;
#4623 = DIRECTION ( 'NONE',  ( 1.079575420682579900E-017, 1.000000000000000000, 1.426581805901979600E-016 ) ) ;
#4624 = CARTESIAN_POINT ( 'NONE',  ( -4.975000000000002300, -0.4250000000000009300, 0.7499999999999984500 ) ) ;
#4625 =( GEOMETRIC_REPRESENTATION_CONTEXT ( 3 ) GLOBAL_UNCERTAINTY_ASSIGNED_CONTEXT ( ( #7825 ) ) GLOBAL_UNIT_ASSIGNED_CONTEXT ( ( #4504, #3696, #10880 ) ) REPRESENTATION_CONTEXT ( 'NONE', 'WORKASPACE' ) );
#4626 = ORIENTED_EDGE ( 'NONE', *, *, #4414, .T. ) ;
#4627 = CARTESIAN_POINT ( 'NONE',  ( 5.100000000000004100, -5.264166481399131600, -0.8750000000000013300 ) ) ;
#4628 = PLANE ( 'NONE',  #7894 ) ;
#4629 = CARTESIAN_POINT ( 'NONE',  ( 5.350000000000005000, -0.2000000000000013700, 2.250000000000000900 ) ) ;
#4630 = CARTESIAN_POINT ( 'NONE',  ( 3.790000000000004000, -3.951631602348480000E-016, -2.350000000000001400 ) ) ;
#4631 = VERTEX_POINT ( 'NONE', #2050 ) ;
#4632 = ADVANCED_FACE ( 'NONE', ( #6824 ), #1245, .T. ) ;
#4633 = CARTESIAN_POINT ( 'NONE',  ( -5.050000000000003400, -3.865000000000000200, -2.625000000000000000 ) ) ;
#4634 = SURFACE_STYLE_USAGE ( .BOTH. , #4672 ) ;
#4635 = FILL_AREA_STYLE ('',( #4601 ) ) ;
#4636 = DIRECTION ( 'NONE',  ( 1.000000000000000000, 1.426581805901979400E-016, 1.927470528863119300E-016 ) ) ;
#4637 = ORIENTED_EDGE ( 'NONE', *, *, #3144, .F. ) ;
#4638 = EDGE_CURVE ( 'NONE', #9470, #6043, #10467, .T. ) ;
#4639 = EDGE_CURVE ( 'NONE', #10201, #9470, #8071, .T. ) ;
#4640 = FILL_AREA_STYLE_COLOUR ( '', #824 ) ;
#4641 = CARTESIAN_POINT ( 'NONE',  ( 5.400000000000002100, -0.4249999999999983800, 0.7500000000000022200 ) ) ;
#4642 = ADVANCED_FACE ( 'NONE', ( #2447 ), #9362, .F. ) ;
#4643 = DIRECTION ( 'NONE',  ( 0.0000000000000000000, 1.000000000000000000, 3.469446951953611000E-015 ) ) ;
#4644 = VECTOR ( 'NONE', #3073, 1000.000000000000000 ) ;
#4645 = ORIENTED_EDGE ( 'NONE', *, *, #5276, .T. ) ;
#4646 = DIRECTION ( 'NONE',  ( 1.426581805901975000E-016, 1.000000000000000000, 3.348823158252935900E-015 ) ) ;
#4647 = PRESENTATION_LAYER_ASSIGNMENT (  '', '', ( #4076 ) ) ;
#4648 = MECHANICAL_DESIGN_GEOMETRIC_PRESENTATION_REPRESENTATION (  '', ( #2898 ), #5225 ) ;
#4649 = CARTESIAN_POINT ( 'NONE',  ( -3.350000000000001400, -3.765000000000000100, -1.175000000000000300 ) ) ;
#4650 = CARTESIAN_POINT ( 'NONE',  ( 5.400000000000003000, -0.4249999999999983800, -0.7499999999999978900 ) ) ;
#4651 = EDGE_LOOP ( 'NONE', ( #6396, #3403, #2278, #7654, #2419 ) ) ;
#4652 =( GEOMETRIC_REPRESENTATION_CONTEXT ( 3 ) GLOBAL_UNCERTAINTY_ASSIGNED_CONTEXT ( ( #3586 ) ) GLOBAL_UNIT_ASSIGNED_CONTEXT ( ( #9968, #10099, #10584 ) ) REPRESENTATION_CONTEXT ( 'NONE', 'WORKASPACE' ) );
#4653 = VECTOR ( 'NONE', #4541, 1000.000000000000000 ) ;
#4654 = EDGE_CURVE ( 'NONE', #10786, #10280, #142, .T. ) ;
#4655 = DIRECTION ( 'NONE',  ( 0.0000000000000000000, -0.0000000000000000000, -1.000000000000000000 ) ) ;
#4656 = PRESENTATION_STYLE_ASSIGNMENT (( #5030 ) ) ;
#4657 = COLOUR_RGB ( '',1.000000000000000000, 1.000000000000000000, 1.000000000000000000 ) ;
#4658 = STYLED_ITEM ( 'NONE', ( #6044 ), #5537 ) ;
#4659 = CARTESIAN_POINT ( 'NONE',  ( 5.150000000000003000, -0.2273479599911595300, 2.341989030006632200 ) ) ;
#4660 = SURFACE_STYLE_USAGE ( .BOTH. , #10004 ) ;
#4661 = ORIENTED_EDGE ( 'NONE', *, *, #511, .F. ) ;
#4662 = DIRECTION ( 'NONE',  ( 7.553600721220332200E-017, 1.426581805901979900E-016, -1.000000000000000000 ) ) ;
#4663 = FILL_AREA_STYLE_COLOUR ( '', #9732 ) ;
#4664 = ORIENTED_EDGE ( 'NONE', *, *, #2284, .F. ) ;
#4665 = SURFACE_STYLE_USAGE ( .BOTH. , #10008 ) ;
#4666 = CARTESIAN_POINT ( 'NONE',  ( 5.350000000000002300, -4.015000000000001500, 3.849999999999999600 ) ) ;
#4667 = ORIENTED_EDGE ( 'NONE', *, *, #1408, .T. ) ;
#4668 = SURFACE_STYLE_USAGE ( .BOTH. , #4914 ) ;
#4669 = SURFACE_STYLE_FILL_AREA ( #5448 ) ;
#4670 = EDGE_CURVE ( 'NONE', #7589, #4851, #2573, .T. ) ;
#4671 = DIRECTION ( 'NONE',  ( 1.000000000000000000, -1.426581805901979900E-016, 2.209081482755457600E-016 ) ) ;
#4672 = SURFACE_SIDE_STYLE ('',( #9780 ) ) ;
#4673 = ORIENTED_EDGE ( 'NONE', *, *, #4475, .T. ) ;
#4674 = UNCERTAINTY_MEASURE_WITH_UNIT (LENGTH_MEASURE( 1.000000000000000100E-005 ), #9496, 'distance_accuracy_value', 'NONE');
#4675 = ORIENTED_EDGE ( 'NONE', *, *, #2567, .T. ) ;
#4676 = FILL_AREA_STYLE ('',( #6001 ) ) ;
#4677 = EDGE_LOOP ( 'NONE', ( #4596, #2205, #2007, #3602 ) ) ;
#4678 = PLANE ( 'NONE',  #5788 ) ;
#4679 = LINE ( 'NONE', #7921, #2084 ) ;
#4680 = SURFACE_STYLE_FILL_AREA ( #1396 ) ;
#4681 = EDGE_CURVE ( 'NONE', #3626, #6098, #4876, .T. ) ;
#4682 = SURFACE_STYLE_FILL_AREA ( #10536 ) ;
#4683 = MECHANICAL_DESIGN_GEOMETRIC_PRESENTATION_REPRESENTATION (  '', ( #3502 ), #5135 ) ;
#4684 = CARTESIAN_POINT ( 'NONE',  ( 3.350000000000002300, -3.715000000000001200, 1.124999999999999600 ) ) ;
#4685 = STYLED_ITEM ( 'NONE', ( #3047 ), #8742 ) ;
#4686 = ADVANCED_FACE ( 'NONE', ( #6959 ), #10604, .T. ) ;
#4687 = VERTEX_POINT ( 'NONE', #2029 ) ;
#4688 = FILL_AREA_STYLE ('',( #5956 ) ) ;
#4689 = MECHANICAL_DESIGN_GEOMETRIC_PRESENTATION_REPRESENTATION (  '', ( #4908 ), #4625 ) ;
#4690 =( NAMED_UNIT ( * ) SI_UNIT ( $, .STERADIAN. ) SOLID_ANGLE_UNIT ( ) );
#4691 = DIRECTION ( 'NONE',  ( 1.000000000000000000, 3.348823158252935900E-015, 2.014244061478019600E-016 ) ) ;
#4692 = ORIENTED_EDGE ( 'NONE', *, *, #8628, .T. ) ;
#4693 = SURFACE_STYLE_FILL_AREA ( #10954 ) ;
#4694 = ADVANCED_FACE ( 'NONE', ( #3804 ), #5700, .T. ) ;
#4695 = CARTESIAN_POINT ( 'NONE',  ( 4.350000000000004100, -4.015000000000000600, -5.534978897810137000E-016 ) ) ;
#4696 = CARTESIAN_POINT ( 'NONE',  ( 5.140895911831525400, -0.2082588412013758600, 2.349349673377433500 ) ) ;
#4697 = CARTESIAN_POINT ( 'NONE',  ( -5.350000000000003200, -1.680000000000001500, 3.850000000000000500 ) ) ;
#4698 = ORIENTED_EDGE ( 'NONE', *, *, #10406, .T. ) ;
#4699 = DIRECTION ( 'NONE',  ( 1.000000000000000000, 9.827563551769193000E-017, 3.504491870660227200E-017 ) ) ;
#4700 = FILL_AREA_STYLE_COLOUR ( '', #6433 ) ;
#4701 = EDGE_CURVE ( 'NONE', #4851, #7573, #574, .T. ) ;
#4702 = CARTESIAN_POINT ( 'NONE',  ( -4.850000000000002300, -1.870000000000000600, 1.125000000000000200 ) ) ;
#4703 = PRESENTATION_LAYER_ASSIGNMENT (  '', '', ( #2732 ) ) ;
#4705 = FILL_AREA_STYLE ('',( #6314 ) ) ;
#4704 = FACE_OUTER_BOUND ( 'NONE', #11279, .T. ) ;
#4706 = DIRECTION ( 'NONE',  ( 1.426581805901979600E-016, 1.000000000000000000, 1.426581805901979900E-016 ) ) ;
#4707 = SURFACE_STYLE_USAGE ( .BOTH. , #7019 ) ;
#4708 = ORIENTED_EDGE ( 'NONE', *, *, #9948, .F. ) ;
#4709 =( BOUNDED_CURVE ( )  B_SPLINE_CURVE ( 3, ( #1533, #9529, #5061, #11304 ),
 .UNSPECIFIED., .F., .F. ) 
 B_SPLINE_CURVE_WITH_KNOTS ( ( 4, 4 ),
 ( 4.712388980384689700, 6.283185307179586200 ),
 .UNSPECIFIED. ) 
 CURVE ( )  GEOMETRIC_REPRESENTATION_ITEM ( )  RATIONAL_B_SPLINE_CURVE ( ( 1.000000000000000000, 0.8047378541243649400, 0.8047378541243649400, 1.000000000000000000 ) ) 
 REPRESENTATION_ITEM ( '' )  );
#4710 = PRESENTATION_STYLE_ASSIGNMENT (( #9663 ) ) ;
#4711 = CARTESIAN_POINT ( 'NONE',  ( -4.449999999999999300, 1.985000000000000300, -5.000000000000000000 ) ) ;
#4712 = CYLINDRICAL_SURFACE ( 'NONE', #9943, 0.1250000000000001100 ) ;
#4713 = CARTESIAN_POINT ( 'NONE',  ( 3.350000000000004100, -4.015000000000000600, -1.124999999999999300 ) ) ;
#4714 = MECHANICAL_DESIGN_GEOMETRIC_PRESENTATION_REPRESENTATION (  '', ( #3543 ), #5291 ) ;
#4715 = STYLED_ITEM ( 'NONE', ( #5522 ), #10358 ) ;
#4716 = LINE ( 'NONE', #2087, #9170 ) ;
#4717 = PRESENTATION_LAYER_ASSIGNMENT (  '', '', ( #3290 ) ) ;
#4718 = EDGE_CURVE ( 'NONE', #9901, #1874, #2987, .T. ) ;
#4719 =( NAMED_UNIT ( * ) PLANE_ANGLE_UNIT ( ) SI_UNIT ( $, .RADIAN. ) );
#4720 = VECTOR ( 'NONE', #4370, 1000.000000000000100 ) ;
#4721 = FILL_AREA_STYLE ('',( #8235 ) ) ;
#4722 = VECTOR ( 'NONE', #2424, 1000.000000000000000 ) ;
#4723 =( NAMED_UNIT ( * ) PLANE_ANGLE_UNIT ( ) SI_UNIT ( $, .RADIAN. ) );
#4724 = VECTOR ( 'NONE', #236, 1000.000000000000000 ) ;
#4725 = PRESENTATION_STYLE_ASSIGNMENT (( #6805 ) ) ;
#4726 = VERTEX_POINT ( 'NONE', #5133 ) ;
#4727 = ORIENTED_EDGE ( 'NONE', *, *, #177, .T. ) ;
#4728 = MECHANICAL_DESIGN_GEOMETRIC_PRESENTATION_REPRESENTATION (  '', ( #2398 ), #5309 ) ;
#4729 = AXIS2_PLACEMENT_3D ( 'NONE', #640, #6836, #1556 ) ;
#4730 = CARTESIAN_POINT ( 'NONE',  ( -3.350000000000002300, -3.765000000000000100, -1.175000000000000300 ) ) ;
#4731 = ORIENTED_EDGE ( 'NONE', *, *, #6370, .F. ) ;
#4732 = FILL_AREA_STYLE_COLOUR ( '', #7036 ) ;
#4733 = LINE ( 'NONE', #10557, #3512 ) ;
#4734 = SURFACE_STYLE_FILL_AREA ( #9068 ) ;
#4735 = DIRECTION ( 'NONE',  ( 0.0000000000000000000, 0.0000000000000000000, -1.000000000000000000 ) ) ;
#4736 = UNCERTAINTY_MEASURE_WITH_UNIT (LENGTH_MEASURE( 1.000000000000000100E-005 ), #5978, 'distance_accuracy_value', 'NONE');
#4737 = DIRECTION ( 'NONE',  ( 1.000000000000000000, -1.505836350674314900E-016, 2.209081482755462000E-016 ) ) ;
#4738 =( LENGTH_UNIT ( ) NAMED_UNIT ( * ) SI_UNIT ( .MILLI., .METRE. ) );
#4739 = VERTEX_POINT ( 'NONE', #5992 ) ;
#4740 = ADVANCED_FACE ( 'NONE', ( #7379 ), #8613, .F. ) ;
#4741 = VERTEX_POINT ( 'NONE', #5249 ) ;
#4742 = VECTOR ( 'NONE', #10752, 1000.000000000000000 ) ;
#4743 = CARTESIAN_POINT ( 'NONE',  ( -3.350000000000003200, -3.815000000000000400, 1.125000000000000200 ) ) ;
#4744 = CARTESIAN_POINT ( 'NONE',  ( 5.250000000000001800, -3.865000000000000200, 3.899999999999999900 ) ) ;
#4745 =( LENGTH_UNIT ( ) NAMED_UNIT ( * ) SI_UNIT ( .MILLI., .METRE. ) );
#4746 = LINE ( 'NONE', #2923, #10338 ) ;
#4747 = ORIENTED_EDGE ( 'NONE', *, *, #8424, .T. ) ;
#4748 = ORIENTED_EDGE ( 'NONE', *, *, #2284, .T. ) ;
#4749 = EDGE_CURVE ( 'NONE', #3825, #7619, #11008, .T. ) ;
#4750 = CARTESIAN_POINT ( 'NONE',  ( -4.350000000000004100, -3.515000000000000600, -0.9250000000000006000 ) ) ;
#4751 =( GEOMETRIC_REPRESENTATION_CONTEXT ( 3 ) GLOBAL_UNCERTAINTY_ASSIGNED_CONTEXT ( ( #8033 ) ) GLOBAL_UNIT_ASSIGNED_CONTEXT ( ( #3904, #6179, #6774 ) ) REPRESENTATION_CONTEXT ( 'NONE', 'WORKASPACE' ) );
#4752 = ADVANCED_FACE ( 'NONE', ( #4204 ), #3120, .F. ) ;
#4753 = AXIS2_PLACEMENT_3D ( 'NONE', #10335, #11175, #3276 ) ;
#4754 = ORIENTED_EDGE ( 'NONE', *, *, #10746, .T. ) ;
#4755 = CARTESIAN_POINT ( 'NONE',  ( -5.120000000000002800, -3.815000000000000800, -0.9250000000000007100 ) ) ;
#4756 = VERTEX_POINT ( 'NONE', #2953 ) ;
#4757 = CARTESIAN_POINT ( 'NONE',  ( -4.390000000000003200, -0.2000000000000014000, 3.100000000000001000 ) ) ;
#4758 = VERTEX_POINT ( 'NONE', #4098 ) ;
#4759 = FILL_AREA_STYLE ('',( #4700 ) ) ;
#4760 = CIRCLE ( 'NONE', #4340, 0.1999999999999996500 ) ;
#4761 = EDGE_CURVE ( 'NONE', #9936, #4756, #7787, .T. ) ;
#4762 = CARTESIAN_POINT ( 'NONE',  ( 4.590000000000002500, -0.2000000000000014800, 3.850000000000000100 ) ) ;
#4763 = STYLED_ITEM ( 'NONE', ( #5412 ), #9425 ) ;
#4764 = EDGE_LOOP ( 'NONE', ( #909, #7750, #3926, #1509 ) ) ;
#4765 = DIRECTION ( 'NONE',  ( 1.000000000000000000, -4.580624489496172500E-016, 3.504491870660217300E-017 ) ) ;
#4766 = VECTOR ( 'NONE', #2239, 1000.000000000000000 ) ;
#4767 = CARTESIAN_POINT ( 'NONE',  ( -4.590000000000001600, -3.922368385817160700E-016, -2.350000000000000500 ) ) ;
#4768 = CARTESIAN_POINT ( 'NONE',  ( -5.170000000000001700, -0.1800000000000007400, -2.194878360881566200E-016 ) ) ;
#4769 = ORIENTED_EDGE ( 'NONE', *, *, #1395, .T. ) ;
#4770 = DIRECTION ( 'NONE',  ( 7.228014483236697000E-017, 1.426581805901979400E-016, -1.000000000000000000 ) ) ;
#4771 = UNCERTAINTY_MEASURE_WITH_UNIT (LENGTH_MEASURE( 1.000000000000000100E-005 ), #4003, 'distance_accuracy_value', 'NONE');
#4772 = DIRECTION ( 'NONE',  ( 0.0000000000000000000, 0.0000000000000000000, -1.000000000000000000 ) ) ;
#4773 =( GEOMETRIC_REPRESENTATION_CONTEXT ( 3 ) GLOBAL_UNCERTAINTY_ASSIGNED_CONTEXT ( ( #3705 ) ) GLOBAL_UNIT_ASSIGNED_CONTEXT ( ( #9225, #9211, #9183 ) ) REPRESENTATION_CONTEXT ( 'NONE', 'WORKASPACE' ) );
#4774 = PRESENTATION_LAYER_ASSIGNMENT (  '', '', ( #5727 ) ) ;
#4775 = DIRECTION ( 'NONE',  ( -1.000000000000000000, 1.426581805901979900E-016, -1.927470528863118800E-016 ) ) ;
#4776 = CARTESIAN_POINT ( 'NONE',  ( -5.350000000000004100, -0.2000000000000009000, 2.300000000000000700 ) ) ;
#4777 = CARTESIAN_POINT ( 'NONE',  ( -4.690000000000003900, -4.016000000000000900, 3.100000000000001000 ) ) ;
#4778 = DIRECTION ( 'NONE',  ( 1.000000000000000000, 3.717264591378876000E-015, 0.0000000000000000000 ) ) ;
#4779 = EDGE_CURVE ( 'NONE', #6542, #2066, #973, .T. ) ;
#4780 = COLOUR_RGB ( '',1.000000000000000000, 1.000000000000000000, 1.000000000000000000 ) ;
#4781 =( LENGTH_UNIT ( ) NAMED_UNIT ( * ) SI_UNIT ( .MILLI., .METRE. ) );
#4782 = DIRECTION ( 'NONE',  ( 0.0000000000000000000, 0.0000000000000000000, -1.000000000000000000 ) ) ;
#4783 = FACE_OUTER_BOUND ( 'NONE', #4394, .T. ) ;
#4784 = ORIENTED_EDGE ( 'NONE', *, *, #3918, .T. ) ;
#4785 =( LENGTH_UNIT ( ) NAMED_UNIT ( * ) SI_UNIT ( .MILLI., .METRE. ) );
#4786 = FACE_OUTER_BOUND ( 'NONE', #7434, .T. ) ;
#4787 = ORIENTED_EDGE ( 'NONE', *, *, #8274, .F. ) ;
#4788 = CARTESIAN_POINT ( 'NONE',  ( 3.350000000000002300, -3.715000000000001200, -1.125000000000000900 ) ) ;
#4789 = ADVANCED_FACE ( 'NONE', ( #10199 ), #11116, .F. ) ;
#4790 =( GEOMETRIC_REPRESENTATION_CONTEXT ( 3 ) GLOBAL_UNCERTAINTY_ASSIGNED_CONTEXT ( ( #3215 ) ) GLOBAL_UNIT_ASSIGNED_CONTEXT ( ( #2439, #4719, #322 ) ) REPRESENTATION_CONTEXT ( 'NONE', 'WORKASPACE' ) );
#4791 =( GEOMETRIC_REPRESENTATION_CONTEXT ( 3 ) GLOBAL_UNCERTAINTY_ASSIGNED_CONTEXT ( ( #6973 ) ) GLOBAL_UNIT_ASSIGNED_CONTEXT ( ( #4415, #10640, #5289 ) ) REPRESENTATION_CONTEXT ( 'NONE', 'WORKASPACE' ) );
#4792 = DIRECTION ( 'NONE',  ( 1.000000000000000000, 0.0000000000000000000, 0.0000000000000000000 ) ) ;
#4793 = VECTOR ( 'NONE', #4772, 1000.000000000000000 ) ;
#4794 =( NAMED_UNIT ( * ) PLANE_ANGLE_UNIT ( ) SI_UNIT ( $, .RADIAN. ) );
#4795 = EDGE_CURVE ( 'NONE', #10167, #4741, #9059, .T. ) ;
#4796 = CARTESIAN_POINT ( 'NONE',  ( -5.324760918462774700, -3.832476091846277900, -1.024284993575055500 ) ) ;
#4797 = EDGE_CURVE ( 'NONE', #11475, #11068, #6671, .T. ) ;
#4798 = EDGE_LOOP ( 'NONE', ( #4315, #5535, #1754, #7324 ) ) ;
#4799 = EDGE_LOOP ( 'NONE', ( #4881, #5818, #8832 ) ) ;
#4800 = VECTOR ( 'NONE', #1506, 1000.000000000000000 ) ;
#4801 = EDGE_LOOP ( 'NONE', ( #4297, #6645, #8073, #3270 ) ) ;
#4802 = CARTESIAN_POINT ( 'NONE',  ( -4.975000000000002300, -3.839999999999996700, -0.7500000000000128800 ) ) ;
#4803 = ORIENTED_EDGE ( 'NONE', *, *, #1164, .F. ) ;
#4804 = DIRECTION ( 'NONE',  ( -1.927470528863119000E-016, -1.426581805901979600E-016, 1.000000000000000000 ) ) ;
#4805 = DIRECTION ( 'NONE',  ( -1.079575420682579900E-017, -1.000000000000000000, -1.426581805901979600E-016 ) ) ;
#4806 = FACE_OUTER_BOUND ( 'NONE', #1569, .T. ) ;
#4807 = SURFACE_SIDE_STYLE ('',( #7706 ) ) ;
#4808 = VECTOR ( 'NONE', #5495, 1000.000000000000000 ) ;
#4809 = AXIS2_PLACEMENT_3D ( 'NONE', #1325, #1312, #1211 ) ;
#4810 = ORIENTED_EDGE ( 'NONE', *, *, #2438, .T. ) ;
#4811 = AXIS2_PLACEMENT_3D ( 'NONE', #6094, #790, #6997 ) ;
#4812 = FILL_AREA_STYLE_COLOUR ( '', #11424 ) ;
#4813 = DIRECTION ( 'NONE',  ( 1.000000000000000000, -9.827563551769197900E-017, 3.504491870660227200E-017 ) ) ;
#4814 = DIRECTION ( 'NONE',  ( -1.000000000000000000, 0.0000000000000000000, 0.0000000000000000000 ) ) ;
#4815 = FILL_AREA_STYLE ('',( #2911 ) ) ;
#4816 = CARTESIAN_POINT ( 'NONE',  ( 5.170000000000003500, -4.015000000000000600, -1.007842712474620100 ) ) ;
#4817 = LINE ( 'NONE', #10285, #2509 ) ;
#4818 = FILL_AREA_STYLE ('',( #10185 ) ) ;
#4819 = LINE ( 'NONE', #1137, #2511 ) ;
#4820 = ORIENTED_EDGE ( 'NONE', *, *, #9945, .T. ) ;
#4821 = EDGE_CURVE ( 'NONE', #10280, #3825, #2294, .T. ) ;
#4822 = CARTESIAN_POINT ( 'NONE',  ( -4.725000000000002300, -3.765000000000000600, -1.175000000000000300 ) ) ;
#4823 = DIRECTION ( 'NONE',  ( -1.000000000000000000, -0.0000000000000000000, -0.0000000000000000000 ) ) ;
#4824 = PRESENTATION_LAYER_ASSIGNMENT (  '', '', ( #4254 ) ) ;
#4825 = ORIENTED_EDGE ( 'NONE', *, *, #5321, .F. ) ;
#4826 = COLOUR_RGB ( '',0.5019607843137254800, 0.5019607843137254800, 0.5019607843137254800 ) ;
#4827 = CARTESIAN_POINT ( 'NONE',  ( -5.150000000000002100, -0.4000000000000009700, -1.125000000000000400 ) ) ;
#4828 = PRESENTATION_LAYER_ASSIGNMENT (  '', '', ( #4908 ) ) ;
#4829 = CARTESIAN_POINT ( 'NONE',  ( -5.150000000000001200, -0.2000000000000002600, -2.300000000000000700 ) ) ;
#4830 = EDGE_LOOP ( 'NONE', ( #8760, #10022, #11021, #7548 ) ) ;
#4831 = VECTOR ( 'NONE', #11044, 1000.000000000000000 ) ;
#4832 = CARTESIAN_POINT ( 'NONE',  ( -4.725000000000001400, -3.715000000000000700, -0.9250000000000006000 ) ) ;
#4833 = FACE_OUTER_BOUND ( 'NONE', #2895, .T. ) ;
#4834 = FILL_AREA_STYLE_COLOUR ( '', #7887 ) ;
#4835 = VECTOR ( 'NONE', #4823, 1000.000000000000000 ) ;
#4836 =( NAMED_UNIT ( * ) SI_UNIT ( $, .STERADIAN. ) SOLID_ANGLE_UNIT ( ) );
#4837 = CARTESIAN_POINT ( 'NONE',  ( -4.725000000000002300, -3.515000000000000600, -0.9250000000000004900 ) ) ;
#4838 = VERTEX_POINT ( 'NONE', #10078 ) ;
#4839 = EDGE_CURVE ( 'NONE', #4169, #10051, #6379, .T. ) ;
#4840 = SURFACE_STYLE_FILL_AREA ( #232 ) ;
#4841 =( BOUNDED_SURFACE ( )  B_SPLINE_SURFACE ( 3, 2, ( 
 ( #5898, #9512, #4180 ),
 ( #10397, #5035, #11277 ),
 ( #5935, #624, #6825 ),
 ( #1546, #7724, #2464 ),
 ( #8607, #3342, #9545 ),
 ( #4218, #10431, #5078 ),
 ( #11315, #5975, #665 ),
 ( #6862, #1585, #7759 ) ),
 .UNSPECIFIED., .F., .F., .T. ) 
 B_SPLINE_SURFACE_WITH_KNOTS ( ( 4, 2, 2, 4 ),
 ( 3, 3 ),
 ( 4.712388980384689700, 5.497787143782138000, 5.890486225480861600, 6.283185307179586200 ),
 ( 0.0000000000000000000, 1.000000000000000000 ),
 .UNSPECIFIED. ) 
 GEOMETRIC_REPRESENTATION_ITEM ( )  RATIONAL_B_SPLINE_SURFACE ( (
 ( 1.000000000000000000, 1.000000000000000000, 1.000000000000000000),
 ( 1.000000000000000000, 1.002733288062915600, 1.000000000000000000),
 ( 1.000000000000000000, 0.9415234097346695300, 1.000000000000000000),
 ( 1.000000000000000000, 0.8282764008093250800, 1.000000000000000000),
 ( 1.000000000000000000, 0.7876167689855689800, 1.000000000000000000),
 ( 1.000000000000000000, 0.7266134707116354000, 1.000000000000000000),
 ( 1.000000000000000000, 0.7066293932665919100, 1.000000000000000000),
 ( 1.000000000000000000, 0.7071067811865475700, 1.000000000000000000) ) ) 
 REPRESENTATION_ITEM ( '' )  SURFACE ( )  );
#4842 = EDGE_CURVE ( 'NONE', #5643, #7296, #8756, .T. ) ;
#4843 = AXIS2_PLACEMENT_3D ( 'NONE', #3778, #8085, #6809 ) ;
#4844 = ADVANCED_FACE ( 'NONE', ( #11422 ), #10133, .T. ) ;
#4845 = CIRCLE ( 'NONE', #10878, 0.04999999999999969700 ) ;
#4846 = SURFACE_STYLE_FILL_AREA ( #5178 ) ;
#4847 = CARTESIAN_POINT ( 'NONE',  ( 4.725000000000003200, -3.765000000000000600, 1.124999999999999600 ) ) ;
#4848 = CARTESIAN_POINT ( 'NONE',  ( 5.050000000000002500, -3.865000000000000200, 3.899999999999999900 ) ) ;
#4849 = COLOUR_RGB ( '',0.9098039215686274400, 0.4431372549019607600, 0.03137254901960784300 ) ;
#4850 = DIRECTION ( 'NONE',  ( 7.553600721220374100E-017, 3.348823158252935500E-015, -1.000000000000000000 ) ) ;
#4851 = VERTEX_POINT ( 'NONE', #9573 ) ;
#4852 = CARTESIAN_POINT ( 'NONE',  ( 5.249999999999997300, 1.985000000000000300, -4.200000000000001100 ) ) ;
#4853 =( GEOMETRIC_REPRESENTATION_CONTEXT ( 3 ) GLOBAL_UNCERTAINTY_ASSIGNED_CONTEXT ( ( #10725 ) ) GLOBAL_UNIT_ASSIGNED_CONTEXT ( ( #982, #894, #864 ) ) REPRESENTATION_CONTEXT ( 'NONE', 'WORKASPACE' ) );
#4855 = STYLED_ITEM ( 'NONE', ( #10169 ), #3667 ) ;
#4854 =( GEOMETRIC_REPRESENTATION_CONTEXT ( 3 ) GLOBAL_UNCERTAINTY_ASSIGNED_CONTEXT ( ( #4569 ) ) GLOBAL_UNIT_ASSIGNED_CONTEXT ( ( #6491, #1205, #7404 ) ) REPRESENTATION_CONTEXT ( 'NONE', 'WORKASPACE' ) );
#4856 = VECTOR ( 'NONE', #2925, 1000.000000000000000 ) ;
#4857 = DIRECTION ( 'NONE',  ( 0.0000000000000000000, 1.000000000000000000, -0.0000000000000000000 ) ) ;
#4858 = SURFACE_STYLE_FILL_AREA ( #3388 ) ;
#4859 = EDGE_CURVE ( 'NONE', #4967, #7633, #834, .T. ) ;
#4860 = LINE ( 'NONE', #10996, #2552 ) ;
#4861 = EDGE_LOOP ( 'NONE', ( #5317, #9662, #7024, #8096 ) ) ;
#4862 = EDGE_LOOP ( 'NONE', ( #2308, #344, #3374, #8542 ) ) ;
#4863 = DIRECTION ( 'NONE',  ( 0.0000000000000000000, 2.168404344971008900E-015, -1.000000000000000000 ) ) ;
#4864 =( LENGTH_UNIT ( ) NAMED_UNIT ( * ) SI_UNIT ( .MILLI., .METRE. ) );
#4865 = MECHANICAL_DESIGN_GEOMETRIC_PRESENTATION_REPRESENTATION (  '', ( #187 ), #11439 ) ;
#4866 = VECTOR ( 'NONE', #7291, 1000.000000000000000 ) ;
#4867 = UNCERTAINTY_MEASURE_WITH_UNIT (LENGTH_MEASURE( 1.000000000000000100E-005 ), #5825, 'distance_accuracy_value', 'NONE');
#4868 = ORIENTED_EDGE ( 'NONE', *, *, #247, .F. ) ;
#4869 = ORIENTED_EDGE ( 'NONE', *, *, #10797, .F. ) ;
#4870 = CARTESIAN_POINT ( 'NONE',  ( -3.790000000000002300, -0.2000000000000007000, -2.350000000000000500 ) ) ;
#4871 = ORIENTED_EDGE ( 'NONE', *, *, #1914, .T. ) ;
#4872 =( GEOMETRIC_REPRESENTATION_CONTEXT ( 3 ) GLOBAL_UNCERTAINTY_ASSIGNED_CONTEXT ( ( #9275 ) ) GLOBAL_UNIT_ASSIGNED_CONTEXT ( ( #11174, #9306, #11532 ) ) REPRESENTATION_CONTEXT ( 'NONE', 'WORKASPACE' ) );
#4873 = CARTESIAN_POINT ( 'NONE',  ( 3.355000000000002600, -3.714999999999994500, -0.7499999999999984500 ) ) ;
#4874 = PRESENTATION_STYLE_ASSIGNMENT (( #6073 ) ) ;
#4875 = FACE_OUTER_BOUND ( 'NONE', #9499, .T. ) ;
#4876 = CIRCLE ( 'NONE', #7058, 0.1750000000000006800 ) ;
#4877 = PRESENTATION_STYLE_ASSIGNMENT (( #464 ) ) ;
#4878 = FILL_AREA_STYLE ('',( #4025 ) ) ;
#4879 = ORIENTED_EDGE ( 'NONE', *, *, #9583, .T. ) ;
#4880 = ORIENTED_EDGE ( 'NONE', *, *, #3698, .F. ) ;
#4881 = ORIENTED_EDGE ( 'NONE', *, *, #439, .T. ) ;
#4882 = UNCERTAINTY_MEASURE_WITH_UNIT (LENGTH_MEASURE( 1.000000000000000100E-005 ), #8293, 'distance_accuracy_value', 'NONE');
#4883 = DIRECTION ( 'NONE',  ( 1.927470528863118800E-016, -5.952404271712227000E-017, -1.000000000000000000 ) ) ;
#4884 = PLANE ( 'NONE',  #6943 ) ;
#4885 = EDGE_LOOP ( 'NONE', ( #7843, #8399, #6667, #3453, #9558 ) ) ;
#4886 = FACE_OUTER_BOUND ( 'NONE', #5563, .T. ) ;
#4887 = COLOUR_RGB ( '',1.000000000000000000, 1.000000000000000000, 1.000000000000000000 ) ;
#4888 = CARTESIAN_POINT ( 'NONE',  ( 5.249999999999999100, 0.0000000000000000000, 4.200000000000000200 ) ) ;
#4889 = SURFACE_STYLE_USAGE ( .BOTH. , #11545 ) ;
#4890 = AXIS2_PLACEMENT_3D ( 'NONE', #3479, #7126, #7270 ) ;
#4891 = MECHANICAL_DESIGN_GEOMETRIC_PRESENTATION_REPRESENTATION (  '', ( #3738 ), #5477 ) ;
#4892 = DIRECTION ( 'NONE',  ( 1.000000000000000000, -3.348823158252936600E-015, 7.553600721220326000E-017 ) ) ;
#4893 = AXIS2_PLACEMENT_3D ( 'NONE', #11242, #10983, #1241 ) ;
#4894 = ORIENTED_EDGE ( 'NONE', *, *, #3144, .T. ) ;
#4895 = CIRCLE ( 'NONE', #9868, 0.7999999999999999300 ) ;
#4896 = FILL_AREA_STYLE ('',( #6646 ) ) ;
#4897 = ADVANCED_FACE ( 'NONE', ( #5271 ), #2139, .T. ) ;
#4898 = MECHANICAL_DESIGN_GEOMETRIC_PRESENTATION_REPRESENTATION (  '', ( #9484 ), #9504 ) ;
#4899 = CARTESIAN_POINT ( 'NONE',  ( 5.249999999999998200, 0.0000000000000000000, 4.999999999999998200 ) ) ;
#4900 = ORIENTED_EDGE ( 'NONE', *, *, #1859, .F. ) ;
#4901 = CARTESIAN_POINT ( 'NONE',  ( 3.350000000000003200, -3.714999999999999400, 0.8749999999999984500 ) ) ;
#4902 = CARTESIAN_POINT ( 'NONE',  ( -4.725000000000002300, -3.715000000000000700, -1.125000000000000400 ) ) ;
#4903 = PRESENTATION_STYLE_ASSIGNMENT (( #5649 ) ) ;
#4904 = PRESENTATION_STYLE_ASSIGNMENT (( #9779 ) ) ;
#4905 = EDGE_LOOP ( 'NONE', ( #10377, #2978, #284 ) ) ;
#4906 = STYLED_ITEM ( 'NONE', ( #10029 ), #9701 ) ;
#4907 = FACE_BOUND ( 'NONE', #7658, .T. ) ;
#4908 = STYLED_ITEM ( 'NONE', ( #8242 ), #1944 ) ;
#4909 = CARTESIAN_POINT ( 'NONE',  ( -5.100000000000002300, -1.870000000000000600, -0.9250000000000001600 ) ) ;
#4910 = SURFACE_SIDE_STYLE ('',( #11027 ) ) ;
#4911 =( NAMED_UNIT ( * ) PLANE_ANGLE_UNIT ( ) SI_UNIT ( $, .RADIAN. ) );
#4912 = CYLINDRICAL_SURFACE ( 'NONE', #9688, 0.2000000000000000900 ) ;
#4913 = CARTESIAN_POINT ( 'NONE',  ( -5.250000000000002700, 0.0000000000000000000, -3.899999999999999900 ) ) ;
#4914 = SURFACE_SIDE_STYLE ('',( #9258 ) ) ;
#4915 = CARTESIAN_POINT ( 'NONE',  ( -5.136075654567681800, -0.2044518277705361900, 2.349845527431620800 ) ) ;
#4916 = CIRCLE ( 'NONE', #5578, 0.04999999999999991300 ) ;
#4917 = STYLED_ITEM ( 'NONE', ( #1033 ), #6290 ) ;
#4918 = PRESENTATION_LAYER_ASSIGNMENT (  '', '', ( #2598 ) ) ;
#4919 = CARTESIAN_POINT ( 'NONE',  ( 5.350000000000003200, -0.2000000000000007000, -2.350000000000001000 ) ) ;
#4920 = CARTESIAN_POINT ( 'NONE',  ( -5.050000000000001600, -5.891782858375175000E-016, -0.9250000000000000400 ) ) ;
#4921 = DIRECTION ( 'NONE',  ( 3.348823158252936600E-015, 1.000000000000000000, 2.140309255009099200E-017 ) ) ;
#4922 = DIRECTION ( 'NONE',  ( -1.000000000000000000, 0.0000000000000000000, 0.0000000000000000000 ) ) ;
#4923 = VERTEX_POINT ( 'NONE', #8168 ) ;
#4924 = SURFACE_STYLE_FILL_AREA ( #6067 ) ;
#4925 = EDGE_CURVE ( 'NONE', #2972, #5871, #6804, .T. ) ;
#4926 = ORIENTED_EDGE ( 'NONE', *, *, #3214, .T. ) ;
#4927 = EDGE_CURVE ( 'NONE', #7615, #1247, #4453, .T. ) ;
#4928 = SURFACE_SIDE_STYLE ('',( #2493 ) ) ;
#4929 = LINE ( 'NONE', #9673, #9678 ) ;
#4930 = ORIENTED_EDGE ( 'NONE', *, *, #8306, .T. ) ;
#4931 = COLOUR_RGB ( '',1.000000000000000000, 1.000000000000000000, 1.000000000000000000 ) ;
#4932 = SURFACE_STYLE_FILL_AREA ( #8534 ) ;
#4933 = VECTOR ( 'NONE', #7328, 1000.000000000000100 ) ;
#4934 = ORIENTED_EDGE ( 'NONE', *, *, #10832, .T. ) ;
#4935 = DIRECTION ( 'NONE',  ( -1.426581805901979600E-016, -1.000000000000000000, -1.281360903504773400E-017 ) ) ;
#4936 = ORIENTED_EDGE ( 'NONE', *, *, #8135, .F. ) ;
#4937 = AXIS2_PLACEMENT_3D ( 'NONE', #1991, #8342, #2772 ) ;
#4938 = AXIS2_PLACEMENT_3D ( 'NONE', #323, #6518, #10146 ) ;
#4939 = VERTEX_POINT ( 'NONE', #7829 ) ;
#4940 = SURFACE_SIDE_STYLE ('',( #8103 ) ) ;
#4941 = EDGE_CURVE ( 'NONE', #3147, #8362, #6514, .T. ) ;
#4942 = LINE ( 'NONE', #374, #9439 ) ;
#4943 = EDGE_LOOP ( 'NONE', ( #10959, #3530, #6593, #5016 ) ) ;
#4944 = DIRECTION ( 'NONE',  ( 1.426581805901979600E-016, 1.000000000000000000, 1.426581805901979900E-016 ) ) ;
#4945 = ORIENTED_EDGE ( 'NONE', *, *, #6555, .F. ) ;
#4946 = PLANE ( 'NONE',  #7015 ) ;
#4947 = SURFACE_STYLE_FILL_AREA ( #11511 ) ;
#4948 = DIRECTION ( 'NONE',  ( -3.348823158252935900E-015, 1.000000000000000000, 3.348823158252935900E-015 ) ) ;
#4949 = FACE_OUTER_BOUND ( 'NONE', #1955, .T. ) ;
#4950 = PRESENTATION_LAYER_ASSIGNMENT (  '', '', ( #5087 ) ) ;
#4951 =( LENGTH_UNIT ( ) NAMED_UNIT ( * ) SI_UNIT ( .MILLI., .METRE. ) );
#4952 = ADVANCED_FACE ( 'NONE', ( #8897 ), #10187, .T. ) ;
#4953 = EDGE_CURVE ( 'NONE', #7312, #4939, #8052, .T. ) ;
#4954 = LINE ( 'NONE', #7320, #237 ) ;
#4955 = AXIS2_PLACEMENT_3D ( 'NONE', #2243, #8383, #3125 ) ;
#4956 = DIRECTION ( 'NONE',  ( 0.0000000000000000000, 3.401418580346682800E-016, -1.000000000000000000 ) ) ;
#4957 = CARTESIAN_POINT ( 'NONE',  ( 5.350000000000003200, -3.390000000000000100, 0.9249999999999996000 ) ) ;
#4958 = DIRECTION ( 'NONE',  ( 2.409338161078898200E-017, -1.426581805901979400E-016, 1.000000000000000000 ) ) ;
#4959 = COLOUR_RGB ( '',0.9098039215686274400, 0.4431372549019607600, 0.03137254901960784300 ) ;
#4960 = ORIENTED_EDGE ( 'NONE', *, *, #4027, .F. ) ;
#4961 = FACE_OUTER_BOUND ( 'NONE', #5168, .T. ) ;
#4962 = PLANE ( 'NONE',  #11549 ) ;
#4963 = DIRECTION ( 'NONE',  ( 1.000000000000000000, 1.426581805901978400E-016, 0.0000000000000000000 ) ) ;
#4964 = PRESENTATION_LAYER_ASSIGNMENT (  '', '', ( #4855 ) ) ;
#4965 = PRESENTATION_STYLE_ASSIGNMENT (( #6757 ) ) ;
#4966 =( NAMED_UNIT ( * ) PLANE_ANGLE_UNIT ( ) SI_UNIT ( $, .RADIAN. ) );
#4967 = VERTEX_POINT ( 'NONE', #6707 ) ;
#4968 = ORIENTED_EDGE ( 'NONE', *, *, #3489, .T. ) ;
#4969 = CARTESIAN_POINT ( 'NONE',  ( 5.249999999999999100, -3.865000000000000200, 5.000000000000000000 ) ) ;
#4970 = PRESENTATION_LAYER_ASSIGNMENT (  '', '', ( #4398 ) ) ;
#4971 = FACE_OUTER_BOUND ( 'NONE', #2819, .T. ) ;
#4972 = FILL_AREA_STYLE_COLOUR ( '', #4780 ) ;
#4973 = ORIENTED_EDGE ( 'NONE', *, *, #10123, .T. ) ;
#4974 = AXIS2_PLACEMENT_3D ( 'NONE', #4624, #10305, #8691 ) ;
#4975 = ORIENTED_EDGE ( 'NONE', *, *, #1306, .T. ) ;
#4976 = LINE ( 'NONE', #4436, #4720 ) ;
#4977 = DIRECTION ( 'NONE',  ( 1.000000000000000000, -1.426581805901979600E-016, -2.409338161078905600E-017 ) ) ;
#4978 = FILL_AREA_STYLE_COLOUR ( '', #7491 ) ;
#4979 = PRESENTATION_STYLE_ASSIGNMENT (( #2153 ) ) ;
#4980 = SURFACE_STYLE_FILL_AREA ( #8552 ) ;
#4981 = PRESENTATION_LAYER_ASSIGNMENT (  '', '', ( #3259 ) ) ;
#4982 = SURFACE_SIDE_STYLE ('',( #287 ) ) ;
#4983 = COLOUR_RGB ( '',1.000000000000000000, 1.000000000000000000, 1.000000000000000000 ) ;
#4984 = ORIENTED_EDGE ( 'NONE', *, *, #9205, .T. ) ;
#4985 = CARTESIAN_POINT ( 'NONE',  ( -5.150000000000003000, -3.815000000000000400, 0.9249999999999998200 ) ) ;
#4986 = EDGE_CURVE ( 'NONE', #130, #11135, #959, .T. ) ;
#4987 = DIRECTION ( 'NONE',  ( -7.553600721220332200E-017, -2.140309255009064400E-017, 1.000000000000000000 ) ) ;
#4988 = ORIENTED_EDGE ( 'NONE', *, *, #997, .T. ) ;
#4989 = EDGE_CURVE ( 'NONE', #3363, #10717, #5698, .T. ) ;
#4990 = SURFACE_SIDE_STYLE ('',( #5046 ) ) ;
#4991 = DIRECTION ( 'NONE',  ( -1.000000000000000000, 6.736636305648240100E-017, -1.927470528863118800E-016 ) ) ;
#4992 = ORIENTED_EDGE ( 'NONE', *, *, #9189, .F. ) ;
#4993 = CARTESIAN_POINT ( 'NONE',  ( 5.150000000000003000, -0.4000000000000011300, 0.9250000000000000400 ) ) ;
#4994 = CARTESIAN_POINT ( 'NONE',  ( 3.355000000000002200, -3.964999999999994500, -0.7499999999999984500 ) ) ;
#4995 = PRESENTATION_STYLE_ASSIGNMENT (( #11225 ) ) ;
#4996 = PLANE ( 'NONE',  #2058 ) ;
#4997 = LINE ( 'NONE', #1294, #9758 ) ;
#4998 = ORIENTED_EDGE ( 'NONE', *, *, #3279, .T. ) ;
#4999 = FILL_AREA_STYLE_COLOUR ( '', #2116 ) ;
#5000 = ORIENTED_EDGE ( 'NONE', *, *, #3939, .F. ) ;
#5001 = FILL_AREA_STYLE ('',( #3345 ) ) ;
#5002 = AXIS2_PLACEMENT_3D ( 'NONE', #6561, #6517, #5598 ) ;
#5003 = PRESENTATION_LAYER_ASSIGNMENT (  '', '', ( #5603 ) ) ;
#5004 = EDGE_LOOP ( 'NONE', ( #3644, #5264, #2166, #6592 ) ) ;
#5005 =( LENGTH_UNIT ( ) NAMED_UNIT ( * ) SI_UNIT ( .MILLI., .METRE. ) );
#5006 = SURFACE_STYLE_USAGE ( .BOTH. , #9478 ) ;
#5007 = EDGE_CURVE ( 'NONE', #8536, #5691, #7775, .T. ) ;
#5008 = VECTOR ( 'NONE', #8405, 1000.000000000000000 ) ;
#5009 = UNCERTAINTY_MEASURE_WITH_UNIT (LENGTH_MEASURE( 1.000000000000000100E-005 ), #139, 'distance_accuracy_value', 'NONE');
#5010 = DIRECTION ( 'NONE',  ( -1.000000000000000000, 0.0000000000000000000, 1.652117596168387800E-016 ) ) ;
#5011 = ORIENTED_EDGE ( 'NONE', *, *, #9769, .F. ) ;
#5012 = CARTESIAN_POINT ( 'NONE',  ( 4.590000000000002500, -1.382357769919018200E-015, 3.850000000000000100 ) ) ;
#5013 = EDGE_LOOP ( 'NONE', ( #576, #3245, #6436, #8201 ) ) ;
#5014 = ADVANCED_FACE ( 'NONE', ( #9893 ), #1988, .F. ) ;
#5015 = DIRECTION ( 'NONE',  ( -2.409338161078898200E-017, 1.426581805901979400E-016, -1.000000000000000000 ) ) ;
#5016 = ORIENTED_EDGE ( 'NONE', *, *, #1195, .F. ) ;
#5017 = VECTOR ( 'NONE', #7472, 1000.000000000000100 ) ;
#5018 = VECTOR ( 'NONE', #8310, 1000.000000000000000 ) ;
#5019 =( NAMED_UNIT ( * ) PLANE_ANGLE_UNIT ( ) SI_UNIT ( $, .RADIAN. ) );
#5020 = CARTESIAN_POINT ( 'NONE',  ( 3.350000000000004100, -3.815000000000000400, -1.175000000000001200 ) ) ;
#5021 = COLOUR_RGB ( '',1.000000000000000000, 1.000000000000000000, 1.000000000000000000 ) ;
#5022 = ORIENTED_EDGE ( 'NONE', *, *, #8628, .F. ) ;
#5023 = VERTEX_POINT ( 'NONE', #5070 ) ;
#5024 = UNCERTAINTY_MEASURE_WITH_UNIT (LENGTH_MEASURE( 1.000000000000000100E-005 ), #7381, 'distance_accuracy_value', 'NONE');
#5025 = FILL_AREA_STYLE ('',( #7403 ) ) ;
#5026 = EDGE_CURVE ( 'NONE', #4108, #1663, #9044, .T. ) ;
#5027 = STYLED_ITEM ( 'NONE', ( #10704 ), #7753 ) ;
#5028 = ORIENTED_EDGE ( 'NONE', *, *, #2996, .F. ) ;
#5029 = FILL_AREA_STYLE ('',( #938 ) ) ;
#5030 = SURFACE_STYLE_USAGE ( .BOTH. , #10385 ) ;
#5031 = SURFACE_STYLE_FILL_AREA ( #9911 ) ;
#5032 = CARTESIAN_POINT ( 'NONE',  ( -5.250000000000000900, 0.0000000000000000000, 3.899999999999999900 ) ) ;
#5033 = ORIENTED_EDGE ( 'NONE', *, *, #18, .T. ) ;
#5034 = ORIENTED_EDGE ( 'NONE', *, *, #649, .F. ) ;
#5035 = CARTESIAN_POINT ( 'NONE',  ( 5.178314331235999800, -3.843314331235951000, -0.9249985170462027300 ) ) ;
#5036 = EDGE_CURVE ( 'NONE', #8903, #712, #11410, .T. ) ;
#5037 = CARTESIAN_POINT ( 'NONE',  ( -5.350000000000004100, -0.2000000000000002600, -2.300000000000000700 ) ) ;
#5038 =( GEOMETRIC_REPRESENTATION_CONTEXT ( 3 ) GLOBAL_UNCERTAINTY_ASSIGNED_CONTEXT ( ( #1298 ) ) GLOBAL_UNIT_ASSIGNED_CONTEXT ( ( #11259, #5925, #611 ) ) REPRESENTATION_CONTEXT ( 'NONE', 'WORKASPACE' ) );
#5039 = SURFACE_SIDE_STYLE ('',( #10674 ) ) ;
#5040 = ORIENTED_EDGE ( 'NONE', *, *, #3701, .T. ) ;
#5041 = FILL_AREA_STYLE_COLOUR ( '', #10579 ) ;
#5042 = LINE ( 'NONE', #11045, #3158 ) ;
#5043 = CARTESIAN_POINT ( 'NONE',  ( 5.050000000000003400, -3.390000000000000100, -0.9250000000000006000 ) ) ;
#5044 =( BOUNDED_CURVE ( )  B_SPLINE_CURVE ( 3, ( #788, #11446, #2632, #8786 ),
 .UNSPECIFIED., .F., .T. ) 
 B_SPLINE_CURVE_WITH_KNOTS ( ( 4, 4 ),
 ( 2.070128709453317500E-016, 1.570796326794896800 ),
 .UNSPECIFIED. ) 
 CURVE ( )  GEOMETRIC_REPRESENTATION_ITEM ( )  RATIONAL_B_SPLINE_CURVE ( ( 1.000000000000000000, 0.8047378541243649400, 0.8047378541243649400, 1.000000000000000000 ) ) 
 REPRESENTATION_ITEM ( '' )  );
#5045 = SURFACE_STYLE_FILL_AREA ( #11425 ) ;
#5046 = SURFACE_STYLE_FILL_AREA ( #8779 ) ;
#5047 = DIRECTION ( 'NONE',  ( -1.000000000000000000, -1.426581805901979400E-016, -2.209081482755458100E-016 ) ) ;
#5048 = VERTEX_POINT ( 'NONE', #6183 ) ;
#5049 = ORIENTED_EDGE ( 'NONE', *, *, #1953, .F. ) ;
#5050 = SURFACE_STYLE_FILL_AREA ( #5444 ) ;
#5051 = CIRCLE ( 'NONE', #2469, 0.8000000000000003800 ) ;
#5052 = STYLED_ITEM ( 'NONE', ( #9142 ), #535 ) ;
#5053 = ORIENTED_EDGE ( 'NONE', *, *, #9571, .T. ) ;
#5054 = EDGE_CURVE ( 'NONE', #8408, #3286, #4320, .T. ) ;
#5055 =( NAMED_UNIT ( * ) SI_UNIT ( $, .STERADIAN. ) SOLID_ANGLE_UNIT ( ) );
#5056 =( GEOMETRIC_REPRESENTATION_CONTEXT ( 3 ) GLOBAL_UNCERTAINTY_ASSIGNED_CONTEXT ( ( #5778 ) ) GLOBAL_UNIT_ASSIGNED_CONTEXT ( ( #7241, #8555, #10351 ) ) REPRESENTATION_CONTEXT ( 'NONE', 'WORKASPACE' ) );
#5057 = DIRECTION ( 'NONE',  ( 1.426581805901975000E-016, -1.000000000000000000, -2.140309255008997200E-017 ) ) ;
#5058 = VECTOR ( 'NONE', #839, 1000.000000000000000 ) ;
#5059 = LINE ( 'NONE', #1653, #2212 ) ;
#5060 =( LENGTH_UNIT ( ) NAMED_UNIT ( * ) SI_UNIT ( .MILLI., .METRE. ) );
#5061 = CARTESIAN_POINT ( 'NONE',  ( -5.170000000000001700, -4.015000000000000600, -1.007842712474619700 ) ) ;
#5062 = VERTEX_POINT ( 'NONE', #4284 ) ;
#5063 = LINE ( 'NONE', #7042, #7150 ) ;
#5064 = ORIENTED_EDGE ( 'NONE', *, *, #2312, .T. ) ;
#5065 = DIRECTION ( 'NONE',  ( -4.148575905034070400E-017, -0.6887494619146932200, 0.7249994335944136600 ) ) ;
#5066 = ADVANCED_FACE ( 'NONE', ( #8746 ), #5104, .T. ) ;
#5067 = VERTEX_POINT ( 'NONE', #4501 ) ;
#5068 = MECHANICAL_DESIGN_GEOMETRIC_PRESENTATION_REPRESENTATION (  '', ( #3933 ), #5674 ) ;
#5069 = AXIS2_PLACEMENT_3D ( 'NONE', #8977, #3671, #9883 ) ;
#5070 = CARTESIAN_POINT ( 'NONE',  ( 5.120000000000003700, -3.815000000000000400, -3.650000000000001200 ) ) ;
#5071 = DIRECTION ( 'NONE',  ( 0.0000000000000000000, 0.0000000000000000000, -1.000000000000000000 ) ) ;
#5072 =( NAMED_UNIT ( * ) SI_UNIT ( $, .STERADIAN. ) SOLID_ANGLE_UNIT ( ) );
#5073 = VECTOR ( 'NONE', #2430, 1000.000000000000000 ) ;
#5074 = DIRECTION ( 'NONE',  ( 1.000000000000000000, -4.755272686339941200E-017, 4.095874873834128400E-016 ) ) ;
#5075 = LINE ( 'NONE', #10589, #7157 ) ;
#5076 = EDGE_CURVE ( 'NONE', #8081, #3253, #5540, .T. ) ;
#5077 = EDGE_CURVE ( 'NONE', #4739, #9983, #3237, .T. ) ;
#5078 = CARTESIAN_POINT ( 'NONE',  ( 5.344790894541744400, -3.834479089454173800, -1.072641633478907100 ) ) ;
#5079 = CARTESIAN_POINT ( 'NONE',  ( -3.350000000000001400, -0.2000000000000009000, -0.9249999999999998200 ) ) ;
#5080 = SURFACE_SIDE_STYLE ('',( #7457 ) ) ;
#5081 = VERTEX_POINT ( 'NONE', #3335 ) ;
#5082 = SURFACE_STYLE_FILL_AREA ( #9825 ) ;
#5083 = CARTESIAN_POINT ( 'NONE',  ( -5.150000000000002100, -3.815000000000000400, -0.9250000000000002700 ) ) ;
#5084 = COLOUR_RGB ( '',1.000000000000000000, 1.000000000000000000, 1.000000000000000000 ) ;
#5085 =( NAMED_UNIT ( * ) PLANE_ANGLE_UNIT ( ) SI_UNIT ( $, .RADIAN. ) );
#5086 = ORIENTED_EDGE ( 'NONE', *, *, #5424, .T. ) ;
#5087 = STYLED_ITEM ( 'NONE', ( #2245 ), #5365 ) ;
#5088 = PRODUCT_RELATED_PRODUCT_CATEGORY ( 'part', '', ( #1589 ) ) ;
#5089 = CARTESIAN_POINT ( 'NONE',  ( -5.250000000000002700, -3.865000000000000200, -3.899999999999999900 ) ) ;
#5090 = EDGE_CURVE ( 'NONE', #2135, #4306, #10030, .T. ) ;
#5091 = VECTOR ( 'NONE', #10968, 1000.000000000000000 ) ;
#5092 = ORIENTED_EDGE ( 'NONE', *, *, #9551, .T. ) ;
#5093 = CARTESIAN_POINT ( 'NONE',  ( -5.350000000000004100, -0.2000000000000007000, -2.250000000000000900 ) ) ;
#5094 = DIRECTION ( 'NONE',  ( 1.000000000000000000, 0.0000000000000000000, 0.0000000000000000000 ) ) ;
#5095 = SURFACE_STYLE_USAGE ( .BOTH. , #5216 ) ;
#5096 = DIRECTION ( 'NONE',  ( 2.014244061477911900E-016, 3.348823158252935100E-015, -1.000000000000000000 ) ) ;
#5097 = ORIENTED_EDGE ( 'NONE', *, *, #9892, .F. ) ;
#5098 = DIRECTION ( 'NONE',  ( -2.209081482755457800E-016, -1.426581805901979600E-016, 1.000000000000000000 ) ) ;
#5099 = SURFACE_STYLE_USAGE ( .BOTH. , #5593 ) ;
#5100 = EDGE_CURVE ( 'NONE', #11059, #7111, #7628, .T. ) ;
#5101 = CIRCLE ( 'NONE', #8272, 0.7999999999999999300 ) ;
#5102 = EDGE_CURVE ( 'NONE', #11258, #3836, #5259, .T. ) ;
#5103 =( GEOMETRIC_REPRESENTATION_CONTEXT ( 3 ) GLOBAL_UNCERTAINTY_ASSIGNED_CONTEXT ( ( #6720 ) ) GLOBAL_UNIT_ASSIGNED_CONTEXT ( ( #8778, #3493, #9693 ) ) REPRESENTATION_CONTEXT ( 'NONE', 'WORKASPACE' ) );
#5104 = PLANE ( 'NONE',  #10412 ) ;
#5105 = DIRECTION ( 'NONE',  ( 0.0000000000000000000, -3.252606517456513300E-015, 1.000000000000000000 ) ) ;
#5106 = UNCERTAINTY_MEASURE_WITH_UNIT (LENGTH_MEASURE( 1.000000000000000100E-005 ), #3224, 'distance_accuracy_value', 'NONE');
#5107 = EDGE_LOOP ( 'NONE', ( #8381, #3112, #7631, #5934 ) ) ;
#5108 = DIRECTION ( 'NONE',  ( -3.526005099788156900E-016, -1.000000000000000000, -1.426581805901980400E-016 ) ) ;
#5109 =( GEOMETRIC_REPRESENTATION_CONTEXT ( 3 ) GLOBAL_UNCERTAINTY_ASSIGNED_CONTEXT ( ( #11233 ) ) GLOBAL_UNIT_ASSIGNED_CONTEXT ( ( #5258, #5227, #5184 ) ) REPRESENTATION_CONTEXT ( 'NONE', 'WORKASPACE' ) );
#5110 = LINE ( 'NONE', #5716, #403 ) ;
#5111 = FACE_OUTER_BOUND ( 'NONE', #8847, .T. ) ;
#5112 = FACE_OUTER_BOUND ( 'NONE', #7698, .T. ) ;
#5113 = ORIENTED_EDGE ( 'NONE', *, *, #5623, .T. ) ;
#5114 = MECHANICAL_DESIGN_GEOMETRIC_PRESENTATION_REPRESENTATION (  '', ( #5356 ), #4773 ) ;
#5115 =( LENGTH_UNIT ( ) NAMED_UNIT ( * ) SI_UNIT ( .MILLI., .METRE. ) );
#5116 = DIRECTION ( 'NONE',  ( 0.0000000000000000000, 0.0000000000000000000, 1.000000000000000000 ) ) ;
#5117 = MECHANICAL_DESIGN_GEOMETRIC_PRESENTATION_REPRESENTATION (  '', ( #2797 ), #5732 ) ;
#5118 = ADVANCED_FACE ( 'NONE', ( #7903 ), #2270, .F. ) ;
#5119 = ORIENTED_EDGE ( 'NONE', *, *, #5090, .T. ) ;
#5120 = STYLED_ITEM ( 'NONE', ( #4065 ), #2397 ) ;
#5121 = CARTESIAN_POINT ( 'NONE',  ( 5.050000000000002500, -1.870000000000000100, -1.125000000000000400 ) ) ;
#5122 = PRESENTATION_STYLE_ASSIGNMENT (( #5576 ) ) ;
#5123 = FACE_OUTER_BOUND ( 'NONE', #10671, .T. ) ;
#5124 = LINE ( 'NONE', #5941, #7502 ) ;
#5125 = ORIENTED_EDGE ( 'NONE', *, *, #6413, .T. ) ;
#5126 = ORIENTED_EDGE ( 'NONE', *, *, #7556, .T. ) ;
#5127 = VERTEX_POINT ( 'NONE', #2345 ) ;
#5128 = PRESENTATION_LAYER_ASSIGNMENT (  '', '', ( #3609 ) ) ;
#5129 = DIRECTION ( 'NONE',  ( 1.000000000000000000, 0.0000000000000000000, 0.0000000000000000000 ) ) ;
#5130 = AXIS2_PLACEMENT_3D ( 'NONE', #10603, #10948, #5573 ) ;
#5132 = MECHANICAL_DESIGN_GEOMETRIC_PRESENTATION_REPRESENTATION (  '', ( #6252 ), #5109 ) ;
#5131 = PRESENTATION_LAYER_ASSIGNMENT (  '', '', ( #3995 ) ) ;
#5133 = CARTESIAN_POINT ( 'NONE',  ( 3.350000000000002300, -3.715000000000001200, 1.124999999999999600 ) ) ;
#5134 =( LENGTH_UNIT ( ) NAMED_UNIT ( * ) SI_UNIT ( .MILLI., .METRE. ) );
#5135 =( GEOMETRIC_REPRESENTATION_CONTEXT ( 3 ) GLOBAL_UNCERTAINTY_ASSIGNED_CONTEXT ( ( #8683 ) ) GLOBAL_UNIT_ASSIGNED_CONTEXT ( ( #9805, #9770, #9063 ) ) REPRESENTATION_CONTEXT ( 'NONE', 'WORKASPACE' ) );
#5136 =( LENGTH_UNIT ( ) NAMED_UNIT ( * ) SI_UNIT ( .MILLI., .METRE. ) );
#5137 = ORIENTED_EDGE ( 'NONE', *, *, #902, .T. ) ;
#5138 = EDGE_CURVE ( 'NONE', #7869, #8362, #7608, .T. ) ;
#5139 = CARTESIAN_POINT ( 'NONE',  ( 5.150000000000003000, -0.4000000000000011300, 0.9250000000000000400 ) ) ;
#5140 = CARTESIAN_POINT ( 'NONE',  ( 2.950000000000002800, -3.365000000000000700, 1.800000000000000500 ) ) ;
#5141 = ORIENTED_EDGE ( 'NONE', *, *, #4859, .T. ) ;
#5142 = CARTESIAN_POINT ( 'NONE',  ( -5.050000000000003400, -3.665000000000000900, -2.625000000000000000 ) ) ;
#5143 = ORIENTED_EDGE ( 'NONE', *, *, #4378, .F. ) ;
#5144 = VECTOR ( 'NONE', #9327, 1000.000000000000000 ) ;
#5145 = CARTESIAN_POINT ( 'NONE',  ( -5.100000000000002300, -1.870000000000000600, -1.125000000000000700 ) ) ;
#5146 = LINE ( 'NONE', #1227, #9624 ) ;
#5147 = DIRECTION ( 'NONE',  ( -1.426581805901978900E-016, -1.000000000000000000, -5.040589047520329600E-016 ) ) ;
#5148 = UNCERTAINTY_MEASURE_WITH_UNIT (LENGTH_MEASURE( 1.000000000000000100E-005 ), #3418, 'distance_accuracy_value', 'NONE');
#5149 = VERTEX_POINT ( 'NONE', #1774 ) ;
#5150 = ORIENTED_EDGE ( 'NONE', *, *, #3721, .F. ) ;
#5151 = DIRECTION ( 'NONE',  ( 0.0000000000000000000, 0.0000000000000000000, 1.000000000000000000 ) ) ;
#5152 =( GEOMETRIC_REPRESENTATION_CONTEXT ( 3 ) GLOBAL_UNCERTAINTY_ASSIGNED_CONTEXT ( ( #9159 ) ) GLOBAL_UNIT_ASSIGNED_CONTEXT ( ( #4600, #4558, #4472 ) ) REPRESENTATION_CONTEXT ( 'NONE', 'WORKASPACE' ) );
#5153 =( GEOMETRIC_REPRESENTATION_CONTEXT ( 3 ) GLOBAL_UNCERTAINTY_ASSIGNED_CONTEXT ( ( #786 ) ) GLOBAL_UNIT_ASSIGNED_CONTEXT ( ( #3737, #9949, #4612 ) ) REPRESENTATION_CONTEXT ( 'NONE', 'WORKASPACE' ) );
#5154 = ORIENTED_EDGE ( 'NONE', *, *, #3360, .F. ) ;
#5155 = PRESENTATION_LAYER_ASSIGNMENT (  '', '', ( #1318 ) ) ;
#5156 = DIRECTION ( 'NONE',  ( 1.426581805901979600E-016, -1.000000000000000000, -2.725027521453481900E-016 ) ) ;
#5157 = LINE ( 'NONE', #5845, #9923 ) ;
#5158 = EDGE_CURVE ( 'NONE', #3400, #433, #5236, .T. ) ;
#5159 = CARTESIAN_POINT ( 'NONE',  ( 5.249999999999997300, 0.0000000000000000000, -5.000000000000001800 ) ) ;
#5160 = LINE ( 'NONE', #11302, #2855 ) ;
#5161 = SURFACE_STYLE_USAGE ( .BOTH. , #5238 ) ;
#5162 = DIRECTION ( 'NONE',  ( 1.000000000000000000, 0.0000000000000000000, 0.0000000000000000000 ) ) ;
#5163 = VECTOR ( 'NONE', #11083, 1000.000000000000000 ) ;
#5164 = VERTEX_POINT ( 'NONE', #1257 ) ;
#5165 = UNCERTAINTY_MEASURE_WITH_UNIT (LENGTH_MEASURE( 1.000000000000000100E-005 ), #10240, 'distance_accuracy_value', 'NONE');
#5166 = DIRECTION ( 'NONE',  ( 0.0000000000000000000, -1.000000000000000000, 0.0000000000000000000 ) ) ;
#5167 = PLANE ( 'NONE',  #4811 ) ;
#5168 = EDGE_LOOP ( 'NONE', ( #2718, #5745, #2024, #4637 ) ) ;
#5169 = AXIS2_PLACEMENT_3D ( 'NONE', #9260, #9683, #10425 ) ;
#5170 = EDGE_CURVE ( 'NONE', #11210, #8983, #9715, .T. ) ;
#5171 =( NAMED_UNIT ( * ) SI_UNIT ( $, .STERADIAN. ) SOLID_ANGLE_UNIT ( ) );
#5172 = ORIENTED_EDGE ( 'NONE', *, *, #4314, .T. ) ;
#5173 = STYLED_ITEM ( 'NONE', ( #9720 ), #8099 ) ;
#5174 = FILL_AREA_STYLE_COLOUR ( '', #9788 ) ;
#5175 = CARTESIAN_POINT ( 'NONE',  ( -5.120000000000001900, -0.2000000000000013200, 2.350000000000001000 ) ) ;
#5176 = FACE_OUTER_BOUND ( 'NONE', #4189, .T. ) ;
#5177 = ORIENTED_EDGE ( 'NONE', *, *, #475, .T. ) ;
#5179 = DIRECTION ( 'NONE',  ( 2.409338161078898200E-017, -1.426581805901979900E-016, 1.000000000000000000 ) ) ;
#5178 = FILL_AREA_STYLE ('',( #2605 ) ) ;
#5180 = CARTESIAN_POINT ( 'NONE',  ( -5.050000000000003400, -3.665000000000000500, -3.899999999999999500 ) ) ;
#5181 = ADVANCED_FACE ( 'NONE', ( #523 ), #1217, .F. ) ;
#5182 = SURFACE_STYLE_FILL_AREA ( #6177 ) ;
#5183 = COLOUR_RGB ( '',1.000000000000000000, 1.000000000000000000, 1.000000000000000000 ) ;
#5184 =( NAMED_UNIT ( * ) SI_UNIT ( $, .STERADIAN. ) SOLID_ANGLE_UNIT ( ) );
#5185 = PRESENTATION_LAYER_ASSIGNMENT (  '', '', ( #6252 ) ) ;
#5186 = VERTEX_POINT ( 'NONE', #993 ) ;
#5187 = DIRECTION ( 'NONE',  ( 0.0000000000000000000, 2.710505431213759600E-016, -1.000000000000000000 ) ) ;
#5188 =( NAMED_UNIT ( * ) PLANE_ANGLE_UNIT ( ) SI_UNIT ( $, .RADIAN. ) );
#5189 = DIRECTION ( 'NONE',  ( -7.553600721220332200E-017, -2.140309255009064400E-017, 1.000000000000000000 ) ) ;
#5190 = FACE_OUTER_BOUND ( 'NONE', #9118, .T. ) ;
#5191 = UNCERTAINTY_MEASURE_WITH_UNIT (LENGTH_MEASURE( 1.000000000000000100E-005 ), #7684, 'distance_accuracy_value', 'NONE');
#5192 = MECHANICAL_DESIGN_GEOMETRIC_PRESENTATION_REPRESENTATION (  '', ( #4040 ), #5803 ) ;
#5193 = CARTESIAN_POINT ( 'NONE',  ( 4.850000000000002300, -3.390000000000000600, -1.125000000000000700 ) ) ;
#5194 = LINE ( 'NONE', #9427, #7275 ) ;
#5195 = MECHANICAL_DESIGN_GEOMETRIC_PRESENTATION_REPRESENTATION (  '', ( #5277 ), #5056 ) ;
#5196 = ORIENTED_EDGE ( 'NONE', *, *, #6273, .F. ) ;
#5197 = EDGE_LOOP ( 'NONE', ( #9445, #3142 ) ) ;
#5198 = CARTESIAN_POINT ( 'NONE',  ( -3.355000000000002200, -3.839999999999991400, -0.7500000000000125500 ) ) ;
#5199 = APPLICATION_CONTEXT ( 'automotive_design' ) ;
#5200 = VERTEX_POINT ( 'NONE', #170 ) ;
#5201 = ORIENTED_EDGE ( 'NONE', *, *, #9858, .T. ) ;
#5202 = CARTESIAN_POINT ( 'NONE',  ( -3.350000000000001400, -3.715000000000001200, -1.125000000000000400 ) ) ;
#5203 = DIRECTION ( 'NONE',  ( 7.553600721220374100E-017, 3.348823158252935500E-015, -1.000000000000000000 ) ) ;
#5204 = CARTESIAN_POINT ( 'NONE',  ( -4.350000000000004100, -3.715000000000000700, -0.9250000000000006000 ) ) ;
#5205 = LINE ( 'NONE', #1008, #2635 ) ;
#5206 = PRESENTATION_STYLE_ASSIGNMENT (( #4665 ) ) ;
#5207 = LINE ( 'NONE', #10050, #9976 ) ;
#5208 =( NAMED_UNIT ( * ) SI_UNIT ( $, .STERADIAN. ) SOLID_ANGLE_UNIT ( ) );
#5209 = ORIENTED_EDGE ( 'NONE', *, *, #1738, .T. ) ;
#5210 = COLOUR_RGB ( '',0.9098039215686274400, 0.4431372549019607600, 0.03137254901960784300 ) ;
#5211 = EDGE_CURVE ( 'NONE', #9470, #9202, #4161, .T. ) ;
#5212 = EDGE_LOOP ( 'NONE', ( #1773, #8165, #8150, #3326, #8374, #6284, #8610, #5574, #8145 ) ) ;
#5213 = EDGE_CURVE ( 'NONE', #11248, #1663, #8858, .T. ) ;
#5214 = ORIENTED_EDGE ( 'NONE', *, *, #1131, .F. ) ;
#5215 = LINE ( 'NONE', #6612, #9990 ) ;
#5216 = SURFACE_SIDE_STYLE ('',( #3763 ) ) ;
#5217 = LINE ( 'NONE', #734, #2915 ) ;
#5218 = DIRECTION ( 'NONE',  ( 1.000000000000000000, -1.426581805901979900E-016, 1.927470528863118800E-016 ) ) ;
#5219 = VECTOR ( 'NONE', #1283, 1000.000000000000000 ) ;
#5220 = UNCERTAINTY_MEASURE_WITH_UNIT (LENGTH_MEASURE( 1.000000000000000100E-005 ), #21, 'distance_accuracy_value', 'NONE');
#5221 = FILL_AREA_STYLE_COLOUR ( '', #7137 ) ;
#5222 = CARTESIAN_POINT ( 'NONE',  ( -3.350000000000002800, -1.870000000000001900, 3.650000000000000400 ) ) ;
#5223 = CARTESIAN_POINT ( 'NONE',  ( 4.350000000000005000, -3.715000000000000700, -0.9250000000000008200 ) ) ;
#5224 = MECHANICAL_DESIGN_GEOMETRIC_PRESENTATION_REPRESENTATION (  '', ( #4076 ), #5833 ) ;
#5225 =( GEOMETRIC_REPRESENTATION_CONTEXT ( 3 ) GLOBAL_UNCERTAINTY_ASSIGNED_CONTEXT ( ( #11061 ) ) GLOBAL_UNIT_ASSIGNED_CONTEXT ( ( #6732, #1445, #7627 ) ) REPRESENTATION_CONTEXT ( 'NONE', 'WORKASPACE' ) );
#5226 = SURFACE_STYLE_USAGE ( .BOTH. , #9920 ) ;
#5227 =( NAMED_UNIT ( * ) PLANE_ANGLE_UNIT ( ) SI_UNIT ( $, .RADIAN. ) );
#5228 = VERTEX_POINT ( 'NONE', #11 ) ;
#5229 = CARTESIAN_POINT ( 'NONE',  ( -5.050000000000001600, -3.390000000000000100, -0.9250000000000009300 ) ) ;
#5230 = DIRECTION ( 'NONE',  ( 6.736636305648237600E-017, -1.000000000000000000, -1.426581805901979400E-016 ) ) ;
#5231 = EDGE_CURVE ( 'NONE', #9248, #1114, #6194, .T. ) ;
#5232 = FACE_OUTER_BOUND ( 'NONE', #5464, .T. ) ;
#5233 = SURFACE_STYLE_USAGE ( .BOTH. , #10583 ) ;
#5234 = UNCERTAINTY_MEASURE_WITH_UNIT (LENGTH_MEASURE( 1.000000000000000100E-005 ), #2490, 'distance_accuracy_value', 'NONE');
#5235 = DIRECTION ( 'NONE',  ( 0.0000000000000000000, -1.000000000000000000, 0.0000000000000000000 ) ) ;
#5236 = CIRCLE ( 'NONE', #9039, 0.1999999999999999800 ) ;
#5237 = EDGE_LOOP ( 'NONE', ( #35, #1272, #3538, #1120 ) ) ;
#5238 = SURFACE_SIDE_STYLE ('',( #10572 ) ) ;
#5239 = SURFACE_STYLE_FILL_AREA ( #2118 ) ;
#5240 = ADVANCED_FACE ( 'NONE', ( #11228 ), #9854, .T. ) ;
#5241 = DIRECTION ( 'NONE',  ( -2.465190328815661900E-032, -1.426581805901979400E-016, 1.000000000000000000 ) ) ;
#5242 = EDGE_CURVE ( 'NONE', #3253, #8192, #7738, .T. ) ;
#5243 = FILL_AREA_STYLE_COLOUR ( '', #3568 ) ;
#5244 = PRESENTATION_STYLE_ASSIGNMENT (( #4537 ) ) ;
#5245 = CARTESIAN_POINT ( 'NONE',  ( -5.350000000000004100, -0.2000000000000013700, 2.250000000000000900 ) ) ;
#5246 = ORIENTED_EDGE ( 'NONE', *, *, #157, .T. ) ;
#5247 = COLOUR_RGB ( '',1.000000000000000000, 1.000000000000000000, 1.000000000000000000 ) ;
#5248 = SURFACE_STYLE_USAGE ( .BOTH. , #530 ) ;
#5249 = CARTESIAN_POINT ( 'NONE',  ( 5.150000000000003000, -0.2000000000000008200, -1.124999999999999600 ) ) ;
#5250 = LINE ( 'NONE', #998, #10020 ) ;
#5251 = CYLINDRICAL_SURFACE ( 'NONE', #3278, 0.04999999999999969700 ) ;
#5252 = SURFACE_SIDE_STYLE ('',( #8662 ) ) ;
#5253 = UNCERTAINTY_MEASURE_WITH_UNIT (LENGTH_MEASURE( 1.000000000000000100E-005 ), #6141, 'distance_accuracy_value', 'NONE');
#5254 = DIRECTION ( 'NONE',  ( 3.469446951953611000E-015, 1.000000000000000000, 0.0000000000000000000 ) ) ;
#5255 = EDGE_CURVE ( 'NONE', #2230, #10280, #5368, .T. ) ;
#5256 = MECHANICAL_DESIGN_GEOMETRIC_PRESENTATION_REPRESENTATION (  '', ( #9286 ), #5964 ) ;
#5257 = AXIS2_PLACEMENT_3D ( 'NONE', #6495, #1209, #7408 ) ;
#5258 =( LENGTH_UNIT ( ) NAMED_UNIT ( * ) SI_UNIT ( .MILLI., .METRE. ) );
#5259 = LINE ( 'NONE', #2496, #9744 ) ;
#5260 = LINE ( 'NONE', #9333, #2962 ) ;
#5261 = DIRECTION ( 'NONE',  ( 2.465190328815661900E-032, 1.426581805901979900E-016, -1.000000000000000000 ) ) ;
#5262 = PRESENTATION_LAYER_ASSIGNMENT (  '', '', ( #5277 ) ) ;
#5263 =( NAMED_UNIT ( * ) SI_UNIT ( $, .STERADIAN. ) SOLID_ANGLE_UNIT ( ) );
#5264 = ORIENTED_EDGE ( 'NONE', *, *, #7319, .F. ) ;
#5265 = DIRECTION ( 'NONE',  ( -1.000000000000000000, -1.426581805901979400E-016, -1.927470528863119300E-016 ) ) ;
#5266 = ORIENTED_EDGE ( 'NONE', *, *, #7541, .T. ) ;
#5267 = DIRECTION ( 'NONE',  ( -1.079575420682579900E-017, -1.000000000000000000, -1.426581805901979900E-016 ) ) ;
#5268 = VERTEX_POINT ( 'NONE', #9087 ) ;
#5269 = PRESENTATION_LAYER_ASSIGNMENT (  '', '', ( #8854 ) ) ;
#5270 = LINE ( 'NONE', #1388, #2973 ) ;
#5271 = FACE_OUTER_BOUND ( 'NONE', #9813, .T. ) ;
#5272 = LINE ( 'NONE', #6071, #10043 ) ;
#5273 = SURFACE_STYLE_USAGE ( .BOTH. , #7174 ) ;
#5274 = VERTEX_POINT ( 'NONE', #4212 ) ;
#5275 = ORIENTED_EDGE ( 'NONE', *, *, #1838, .T. ) ;
#5276 = EDGE_CURVE ( 'NONE', #3715, #7994, #7464, .T. ) ;
#5277 = STYLED_ITEM ( 'NONE', ( #2618 ), #1928 ) ;
#5278 =( NAMED_UNIT ( * ) PLANE_ANGLE_UNIT ( ) SI_UNIT ( $, .RADIAN. ) );
#5279 = DIRECTION ( 'NONE',  ( -1.426581805901979600E-016, 1.000000000000000000, 1.426581805901979400E-016 ) ) ;
#5280 = ORIENTED_EDGE ( 'NONE', *, *, #1838, .F. ) ;
#5281 = CARTESIAN_POINT ( 'NONE',  ( -5.350000000000002300, -0.2000000000000012600, 1.007842712474619000 ) ) ;
#5282 = LINE ( 'NONE', #4755, #9764 ) ;
#5283 = CARTESIAN_POINT ( 'NONE',  ( 5.170000000000002600, -3.835000000000000900, 3.849999999999999600 ) ) ;
#5284 = VECTOR ( 'NONE', #5807, 1000.000000000000000 ) ;
#5285 = VECTOR ( 'NONE', #495, 1000.000000000000000 ) ;
#5286 = COLOUR_RGB ( '',1.000000000000000000, 1.000000000000000000, 1.000000000000000000 ) ;
#5287 = EDGE_LOOP ( 'NONE', ( #1943, #7672, #8413, #9634, #7428, #10061, #6897, #11437, #3712, #2661, #10477, #962, #1016, #4209, #9563, #6463 ) ) ;
#5288 = ORIENTED_EDGE ( 'NONE', *, *, #2779, .F. ) ;
#5289 =( NAMED_UNIT ( * ) SI_UNIT ( $, .STERADIAN. ) SOLID_ANGLE_UNIT ( ) );
#5290 = PRESENTATION_LAYER_ASSIGNMENT (  '', '', ( #5356 ) ) ;
#5291 =( GEOMETRIC_REPRESENTATION_CONTEXT ( 3 ) GLOBAL_UNCERTAINTY_ASSIGNED_CONTEXT ( ( #1261 ) ) GLOBAL_UNIT_ASSIGNED_CONTEXT ( ( #7010, #6584, #5536 ) ) REPRESENTATION_CONTEXT ( 'NONE', 'WORKASPACE' ) );
#5293 = PRESENTATION_LAYER_ASSIGNMENT (  '', '', ( #5566 ) ) ;
#5292 = PRESENTATION_LAYER_ASSIGNMENT (  '', '', ( #4715 ) ) ;
#5294 = ORIENTED_EDGE ( 'NONE', *, *, #4251, .T. ) ;
#5295 = DIRECTION ( 'NONE',  ( -2.209081482755457800E-016, -1.426581805901979600E-016, 1.000000000000000000 ) ) ;
#5296 = LINE ( 'NONE', #7047, #5017 ) ;
#5297 = PLANE ( 'NONE',  #10799 ) ;
#5298 = FACE_OUTER_BOUND ( 'NONE', #2187, .T. ) ;
#5299 = EDGE_CURVE ( 'NONE', #674, #8408, #663, .T. ) ;
#5300 = CARTESIAN_POINT ( 'NONE',  ( -5.160440761534691700, -3.919407615346898400, -0.9465649028722789000 ) ) ;
#5301 = SURFACE_SIDE_STYLE ('',( #3432 ) ) ;
#5302 = ORIENTED_EDGE ( 'NONE', *, *, #2144, .F. ) ;
#5303 = DIRECTION ( 'NONE',  ( 1.000000000000000000, -4.755272686339941200E-017, 4.095874873834128400E-016 ) ) ;
#5304 = CARTESIAN_POINT ( 'NONE',  ( 4.725000000000003200, -3.714999999999999400, -0.9250000000000006000 ) ) ;
#5305 = VERTEX_POINT ( 'NONE', #1119 ) ;
#5306 = SURFACE_SIDE_STYLE ('',( #1086 ) ) ;
#5307 = CYLINDRICAL_SURFACE ( 'NONE', #6637, 0.1999999999999996500 ) ;
#5308 = DIRECTION ( 'NONE',  ( 1.426581805901979600E-016, 1.000000000000000000, 1.426581805901980100E-016 ) ) ;
#5309 =( GEOMETRIC_REPRESENTATION_CONTEXT ( 3 ) GLOBAL_UNCERTAINTY_ASSIGNED_CONTEXT ( ( #3010 ) ) GLOBAL_UNIT_ASSIGNED_CONTEXT ( ( #3082, #3048, #2963 ) ) REPRESENTATION_CONTEXT ( 'NONE', 'WORKASPACE' ) );
#5310 = AXIS2_PLACEMENT_3D ( 'NONE', #3283, #9481, #4156 ) ;
#5311 = DIRECTION ( 'NONE',  ( -1.000000000000000000, -4.755272686339933800E-017, 2.409338161078898200E-017 ) ) ;
#5312 = EDGE_CURVE ( 'NONE', #4354, #10051, #4819, .T. ) ;
#5313 = VECTOR ( 'NONE', #8301, 1000.000000000000000 ) ;
#5314 = FILL_AREA_STYLE ('',( #5753 ) ) ;
#5315 = ORIENTED_EDGE ( 'NONE', *, *, #5054, .T. ) ;
#5316 = COLOUR_RGB ( '',1.000000000000000000, 1.000000000000000000, 1.000000000000000000 ) ;
#5317 = ORIENTED_EDGE ( 'NONE', *, *, #580, .F. ) ;
#5318 = CARTESIAN_POINT ( 'NONE',  ( -5.143025834725623500, -0.2105385864835119200, -2.348943284341092200 ) ) ;
#5319 = VECTOR ( 'NONE', #7085, 1000.000000000000000 ) ;
#5320 = TOROIDAL_SURFACE ( 'NONE', #5427, 0.3000000000000000400, 0.1250000000000000000 ) ;
#5321 = EDGE_CURVE ( 'NONE', #11135, #11210, #7171, .T. ) ;
#5322 = PRESENTATION_LAYER_ASSIGNMENT (  '', '', ( #3578 ) ) ;
#5323 = ORIENTED_EDGE ( 'NONE', *, *, #5897, .F. ) ;
#5324 = SURFACE_SIDE_STYLE ('',( #3387 ) ) ;
#5325 = ORIENTED_EDGE ( 'NONE', *, *, #8349, .F. ) ;
#5326 = ORIENTED_EDGE ( 'NONE', *, *, #5680, .F. ) ;
#5327 = COLOUR_RGB ( '',1.000000000000000000, 1.000000000000000000, 1.000000000000000000 ) ;
#5328 = FILL_AREA_STYLE_COLOUR ( '', #9416 ) ;
#5329 = VECTOR ( 'NONE', #3797, 1000.000000000000000 ) ;
#5330 = ORIENTED_EDGE ( 'NONE', *, *, #8917, .F. ) ;
#5331 = DIRECTION ( 'NONE',  ( 0.0000000000000000000, 0.0000000000000000000, -1.000000000000000000 ) ) ;
#5332 = CARTESIAN_POINT ( 'NONE',  ( 5.350000000000005000, -0.2000000000000009000, 2.300000000000000700 ) ) ;
#5333 = STYLED_ITEM ( 'NONE', ( #6421 ), #3060 ) ;
#5334 = VECTOR ( 'NONE', #274, 1000.000000000000000 ) ;
#5335 = VECTOR ( 'NONE', #7449, 1000.000000000000000 ) ;
#5336 =( NAMED_UNIT ( * ) PLANE_ANGLE_UNIT ( ) SI_UNIT ( $, .RADIAN. ) );
#5337 = SURFACE_STYLE_USAGE ( .BOTH. , #10687 ) ;
#5338 = SURFACE_SIDE_STYLE ('',( #7199 ) ) ;
#5339 = EDGE_LOOP ( 'NONE', ( #10085, #8585, #7934, #10341, #3808, #7335, #4605, #5391 ) ) ;
#5340 = DIRECTION ( 'NONE',  ( -6.736636305648237600E-017, 1.000000000000000000, 1.426581805901979400E-016 ) ) ;
#5341 = LINE ( 'NONE', #6493, #637 ) ;
#5342 = ORIENTED_EDGE ( 'NONE', *, *, #3301, .F. ) ;
#5343 = PRESENTATION_LAYER_ASSIGNMENT (  '', '', ( #4763 ) ) ;
#5344 = SURFACE_STYLE_USAGE ( .BOTH. , #10691 ) ;
#5345 = PRESENTATION_STYLE_ASSIGNMENT (( #1519 ) ) ;
#5346 = EDGE_LOOP ( 'NONE', ( #281, #1701, #5092, #889 ) ) ;
#5347 = DIRECTION ( 'NONE',  ( 0.0000000000000000000, 0.0000000000000000000, -1.000000000000000000 ) ) ;
#5348 = MECHANICAL_DESIGN_GEOMETRIC_PRESENTATION_REPRESENTATION (  '', ( #3034 ), #10495 ) ;
#5349 = COLOUR_RGB ( '',0.9098039215686274400, 0.4431372549019607600, 0.03137254901960784300 ) ;
#5350 = CIRCLE ( 'NONE', #9475, 0.1249999999999996800 ) ;
#5351 = FACE_OUTER_BOUND ( 'NONE', #2246, .T. ) ;
#5352 = DIRECTION ( 'NONE',  ( -0.0000000000000000000, -0.0000000000000000000, 1.000000000000000000 ) ) ;
#5353 = PLANE ( 'NONE',  #743 ) ;
#5354 = CARTESIAN_POINT ( 'NONE',  ( 3.350000000000003600, -3.714999999999999400, -0.8750000000000012200 ) ) ;
#5355 = ORIENTED_EDGE ( 'NONE', *, *, #5528, .F. ) ;
#5356 = STYLED_ITEM ( 'NONE', ( #10859 ), #4844 ) ;
#5357 = CARTESIAN_POINT ( 'NONE',  ( -5.250000000000000900, 0.0000000000000000000, -4.200000000000000200 ) ) ;
#5359 =( GEOMETRIC_REPRESENTATION_CONTEXT ( 3 ) GLOBAL_UNCERTAINTY_ASSIGNED_CONTEXT ( ( #7596 ) ) GLOBAL_UNIT_ASSIGNED_CONTEXT ( ( #6745, #1634, #11474 ) ) REPRESENTATION_CONTEXT ( 'NONE', 'WORKASPACE' ) );
#5358 = PRESENTATION_LAYER_ASSIGNMENT (  '', '', ( #3611 ) ) ;
#5360 = COLOUR_RGB ( '',1.000000000000000000, 1.000000000000000000, 1.000000000000000000 ) ;
#5361 = EDGE_CURVE ( 'NONE', #2553, #1060, #79, .T. ) ;
#5362 = EDGE_CURVE ( 'NONE', #704, #93, #9289, .T. ) ;
#5363 =( NAMED_UNIT ( * ) SI_UNIT ( $, .STERADIAN. ) SOLID_ANGLE_UNIT ( ) );
#5364 = CARTESIAN_POINT ( 'NONE',  ( -5.150000000000002100, -0.2300000000000004500, -3.850000000000000500 ) ) ;
#5365 = ADVANCED_FACE ( 'NONE', ( #380 ), #10543, .F. ) ;
#5366 = FILL_AREA_STYLE ('',( #4663 ) ) ;
#5367 = FILL_AREA_STYLE_COLOUR ( '', #3672 ) ;
#5368 = LINE ( 'NONE', #1330, #5091 ) ;
#5369 = PRESENTATION_STYLE_ASSIGNMENT (( #5718 ) ) ;
#5370 = FILL_AREA_STYLE ('',( #8230 ) ) ;
#5371 = UNCERTAINTY_MEASURE_WITH_UNIT (LENGTH_MEASURE( 1.000000000000000100E-005 ), #9561, 'distance_accuracy_value', 'NONE');
#5372 = ORIENTED_EDGE ( 'NONE', *, *, #9080, .F. ) ;
#5373 =( LENGTH_UNIT ( ) NAMED_UNIT ( * ) SI_UNIT ( .MILLI., .METRE. ) );
#5374 = FACE_OUTER_BOUND ( 'NONE', #7212, .T. ) ;
#5375 = SURFACE_SIDE_STYLE ('',( #5993 ) ) ;
#5376 = PRESENTATION_LAYER_ASSIGNMENT (  '', '', ( #5915 ) ) ;
#5377 = EDGE_CURVE ( 'NONE', #2350, #9759, #1362, .T. ) ;
#5378 = DIRECTION ( 'NONE',  ( 0.0000000000000000000, 1.000000000000000000, -2.168404344971012800E-015 ) ) ;
#5379 = CARTESIAN_POINT ( 'NONE',  ( 4.449999999999998400, 1.985000000000000300, 4.999999999999998200 ) ) ;
#5380 = ORIENTED_EDGE ( 'NONE', *, *, #7319, .T. ) ;
#5381 = COLOUR_RGB ( '',1.000000000000000000, 1.000000000000000000, 1.000000000000000000 ) ;
#5382 = DIRECTION ( 'NONE',  ( -1.927470528863119300E-016, 5.952404271712227000E-017, 1.000000000000000000 ) ) ;
#5383 = COLOUR_RGB ( '',1.000000000000000000, 1.000000000000000000, 1.000000000000000000 ) ;
#5384 = COLOUR_RGB ( '',0.9098039215686274400, 0.4431372549019607600, 0.03137254901960784300 ) ;
#5385 = DIRECTION ( 'NONE',  ( -1.000000000000000000, 0.0000000000000000000, -0.0000000000000000000 ) ) ;
#5386 = DIRECTION ( 'NONE',  ( -1.000000000000000000, 9.035018104045871900E-017, 0.0000000000000000000 ) ) ;
#5387 = DIRECTION ( 'NONE',  ( 1.000000000000000000, 1.426581805901979400E-016, 2.209081482755458100E-016 ) ) ;
#5388 = EDGE_CURVE ( 'NONE', #6742, #5048, #3742, .T. ) ;
#5389 = LINE ( 'NONE', #8350, #7765 ) ;
#5390 = CARTESIAN_POINT ( 'NONE',  ( 4.090000000000002500, 0.0000000000000000000, 3.100000000000001000 ) ) ;
#5391 = ORIENTED_EDGE ( 'NONE', *, *, #3472, .F. ) ;
#5392 = UNCERTAINTY_MEASURE_WITH_UNIT (LENGTH_MEASURE( 1.000000000000000100E-005 ), #1469, 'distance_accuracy_value', 'NONE');
#5394 = ORIENTED_EDGE ( 'NONE', *, *, #5929, .F. ) ;
#5393 =( NAMED_UNIT ( * ) PLANE_ANGLE_UNIT ( ) SI_UNIT ( $, .RADIAN. ) );
#5395 =( NAMED_UNIT ( * ) PLANE_ANGLE_UNIT ( ) SI_UNIT ( $, .RADIAN. ) );
#5396 = LINE ( 'NONE', #5304, #7498 ) ;
#5397 = CARTESIAN_POINT ( 'NONE',  ( -5.170000000000002600, -3.835000000000000400, 1.124999999999999800 ) ) ;
#5398 = FILL_AREA_STYLE ('',( #3890 ) ) ;
#5399 = COLOUR_RGB ( '',1.000000000000000000, 1.000000000000000000, 1.000000000000000000 ) ;
#5400 = VECTOR ( 'NONE', #6450, 1000.000000000000000 ) ;
#5401 = SURFACE_STYLE_FILL_AREA ( #11489 ) ;
#5402 = DIRECTION ( 'NONE',  ( 1.000000000000000000, -4.755272686339936200E-017, -2.409338161078900700E-017 ) ) ;
#5403 = EDGE_CURVE ( 'NONE', #7633, #8471, #8421, .T. ) ;
#5404 = EDGE_LOOP ( 'NONE', ( #961, #8980, #5853, #2190 ) ) ;
#5405 = MECHANICAL_DESIGN_GEOMETRIC_PRESENTATION_REPRESENTATION (  '', ( #4254 ), #6002 ) ;
#5406 = VERTEX_POINT ( 'NONE', #2964 ) ;
#5407 =( NAMED_UNIT ( * ) PLANE_ANGLE_UNIT ( ) SI_UNIT ( $, .RADIAN. ) );
#5408 = PRESENTATION_STYLE_ASSIGNMENT (( #6207 ) ) ;
#5409 = DIRECTION ( 'NONE',  ( 0.0000000000000000000, 1.000000000000000000, -0.0000000000000000000 ) ) ;
#5410 = STYLED_ITEM ( 'NONE', ( #2473 ), #2981 ) ;
#5411 = DIRECTION ( 'NONE',  ( -7.553600721220332200E-017, -1.426581805901979900E-016, 1.000000000000000000 ) ) ;
#5412 = PRESENTATION_STYLE_ASSIGNMENT (( #6838 ) ) ;
#5413 = SURFACE_STYLE_FILL_AREA ( #7630 ) ;
#5414 = VECTOR ( 'NONE', #7194, 1000.000000000000000 ) ;
#5415 = CARTESIAN_POINT ( 'NONE',  ( -5.150000000000002100, -0.2000000000000004600, -3.850000000000000500 ) ) ;
#5416 = DIRECTION ( 'NONE',  ( -1.000000000000000000, 3.634139519433330100E-015, -7.553600721219157500E-017 ) ) ;
#5417 = ADVANCED_FACE ( 'NONE', ( #3467 ), #228, .T. ) ;
#5418 = ORIENTED_EDGE ( 'NONE', *, *, #7032, .T. ) ;
#5419 = VECTOR ( 'NONE', #1744, 1000.000000000000000 ) ;
#5420 = AXIS2_PLACEMENT_3D ( 'NONE', #9540, #9464, #9435 ) ;
#5421 = DIRECTION ( 'NONE',  ( 0.0000000000000000000, 0.0000000000000000000, -1.000000000000000000 ) ) ;
#5422 = DIRECTION ( 'NONE',  ( -1.000000000000000000, -1.426581805901979400E-016, -1.927470528863119300E-016 ) ) ;
#5423 = SURFACE_STYLE_FILL_AREA ( #1218 ) ;
#5424 = EDGE_CURVE ( 'NONE', #4169, #7778, #2653, .T. ) ;
#5425 = ORIENTED_EDGE ( 'NONE', *, *, #9551, .F. ) ;
#5426 = ORIENTED_EDGE ( 'NONE', *, *, #9304, .F. ) ;
#5427 = AXIS2_PLACEMENT_3D ( 'NONE', #620, #1517, #9042 ) ;
#5428 =( NAMED_UNIT ( * ) SI_UNIT ( $, .STERADIAN. ) SOLID_ANGLE_UNIT ( ) );
#5429 = ADVANCED_FACE ( 'NONE', ( #7314 ), #3884, .T. ) ;
#5430 = CARTESIAN_POINT ( 'NONE',  ( 5.270281719800238700, -3.935281719800235700, 0.9508589309545163500 ) ) ;
#5431 = VERTEX_POINT ( 'NONE', #10743 ) ;
#5432 = FILL_AREA_STYLE_COLOUR ( '', #8838 ) ;
#5433 = VECTOR ( 'NONE', #11136, 1000.000000000000000 ) ;
#5434 = FILL_AREA_STYLE_COLOUR ( '', #6277 ) ;
#5435 =( GEOMETRIC_REPRESENTATION_CONTEXT ( 3 ) GLOBAL_UNCERTAINTY_ASSIGNED_CONTEXT ( ( #6063 ) ) GLOBAL_UNIT_ASSIGNED_CONTEXT ( ( #7475, #7512, #9009 ) ) REPRESENTATION_CONTEXT ( 'NONE', 'WORKASPACE' ) );
#5436 = CARTESIAN_POINT ( 'NONE',  ( -4.450000000000002800, 0.0000000000000000000, -4.200000000000000200 ) ) ;
#5437 = EDGE_LOOP ( 'NONE', ( #3521, #1268, #4429, #11206, #6729, #10571, #8928, #3180 ) ) ;
#5438 = AXIS2_PLACEMENT_3D ( 'NONE', #10620, #6549, #5862 ) ;
#5439 = STYLED_ITEM ( 'NONE', ( #2722 ), #6585 ) ;
#5440 = STYLED_ITEM ( 'NONE', ( #9334 ), #10696 ) ;
#5441 =( NAMED_UNIT ( * ) SI_UNIT ( $, .STERADIAN. ) SOLID_ANGLE_UNIT ( ) );
#5442 = DIRECTION ( 'NONE',  ( -6.736636305648237600E-017, -1.000000000000000000, -1.426581805901979900E-016 ) ) ;
#5443 =( GEOMETRIC_REPRESENTATION_CONTEXT ( 3 ) GLOBAL_UNCERTAINTY_ASSIGNED_CONTEXT ( ( #4094 ) ) GLOBAL_UNIT_ASSIGNED_CONTEXT ( ( #10683, #8414, #8865 ) ) REPRESENTATION_CONTEXT ( 'NONE', 'WORKASPACE' ) );
#5444 = FILL_AREA_STYLE ('',( #1535 ) ) ;
#5445 = EDGE_LOOP ( 'NONE', ( #9747, #275, #1780, #6438 ) ) ;
#5446 = EDGE_CURVE ( 'NONE', #8034, #11059, #6186, .T. ) ;
#5447 = DIRECTION ( 'NONE',  ( -3.526005099788157400E-016, -1.000000000000000000, -2.853163611803958800E-016 ) ) ;
#5448 = FILL_AREA_STYLE ('',( #1480 ) ) ;
#5449 = FACE_OUTER_BOUND ( 'NONE', #5694, .T. ) ;
#5450 =( NAMED_UNIT ( * ) SI_UNIT ( $, .STERADIAN. ) SOLID_ANGLE_UNIT ( ) );
#5451 = DIRECTION ( 'NONE',  ( -1.000000000000000000, -1.426581805901979600E-016, -3.504491870660229700E-017 ) ) ;
#5452 = CARTESIAN_POINT ( 'NONE',  ( 3.355000000000001300, -3.964999999999994500, 0.7500000000000015500 ) ) ;
#5453 =( GEOMETRIC_REPRESENTATION_CONTEXT ( 3 ) GLOBAL_UNCERTAINTY_ASSIGNED_CONTEXT ( ( #8425 ) ) GLOBAL_UNIT_ASSIGNED_CONTEXT ( ( #8791, #8749, #8553 ) ) REPRESENTATION_CONTEXT ( 'NONE', 'WORKASPACE' ) );
#5454 =( NAMED_UNIT ( * ) PLANE_ANGLE_UNIT ( ) SI_UNIT ( $, .RADIAN. ) );
#5455 = FILL_AREA_STYLE ('',( #6994 ) ) ;
#5456 = ORIENTED_EDGE ( 'NONE', *, *, #1788, .T. ) ;
#5457 = CARTESIAN_POINT ( 'NONE',  ( 5.050000000000003400, -3.665000000000000900, 3.899999999999999900 ) ) ;
#5458 = DIRECTION ( 'NONE',  ( -4.148575905034070400E-017, -0.6887494619146932200, 0.7249994335944136600 ) ) ;
#5459 = CIRCLE ( 'NONE', #10102, 0.1799999999999996000 ) ;
#5460 = EDGE_CURVE ( 'NONE', #722, #6665, #8562, .T. ) ;
#5461 = ORIENTED_EDGE ( 'NONE', *, *, #6713, .T. ) ;
#5462 = CARTESIAN_POINT ( 'NONE',  ( -5.250000000000000900, -3.865000000000000200, -5.000000000000000000 ) ) ;
#5463 = DIRECTION ( 'NONE',  ( -6.736636305648237600E-017, -1.000000000000000000, -1.426581805901979900E-016 ) ) ;
#5464 = EDGE_LOOP ( 'NONE', ( #789, #1041, #4664, #2337 ) ) ;
#5465 = CARTESIAN_POINT ( 'NONE',  ( 4.449999999999995700, 0.0000000000000000000, -5.000000000000000000 ) ) ;
#5466 = FILL_AREA_STYLE ('',( #5221 ) ) ;
#5467 = LINE ( 'NONE', #9386, #10247 ) ;
#5468 = FACE_OUTER_BOUND ( 'NONE', #4327, .T. ) ;
#5469 = SURFACE_SIDE_STYLE ('',( #4669 ) ) ;
#5470 = VERTEX_POINT ( 'NONE', #10783 ) ;
#5471 = ORIENTED_EDGE ( 'NONE', *, *, #2389, .T. ) ;
#5472 = ORIENTED_EDGE ( 'NONE', *, *, #2681, .T. ) ;
#5473 = DIRECTION ( 'NONE',  ( 0.0000000000000000000, -0.0000000000000000000, -1.000000000000000000 ) ) ;
#5474 = EDGE_CURVE ( 'NONE', #9791, #7847, #10673, .T. ) ;
#5475 = EDGE_LOOP ( 'NONE', ( #9082, #1808, #8117, #642 ) ) ;
#5476 = CARTESIAN_POINT ( 'NONE',  ( 0.0000000000000000000, -3.865000000000000200, 0.0000000000000000000 ) ) ;
#5477 =( GEOMETRIC_REPRESENTATION_CONTEXT ( 3 ) GLOBAL_UNCERTAINTY_ASSIGNED_CONTEXT ( ( #3350 ) ) GLOBAL_UNIT_ASSIGNED_CONTEXT ( ( #9018, #3716, #9930 ) ) REPRESENTATION_CONTEXT ( 'NONE', 'WORKASPACE' ) );
#5478 = ADVANCED_FACE ( 'NONE', ( #3591 ), #10275, .F. ) ;
#5479 = CARTESIAN_POINT ( 'NONE',  ( 5.120000000000003700, -3.785000000000001000, 3.849999999999999600 ) ) ;
#5480 = CARTESIAN_POINT ( 'NONE',  ( 5.249999999999999100, -3.865000000000000200, -4.200000000000000200 ) ) ;
#5481 = CIRCLE ( 'NONE', #6680, 0.03000000000000007900 ) ;
#5482 = MECHANICAL_DESIGN_GEOMETRIC_PRESENTATION_REPRESENTATION (  '', ( #3811 ), #875 ) ;
#5483 = CARTESIAN_POINT ( 'NONE',  ( 4.750000000000001800, 0.0000000000000000000, 1.799999999999999800 ) ) ;
#5484 = LINE ( 'NONE', #8877, #1052 ) ;
#5485 = DIRECTION ( 'NONE',  ( 0.0000000000000000000, 0.0000000000000000000, -1.000000000000000000 ) ) ;
#5486 =( NAMED_UNIT ( * ) PLANE_ANGLE_UNIT ( ) SI_UNIT ( $, .RADIAN. ) );
#5487 = AXIS2_PLACEMENT_3D ( 'NONE', #8491, #8102, #7678 ) ;
#5488 = ORIENTED_EDGE ( 'NONE', *, *, #7864, .F. ) ;
#5489 = ADVANCED_FACE ( 'NONE', ( #9847 ), #9051, .F. ) ;
#5490 =( NAMED_UNIT ( * ) SI_UNIT ( $, .STERADIAN. ) SOLID_ANGLE_UNIT ( ) );
#5491 = DIRECTION ( 'NONE',  ( -1.927470528863119300E-016, -3.448404038975182000E-016, 1.000000000000000000 ) ) ;
#5492 = LINE ( 'NONE', #10626, #7856 ) ;
#5493 = FACE_OUTER_BOUND ( 'NONE', #1157, .T. ) ;
#5494 = CARTESIAN_POINT ( 'NONE',  ( 5.150000000000003000, -3.815000000000000400, 0.9249999999999991600 ) ) ;
#5495 = DIRECTION ( 'NONE',  ( -1.000000000000000000, 0.0000000000000000000, 0.0000000000000000000 ) ) ;
#5496 = CARTESIAN_POINT ( 'NONE',  ( 5.150000000000003900, -1.870000000000000800, 1.175000000000000000 ) ) ;
#5497 = PRESENTATION_LAYER_ASSIGNMENT (  '', '', ( #4906 ) ) ;
#5498 = FACE_OUTER_BOUND ( 'NONE', #8835, .T. ) ;
#5499 = DIRECTION ( 'NONE',  ( 3.526005099788157400E-016, -1.000000000000000000, 5.952404271712233200E-017 ) ) ;
#5500 = DIRECTION ( 'NONE',  ( 0.0000000000000000000, -1.000000000000000000, 0.0000000000000000000 ) ) ;
#5501 = AXIS2_PLACEMENT_3D ( 'NONE', #6454, #5895, #1176 ) ;
#5502 = EDGE_LOOP ( 'NONE', ( #3781, #5912, #641, #9242, #4213 ) ) ;
#5503 = DIRECTION ( 'NONE',  ( -1.426581805901975000E-016, 1.000000000000000000, 2.140309255008997200E-017 ) ) ;
#5504 = FILL_AREA_STYLE_COLOUR ( '', #11145 ) ;
#5505 = CARTESIAN_POINT ( 'NONE',  ( 4.350000000000004100, -4.015000000000000600, -1.125000000000001100 ) ) ;
#5506 = LINE ( 'NONE', #7052, #3205 ) ;
#5507 = UNCERTAINTY_MEASURE_WITH_UNIT (LENGTH_MEASURE( 1.000000000000000100E-005 ), #10890, 'distance_accuracy_value', 'NONE');
#5508 = SURFACE_SIDE_STYLE ('',( #8184 ) ) ;
#5509 = DIRECTION ( 'NONE',  ( 1.000000000000000000, 0.0000000000000000000, 0.0000000000000000000 ) ) ;
#5510 = AXIS2_PLACEMENT_3D ( 'NONE', #10757, #10684, #10574 ) ;
#5511 = SURFACE_STYLE_USAGE ( .BOTH. , #10858 ) ;
#5512 = PRESENTATION_LAYER_ASSIGNMENT (  '', '', ( #4917 ) ) ;
#5513 =( GEOMETRIC_REPRESENTATION_CONTEXT ( 3 ) GLOBAL_UNCERTAINTY_ASSIGNED_CONTEXT ( ( #2708 ) ) GLOBAL_UNIT_ASSIGNED_CONTEXT ( ( #8801, #7452, #11347 ) ) REPRESENTATION_CONTEXT ( 'NONE', 'WORKASPACE' ) );
#5514 = MECHANICAL_DESIGN_GEOMETRIC_PRESENTATION_REPRESENTATION (  '', ( #2598 ), #6102 ) ;
#5515 = ITEM_DEFINED_TRANSFORMATION ( 'NONE', 'NONE', #11294,  #6489 ) ;
#5516 = EDGE_CURVE ( 'NONE', #8192, #7847, #1946, .T. ) ;
#5517 = EDGE_CURVE ( 'NONE', #10628, #8743, #4274, .T. ) ;
#5518 = CARTESIAN_POINT ( 'NONE',  ( -5.275000000000003000, -3.540000000000001400, 0.7499999999999880100 ) ) ;
#5519 = VECTOR ( 'NONE', #851, 1000.000000000000000 ) ;
#5520 = DIRECTION ( 'NONE',  ( 0.0000000000000000000, -1.626303258728256800E-015, -1.000000000000000000 ) ) ;
#5521 = UNCERTAINTY_MEASURE_WITH_UNIT (LENGTH_MEASURE( 1.000000000000000100E-005 ), #6915, 'distance_accuracy_value', 'NONE');
#5522 = PRESENTATION_STYLE_ASSIGNMENT (( #4323 ) ) ;
#5523 = VERTEX_POINT ( 'NONE', #8077 ) ;
#5524 = SURFACE_STYLE_USAGE ( .BOTH. , #7438 ) ;
#5525 = PRESENTATION_LAYER_ASSIGNMENT (  '', '', ( #4364 ) ) ;
#5526 = MECHANICAL_DESIGN_GEOMETRIC_PRESENTATION_REPRESENTATION (  '', ( #4365 ), #6126 ) ;
#5527 = ORIENTED_EDGE ( 'NONE', *, *, #9067, .F. ) ;
#5528 = EDGE_CURVE ( 'NONE', #10457, #7573, #4016, .T. ) ;
#5529 = CARTESIAN_POINT ( 'NONE',  ( -4.725000000000002300, -3.764999999999999700, 0.9249999999999993800 ) ) ;
#5530 = EDGE_CURVE ( 'NONE', #2910, #7615, #11082, .T. ) ;
#5531 =( NAMED_UNIT ( * ) PLANE_ANGLE_UNIT ( ) SI_UNIT ( $, .RADIAN. ) );
#5532 = CARTESIAN_POINT ( 'NONE',  ( -4.750000000000001800, -3.865000000000000200, -1.800000000000000300 ) ) ;
#5533 = CARTESIAN_POINT ( 'NONE',  ( 3.790000000000003100, -0.2000000000000013700, 2.350000000000000500 ) ) ;
#5534 =( NAMED_UNIT ( * ) PLANE_ANGLE_UNIT ( ) SI_UNIT ( $, .RADIAN. ) );
#5535 = ORIENTED_EDGE ( 'NONE', *, *, #9571, .F. ) ;
#5536 =( NAMED_UNIT ( * ) SI_UNIT ( $, .STERADIAN. ) SOLID_ANGLE_UNIT ( ) );
#5537 = ADVANCED_FACE ( 'NONE', ( #6324 ), #2912, .F. ) ;
#5538 = PRESENTATION_STYLE_ASSIGNMENT (( #5273 ) ) ;
#5539 = FACE_OUTER_BOUND ( 'NONE', #10924, .T. ) ;
#5540 = LINE ( 'NONE', #4919, #825 ) ;
#5541 = VECTOR ( 'NONE', #10644, 1000.000000000000000 ) ;
#5542 = CARTESIAN_POINT ( 'NONE',  ( -3.350000000000002800, -3.815000000000000400, 0.9249999999999998200 ) ) ;
#5543 =( LENGTH_UNIT ( ) NAMED_UNIT ( * ) SI_UNIT ( .MILLI., .METRE. ) );
#5544 =( NAMED_UNIT ( * ) SI_UNIT ( $, .STERADIAN. ) SOLID_ANGLE_UNIT ( ) );
#5545 = DIRECTION ( 'NONE',  ( -6.736636305648237600E-017, -1.000000000000000000, -1.426581805901979900E-016 ) ) ;
#5546 = CARTESIAN_POINT ( 'NONE',  ( -4.390000000000003200, -0.2000000000000014000, 3.100000000000001000 ) ) ;
#5547 =( LENGTH_UNIT ( ) NAMED_UNIT ( * ) SI_UNIT ( .MILLI., .METRE. ) );
#5548 = ORIENTED_EDGE ( 'NONE', *, *, #393, .F. ) ;
#5549 = EDGE_CURVE ( 'NONE', #6043, #6742, #5215, .T. ) ;
#5550 = FILL_AREA_STYLE ('',( #11508 ) ) ;
#5551 = AXIS2_PLACEMENT_3D ( 'NONE', #7348, #11123, #2137 ) ;
#5552 = VERTEX_POINT ( 'NONE', #6487 ) ;
#5553 = STYLED_ITEM ( 'NONE', ( #5345 ), #110 ) ;
#5554 = ADVANCED_FACE ( 'NONE', ( #7593 ), #6416, .T. ) ;
#5555 = VECTOR ( 'NONE', #3967, 1000.000000000000000 ) ;
#5556 = PRESENTATION_LAYER_ASSIGNMENT (  '', '', ( #4382 ) ) ;
#5557 = SURFACE_SIDE_STYLE ('',( #10555 ) ) ;
#5558 = COLOUR_RGB ( '',0.5019607843137254800, 0.5019607843137254800, 0.5019607843137254800 ) ;
#5559 = PRESENTATION_STYLE_ASSIGNMENT (( #8525 ) ) ;
#5560 = CYLINDRICAL_SURFACE ( 'NONE', #5893, 0.1999999999999996500 ) ;
#5561 = ORIENTED_EDGE ( 'NONE', *, *, #5757, .T. ) ;
#5562 = CARTESIAN_POINT ( 'NONE',  ( -5.400000000000003000, -3.539999999999996500, -0.7500000000000121000 ) ) ;
#5563 = EDGE_LOOP ( 'NONE', ( #1827, #2086, #11081, #2554 ) ) ;
#5564 = VERTEX_POINT ( 'NONE', #5777 ) ;
#5565 =( LENGTH_UNIT ( ) NAMED_UNIT ( * ) SI_UNIT ( .MILLI., .METRE. ) );
#5566 = STYLED_ITEM ( 'NONE', ( #8048 ), #3428 ) ;
#5567 =( NAMED_UNIT ( * ) PLANE_ANGLE_UNIT ( ) SI_UNIT ( $, .RADIAN. ) );
#5568 = FACE_OUTER_BOUND ( 'NONE', #1796, .T. ) ;
#5569 = PRESENTATION_STYLE_ASSIGNMENT (( #183 ) ) ;
#5570 = EDGE_CURVE ( 'NONE', #466, #8357, #2083, .T. ) ;
#5571 = MECHANICAL_DESIGN_GEOMETRIC_PRESENTATION_REPRESENTATION (  '', ( #6152 ), #5513 ) ;
#5572 = ORIENTED_EDGE ( 'NONE', *, *, #4498, .T. ) ;
#5573 = DIRECTION ( 'NONE',  ( -1.000000000000000000, -3.348823158252937400E-015, -7.553600721221495800E-017 ) ) ;
#5574 = ORIENTED_EDGE ( 'NONE', *, *, #4590, .T. ) ;
#5575 = MECHANICAL_DESIGN_GEOMETRIC_PRESENTATION_REPRESENTATION (  '', ( #4398 ), #6154 ) ;
#5576 = SURFACE_STYLE_USAGE ( .BOTH. , #5707 ) ;
#5577 = DIRECTION ( 'NONE',  ( 0.0000000000000000000, 1.000000000000000000, -2.168404344971012800E-015 ) ) ;
#5578 = AXIS2_PLACEMENT_3D ( 'NONE', #1457, #11214, #6655 ) ;
#5579 = ORIENTED_EDGE ( 'NONE', *, *, #8406, .T. ) ;
#5580 = CARTESIAN_POINT ( 'NONE',  ( 5.136051289755579700, -0.2044663603198856900, 2.349837372780165800 ) ) ;
#5581 = DIRECTION ( 'NONE',  ( -1.000000000000000000, 0.0000000000000000000, 1.652117596168387800E-016 ) ) ;
#5582 = DIRECTION ( 'NONE',  ( 1.426581805901979600E-016, 1.000000000000000000, 1.426581805901979900E-016 ) ) ;
#5583 = UNCERTAINTY_MEASURE_WITH_UNIT (LENGTH_MEASURE( 1.000000000000000100E-005 ), #3650, 'distance_accuracy_value', 'NONE');
#5584 = DIRECTION ( 'NONE',  ( -2.465190328815661900E-032, -1.426581805901979400E-016, 1.000000000000000000 ) ) ;
#5585 = ORIENTED_EDGE ( 'NONE', *, *, #9404, .T. ) ;
#5586 = DIRECTION ( 'NONE',  ( 0.0000000000000000000, 0.0000000000000000000, -1.000000000000000000 ) ) ;
#5587 = AXIS2_PLACEMENT_3D ( 'NONE', #10286, #10249, #10215 ) ;
#5588 = MECHANICAL_DESIGN_GEOMETRIC_PRESENTATION_REPRESENTATION (  '', ( #3259 ), #6170 ) ;
#5589 =( NAMED_UNIT ( * ) PLANE_ANGLE_UNIT ( ) SI_UNIT ( $, .RADIAN. ) );
#5590 = EDGE_LOOP ( 'NONE', ( #9954, #5177, #11092, #6381, #10560, #10863, #10360, #8859 ) ) ;
#5591 = PLANE ( 'NONE',  #2002 ) ;
#5592 = EDGE_CURVE ( 'NONE', #2218, #8346, #11211, .T. ) ;
#5593 = SURFACE_SIDE_STYLE ('',( #1336 ) ) ;
#5594 = ORIENTED_EDGE ( 'NONE', *, *, #8917, .T. ) ;
#5595 = CARTESIAN_POINT ( 'NONE',  ( 5.350000000000004100, -0.2000000000000007000, -2.250000000000000900 ) ) ;
#5596 = LINE ( 'NONE', #8616, #10364 ) ;
#5597 = ORIENTED_EDGE ( 'NONE', *, *, #6108, .T. ) ;
#5598 = DIRECTION ( 'NONE',  ( 1.000000000000000000, -1.079575420682589700E-017, 0.0000000000000000000 ) ) ;
#5599 = SURFACE_STYLE_USAGE ( .BOTH. , #10942 ) ;
#5600 = SURFACE_STYLE_USAGE ( .BOTH. , #5642 ) ;
#5601 = ADVANCED_FACE ( 'NONE', ( #6455 ), #897, .T. ) ;
#5602 = AXIS2_PLACEMENT_3D ( 'NONE', #3241, #3206, #3133 ) ;
#5603 = STYLED_ITEM ( 'NONE', ( #8875 ), #10926 ) ;
#5604 = ORIENTED_EDGE ( 'NONE', *, *, #5211, .F. ) ;
#5605 = EDGE_CURVE ( 'NONE', #1421, #8065, #3316, .T. ) ;
#5606 = VECTOR ( 'NONE', #9962, 1000.000000000000000 ) ;
#5607 = EDGE_CURVE ( 'NONE', #216, #568, #10392, .T. ) ;
#5608 = CIRCLE ( 'NONE', #2201, 0.1250000000000000000 ) ;
#5609 = DIRECTION ( 'NONE',  ( -1.000000000000000000, 1.426581805901979900E-016, -1.927470528863118800E-016 ) ) ;
#5610 = DIRECTION ( 'NONE',  ( -1.426581805901979600E-016, -1.000000000000000000, -1.281360903504773500E-017 ) ) ;
#5611 = ADVANCED_FACE ( 'NONE', ( #5636 ), #3217, .T. ) ;
#5612 = SURFACE_SIDE_STYLE ('',( #17 ) ) ;
#5613 = SURFACE_SIDE_STYLE ('',( #4693 ) ) ;
#5614 = ORIENTED_EDGE ( 'NONE', *, *, #2958, .F. ) ;
#5615 = ORIENTED_EDGE ( 'NONE', *, *, #2958, .T. ) ;
#5616 = DIRECTION ( 'NONE',  ( 4.148575905034070400E-017, -0.6887494619146930000, -0.7249994335944138800 ) ) ;
#5617 = SURFACE_SIDE_STYLE ('',( #2700 ) ) ;
#5618 =( NAMED_UNIT ( * ) SI_UNIT ( $, .STERADIAN. ) SOLID_ANGLE_UNIT ( ) );
#5619 = UNCERTAINTY_MEASURE_WITH_UNIT (LENGTH_MEASURE( 1.000000000000000100E-005 ), #11158, 'distance_accuracy_value', 'NONE');
#5620 = CARTESIAN_POINT ( 'NONE',  ( 3.790000000000004000, -0.2000000000000007000, -2.350000000000001400 ) ) ;
#5621 = ORIENTED_EDGE ( 'NONE', *, *, #8589, .T. ) ;
#5622 = CARTESIAN_POINT ( 'NONE',  ( 5.150000000000003900, -1.870000000000001200, -3.650000000000001200 ) ) ;
#5623 = EDGE_CURVE ( 'NONE', #3309, #1305, #6876, .T. ) ;
#5625 = PRESENTATION_LAYER_ASSIGNMENT (  '', '', ( #5027 ) ) ;
#5624 = LINE ( 'NONE', #6541, #5335 ) ;
#5626 = DIRECTION ( 'NONE',  ( -3.526005099788157400E-016, -1.000000000000000000, -3.448404038975182500E-016 ) ) ;
#5627 = CARTESIAN_POINT ( 'NONE',  ( 3.350000000000003600, -1.870000000000001000, -3.650000000000001200 ) ) ;
#5628 = DIRECTION ( 'NONE',  ( 0.0000000000000000000, -2.710505431213761100E-016, 1.000000000000000000 ) ) ;
#5629 = VERTEX_POINT ( 'NONE', #2594 ) ;
#5630 = VECTOR ( 'NONE', #4342, 1000.000000000000000 ) ;
#5631 = CARTESIAN_POINT ( 'NONE',  ( -4.975000000000003200, -3.539999999999996500, -0.7500000000000119900 ) ) ;
#5632 = DIRECTION ( 'NONE',  ( 1.000000000000000000, -0.0000000000000000000, -0.0000000000000000000 ) ) ;
#5633 = SURFACE_STYLE_FILL_AREA ( #1235 ) ;
#5634 = ORIENTED_EDGE ( 'NONE', *, *, #1026, .F. ) ;
#5635 = DIRECTION ( 'NONE',  ( 1.426581805901979600E-016, 1.000000000000000000, 1.426581805901979900E-016 ) ) ;
#5636 = FACE_OUTER_BOUND ( 'NONE', #2788, .T. ) ;
#5637 = LINE ( 'NONE', #11535, #10395 ) ;
#5638 = ORIENTED_EDGE ( 'NONE', *, *, #2147, .T. ) ;
#5639 = EDGE_CURVE ( 'NONE', #2052, #7515, #4539, .T. ) ;
#5640 = VECTOR ( 'NONE', #7023, 1000.000000000000000 ) ;
#5641 = FILL_AREA_STYLE_COLOUR ( '', #3362 ) ;
#5642 = SURFACE_SIDE_STYLE ('',( #8087 ) ) ;
#5643 = VERTEX_POINT ( 'NONE', #1961 ) ;
#5644 = MECHANICAL_DESIGN_GEOMETRIC_PRESENTATION_REPRESENTATION (  '', ( #10245 ), #10231 ) ;
#5645 = LINE ( 'NONE', #11519, #7729 ) ;
#5646 = DIRECTION ( 'NONE',  ( 1.000000000000000000, 0.0000000000000000000, 0.0000000000000000000 ) ) ;
#5647 = ORIENTED_EDGE ( 'NONE', *, *, #4128, .T. ) ;
#5648 = CARTESIAN_POINT ( 'NONE',  ( 4.590000000000003400, -2.866658304562489400E-016, -3.050000000000000700 ) ) ;
#5649 = SURFACE_STYLE_USAGE ( .BOTH. , #2093 ) ;
#5650 = EDGE_LOOP ( 'NONE', ( #9244, #11484, #5850, #6364 ) ) ;
#5651 = FILL_AREA_STYLE_COLOUR ( '', #1389 ) ;
#5652 = COLOUR_RGB ( '',1.000000000000000000, 1.000000000000000000, 1.000000000000000000 ) ;
#5653 = CARTESIAN_POINT ( 'NONE',  ( -5.350000000000001400, -0.1800000000000002200, -3.850000000000000100 ) ) ;
#5654 = EDGE_CURVE ( 'NONE', #10046, #3137, #8984, .T. ) ;
#5655 = EDGE_CURVE ( 'NONE', #7971, #1434, #11351, .T. ) ;
#5656 = CARTESIAN_POINT ( 'NONE',  ( 4.449999999999998400, 0.0000000000000000000, 4.199999999999998400 ) ) ;
#5657 = ADVANCED_FACE ( 'NONE', ( #11071 ), #1197, .T. ) ;
#5658 = LINE ( 'NONE', #1062, #10415 ) ;
#5659 =( LENGTH_UNIT ( ) NAMED_UNIT ( * ) SI_UNIT ( .MILLI., .METRE. ) );
#5660 = DIRECTION ( 'NONE',  ( 1.927470528863119300E-016, 1.426581805901979600E-016, -1.000000000000000000 ) ) ;
#5662 =( LENGTH_UNIT ( ) NAMED_UNIT ( * ) SI_UNIT ( .MILLI., .METRE. ) );
#5661 = VECTOR ( 'NONE', #2475, 1000.000000000000000 ) ;
#5663 = CARTESIAN_POINT ( 'NONE',  ( 4.590000000000003400, -0.2000000000000007000, -2.350000000000001000 ) ) ;
#5664 = DIRECTION ( 'NONE',  ( -1.426581805901980100E-016, -1.000000000000000000, 5.952404271712224500E-017 ) ) ;
#5665 = ORIENTED_EDGE ( 'NONE', *, *, #9067, .T. ) ;
#5666 = VECTOR ( 'NONE', #10637, 1000.000000000000000 ) ;
#5667 =( NAMED_UNIT ( * ) SI_UNIT ( $, .STERADIAN. ) SOLID_ANGLE_UNIT ( ) );
#5668 = DIRECTION ( 'NONE',  ( 1.927470528863118800E-016, 1.281360903504770600E-017, -1.000000000000000000 ) ) ;
#5669 = ADVANCED_FACE ( 'NONE', ( #5781 ), #7016, .T. ) ;
#5670 = SURFACE_STYLE_FILL_AREA ( #1623 ) ;
#5671 = ORIENTED_EDGE ( 'NONE', *, *, #192, .T. ) ;
#5672 =( GEOMETRIC_REPRESENTATION_CONTEXT ( 3 ) GLOBAL_UNCERTAINTY_ASSIGNED_CONTEXT ( ( #2864 ) ) GLOBAL_UNIT_ASSIGNED_CONTEXT ( ( #10930, #10911, #10835 ) ) REPRESENTATION_CONTEXT ( 'NONE', 'WORKASPACE' ) );
#5673 = DIRECTION ( 'NONE',  ( 1.000000000000000000, 0.0000000000000000000, 0.0000000000000000000 ) ) ;
#5674 =( GEOMETRIC_REPRESENTATION_CONTEXT ( 3 ) GLOBAL_UNCERTAINTY_ASSIGNED_CONTEXT ( ( #8857 ) ) GLOBAL_UNIT_ASSIGNED_CONTEXT ( ( #8515, #8476, #8435 ) ) REPRESENTATION_CONTEXT ( 'NONE', 'WORKASPACE' ) );
#5675 = AXIS2_PLACEMENT_3D ( 'NONE', #948, #7165, #1897 ) ;
#5676 = VECTOR ( 'NONE', #5581, 1000.000000000000000 ) ;
#5677 = PRESENTATION_STYLE_ASSIGNMENT (( #1725 ) ) ;
#5678 = VECTOR ( 'NONE', #10979, 1000.000000000000000 ) ;
#5679 = AXIS2_PLACEMENT_3D ( 'NONE', #6677, #5340, #1225 ) ;
#5680 = EDGE_CURVE ( 'NONE', #11200, #11068, #9419, .T. ) ;
#5681 = DIRECTION ( 'NONE',  ( 1.426581805901980100E-016, -1.000000000000000000, -3.448404038975182000E-016 ) ) ;
#5682 = VERTEX_POINT ( 'NONE', #5809 ) ;
#5683 = SURFACE_STYLE_FILL_AREA ( #1499 ) ;
#5684 = CARTESIAN_POINT ( 'NONE',  ( 2.950000000000002800, -3.865000000000000200, 3.900000000000000400 ) ) ;
#5685 = SURFACE_STYLE_USAGE ( .BOTH. , #4910 ) ;
#5686 = LINE ( 'NONE', #4957, #10437 ) ;
#5687 = SURFACE_STYLE_USAGE ( .BOTH. , #6419 ) ;
#5688 = COLOUR_RGB ( '',1.000000000000000000, 1.000000000000000000, 1.000000000000000000 ) ;
#5689 =( LENGTH_UNIT ( ) NAMED_UNIT ( * ) SI_UNIT ( .MILLI., .METRE. ) );
#5690 = MECHANICAL_DESIGN_GEOMETRIC_PRESENTATION_REPRESENTATION (  '', ( #6651 ), #5453 ) ;
#5691 = VERTEX_POINT ( 'NONE', #5020 ) ;
#5692 = CARTESIAN_POINT ( 'NONE',  ( 4.750000000000001800, -3.865000000000000200, 1.799999999999999800 ) ) ;
#5693 = STYLED_ITEM ( 'NONE', ( #9332 ), #7588 ) ;
#5694 = EDGE_LOOP ( 'NONE', ( #5342, #4619, #6968, #8319 ) ) ;
#5695 = SURFACE_SIDE_STYLE ('',( #11311 ) ) ;
#5696 = PRESENTATION_LAYER_ASSIGNMENT (  '', '', ( #3952 ) ) ;
#5697 = VECTOR ( 'NONE', #11479, 1000.000000000000000 ) ;
#5698 = LINE ( 'NONE', #6820, #694 ) ;
#5699 = DIRECTION ( 'NONE',  ( -1.000000000000000000, -1.426581805901979400E-016, -2.209081482755458100E-016 ) ) ;
#5700 = PLANE ( 'NONE',  #6386 ) ;
#5701 =( LENGTH_UNIT ( ) NAMED_UNIT ( * ) SI_UNIT ( .MILLI., .METRE. ) );
#5702 = ORIENTED_EDGE ( 'NONE', *, *, #7211, .F. ) ;
#5703 = UNCERTAINTY_MEASURE_WITH_UNIT (LENGTH_MEASURE( 1.000000000000000100E-005 ), #3673, 'distance_accuracy_value', 'NONE');
#5704 = EDGE_LOOP ( 'NONE', ( #5125, #2492, #8055, #3508 ) ) ;
#5705 = CYLINDRICAL_SURFACE ( 'NONE', #9151, 0.05000000000000002400 ) ;
#5706 = CARTESIAN_POINT ( 'NONE',  ( 5.050000000000003400, -1.870000000000000800, -0.8750000000000003300 ) ) ;
#5707 = SURFACE_SIDE_STYLE ('',( #3106 ) ) ;
#5708 = SURFACE_STYLE_USAGE ( .BOTH. , #5751 ) ;
#5709 = DIRECTION ( 'NONE',  ( 1.426581805901975000E-016, 1.000000000000000000, 3.348823158252935900E-015 ) ) ;
#5710 = FILL_AREA_STYLE_COLOUR ( '', #8878 ) ;
#5711 = FACE_OUTER_BOUND ( 'NONE', #3382, .T. ) ;
#5712 = SURFACE_STYLE_FILL_AREA ( #6628 ) ;
#5713 =( NAMED_UNIT ( * ) PLANE_ANGLE_UNIT ( ) SI_UNIT ( $, .RADIAN. ) );
#5714 = FACE_OUTER_BOUND ( 'NONE', #5756, .T. ) ;
#5715 = EDGE_LOOP ( 'NONE', ( #1643, #2641, #5113, #614 ) ) ;
#5716 = CARTESIAN_POINT ( 'NONE',  ( -5.150000000000002100, -0.2000000000000011200, 0.9249999999999999300 ) ) ;
#5717 = STYLED_ITEM ( 'NONE', ( #8695 ), #659 ) ;
#5718 = SURFACE_STYLE_USAGE ( .BOTH. , #11052 ) ;
#5719 = VERTEX_POINT ( 'NONE', #1880 ) ;
#5720 = SURFACE_STYLE_FILL_AREA ( #2983 ) ;
#5721 = DIRECTION ( 'NONE',  ( 0.0000000000000000000, 1.000000000000000000, 0.0000000000000000000 ) ) ;
#5722 = PLANE ( 'NONE',  #7909 ) ;
#5723 = ORIENTED_EDGE ( 'NONE', *, *, #7926, .F. ) ;
#5724 = VERTEX_POINT ( 'NONE', #8959 ) ;
#5725 = PLANE ( 'NONE',  #3482 ) ;
#5726 = ADVANCED_FACE ( 'NONE', ( #11480 ), #10651, .T. ) ;
#5727 = STYLED_ITEM ( 'NONE', ( #11009 ), #3960 ) ;
#5728 = FILL_AREA_STYLE ('',( #271 ) ) ;
#5729 = DIRECTION ( 'NONE',  ( 0.0000000000000000000, 0.0000000000000000000, 1.000000000000000000 ) ) ;
#5730 = MECHANICAL_DESIGN_GEOMETRIC_PRESENTATION_REPRESENTATION (  '', ( #5890 ), #5672 ) ;
#5731 = UNCERTAINTY_MEASURE_WITH_UNIT (LENGTH_MEASURE( 1.000000000000000100E-005 ), #4785, 'distance_accuracy_value', 'NONE');
#5732 =( GEOMETRIC_REPRESENTATION_CONTEXT ( 3 ) GLOBAL_UNCERTAINTY_ASSIGNED_CONTEXT ( ( #4229 ) ) GLOBAL_UNIT_ASSIGNED_CONTEXT ( ( #10633, #5278, #11507 ) ) REPRESENTATION_CONTEXT ( 'NONE', 'WORKASPACE' ) );
#5733 = ORIENTED_EDGE ( 'NONE', *, *, #6414, .F. ) ;
#5734 =( NAMED_UNIT ( * ) SI_UNIT ( $, .STERADIAN. ) SOLID_ANGLE_UNIT ( ) );
#5735 =( GEOMETRIC_REPRESENTATION_CONTEXT ( 3 ) GLOBAL_UNCERTAINTY_ASSIGNED_CONTEXT ( ( #3254 ) ) GLOBAL_UNIT_ASSIGNED_CONTEXT ( ( #8207, #4070, #2051 ) ) REPRESENTATION_CONTEXT ( 'NONE', 'WORKASPACE' ) );
#5736 = FILL_AREA_STYLE ('',( #10235 ) ) ;
#5737 = CARTESIAN_POINT ( 'NONE',  ( 4.725000000000002300, -3.764999999999999700, 0.9249999999999997100 ) ) ;
#5738 = CARTESIAN_POINT ( 'NONE',  ( 4.975000000000003200, -3.539999999999998700, 0.7500000000000020000 ) ) ;
#5739 = ORIENTED_EDGE ( 'NONE', *, *, #7467, .T. ) ;
#5740 = CARTESIAN_POINT ( 'NONE',  ( 3.350000000000002300, -1.870000000000001900, 3.650000000000000400 ) ) ;
#5741 = CYLINDRICAL_SURFACE ( 'NONE', #7461, 0.4250000000000000400 ) ;
#5742 = UNCERTAINTY_MEASURE_WITH_UNIT (LENGTH_MEASURE( 1.000000000000000100E-005 ), #10253, 'distance_accuracy_value', 'NONE');
#5743 = FILL_AREA_STYLE_COLOUR ( '', #8245 ) ;
#5744 = MECHANICAL_DESIGN_GEOMETRIC_PRESENTATION_REPRESENTATION (  '', ( #3609 ), #3405 ) ;
#5745 = ORIENTED_EDGE ( 'NONE', *, *, #8256, .T. ) ;
#5746 = PRESENTATION_LAYER_ASSIGNMENT (  '', '', ( #5890 ) ) ;
#5747 = PRESENTATION_LAYER_ASSIGNMENT (  '', '', ( #6152 ) ) ;
#5749 = MECHANICAL_DESIGN_GEOMETRIC_PRESENTATION_REPRESENTATION (  '', ( #5566 ), #5359 ) ;
#5748 = MECHANICAL_DESIGN_GEOMETRIC_PRESENTATION_REPRESENTATION (  '', ( #3995 ), #6323 ) ;
#5750 = FILL_AREA_STYLE ('',( #5969 ) ) ;
#5751 = SURFACE_SIDE_STYLE ('',( #3817 ) ) ;
#5752 = DIRECTION ( 'NONE',  ( 3.770802719384151000E-016, -1.000000000000000000, -1.426581805901979400E-016 ) ) ;
#5753 = FILL_AREA_STYLE_COLOUR ( '', #3773 ) ;
#5754 = FILL_AREA_STYLE_COLOUR ( '', #8385 ) ;
#5755 = EDGE_CURVE ( 'NONE', #5871, #5081, #3864, .T. ) ;
#5756 = EDGE_LOOP ( 'NONE', ( #8969, #9787, #7329, #10270 ) ) ;
#5757 = EDGE_CURVE ( 'NONE', #3531, #3434, #1484, .T. ) ;
#5758 = FILL_AREA_STYLE ('',( #9303 ) ) ;
#5759 = FILL_AREA_STYLE_COLOUR ( '', #3321 ) ;
#5760 = PLANE ( 'NONE',  #8523 ) ;
#5761 =( NAMED_UNIT ( * ) SI_UNIT ( $, .STERADIAN. ) SOLID_ANGLE_UNIT ( ) );
#5762 = VERTEX_POINT ( 'NONE', #8283 ) ;
#5763 = PRESENTATION_STYLE_ASSIGNMENT (( #11357 ) ) ;
#5764 = PRESENTATION_STYLE_ASSIGNMENT (( #10906 ) ) ;
#5765 = ORIENTED_EDGE ( 'NONE', *, *, #5530, .T. ) ;
#5766 = DIRECTION ( 'NONE',  ( 0.0000000000000000000, -1.000000000000000000, -3.401418580346682800E-016 ) ) ;
#5767 = CARTESIAN_POINT ( 'NONE',  ( -3.350000000000002800, -3.764999999999999700, 0.9249999999999998200 ) ) ;
#5768 = FACE_OUTER_BOUND ( 'NONE', #4219, .T. ) ;
#5769 = SURFACE_STYLE_FILL_AREA ( #6272 ) ;
#5770 = SURFACE_SIDE_STYLE ('',( #4346 ) ) ;
#5771 = CARTESIAN_POINT ( 'NONE',  ( 3.355000000000002200, -3.714999999999994100, 0.7500000000000015500 ) ) ;
#5772 = EDGE_CURVE ( 'NONE', #4631, #11473, #6166, .T. ) ;
#5773 = VERTEX_POINT ( 'NONE', #4527 ) ;
#5774 = ORIENTED_EDGE ( 'NONE', *, *, #2199, .T. ) ;
#5775 = PRESENTATION_STYLE_ASSIGNMENT (( #5099 ) ) ;
#5776 = EDGE_LOOP ( 'NONE', ( #6952, #11041, #5143, #10541 ) ) ;
#5777 = CARTESIAN_POINT ( 'NONE',  ( -4.450000000000001100, 0.0000000000000000000, -5.000000000000000000 ) ) ;
#5778 = UNCERTAINTY_MEASURE_WITH_UNIT (LENGTH_MEASURE( 1.000000000000000100E-005 ), #7241, 'distance_accuracy_value', 'NONE');
#5779 = COLOUR_RGB ( '',1.000000000000000000, 1.000000000000000000, 1.000000000000000000 ) ;
#5780 = ORIENTED_EDGE ( 'NONE', *, *, #235, .F. ) ;
#5781 = FACE_OUTER_BOUND ( 'NONE', #1840, .T. ) ;
#5782 = PLANE ( 'NONE',  #3483 ) ;
#5783 = SURFACE_STYLE_USAGE ( .BOTH. , #11108 ) ;
#5784 = CARTESIAN_POINT ( 'NONE',  ( 3.350000000000003200, -3.764999999999999700, -0.8750000000000012200 ) ) ;
#5785 = ADVANCED_FACE ( 'NONE', ( #10379 ), #1159, .F. ) ;
#5786 = STYLED_ITEM ( 'NONE', ( #4530 ), #937 ) ;
#5787 = VERTEX_POINT ( 'NONE', #450 ) ;
#5788 = AXIS2_PLACEMENT_3D ( 'NONE', #8233, #2974, #9153 ) ;
#5789 = DIRECTION ( 'NONE',  ( 0.0000000000000000000, 0.0000000000000000000, 1.000000000000000000 ) ) ;
#5790 = FILL_AREA_STYLE ('',( #7333 ) ) ;
#5791 = DIRECTION ( 'NONE',  ( 0.0000000000000000000, 1.426581805901979900E-016, -1.000000000000000000 ) ) ;
#5792 = CARTESIAN_POINT ( 'NONE',  ( -3.350000000000001900, -3.765000000000000100, 1.174999999999999800 ) ) ;
#5793 = FILL_AREA_STYLE_COLOUR ( '', #8730 ) ;
#5794 = LINE ( 'NONE', #1126, #6051 ) ;
#5795 = CARTESIAN_POINT ( 'NONE',  ( 5.350000000000004100, -3.835000000000000400, -1.125000000000000900 ) ) ;
#5796 = EDGE_LOOP ( 'NONE', ( #1359, #4998, #3477, #5851 ) ) ;
#5797 = COLOUR_RGB ( '',1.000000000000000000, 1.000000000000000000, 1.000000000000000000 ) ;
#5798 = ORIENTED_EDGE ( 'NONE', *, *, #6846, .F. ) ;
#5799 = LINE ( 'NONE', #812, #3470 ) ;
#5800 = COLOUR_RGB ( '',1.000000000000000000, 1.000000000000000000, 1.000000000000000000 ) ;
#5801 = EDGE_CURVE ( 'NONE', #3941, #9907, #2916, .T. ) ;
#5802 = SURFACE_STYLE_USAGE ( .BOTH. , #11134 ) ;
#5803 =( GEOMETRIC_REPRESENTATION_CONTEXT ( 3 ) GLOBAL_UNCERTAINTY_ASSIGNED_CONTEXT ( ( #7616 ) ) GLOBAL_UNIT_ASSIGNED_CONTEXT ( ( #10747, #5393, #73 ) ) REPRESENTATION_CONTEXT ( 'NONE', 'WORKASPACE' ) );
#5804 = PRESENTATION_STYLE_ASSIGNMENT (( #7277 ) ) ;
#5805 = PLANE ( 'NONE',  #2516 ) ;
#5806 = MECHANICAL_DESIGN_GEOMETRIC_PRESENTATION_REPRESENTATION (  '', ( #6074 ), #5735 ) ;
#5807 = DIRECTION ( 'NONE',  ( 1.000000000000000000, 3.634139519433330900E-015, 7.553600721220340800E-017 ) ) ;
#5808 = ORIENTED_EDGE ( 'NONE', *, *, #5255, .F. ) ;
#5809 = CARTESIAN_POINT ( 'NONE',  ( 5.100000000000003200, -1.870000000000000100, -1.125000000000000400 ) ) ;
#5810 = ORIENTED_EDGE ( 'NONE', *, *, #6929, .T. ) ;
#5811 = CIRCLE ( 'NONE', #11340, 0.05000000000000002400 ) ;
#5812 = CARTESIAN_POINT ( 'NONE',  ( 5.150000000000002100, -0.2000000000000009000, 2.300000000000000700 ) ) ;
#5813 = FACE_OUTER_BOUND ( 'NONE', #3703, .T. ) ;
#5814 = AXIS2_PLACEMENT_3D ( 'NONE', #222, #9384, #1168 ) ;
#5815 = SURFACE_STYLE_FILL_AREA ( #4896 ) ;
#5816 = SURFACE_SIDE_STYLE ('',( #7235 ) ) ;
#5817 = DIRECTION ( 'NONE',  ( 0.0000000000000000000, 3.401418580346682800E-016, -1.000000000000000000 ) ) ;
#5818 = ORIENTED_EDGE ( 'NONE', *, *, #11089, .T. ) ;
#5819 = EDGE_CURVE ( 'NONE', #11493, #10582, #507, .T. ) ;
#5820 = EDGE_CURVE ( 'NONE', #674, #6244, #9698, .T. ) ;
#5821 = CARTESIAN_POINT ( 'NONE',  ( 5.150000000000003900, -3.539999999999998700, -0.7499999999999981100 ) ) ;
#5822 = CARTESIAN_POINT ( 'NONE',  ( -4.975000000000002300, -0.2499999999999960000, -0.7500000000000010000 ) ) ;
#5823 = VECTOR ( 'NONE', #2346, 1000.000000000000000 ) ;
#5824 = DIRECTION ( 'NONE',  ( 1.000000000000000000, 1.426581805901979400E-016, 2.209081482755458100E-016 ) ) ;
#5825 =( LENGTH_UNIT ( ) NAMED_UNIT ( * ) SI_UNIT ( .MILLI., .METRE. ) );
#5826 = DIRECTION ( 'NONE',  ( 0.0000000000000000000, -1.000000000000000000, -2.853163611803958800E-016 ) ) ;
#5827 = CARTESIAN_POINT ( 'NONE',  ( 4.750000000000001800, -3.365000000000000700, -1.799999999999999600 ) ) ;
#5828 = DIRECTION ( 'NONE',  ( -1.000000000000000000, -9.827563551769193000E-017, -3.504491870660224700E-017 ) ) ;
#5829 = CARTESIAN_POINT ( 'NONE',  ( 5.050000000000002500, -3.865000000000000200, 3.899999999999999900 ) ) ;
#5830 =( NAMED_UNIT ( * ) SI_UNIT ( $, .STERADIAN. ) SOLID_ANGLE_UNIT ( ) );
#5831 = ORIENTED_EDGE ( 'NONE', *, *, #762, .T. ) ;
#5832 = FILL_AREA_STYLE ('',( #4075 ) ) ;
#5833 =( GEOMETRIC_REPRESENTATION_CONTEXT ( 3 ) GLOBAL_UNCERTAINTY_ASSIGNED_CONTEXT ( ( #7583 ) ) GLOBAL_UNIT_ASSIGNED_CONTEXT ( ( #1885, #2338, #8390 ) ) REPRESENTATION_CONTEXT ( 'NONE', 'WORKASPACE' ) );
#5834 = SURFACE_STYLE_FILL_AREA ( #6591 ) ;
#5835 = LINE ( 'NONE', #9031, #10315 ) ;
#5836 = VECTOR ( 'NONE', #9518, 1000.000000000000000 ) ;
#5837 = EDGE_CURVE ( 'NONE', #6631, #6963, #4942, .T. ) ;
#5838 = SURFACE_STYLE_FILL_AREA ( #6616 ) ;
#5839 = VERTEX_POINT ( 'NONE', #11331 ) ;
#5840 =( NAMED_UNIT ( * ) SI_UNIT ( $, .STERADIAN. ) SOLID_ANGLE_UNIT ( ) );
#5841 = CARTESIAN_POINT ( 'NONE',  ( -5.170000000000000800, -0.1800000000000004100, -2.350000000000000500 ) ) ;
#5842 = ORIENTED_EDGE ( 'NONE', *, *, #6643, .F. ) ;
#5843 = ADVANCED_FACE ( 'NONE', ( #2646 ), #10941, .T. ) ;
#5844 = EDGE_LOOP ( 'NONE', ( #6828, #3569 ) ) ;
#5845 = CARTESIAN_POINT ( 'NONE',  ( -5.250000000000002700, 0.0000000000000000000, -5.000000000000000000 ) ) ;
#5846 = DIRECTION ( 'NONE',  ( 1.000000000000000000, -1.426581805901979900E-016, 2.209081482755457600E-016 ) ) ;
#5847 =( NAMED_UNIT ( * ) SI_UNIT ( $, .STERADIAN. ) SOLID_ANGLE_UNIT ( ) );
#5848 = CYLINDRICAL_SURFACE ( 'NONE', #11326, 0.2000000000000000900 ) ;
#5849 = COLOUR_RGB ( '',0.9098039215686274400, 0.4431372549019607600, 0.03137254901960784300 ) ;
#5850 = ORIENTED_EDGE ( 'NONE', *, *, #83, .F. ) ;
#5851 = ORIENTED_EDGE ( 'NONE', *, *, #8993, .F. ) ;
#5852 = SURFACE_STYLE_USAGE ( .BOTH. , #4578 ) ;
#5853 = ORIENTED_EDGE ( 'NONE', *, *, #9627, .T. ) ;
#5854 = STYLED_ITEM ( 'NONE', ( #9691 ), #713 ) ;
#5855 = SURFACE_SIDE_STYLE ('',( #10987 ) ) ;
#5856 = FILL_AREA_STYLE ('',( #5651 ) ) ;
#5857 = ORIENTED_EDGE ( 'NONE', *, *, #5870, .F. ) ;
#5858 =( LENGTH_UNIT ( ) NAMED_UNIT ( * ) SI_UNIT ( .MILLI., .METRE. ) );
#5859 = EDGE_LOOP ( 'NONE', ( #7545, #11265, #11148, #7905 ) ) ;
#5860 = ORIENTED_EDGE ( 'NONE', *, *, #5929, .T. ) ;
#5861 = SURFACE_STYLE_USAGE ( .BOTH. , #6030 ) ;
#5862 = DIRECTION ( 'NONE',  ( 1.000000000000000000, 4.081702296416008100E-015, 0.0000000000000000000 ) ) ;
#5863 = EDGE_LOOP ( 'NONE', ( #10936, #4338, #2215, #4747, #4536, #5064 ) ) ;
#5864 = PLANE ( 'NONE',  #10525 ) ;
#5865 = FILL_AREA_STYLE_COLOUR ( '', #2280 ) ;
#5866 = CARTESIAN_POINT ( 'NONE',  ( -5.350000000000001400, -0.1800000000000003800, -2.350000000000000500 ) ) ;
#5867 = FILL_AREA_STYLE ('',( #4999 ) ) ;
#5868 = EDGE_CURVE ( 'NONE', #9144, #2815, #8551, .T. ) ;
#5869 = DIRECTION ( 'NONE',  ( -0.0000000000000000000, 1.000000000000000000, -0.0000000000000000000 ) ) ;
#5870 = EDGE_CURVE ( 'NONE', #5274, #5564, #6178, .T. ) ;
#5871 = VERTEX_POINT ( 'NONE', #10000 ) ;
#5872 = PRESENTATION_LAYER_ASSIGNMENT (  '', '', ( #4685 ) ) ;
#5873 = FILL_AREA_STYLE ('',( #4006 ) ) ;
#5874 = AXIS2_PLACEMENT_3D ( 'NONE', #7539, #3289, #7679 ) ;
#5875 =( NAMED_UNIT ( * ) PLANE_ANGLE_UNIT ( ) SI_UNIT ( $, .RADIAN. ) );
#5876 = FILL_AREA_STYLE ('',( #4118 ) ) ;
#5877 = FILL_AREA_STYLE ('',( #4972 ) ) ;
#5878 = ORIENTED_EDGE ( 'NONE', *, *, #9158, .F. ) ;
#5879 = SURFACE_SIDE_STYLE ('',( #11284 ) ) ;
#5880 = AXIS2_PLACEMENT_3D ( 'NONE', #11386, #11352, #11308 ) ;
#5881 = ORIENTED_EDGE ( 'NONE', *, *, #4210, .F. ) ;
#5882 = EDGE_CURVE ( 'NONE', #10631, #1350, #1502, .T. ) ;
#5883 = DIRECTION ( 'NONE',  ( -0.0000000000000000000, 1.000000000000000000, -0.0000000000000000000 ) ) ;
#5884 = PRESENTATION_LAYER_ASSIGNMENT (  '', '', ( #5410 ) ) ;
#5885 = ORIENTED_EDGE ( 'NONE', *, *, #4110, .T. ) ;
#5886 = VECTOR ( 'NONE', #6412, 1000.000000000000000 ) ;
#5887 = SURFACE_SIDE_STYLE ('',( #6163 ) ) ;
#5888 = ADVANCED_FACE ( 'NONE', ( #8273 ), #8942, .F. ) ;
#5889 = VECTOR ( 'NONE', #11343, 1000.000000000000000 ) ;
#5890 = STYLED_ITEM ( 'NONE', ( #7509 ), #4789 ) ;
#5891 = PRESENTATION_STYLE_ASSIGNMENT (( #2189 ) ) ;
#5893 = AXIS2_PLACEMENT_3D ( 'NONE', #4920, #5826, #3156 ) ;
#5892 = MECHANICAL_DESIGN_GEOMETRIC_PRESENTATION_REPRESENTATION (  '', ( #4715 ), #6479 ) ;
#5894 = PLANE ( 'NONE',  #8640 ) ;
#5895 = DIRECTION ( 'NONE',  ( -0.0000000000000000000, 0.9404533124606551100, 0.3399228840219225600 ) ) ;
#5896 = ORIENTED_EDGE ( 'NONE', *, *, #10015, .T. ) ;
#5897 = EDGE_CURVE ( 'NONE', #4838, #3016, #2771, .T. ) ;
#5898 = CARTESIAN_POINT ( 'NONE',  ( 5.150000000000003900, -3.815000000000002600, -0.9250000000000009300 ) ) ;
#5899 = CARTESIAN_POINT ( 'NONE',  ( 4.025000000000001200, -0.2500000000000019400, 0.7500000000000021100 ) ) ;
#5900 = FACE_OUTER_BOUND ( 'NONE', #8765, .T. ) ;
#5901 = ORIENTED_EDGE ( 'NONE', *, *, #9029, .T. ) ;
#5902 = DIRECTION ( 'NONE',  ( 2.209081482755457800E-016, 1.426581805901979600E-016, -1.000000000000000000 ) ) ;
#5903 = PRESENTATION_STYLE_ASSIGNMENT (( #7315 ) ) ;
#5904 = SURFACE_STYLE_FILL_AREA ( #3267 ) ;
#5905 = DIRECTION ( 'NONE',  ( -2.562363692931211300E-016, -3.348823158252935500E-015, 1.000000000000000000 ) ) ;
#5906 = DIRECTION ( 'NONE',  ( -0.3399228840219241100, 0.0000000000000000000, -0.9404533124606545600 ) ) ;
#5907 = ORIENTED_EDGE ( 'NONE', *, *, #6188, .T. ) ;
#5908 = CARTESIAN_POINT ( 'NONE',  ( 5.170000000000002600, -0.1800000000000010800, 2.350000000000000500 ) ) ;
#5909 = CARTESIAN_POINT ( 'NONE',  ( -5.250000000000000900, -3.865000000000000200, 4.200000000000000200 ) ) ;
#5910 = UNCERTAINTY_MEASURE_WITH_UNIT (LENGTH_MEASURE( 1.000000000000000100E-005 ), #477, 'distance_accuracy_value', 'NONE');
#5911 =( GEOMETRIC_REPRESENTATION_CONTEXT ( 3 ) GLOBAL_UNCERTAINTY_ASSIGNED_CONTEXT ( ( #1671 ) ) GLOBAL_UNIT_ASSIGNED_CONTEXT ( ( #3354, #3395, #9585 ) ) REPRESENTATION_CONTEXT ( 'NONE', 'WORKASPACE' ) );
#5912 = ORIENTED_EDGE ( 'NONE', *, *, #9679, .T. ) ;
#5913 = CARTESIAN_POINT ( 'NONE',  ( 5.249999999999999100, 0.0000000000000000000, 5.000000000000000000 ) ) ;
#5914 = CARTESIAN_POINT ( 'NONE',  ( 5.400000000000003000, -3.539999999999998700, -0.7499999999999980000 ) ) ;
#5915 = STYLED_ITEM ( 'NONE', ( #10129 ), #598 ) ;
#5916 = VECTOR ( 'NONE', #7912, 1000.000000000000000 ) ;
#5917 = CARTESIAN_POINT ( 'NONE',  ( 5.050000000000002500, 0.0000000000000000000, 2.629999999999999900 ) ) ;
#5918 =( NAMED_UNIT ( * ) SI_UNIT ( $, .STERADIAN. ) SOLID_ANGLE_UNIT ( ) );
#5919 = CYLINDRICAL_SURFACE ( 'NONE', #7450, 0.8000000000000003800 ) ;
#5920 = ORIENTED_EDGE ( 'NONE', *, *, #11492, .T. ) ;
#5921 = CARTESIAN_POINT ( 'NONE',  ( -5.150000000000002100, -3.815000000000000400, -0.9250000000000002700 ) ) ;
#5922 = COLOUR_RGB ( '',1.000000000000000000, 1.000000000000000000, 1.000000000000000000 ) ;
#5923 = CARTESIAN_POINT ( 'NONE',  ( 5.150000000000002100, -0.2000000000000013700, 2.250000000000000900 ) ) ;
#5924 = PRESENTATION_STYLE_ASSIGNMENT (( #11280 ) ) ;
#5925 =( NAMED_UNIT ( * ) PLANE_ANGLE_UNIT ( ) SI_UNIT ( $, .RADIAN. ) );
#5926 =( NAMED_UNIT ( * ) PLANE_ANGLE_UNIT ( ) SI_UNIT ( $, .RADIAN. ) );
#5927 = ORIENTED_EDGE ( 'NONE', *, *, #1410, .F. ) ;
#5928 = DIRECTION ( 'NONE',  ( -1.426581805901979900E-016, -1.000000000000000000, -1.281360903504773400E-017 ) ) ;
#5929 = EDGE_CURVE ( 'NONE', #7121, #7879, #5075, .T. ) ;
#5930 = MECHANICAL_DESIGN_GEOMETRIC_PRESENTATION_REPRESENTATION (  '', ( #3578 ), #6512 ) ;
#5931 = CARTESIAN_POINT ( 'NONE',  ( 3.350000000000004100, -3.765000000000000100, -1.175000000000000700 ) ) ;
#5932 = CARTESIAN_POINT ( 'NONE',  ( -3.350000000000001400, -3.515000000000001000, -0.9250000000000003800 ) ) ;
#5933 = DIRECTION ( 'NONE',  ( 0.0000000000000000000, 0.0000000000000000000, 1.000000000000000000 ) ) ;
#5934 = ORIENTED_EDGE ( 'NONE', *, *, #7466, .F. ) ;
#5935 = CARTESIAN_POINT ( 'NONE',  ( 5.160440761534693400, -3.919407615346901500, -0.9465649028722826800 ) ) ;
#5936 = CARTESIAN_POINT ( 'NONE',  ( -5.150000000000002100, -3.815000000000000400, -0.9250000000000002700 ) ) ;
#5937 = ORIENTED_EDGE ( 'NONE', *, *, #793, .F. ) ;
#5938 =( LENGTH_UNIT ( ) NAMED_UNIT ( * ) SI_UNIT ( .MILLI., .METRE. ) );
#5939 = COLOUR_RGB ( '',1.000000000000000000, 1.000000000000000000, 1.000000000000000000 ) ;
#5940 = VECTOR ( 'NONE', #9555, 1000.000000000000000 ) ;
#5941 = CARTESIAN_POINT ( 'NONE',  ( -3.355000000000002200, -3.714999999999991400, -0.7500000000000122100 ) ) ;
#5942 =( GEOMETRIC_REPRESENTATION_CONTEXT ( 3 ) GLOBAL_UNCERTAINTY_ASSIGNED_CONTEXT ( ( #10269 ) ) GLOBAL_UNIT_ASSIGNED_CONTEXT ( ( #725, #7366, #1933 ) ) REPRESENTATION_CONTEXT ( 'NONE', 'WORKASPACE' ) );
#5943 =( LENGTH_UNIT ( ) NAMED_UNIT ( * ) SI_UNIT ( .MILLI., .METRE. ) );
#5944 = ORIENTED_EDGE ( 'NONE', *, *, #5388, .T. ) ;
#5945 = CARTESIAN_POINT ( 'NONE',  ( -4.690000000000002200, -4.016000000000000000, -3.100000000000001400 ) ) ;
#5946 = MECHANICAL_DESIGN_GEOMETRIC_PRESENTATION_REPRESENTATION (  '', ( #4763 ), #6530 ) ;
#5947 = SURFACE_STYLE_FILL_AREA ( #926 ) ;
#5948 = ADVANCED_FACE ( 'NONE', ( #4806 ), #9721, .F. ) ;
#5949 = FACE_OUTER_BOUND ( 'NONE', #4677, .T. ) ;
#5950 = LINE ( 'NONE', #11231, #8025 ) ;
#5951 = PRESENTATION_LAYER_ASSIGNMENT (  '', '', ( #6074 ) ) ;
#5952 = FILL_AREA_STYLE ('',( #9523 ) ) ;
#5953 = SURFACE_STYLE_FILL_AREA ( #1228 ) ;
#5954 = ORIENTED_EDGE ( 'NONE', *, *, #11416, .F. ) ;
#5955 = VECTOR ( 'NONE', #2194, 1000.000000000000000 ) ;
#5956 = FILL_AREA_STYLE_COLOUR ( '', #2706 ) ;
#5957 = CARTESIAN_POINT ( 'NONE',  ( 5.100000000000003200, -1.870000000000000100, -1.175000000000000300 ) ) ;
#5958 = SURFACE_STYLE_FILL_AREA ( #7447 ) ;
#5959 = VECTOR ( 'NONE', #7690, 1000.000000000000000 ) ;
#5960 = MECHANICAL_DESIGN_GEOMETRIC_PRESENTATION_REPRESENTATION (  '', ( #6232 ), #5942 ) ;
#5961 = MECHANICAL_DESIGN_GEOMETRIC_PRESENTATION_REPRESENTATION (  '', ( #3611 ), #6548 ) ;
#5962 = CARTESIAN_POINT ( 'NONE',  ( 5.249999999999999100, -3.865000000000000200, 4.200000000000000200 ) ) ;
#5963 = VECTOR ( 'NONE', #4097, 1000.000000000000000 ) ;
#5964 =( GEOMETRIC_REPRESENTATION_CONTEXT ( 3 ) GLOBAL_UNCERTAINTY_ASSIGNED_CONTEXT ( ( #7686 ) ) GLOBAL_UNIT_ASSIGNED_CONTEXT ( ( #5689, #8855, #6135 ) ) REPRESENTATION_CONTEXT ( 'NONE', 'WORKASPACE' ) );
#5965 = EDGE_CURVE ( 'NONE', #2092, #10403, #4009, .T. ) ;
#5966 =( LENGTH_UNIT ( ) NAMED_UNIT ( * ) SI_UNIT ( .MILLI., .METRE. ) );
#5967 = ORIENTED_EDGE ( 'NONE', *, *, #2640, .T. ) ;
#5968 = VECTOR ( 'NONE', #1872, 1000.000000000000000 ) ;
#5969 = FILL_AREA_STYLE_COLOUR ( '', #7501 ) ;
#5970 = CARTESIAN_POINT ( 'NONE',  ( -5.400000000000003000, -3.540000000000001400, 0.7499999999999880100 ) ) ;
#5971 = CARTESIAN_POINT ( 'NONE',  ( -5.150000000000003000, -3.539999999999996500, -0.7500000000000119900 ) ) ;
#5972 = CARTESIAN_POINT ( 'NONE',  ( -2.950000000000002800, -3.365000000000000700, -1.799999999999999600 ) ) ;
#5973 = COLOUR_RGB ( '',1.000000000000000000, 1.000000000000000000, 1.000000000000000000 ) ;
#5974 = VERTEX_POINT ( 'NONE', #10848 ) ;
#5975 = CARTESIAN_POINT ( 'NONE',  ( 5.349966811288967800, -4.014966811288960700, -1.074221323140176000 ) ) ;
#5976 =( BOUNDED_SURFACE ( )  B_SPLINE_SURFACE ( 3, 2, ( 
 ( #10870, #9218, #7369 ),
 ( #40, #657, #4374 ),
 ( #716, #4301, #9718 ),
 ( #644, #1158, #4796 ),
 ( #3516, #1689, #2367 ),
 ( #5300, #8364, #4101 ),
 ( #8968, #1001, #343 ),
 ( #7041, #10154, #8281 ) ),
 .UNSPECIFIED., .F., .F., .T. ) 
 B_SPLINE_SURFACE_WITH_KNOTS ( ( 4, 2, 2, 4 ),
 ( 3, 3 ),
 ( 6.283185307179586200, 6.675884388878310800, 7.068583470577034500, 7.853981633974482800 ),
 ( 0.0000000000000000000, 1.000000000000000000 ),
 .UNSPECIFIED. ) 
 GEOMETRIC_REPRESENTATION_ITEM ( )  RATIONAL_B_SPLINE_SURFACE ( (
 ( 1.000000000000000000, 0.7071067811865475700, 1.000000000000000000),
 ( 1.000000000000000000, 0.7066293932665943500, 1.000000000000000000),
 ( 1.000000000000000000, 0.7266134707116315200, 1.000000000000000000),
 ( 1.000000000000000000, 0.7876167689855710900, 1.000000000000000000),
 ( 1.000000000000000000, 0.8282764008093220800, 1.000000000000000000),
 ( 1.000000000000000000, 0.9415234097346745200, 1.000000000000000000),
 ( 1.000000000000000000, 1.002733288062912300, 1.000000000000000000),
 ( 1.000000000000000000, 1.000000000000000000, 1.000000000000000000) ) ) 
 REPRESENTATION_ITEM ( '' )  SURFACE ( )  );
#5977 = EDGE_LOOP ( 'NONE', ( #4224, #5621, #10211, #10442 ) ) ;
#5978 =( LENGTH_UNIT ( ) NAMED_UNIT ( * ) SI_UNIT ( .MILLI., .METRE. ) );
#5979 = AXIS2_PLACEMENT_3D ( 'NONE', #10108, #11166, #11117 ) ;
#5980 = AXIS2_PLACEMENT_3D ( 'NONE', #9790, #4449, #10675 ) ;
#5981 = ORIENTED_EDGE ( 'NONE', *, *, #847, .F. ) ;
#5982 = AXIS2_PLACEMENT_3D ( 'NONE', #1040, #10769, #521 ) ;
#5983 = EDGE_CURVE ( 'NONE', #9522, #3688, #8404, .T. ) ;
#5984 = SURFACE_STYLE_USAGE ( .BOTH. , #6005 ) ;
#5985 = CARTESIAN_POINT ( 'NONE',  ( 4.350000000000005000, -3.515000000000000600, -0.9250000000000008200 ) ) ;
#5986 = DIRECTION ( 'NONE',  ( 2.200962968769376600E-016, 3.348823158252935100E-015, -1.000000000000000000 ) ) ;
#5987 = ORIENTED_EDGE ( 'NONE', *, *, #4441, .F. ) ;
#5988 =( NAMED_UNIT ( * ) PLANE_ANGLE_UNIT ( ) SI_UNIT ( $, .RADIAN. ) );
#5989 = EDGE_LOOP ( 'NONE', ( #9863, #2701, #1326, #10336 ) ) ;
#5990 = ORIENTED_EDGE ( 'NONE', *, *, #8751, .T. ) ;
#5991 = ORIENTED_EDGE ( 'NONE', *, *, #7412, .T. ) ;
#5992 = CARTESIAN_POINT ( 'NONE',  ( -5.350000000000002300, -3.835000000000000000, -1.125000000000000700 ) ) ;
#5993 = SURFACE_STYLE_FILL_AREA ( #8124 ) ;
#5994 = CARTESIAN_POINT ( 'NONE',  ( -4.975000000000003200, -3.540000000000003600, 1.479060086872140600 ) ) ;
#5995 = ADVANCED_FACE ( 'NONE', ( #3722 ), #9774, .F. ) ;
#5996 = FILL_AREA_STYLE_COLOUR ( '', #4557 ) ;
#5997 = SURFACE_SIDE_STYLE ('',( #2841 ) ) ;
#5998 = ORIENTED_EDGE ( 'NONE', *, *, #1167, .T. ) ;
#5999 = CARTESIAN_POINT ( 'NONE',  ( -4.450000000000002800, 1.985000000000000300, -4.200000000000000200 ) ) ;
#6000 = EDGE_CURVE ( 'NONE', #7980, #2218, #5207, .T. ) ;
#6001 = FILL_AREA_STYLE_COLOUR ( '', #8115 ) ;
#6002 =( GEOMETRIC_REPRESENTATION_CONTEXT ( 3 ) GLOBAL_UNCERTAINTY_ASSIGNED_CONTEXT ( ( #5253 ) ) GLOBAL_UNIT_ASSIGNED_CONTEXT ( ( #6141, #836, #7039 ) ) REPRESENTATION_CONTEXT ( 'NONE', 'WORKASPACE' ) );
#6003 = AXIS2_PLACEMENT_3D ( 'NONE', #2984, #10311, #4922 ) ;
#6004 = DIRECTION ( 'NONE',  ( -1.000000000000000000, -3.348823158252936600E-015, -2.014244061478019600E-016 ) ) ;
#6005 = SURFACE_SIDE_STYLE ('',( #10065 ) ) ;
#6006 = CARTESIAN_POINT ( 'NONE',  ( -3.355000000000002600, -3.714999999999996700, 0.7499999999999879000 ) ) ;
#6007 = ORIENTED_EDGE ( 'NONE', *, *, #5820, .T. ) ;
#6008 = FILL_AREA_STYLE ('',( #1595 ) ) ;
#6009 = VECTOR ( 'NONE', #2645, 1000.000000000000000 ) ;
#6010 = UNCERTAINTY_MEASURE_WITH_UNIT (LENGTH_MEASURE( 1.000000000000000100E-005 ), #1191, 'distance_accuracy_value', 'NONE');
#6011 = DIRECTION ( 'NONE',  ( 1.426581805901979600E-016, -1.000000000000000000, -2.725027521453481900E-016 ) ) ;
#6012 = ORIENTED_EDGE ( 'NONE', *, *, #6983, .F. ) ;
#6013 = MECHANICAL_DESIGN_GEOMETRIC_PRESENTATION_REPRESENTATION (  '', ( #8854 ), #7143 ) ;
#6014 = DIRECTION ( 'NONE',  ( -1.000000000000000000, 4.081702296416016800E-015, -2.014244061477775000E-016 ) ) ;
#6015 = LINE ( 'NONE', #4870, #3700 ) ;
#6016 = STYLED_ITEM ( 'NONE', ( #5763 ), #1144 ) ;
#6017 = VERTEX_POINT ( 'NONE', #7987 ) ;
#6018 = DIRECTION ( 'NONE',  ( -1.000000000000000000, 0.0000000000000000000, 0.0000000000000000000 ) ) ;
#6019 = EDGE_CURVE ( 'NONE', #290, #11493, #2902, .T. ) ;
#6020 = CARTESIAN_POINT ( 'NONE',  ( 5.120000000000003700, -3.785000000000000100, -3.650000000000001700 ) ) ;
#6021 = STYLED_ITEM ( 'NONE', ( #10711 ), #2508 ) ;
#6022 = CARTESIAN_POINT ( 'NONE',  ( 5.267157287525381400, -3.826715728752538800, -0.9250000000000011500 ) ) ;
#6023 = SURFACE_STYLE_FILL_AREA ( #5398 ) ;
#6024 = CARTESIAN_POINT ( 'NONE',  ( 5.150000000000003000, -3.390000000000000600, -1.125000000000000400 ) ) ;
#6025 =( NAMED_UNIT ( * ) SI_UNIT ( $, .STERADIAN. ) SOLID_ANGLE_UNIT ( ) );
#6026 = VERTEX_POINT ( 'NONE', #10009 ) ;
#6027 = VECTOR ( 'NONE', #6239, 1000.000000000000000 ) ;
#6028 = VERTEX_POINT ( 'NONE', #7839 ) ;
#6029 = DIRECTION ( 'NONE',  ( -1.000000000000000000, -1.426581805901979400E-016, -1.927470528863119300E-016 ) ) ;
#6030 = SURFACE_SIDE_STYLE ('',( #10277 ) ) ;
#6031 = SURFACE_STYLE_FILL_AREA ( #880 ) ;
#6032 = ORIENTED_EDGE ( 'NONE', *, *, #3214, .F. ) ;
#6033 = MECHANICAL_DESIGN_GEOMETRIC_PRESENTATION_REPRESENTATION (  '', ( #6320 ), #5435 ) ;
#6034 = AXIS2_PLACEMENT_3D ( 'NONE', #9797, #3449, #2830 ) ;
#6035 = AXIS2_PLACEMENT_3D ( 'NONE', #1385, #2704, #9994 ) ;
#6036 = PRESENTATION_LAYER_ASSIGNMENT (  '', '', ( #5440 ) ) ;
#6037 = FILL_AREA_STYLE_COLOUR ( '', #9894 ) ;
#6038 = PRESENTATION_STYLE_ASSIGNMENT (( #1115 ) ) ;
#6039 = VECTOR ( 'NONE', #10629, 1000.000000000000000 ) ;
#6040 = EDGE_CURVE ( 'NONE', #2061, #354, #494, .T. ) ;
#6041 = UNCERTAINTY_MEASURE_WITH_UNIT (LENGTH_MEASURE( 1.000000000000000100E-005 ), #10545, 'distance_accuracy_value', 'NONE');
#6042 = CARTESIAN_POINT ( 'NONE',  ( 4.090000000000004300, -4.622125051122410200E-016, -3.100000000000001000 ) ) ;
#6043 = VERTEX_POINT ( 'NONE', #10963 ) ;
#6044 = PRESENTATION_STYLE_ASSIGNMENT (( #7148 ) ) ;
#6045 = PRESENTATION_LAYER_ASSIGNMENT (  '', '', ( #6651 ) ) ;
#6046 = FILL_AREA_STYLE_COLOUR ( '', #114 ) ;
#6047 = FILL_AREA_STYLE ('',( #7468 ) ) ;
#6048 = CARTESIAN_POINT ( 'NONE',  ( 3.350000000000002300, -1.559253913850863900E-015, 3.850000000000000100 ) ) ;
#6049 =( NAMED_UNIT ( * ) PLANE_ANGLE_UNIT ( ) SI_UNIT ( $, .RADIAN. ) );
#6050 = ADVANCED_FACE ( 'NONE', ( #9687 ), #10928, .T. ) ;
#6051 = VECTOR ( 'NONE', #11161, 1000.000000000000000 ) ;
#6052 = CARTESIAN_POINT ( 'NONE',  ( 5.150000000000003900, -1.680000000000001500, 3.850000000000000500 ) ) ;
#6053 = AXIS2_PLACEMENT_3D ( 'NONE', #9722, #10367, #3584 ) ;
#6054 = ORIENTED_EDGE ( 'NONE', *, *, #357, .F. ) ;
#6055 = SURFACE_STYLE_FILL_AREA ( #1942 ) ;
#6056 = ORIENTED_EDGE ( 'NONE', *, *, #5570, .F. ) ;
#6057 =( LENGTH_UNIT ( ) NAMED_UNIT ( * ) SI_UNIT ( .MILLI., .METRE. ) );
#6058 = SURFACE_STYLE_FILL_AREA ( #5832 ) ;
#6059 = EDGE_LOOP ( 'NONE', ( #1548, #8114, #4446, #4288 ) ) ;
#6060 = CIRCLE ( 'NONE', #9869, 0.1799999999999996000 ) ;
#6061 = CARTESIAN_POINT ( 'NONE',  ( 0.0000000000000000000, 0.0000000000000000000, 0.0000000000000000000 ) ) ;
#6062 = SURFACE_SIDE_STYLE ('',( #5045 ) ) ;
#6063 = UNCERTAINTY_MEASURE_WITH_UNIT (LENGTH_MEASURE( 1.000000000000000100E-005 ), #7475, 'distance_accuracy_value', 'NONE');
#6064 = EDGE_LOOP ( 'NONE', ( #10252, #949, #6276, #4497 ) ) ;
#6065 = TOROIDAL_SURFACE ( 'NONE', #2269, 0.3000000000000002700, 0.1250000000000000000 ) ;
#6066 = CARTESIAN_POINT ( 'NONE',  ( -5.150000000000002100, -0.2300000000000006500, -2.350000000000000500 ) ) ;
#6067 = FILL_AREA_STYLE ('',( #7685 ) ) ;
#6068 = EDGE_CURVE ( 'NONE', #4687, #154, #4133, .T. ) ;
#6069 = EDGE_CURVE ( 'NONE', #2891, #5023, #1777, .T. ) ;
#6070 = CARTESIAN_POINT ( 'NONE',  ( 6.599166481399134200, -3.764999999999999200, 0.8749999999999994400 ) ) ;
#6071 = CARTESIAN_POINT ( 'NONE',  ( -4.725000000000002300, -3.815000000000000800, 1.124999999999999800 ) ) ;
#6072 = PRESENTATION_STYLE_ASSIGNMENT (( #1841 ) ) ;
#6073 = SURFACE_STYLE_USAGE ( .BOTH. , #5997 ) ;
#6074 = STYLED_ITEM ( 'NONE', ( #3437 ), #1868 ) ;
#6075 = DIRECTION ( 'NONE',  ( 1.426581805901979900E-016, -1.000000000000000000, -2.725027521453481900E-016 ) ) ;
#6076 = ORIENTED_EDGE ( 'NONE', *, *, #10348, .T. ) ;
#6077 = UNCERTAINTY_MEASURE_WITH_UNIT (LENGTH_MEASURE( 1.000000000000000100E-005 ), #6980, 'distance_accuracy_value', 'NONE');
#6078 = CARTESIAN_POINT ( 'NONE',  ( -4.590000000000002500, -1.057020005643318200E-015, 2.350000000000001000 ) ) ;
#6079 = VECTOR ( 'NONE', #5584, 1000.000000000000000 ) ;
#6080 = CIRCLE ( 'NONE', #11003, 0.2999999999999999300 ) ;
#6081 = LINE ( 'NONE', #10723, #3768 ) ;
#6082 = DIRECTION ( 'NONE',  ( -1.000000000000000000, -1.426581805901978900E-016, -4.707476099338773300E-016 ) ) ;
#6083 = ORIENTED_EDGE ( 'NONE', *, *, #7425, .T. ) ;
#6084 = PRESENTATION_LAYER_ASSIGNMENT (  '', '', ( #6232 ) ) ;
#6085 = CARTESIAN_POINT ( 'NONE',  ( -4.725000000000002300, -3.515000000000000600, -1.125000000000000400 ) ) ;
#6086 = APPLICATION_PROTOCOL_DEFINITION ( 'draft international standard', 'automotive_design', 1998, #8741 ) ;
#6087 = MECHANICAL_DESIGN_GEOMETRIC_PRESENTATION_REPRESENTATION (  '', ( #4906 ), #6695 ) ;
#6088 = ORIENTED_EDGE ( 'NONE', *, *, #11416, .T. ) ;
#6089 = FACE_OUTER_BOUND ( 'NONE', #4084, .T. ) ;
#6090 = AXIS2_PLACEMENT_3D ( 'NONE', #5812, #5074, #1277 ) ;
#6091 = CARTESIAN_POINT ( 'NONE',  ( 5.350000000000002300, -4.015000000000001500, 3.849999999999999600 ) ) ;
#6092 = LINE ( 'NONE', #2882, #1399 ) ;
#6093 = CYLINDRICAL_SURFACE ( 'NONE', #9889, 0.02999999999999964500 ) ;
#6094 = CARTESIAN_POINT ( 'NONE',  ( 4.725000000000002300, -8.138649202670792900E-016, 9.155485012099790700E-017 ) ) ;
#6095 = CYLINDRICAL_SURFACE ( 'NONE', #9040, 0.1250000000000000000 ) ;
#6096 = SURFACE_STYLE_USAGE ( .BOTH. , #6325 ) ;
#6097 = VERTEX_POINT ( 'NONE', #5622 ) ;
#6098 = VERTEX_POINT ( 'NONE', #5821 ) ;
#6099 = AXIS2_PLACEMENT_3D ( 'NONE', #5479, #7967, #3695 ) ;
#6100 = MECHANICAL_DESIGN_GEOMETRIC_PRESENTATION_REPRESENTATION (  '', ( #4917 ), #6705 ) ;
#6101 = AXIS2_PLACEMENT_3D ( 'NONE', #9099, #9293, #10695 ) ;
#6103 = MECHANICAL_DESIGN_GEOMETRIC_PRESENTATION_REPRESENTATION (  '', ( #6690 ), #6452 ) ;
#6102 =( GEOMETRIC_REPRESENTATION_CONTEXT ( 3 ) GLOBAL_UNCERTAINTY_ASSIGNED_CONTEXT ( ( #9705 ) ) GLOBAL_UNIT_ASSIGNED_CONTEXT ( ( #10885, #5531, #221 ) ) REPRESENTATION_CONTEXT ( 'NONE', 'WORKASPACE' ) );
#6104 = DIRECTION ( 'NONE',  ( 2.409338161078898200E-017, -1.426581805901979900E-016, 1.000000000000000000 ) ) ;
#6105 = CARTESIAN_POINT ( 'NONE',  ( -3.350000000000002300, -3.815000000000000400, -0.9249999999999999300 ) ) ;
#6106 = EDGE_CURVE ( 'NONE', #6115, #5081, #10656, .T. ) ;
#6107 =( BOUNDED_CURVE ( )  B_SPLINE_CURVE ( 3, ( #2596, #6022, #3474, #9667 ),
 .UNSPECIFIED., .F., .T. ) 
 B_SPLINE_CURVE_WITH_KNOTS ( ( 4, 4 ),
 ( 4.712388980384689700, 6.283185307179586200 ),
 .UNSPECIFIED. ) 
 CURVE ( )  GEOMETRIC_REPRESENTATION_ITEM ( )  RATIONAL_B_SPLINE_CURVE ( ( 1.000000000000000000, 0.8047378541243649400, 0.8047378541243649400, 1.000000000000000000 ) ) 
 REPRESENTATION_ITEM ( '' )  );
#6108 = EDGE_CURVE ( 'NONE', #3109, #2876, #1490, .T. ) ;
#6109 = DIRECTION ( 'NONE',  ( -2.409338161078898200E-017, 1.426581805901979400E-016, -1.000000000000000000 ) ) ;
#6110 = DIRECTION ( 'NONE',  ( 1.426581805901979600E-016, -1.000000000000000000, -2.725027521453481900E-016 ) ) ;
#6111 = ADVANCED_FACE ( 'NONE', ( #6445 ), #2760, .F. ) ;
#6112 = UNCERTAINTY_MEASURE_WITH_UNIT (LENGTH_MEASURE( 1.000000000000000100E-005 ), #9049, 'distance_accuracy_value', 'NONE');
#6113 = ORIENTED_EDGE ( 'NONE', *, *, #422, .F. ) ;
#6114 = DIRECTION ( 'NONE',  ( 1.000000000000000000, 1.426581805901979400E-016, 1.927470528863119300E-016 ) ) ;
#6115 = VERTEX_POINT ( 'NONE', #1616 ) ;
#6116 =( NAMED_UNIT ( * ) PLANE_ANGLE_UNIT ( ) SI_UNIT ( $, .RADIAN. ) );
#6117 = FACE_OUTER_BOUND ( 'NONE', #3004, .T. ) ;
#6118 = CARTESIAN_POINT ( 'NONE',  ( -5.150000000000002100, -0.2000000000000004600, -3.850000000000000500 ) ) ;
#6119 = SURFACE_STYLE_FILL_AREA ( #4055 ) ;
#6120 = PRESENTATION_STYLE_ASSIGNMENT (( #231 ) ) ;
#6121 =( NAMED_UNIT ( * ) PLANE_ANGLE_UNIT ( ) SI_UNIT ( $, .RADIAN. ) );
#6122 = CARTESIAN_POINT ( 'NONE',  ( -4.975000000000003200, -3.540000000000001400, 0.7499999999999882300 ) ) ;
#6123 = ORIENTED_EDGE ( 'NONE', *, *, #5158, .F. ) ;
#6124 = VERTEX_POINT ( 'NONE', #1327 ) ;
#6125 = MECHANICAL_DESIGN_GEOMETRIC_PRESENTATION_REPRESENTATION (  '', ( #4364 ), #6723 ) ;
#6126 =( GEOMETRIC_REPRESENTATION_CONTEXT ( 3 ) GLOBAL_UNCERTAINTY_ASSIGNED_CONTEXT ( ( #6398 ) ) GLOBAL_UNIT_ASSIGNED_CONTEXT ( ( #9316, #4010, #10226 ) ) REPRESENTATION_CONTEXT ( 'NONE', 'WORKASPACE' ) );
#6127 = ORIENTED_EDGE ( 'NONE', *, *, #3770, .F. ) ;
#6128 = SURFACE_STYLE_FILL_AREA ( #3404 ) ;
#6129 = EDGE_CURVE ( 'NONE', #6244, #7121, #7432, .T. ) ;
#6130 = FACE_OUTER_BOUND ( 'NONE', #3760, .T. ) ;
#6131 = FACE_OUTER_BOUND ( 'NONE', #6384, .T. ) ;
#6132 = VERTEX_POINT ( 'NONE', #1902 ) ;
#6133 = CARTESIAN_POINT ( 'NONE',  ( -3.350000000000003200, -4.015000000000000600, 1.124999999999998000 ) ) ;
#6134 = DIRECTION ( 'NONE',  ( 1.927470528863119000E-016, 1.426581805901979600E-016, -1.000000000000000000 ) ) ;
#6135 =( NAMED_UNIT ( * ) SI_UNIT ( $, .STERADIAN. ) SOLID_ANGLE_UNIT ( ) );
#6136 = CARTESIAN_POINT ( 'NONE',  ( -5.150000000000002100, -0.4000000000000011900, 0.9249999999999998200 ) ) ;
#6137 = AXIS2_PLACEMENT_3D ( 'NONE', #7359, #5883, #10945 ) ;
#6138 = AXIS2_PLACEMENT_3D ( 'NONE', #162, #225, #246 ) ;
#6139 = MECHANICAL_DESIGN_GEOMETRIC_PRESENTATION_REPRESENTATION (  '', ( #4382 ), #6743 ) ;
#6140 =( NAMED_UNIT ( * ) SI_UNIT ( $, .STERADIAN. ) SOLID_ANGLE_UNIT ( ) );
#6141 =( LENGTH_UNIT ( ) NAMED_UNIT ( * ) SI_UNIT ( .MILLI., .METRE. ) );
#6142 = VERTEX_POINT ( 'NONE', #4138 ) ;
#6143 = CARTESIAN_POINT ( 'NONE',  ( -5.250000000000002700, 1.985000000000000300, -4.200000000000000200 ) ) ;
#6144 = PRESENTATION_STYLE_ASSIGNMENT (( #9829 ) ) ;
#6145 = DIRECTION ( 'NONE',  ( -1.426581805901979900E-016, 1.000000000000000000, 2.725027521453481900E-016 ) ) ;
#6146 = AXIS2_PLACEMENT_3D ( 'NONE', #3498, #8262, #5791 ) ;
#6147 = PLANE ( 'NONE',  #1527 ) ;
#6148 = CARTESIAN_POINT ( 'NONE',  ( -5.250000000000000900, -3.865000000000000200, 5.000000000000000000 ) ) ;
#6149 = LINE ( 'NONE', #10578, #3843 ) ;
#6150 = CARTESIAN_POINT ( 'NONE',  ( -4.850000000000002300, -3.390000000000000600, 0.9249999999999996000 ) ) ;
#6151 = EDGE_CURVE ( 'NONE', #567, #1153, #7144, .T. ) ;
#6152 = STYLED_ITEM ( 'NONE', ( #2499 ), #5948 ) ;
#6153 =( NAMED_UNIT ( * ) SI_UNIT ( $, .STERADIAN. ) SOLID_ANGLE_UNIT ( ) );
#6154 =( GEOMETRIC_REPRESENTATION_CONTEXT ( 3 ) GLOBAL_UNCERTAINTY_ASSIGNED_CONTEXT ( ( #8834 ) ) GLOBAL_UNIT_ASSIGNED_CONTEXT ( ( #6649, #1352, #7554 ) ) REPRESENTATION_CONTEXT ( 'NONE', 'WORKASPACE' ) );
#6155 = LINE ( 'NONE', #11195, #10912 ) ;
#6156 = LINE ( 'NONE', #4135, #1472 ) ;
#6157 = SURFACE_STYLE_FILL_AREA ( #3518 ) ;
#6158 = AXIS2_PLACEMENT_3D ( 'NONE', #964, #886, #1107 ) ;
#6159 = ORIENTED_EDGE ( 'NONE', *, *, #1410, .T. ) ;
#6160 = VECTOR ( 'NONE', #2753, 1000.000000000000000 ) ;
#6161 = DIRECTION ( 'NONE',  ( 0.0000000000000000000, 0.0000000000000000000, -1.000000000000000000 ) ) ;
#6162 = SURFACE_STYLE_FILL_AREA ( #30 ) ;
#6163 = SURFACE_STYLE_FILL_AREA ( #9569 ) ;
#6164 = EDGE_LOOP ( 'NONE', ( #5246, #7336, #10234, #328, #4082, #1363 ) ) ;
#6165 = CARTESIAN_POINT ( 'NONE',  ( 4.590000000000003400, -3.980163238466521500E-016, -3.050000000000000700 ) ) ;
#6166 = LINE ( 'NONE', #7740, #1190 ) ;
#6167 = CYLINDRICAL_SURFACE ( 'NONE', #7360, 0.2999999999999999300 ) ;
#6168 = AXIS2_PLACEMENT_3D ( 'NONE', #4540, #2673, #6849 ) ;
#6169 = VECTOR ( 'NONE', #6109, 1000.000000000000000 ) ;
#6170 =( GEOMETRIC_REPRESENTATION_CONTEXT ( 3 ) GLOBAL_UNCERTAINTY_ASSIGNED_CONTEXT ( ( #2404 ) ) GLOBAL_UNIT_ASSIGNED_CONTEXT ( ( #9399, #4072, #10292 ) ) REPRESENTATION_CONTEXT ( 'NONE', 'WORKASPACE' ) );
#6171 = DIRECTION ( 'NONE',  ( 3.469446951953622900E-015, -1.000000000000000000, -3.469446951953622900E-015 ) ) ;
#6172 = VERTEX_POINT ( 'NONE', #3834 ) ;
#6173 = ORIENTED_EDGE ( 'NONE', *, *, #2388, .F. ) ;
#6174 = CARTESIAN_POINT ( 'NONE',  ( -3.350000000000001400, -1.680000000000000800, -3.850000000000001400 ) ) ;
#6175 = CARTESIAN_POINT ( 'NONE',  ( 3.350000000000003200, -3.815000000000000400, -0.9250000000000012700 ) ) ;
#6176 = FACE_OUTER_BOUND ( 'NONE', #7503, .T. ) ;
#6177 = FILL_AREA_STYLE ('',( #4418 ) ) ;
#6178 = LINE ( 'NONE', #9956, #10664 ) ;
#6179 =( NAMED_UNIT ( * ) PLANE_ANGLE_UNIT ( ) SI_UNIT ( $, .RADIAN. ) );
#6180 = DIRECTION ( 'NONE',  ( 1.000000000000000000, 0.0000000000000000000, 0.0000000000000000000 ) ) ;
#6181 = STYLED_ITEM ( 'NONE', ( #8353 ), #6871 ) ;
#6182 = AXIS2_PLACEMENT_3D ( 'NONE', #1606, #11336, #5129 ) ;
#6183 = CARTESIAN_POINT ( 'NONE',  ( -5.350000000000001400, -3.834999999999999500, -3.650000000000001700 ) ) ;
#6184 = DIRECTION ( 'NONE',  ( 1.927470528863118800E-016, 2.725027521453482400E-016, -1.000000000000000000 ) ) ;
#6185 = ORIENTED_EDGE ( 'NONE', *, *, #7898, .T. ) ;
#6186 = LINE ( 'NONE', #539, #1511 ) ;
#6187 = EDGE_CURVE ( 'NONE', #130, #9791, #9550, .T. ) ;
#6188 = EDGE_CURVE ( 'NONE', #11014, #8438, #9823, .T. ) ;
#6189 = CYLINDRICAL_SURFACE ( 'NONE', #4753, 0.1999999999999999800 ) ;
#6190 =( LENGTH_UNIT ( ) NAMED_UNIT ( * ) SI_UNIT ( .MILLI., .METRE. ) );
#6191 = CARTESIAN_POINT ( 'NONE',  ( -3.350000000000002300, -0.2000000000000011800, 0.9250000000000002700 ) ) ;
#6192 = CARTESIAN_POINT ( 'NONE',  ( -3.350000000000001400, -3.765000000000000100, -1.125000000000000400 ) ) ;
#6193 = FILL_AREA_STYLE_COLOUR ( '', #8668 ) ;
#6194 = LINE ( 'NONE', #45, #3895 ) ;
#6195 = ORIENTED_EDGE ( 'NONE', *, *, #9719, .F. ) ;
#6196 = CARTESIAN_POINT ( 'NONE',  ( -5.350000000000004100, -0.2000000000000002600, -2.300000000000000700 ) ) ;
#6197 = PLANE ( 'NONE',  #11432 ) ;
#6198 = EDGE_CURVE ( 'NONE', #1921, #8941, #2489, .T. ) ;
#6199 = DIRECTION ( 'NONE',  ( 0.0000000000000000000, -1.000000000000000000, 0.0000000000000000000 ) ) ;
#6200 = MECHANICAL_DESIGN_GEOMETRIC_PRESENTATION_REPRESENTATION (  '', ( #5027 ), #6813 ) ;
#6201 = CARTESIAN_POINT ( 'NONE',  ( -5.138492385099675100, -0.2063773055447653800, -2.349591632096441600 ) ) ;
#6202 = VECTOR ( 'NONE', #596, 1000.000000000000000 ) ;
#6203 = UNCERTAINTY_MEASURE_WITH_UNIT (LENGTH_MEASURE( 1.000000000000000100E-005 ), #2010, 'distance_accuracy_value', 'NONE');
#6204 = ORIENTED_EDGE ( 'NONE', *, *, #10986, .F. ) ;
#6205 = LINE ( 'NONE', #11411, #10689 ) ;
#6206 = PLANE ( 'NONE',  #10756 ) ;
#6207 = SURFACE_STYLE_USAGE ( .BOTH. , #5324 ) ;
#6208 = DIRECTION ( 'NONE',  ( -2.014244061477907700E-016, -2.140309255009110000E-017, 1.000000000000000000 ) ) ;
#6209 = EDGE_CURVE ( 'NONE', #7564, #9907, #5059, .T. ) ;
#6210 = ORIENTED_EDGE ( 'NONE', *, *, #373, .T. ) ;
#6211 = AXIS2_PLACEMENT_3D ( 'NONE', #2521, #8675, #3408 ) ;
#6212 = UNCERTAINTY_MEASURE_WITH_UNIT (LENGTH_MEASURE( 1.000000000000000100E-005 ), #3885, 'distance_accuracy_value', 'NONE');
#6213 = FILL_AREA_STYLE ('',( #8931 ) ) ;
#6214 = CIRCLE ( 'NONE', #9700, 0.04999999999999969700 ) ;
#6215 = PRESENTATION_STYLE_ASSIGNMENT (( #7325 ) ) ;
#6216 = FILL_AREA_STYLE_COLOUR ( '', #8658 ) ;
#6217 = TOROIDAL_SURFACE ( 'NONE', #4443, 0.3000000000000003800, 0.1250000000000000000 ) ;
#6218 = PRESENTATION_LAYER_ASSIGNMENT (  '', '', ( #6021 ) ) ;
#6219 = LINE ( 'NONE', #6698, #1552 ) ;
#6220 =( NAMED_UNIT ( * ) PLANE_ANGLE_UNIT ( ) SI_UNIT ( $, .RADIAN. ) );
#6221 =( LENGTH_UNIT ( ) NAMED_UNIT ( * ) SI_UNIT ( .MILLI., .METRE. ) );
#6222 = DIRECTION ( 'NONE',  ( 2.014244061477911900E-016, 3.348823158252935100E-015, -1.000000000000000000 ) ) ;
#6223 =( NAMED_UNIT ( * ) PLANE_ANGLE_UNIT ( ) SI_UNIT ( $, .RADIAN. ) );
#6224 = ORIENTED_EDGE ( 'NONE', *, *, #883, .F. ) ;
#6225 = SURFACE_SIDE_STYLE ('',( #9955 ) ) ;
#6226 = VECTOR ( 'NONE', #2759, 1000.000000000000000 ) ;
#6227 = CARTESIAN_POINT ( 'NONE',  ( -5.150000000000002100, -1.870000000000000300, 1.125000000000000000 ) ) ;
#6228 = ADVANCED_FACE ( 'NONE', ( #4525 ), #419, .T. ) ;
#6229 = CIRCLE ( 'NONE', #153, 0.05000000000000012800 ) ;
#6230 = FACE_OUTER_BOUND ( 'NONE', #6059, .T. ) ;
#6231 = VECTOR ( 'NONE', #9582, 1000.000000000000000 ) ;
#6232 = STYLED_ITEM ( 'NONE', ( #6242 ), #4752 ) ;
#6233 = PLANE ( 'NONE',  #3419 ) ;
#6234 = EDGE_CURVE ( 'NONE', #1587, #4631, #10503, .T. ) ;
#6235 = ORIENTED_EDGE ( 'NONE', *, *, #4061, .F. ) ;
#6236 = EDGE_CURVE ( 'NONE', #2815, #731, #3708, .T. ) ;
#6237 = AXIS2_PLACEMENT_3D ( 'NONE', #4021, #10429, #4270 ) ;
#6238 = SURFACE_SIDE_STYLE ('',( #10186 ) ) ;
#6239 = DIRECTION ( 'NONE',  ( 1.000000000000000000, -3.657902066415302200E-018, 1.927470528863118800E-016 ) ) ;
#6240 = ORIENTED_EDGE ( 'NONE', *, *, #11413, .T. ) ;
#6241 = CARTESIAN_POINT ( 'NONE',  ( 5.170000000000002600, -4.015000000000000600, 1.124999999999999800 ) ) ;
#6242 = PRESENTATION_STYLE_ASSIGNMENT (( #799 ) ) ;
#6243 = ORIENTED_EDGE ( 'NONE', *, *, #3614, .T. ) ;
#6244 = VERTEX_POINT ( 'NONE', #1043 ) ;
#6245 = UNCERTAINTY_MEASURE_WITH_UNIT (LENGTH_MEASURE( 1.000000000000000100E-005 ), #9495, 'distance_accuracy_value', 'NONE');
#6246 = UNCERTAINTY_MEASURE_WITH_UNIT (LENGTH_MEASURE( 1.000000000000000100E-005 ), #2114, 'distance_accuracy_value', 'NONE');
#6247 = DIRECTION ( 'NONE',  ( -2.409338161078898200E-017, 1.426581805901979900E-016, -1.000000000000000000 ) ) ;
#6248 = CARTESIAN_POINT ( 'NONE',  ( 4.090000000000003400, -0.2000000000000014300, 3.100000000000001000 ) ) ;
#6249 =( GEOMETRIC_REPRESENTATION_CONTEXT ( 3 ) GLOBAL_UNCERTAINTY_ASSIGNED_CONTEXT ( ( #1494 ) ) GLOBAL_UNIT_ASSIGNED_CONTEXT ( ( #5565, #1287, #6140 ) ) REPRESENTATION_CONTEXT ( 'NONE', 'WORKASPACE' ) );
#6250 = PRESENTATION_LAYER_ASSIGNMENT (  '', '', ( #6853 ) ) ;
#6252 = STYLED_ITEM ( 'NONE', ( #6498 ), #3654 ) ;
#6251 = AXIS2_PLACEMENT_3D ( 'NONE', #1858, #3592, #8019 ) ;
#6253 = ORIENTED_EDGE ( 'NONE', *, *, #2731, .T. ) ;
#6254 = DIRECTION ( 'NONE',  ( 1.000000000000000000, 1.426581805901979400E-016, 1.927470528863119300E-016 ) ) ;
#6255 = DIRECTION ( 'NONE',  ( 0.0000000000000000000, 0.3399228840219226100, -0.9404533124606551100 ) ) ;
#6256 = PRESENTATION_STYLE_ASSIGNMENT (( #4707 ) ) ;
#6257 = VECTOR ( 'NONE', #5010, 1000.000000000000000 ) ;
#6258 = MECHANICAL_DESIGN_GEOMETRIC_PRESENTATION_REPRESENTATION (  '', ( #2550 ), #6286 ) ;
#6259 = CARTESIAN_POINT ( 'NONE',  ( -5.100000000000003200, -3.390000000000000600, 1.124999999999999600 ) ) ;
#6260 = FACE_OUTER_BOUND ( 'NONE', #3468, .T. ) ;
#6261 = ORIENTED_EDGE ( 'NONE', *, *, #8963, .F. ) ;
#6262 = VERTEX_POINT ( 'NONE', #2725 ) ;
#6263 = CARTESIAN_POINT ( 'NONE',  ( 3.350000000000003200, -0.2000000000000009000, -0.9250000000000002700 ) ) ;
#6264 = CARTESIAN_POINT ( 'NONE',  ( 4.725000000000002300, -4.015000000000000600, 0.9249999999999996000 ) ) ;
#6265 = ORIENTED_EDGE ( 'NONE', *, *, #8373, .T. ) ;
#6266 = AXIS2_PLACEMENT_3D ( 'NONE', #9282, #9210, #9161 ) ;
#6267 = CARTESIAN_POINT ( 'NONE',  ( -4.975000000000003200, -3.715000000000002100, 0.7499999999999875700 ) ) ;
#6268 = PLANE ( 'NONE',  #11115 ) ;
#6269 = CIRCLE ( 'NONE', #10825, 0.4250000000000000400 ) ;
#6270 = AXIS2_PLACEMENT_3D ( 'NONE', #6794, #6754, #6082 ) ;
#6271 = ORIENTED_EDGE ( 'NONE', *, *, #4210, .T. ) ;
#6272 = FILL_AREA_STYLE ('',( #383 ) ) ;
#6273 = EDGE_CURVE ( 'NONE', #1421, #2891, #8108, .T. ) ;
#6274 = CARTESIAN_POINT ( 'NONE',  ( 5.170000000000003500, 1.697632349023357700E-016, -3.850000000000001000 ) ) ;
#6275 = COLOUR_RGB ( '',1.000000000000000000, 1.000000000000000000, 1.000000000000000000 ) ;
#6276 = ORIENTED_EDGE ( 'NONE', *, *, #8275, .F. ) ;
#6277 = COLOUR_RGB ( '',0.5019607843137254800, 0.5019607843137254800, 0.5019607843137254800 ) ;
#6278 = DIRECTION ( 'NONE',  ( 0.0000000000000000000, 1.000000000000000000, -0.0000000000000000000 ) ) ;
#6279 =( NAMED_UNIT ( * ) PLANE_ANGLE_UNIT ( ) SI_UNIT ( $, .RADIAN. ) );
#6280 = ORIENTED_EDGE ( 'NONE', *, *, #7234, .F. ) ;
#6281 = CARTESIAN_POINT ( 'NONE',  ( 5.350000000000002300, -3.835000000000000400, 1.124999999999998400 ) ) ;
#6282 = PRESENTATION_STYLE_ASSIGNMENT (( #6339 ) ) ;
#6283 = PRESENTATION_STYLE_ASSIGNMENT (( #11442 ) ) ;
#6284 = ORIENTED_EDGE ( 'NONE', *, *, #5321, .T. ) ;
#6285 = EDGE_CURVE ( 'NONE', #2876, #5719, #1329, .T. ) ;
#6286 =( GEOMETRIC_REPRESENTATION_CONTEXT ( 3 ) GLOBAL_UNCERTAINTY_ASSIGNED_CONTEXT ( ( #2754 ) ) GLOBAL_UNIT_ASSIGNED_CONTEXT ( ( #1732, #2735, #2824 ) ) REPRESENTATION_CONTEXT ( 'NONE', 'WORKASPACE' ) );
#6288 = AXIS2_PLACEMENT_3D ( 'NONE', #8819, #3534, #9729 ) ;
#6287 = CIRCLE ( 'NONE', #3093, 0.1999999999999996500 ) ;
#6289 = SURFACE_STYLE_FILL_AREA ( #11098 ) ;
#6290 = ADVANCED_FACE ( 'NONE', ( #5468 ), #11438, .F. ) ;
#6291 = FILL_AREA_STYLE_COLOUR ( '', #9766 ) ;
#6292 = ORIENTED_EDGE ( 'NONE', *, *, #10935, .T. ) ;
#6293 = DIRECTION ( 'NONE',  ( 2.209081482755457800E-016, 1.426581805901979600E-016, -1.000000000000000000 ) ) ;
#6294 =( NAMED_UNIT ( * ) SI_UNIT ( $, .STERADIAN. ) SOLID_ANGLE_UNIT ( ) );
#6295 = FACE_OUTER_BOUND ( 'NONE', #9751, .T. ) ;
#6296 = ORIENTED_EDGE ( 'NONE', *, *, #5026, .T. ) ;
#6297 = SURFACE_SIDE_STYLE ('',( #6055 ) ) ;
#6298 = FILL_AREA_STYLE ('',( #184 ) ) ;
#6299 = ADVANCED_FACE ( 'NONE', ( #9411 ), #1473, .T. ) ;
#6300 = CYLINDRICAL_SURFACE ( 'NONE', #6158, 0.1250000000000001100 ) ;
#6301 = VECTOR ( 'NONE', #9336, 1000.000000000000000 ) ;
#6302 = FILL_AREA_STYLE ('',( #88 ) ) ;
#6303 = MECHANICAL_DESIGN_GEOMETRIC_PRESENTATION_REPRESENTATION (  '', ( #6459 ), #6249 ) ;
#6304 = DIRECTION ( 'NONE',  ( 2.409338161078898200E-017, -1.426581805901979900E-016, 1.000000000000000000 ) ) ;
#6305 = VERTEX_POINT ( 'NONE', #6889 ) ;
#6306 = DIRECTION ( 'NONE',  ( -1.000000000000000000, 3.571489509364014100E-015, 0.0000000000000000000 ) ) ;
#6307 = ORIENTED_EDGE ( 'NONE', *, *, #6129, .T. ) ;
#6308 = ORIENTED_EDGE ( 'NONE', *, *, #1525, .T. ) ;
#6309 = DIRECTION ( 'NONE',  ( 4.818676322157798900E-017, 5.008887229611388000E-017, 1.000000000000000000 ) ) ;
#6310 =( GEOMETRIC_REPRESENTATION_CONTEXT ( 3 ) GLOBAL_UNCERTAINTY_ASSIGNED_CONTEXT ( ( #10203 ) ) GLOBAL_UNIT_ASSIGNED_CONTEXT ( ( #809, #4723, #10229 ) ) REPRESENTATION_CONTEXT ( 'NONE', 'WORKASPACE' ) );
#6311 = LINE ( 'NONE', #1537, #10793 ) ;
#6312 = PRESENTATION_STYLE_ASSIGNMENT (( #2838 ) ) ;
#6313 = PRESENTATION_STYLE_ASSIGNMENT (( #8372 ) ) ;
#6314 = FILL_AREA_STYLE_COLOUR ( '', #5021 ) ;
#6315 = DIRECTION ( 'NONE',  ( 3.770802719384151000E-016, -1.000000000000000000, -1.426581805901979400E-016 ) ) ;
#6316 =( NAMED_UNIT ( * ) SI_UNIT ( $, .STERADIAN. ) SOLID_ANGLE_UNIT ( ) );
#6317 = DIRECTION ( 'NONE',  ( -1.000000000000000000, -1.079575420682577600E-017, 0.0000000000000000000 ) ) ;
#6318 =( NAMED_UNIT ( * ) PLANE_ANGLE_UNIT ( ) SI_UNIT ( $, .RADIAN. ) );
#6319 = ORIENTED_EDGE ( 'NONE', *, *, #562, .T. ) ;
#6320 = STYLED_ITEM ( 'NONE', ( #5903 ), #5785 ) ;
#6321 = PRESENTATION_LAYER_ASSIGNMENT (  '', '', ( #6459 ) ) ;
#6322 = CARTESIAN_POINT ( 'NONE',  ( 5.160440761534692600, -3.919407615346898400, 0.9465649028722775700 ) ) ;
#6323 =( GEOMETRIC_REPRESENTATION_CONTEXT ( 3 ) GLOBAL_UNCERTAINTY_ASSIGNED_CONTEXT ( ( #3533 ) ) GLOBAL_UNIT_ASSIGNED_CONTEXT ( ( #6221, #914, #7124 ) ) REPRESENTATION_CONTEXT ( 'NONE', 'WORKASPACE' ) );
#6324 = FACE_OUTER_BOUND ( 'NONE', #3190, .T. ) ;
#6325 = SURFACE_SIDE_STYLE ('',( #780 ) ) ;
#6326 = VECTOR ( 'NONE', #701, 1000.000000000000000 ) ;
#6327 = PRESENTATION_STYLE_ASSIGNMENT (( #8696 ) ) ;
#6328 = LINE ( 'NONE', #8250, #3734 ) ;
#6329 = PLANE ( 'NONE',  #11176 ) ;
#6330 = DIRECTION ( 'NONE',  ( 0.0000000000000000000, 0.0000000000000000000, -1.000000000000000000 ) ) ;
#6331 = CARTESIAN_POINT ( 'NONE',  ( 5.350000000000003200, -3.835000000000000000, 1.124999999999999300 ) ) ;
#6332 = ORIENTED_EDGE ( 'NONE', *, *, #4797, .T. ) ;
#6333 =( NAMED_UNIT ( * ) PLANE_ANGLE_UNIT ( ) SI_UNIT ( $, .RADIAN. ) );
#6334 = ORIENTED_EDGE ( 'NONE', *, *, #9985, .F. ) ;
#6335 = FILL_AREA_STYLE ('',( #2774 ) ) ;
#6336 = STYLED_ITEM ( 'NONE', ( #3955 ), #7225 ) ;
#6337 = STYLED_ITEM ( 'NONE', ( #3346 ), #11162 ) ;
#6338 = DIRECTION ( 'NONE',  ( 0.0000000000000000000, 0.0000000000000000000, 1.000000000000000000 ) ) ;
#6339 = SURFACE_STYLE_USAGE ( .BOTH. , #10081 ) ;
#6340 = EDGE_CURVE ( 'NONE', #8775, #9996, #3853, .T. ) ;
#6341 = FILL_AREA_STYLE_COLOUR ( '', #8154 ) ;
#6342 = EDGE_CURVE ( 'NONE', #9066, #1574, #10915, .T. ) ;
#6343 = VERTEX_POINT ( 'NONE', #5139 ) ;
#6344 = CARTESIAN_POINT ( 'NONE',  ( -5.350000000000001400, -0.2000000000000008700, -1.125000000000000400 ) ) ;
#6345 = FILL_AREA_STYLE ('',( #802 ) ) ;
#6346 = ADVANCED_FACE ( 'NONE', ( #8524 ), #2741, .F. ) ;
#6347 = SURFACE_STYLE_FILL_AREA ( #893 ) ;
#6348 = CARTESIAN_POINT ( 'NONE',  ( -5.050000000000001600, -3.390000000000000600, 1.124999999999999600 ) ) ;
#6349 = DIRECTION ( 'NONE',  ( 1.000000000000000000, -1.426581805901979900E-016, 1.927470528863118800E-016 ) ) ;
#6350 = UNCERTAINTY_MEASURE_WITH_UNIT (LENGTH_MEASURE( 1.000000000000000100E-005 ), #6795, 'distance_accuracy_value', 'NONE');
#6351 = EDGE_LOOP ( 'NONE', ( #3204, #10471, #3772, #3255, #2702 ) ) ;
#6352 = CARTESIAN_POINT ( 'NONE',  ( 4.449999999999999300, -3.865000000000000200, 4.200000000000000200 ) ) ;
#6353 = EDGE_CURVE ( 'NONE', #6505, #6542, #617, .T. ) ;
#6354 = DIRECTION ( 'NONE',  ( 1.000000000000000000, 3.657902066415202000E-018, 4.707476099338773300E-016 ) ) ;
#6355 = ADVANCED_FACE ( 'NONE', ( #9811 ), #11038, .T. ) ;
#6356 = CIRCLE ( 'NONE', #3839, 0.2000000000000000900 ) ;
#6357 = PRESENTATION_LAYER_ASSIGNMENT (  '', '', ( #5173 ) ) ;
#6358 = CYLINDRICAL_SURFACE ( 'NONE', #9179, 0.02999999999999964500 ) ;
#6359 = CARTESIAN_POINT ( 'NONE',  ( -5.400000000000003000, -3.539999999999996500, -0.7500000000000121000 ) ) ;
#6360 = FACE_OUTER_BOUND ( 'NONE', #6737, .T. ) ;
#6361 = VECTOR ( 'NONE', #10352, 1000.000000000000000 ) ;
#6362 = ORIENTED_EDGE ( 'NONE', *, *, #2513, .F. ) ;
#6364 = ORIENTED_EDGE ( 'NONE', *, *, #1377, .T. ) ;
#6363 = FILL_AREA_STYLE_COLOUR ( '', #9937 ) ;
#6365 = DIRECTION ( 'NONE',  ( 0.0000000000000000000, -0.0000000000000000000, -1.000000000000000000 ) ) ;
#6366 = UNCERTAINTY_MEASURE_WITH_UNIT (LENGTH_MEASURE( 1.000000000000000100E-005 ), #4417, 'distance_accuracy_value', 'NONE');
#6367 = DIRECTION ( 'NONE',  ( 1.000000000000000000, 3.657902066415252100E-018, 1.927470528863119000E-016 ) ) ;
#6368 = DIRECTION ( 'NONE',  ( 0.0000000000000000000, 0.0000000000000000000, 1.000000000000000000 ) ) ;
#6369 = COLOUR_RGB ( '',0.5019607843137254800, 0.5019607843137254800, 0.5019607843137254800 ) ;
#6370 = EDGE_CURVE ( 'NONE', #3016, #2989, #1903, .T. ) ;
#6371 = ORIENTED_EDGE ( 'NONE', *, *, #409, .F. ) ;
#6372 = STYLED_ITEM ( 'NONE', ( #1603 ), #9176 ) ;
#6373 = DIRECTION ( 'NONE',  ( 1.000000000000000000, 0.0000000000000000000, 0.0000000000000000000 ) ) ;
#6374 =( NAMED_UNIT ( * ) SI_UNIT ( $, .STERADIAN. ) SOLID_ANGLE_UNIT ( ) );
#6375 = COLOUR_RGB ( '',1.000000000000000000, 1.000000000000000000, 1.000000000000000000 ) ;
#6376 = DIRECTION ( 'NONE',  ( -1.426581805901979600E-016, 1.000000000000000000, 1.426581805901979400E-016 ) ) ;
#6377 = AXIS2_PLACEMENT_3D ( 'NONE', #4827, #8059, #5628 ) ;
#6378 = FILL_AREA_STYLE ('',( #6341 ) ) ;
#6379 = LINE ( 'NONE', #10092, #4069 ) ;
#6380 = DIRECTION ( 'NONE',  ( -1.000000000000000000, 2.478176394252571900E-015, 0.0000000000000000000 ) ) ;
#6381 = ORIENTED_EDGE ( 'NONE', *, *, #5231, .T. ) ;
#6382 = FILL_AREA_STYLE_COLOUR ( '', #7580 ) ;
#6383 = ORIENTED_EDGE ( 'NONE', *, *, #6965, .F. ) ;
#6384 = EDGE_LOOP ( 'NONE', ( #10613, #7919, #11394, #8660 ) ) ;
#6385 = COLOUR_RGB ( '',1.000000000000000000, 1.000000000000000000, 1.000000000000000000 ) ;
#6386 = AXIS2_PLACEMENT_3D ( 'NONE', #3580, #4451, #4948 ) ;
#6387 = CARTESIAN_POINT ( 'NONE',  ( 2.950000000000002800, -3.665000000000000900, 3.899999999999999900 ) ) ;
#6388 = CIRCLE ( 'NONE', #2466, 0.1999999999999996500 ) ;
#6389 = DIRECTION ( 'NONE',  ( -1.426581805901975000E-016, 1.000000000000000000, 2.140309255008997200E-017 ) ) ;
#6390 =( NAMED_UNIT ( * ) SI_UNIT ( $, .STERADIAN. ) SOLID_ANGLE_UNIT ( ) );
#6391 =( NAMED_UNIT ( * ) PLANE_ANGLE_UNIT ( ) SI_UNIT ( $, .RADIAN. ) );
#6392 = LINE ( 'NONE', #7507, #1720 ) ;
#6393 = PRESENTATION_STYLE_ASSIGNMENT (( #6708 ) ) ;
#6394 = VERTEX_POINT ( 'NONE', #23 ) ;
#6395 =( GEOMETRIC_REPRESENTATION_CONTEXT ( 3 ) GLOBAL_UNCERTAINTY_ASSIGNED_CONTEXT ( ( #10144 ) ) GLOBAL_UNIT_ASSIGNED_CONTEXT ( ( #6623, #8508, #1098 ) ) REPRESENTATION_CONTEXT ( 'NONE', 'WORKASPACE' ) );
#6396 = ORIENTED_EDGE ( 'NONE', *, *, #9205, .F. ) ;
#6397 = ORIENTED_EDGE ( 'NONE', *, *, #3970, .F. ) ;
#6398 = UNCERTAINTY_MEASURE_WITH_UNIT (LENGTH_MEASURE( 1.000000000000000100E-005 ), #9316, 'distance_accuracy_value', 'NONE');
#6399 = EDGE_CURVE ( 'NONE', #9653, #3016, #8663, .T. ) ;
#6400 =( LENGTH_UNIT ( ) NAMED_UNIT ( * ) SI_UNIT ( .MILLI., .METRE. ) );
#6401 = CARTESIAN_POINT ( 'NONE',  ( 5.070715847623434400, -3.685715847623431500, 2.687313845091494600 ) ) ;
#6402 =( NAMED_UNIT ( * ) PLANE_ANGLE_UNIT ( ) SI_UNIT ( $, .RADIAN. ) );
#6403 = FILL_AREA_STYLE ('',( #6528 ) ) ;
#6404 = CIRCLE ( 'NONE', #7014, 0.2999999999999999300 ) ;
#6405 = LINE ( 'NONE', #3819, #1733 ) ;
#6406 = LINE ( 'NONE', #6503, #1443 ) ;
#6407 = SURFACE_SIDE_STYLE ('',( #925 ) ) ;
#6408 =( LENGTH_UNIT ( ) NAMED_UNIT ( * ) SI_UNIT ( .MILLI., .METRE. ) );
#6409 = ADVANCED_FACE ( 'NONE', ( #10772 ), #11338, .F. ) ;
#6410 = AXIS2_PLACEMENT_3D ( 'NONE', #6769, #1486, #7666 ) ;
#6411 = DIRECTION ( 'NONE',  ( -1.000000000000000000, 0.0000000000000000000, 0.0000000000000000000 ) ) ;
#6412 = DIRECTION ( 'NONE',  ( 0.0000000000000000000, -1.000000000000000000, 0.0000000000000000000 ) ) ;
#6413 = EDGE_CURVE ( 'NONE', #1636, #8471, #9951, .T. ) ;
#6414 = EDGE_CURVE ( 'NONE', #7879, #9006, #5459, .T. ) ;
#6415 = SURFACE_STYLE_FILL_AREA ( #1105 ) ;
#6416 = PLANE ( 'NONE',  #1947 ) ;
#6417 = ADVANCED_FACE ( 'NONE', ( #744, #2878 ), #10301, .F. ) ;
#6418 = ORIENTED_EDGE ( 'NONE', *, *, #10761, .T. ) ;
#6419 = SURFACE_SIDE_STYLE ('',( #2151 ) ) ;
#6420 =( BOUNDED_SURFACE ( )  B_SPLINE_SURFACE ( 3, 2, ( 
 ( #3393, #2248, #2170 ),
 ( #2123, #1667, #1515 ),
 ( #1467, #1431, #1382 ),
 ( #1347, #1270, #738 ),
 ( #709, #672, #638 ),
 ( #594, #553, #476 ),
 ( #440, #365, #279 ),
 ( #2360, #6798, #11058 ) ),
 .UNSPECIFIED., .F., .F., .F. ) 
 B_SPLINE_SURFACE_WITH_KNOTS ( ( 4, 2, 2, 4 ),
 ( 3, 3 ),
 ( 4.712388980384689700, 5.497787143782138000, 5.890486225480861600, 6.283185307179586200 ),
 ( 0.0000000000000000000, 1.000000000000000000 ),
 .UNSPECIFIED. ) 
 GEOMETRIC_REPRESENTATION_ITEM ( )  RATIONAL_B_SPLINE_SURFACE ( (
 ( 1.000000000000000000, 1.000000000000000000, 1.000000000000000000),
 ( 1.000000000000000000, 1.002733288062909000, 1.000000000000000000),
 ( 1.000000000000000000, 0.9415234097346710800, 1.000000000000000000),
 ( 1.000000000000000000, 0.8282764008093197500, 1.000000000000000000),
 ( 1.000000000000000000, 0.7876167689855673200, 1.000000000000000000),
 ( 1.000000000000000000, 0.7266134707116359600, 1.000000000000000000),
 ( 1.000000000000000000, 0.7066293932665932400, 1.000000000000000000),
 ( 1.000000000000000000, 0.7071067811865475700, 1.000000000000000000) ) ) 
 REPRESENTATION_ITEM ( '' )  SURFACE ( )  );
#6421 = PRESENTATION_STYLE_ASSIGNMENT (( #8988 ) ) ;
#6422 = ORIENTED_EDGE ( 'NONE', *, *, #7731, .F. ) ;
#6423 = DIRECTION ( 'NONE',  ( 0.0000000000000000000, -0.3417430630867041000, -0.9397934234884372000 ) ) ;
#6424 = SURFACE_STYLE_FILL_AREA ( #8916 ) ;
#6425 = COLOUR_RGB ( '',0.9098039215686274400, 0.4431372549019607600, 0.03137254901960784300 ) ;
#6426 = MECHANICAL_DESIGN_GEOMETRIC_PRESENTATION_REPRESENTATION (  '', ( #1449 ), #11002 ) ;
#6427 = ORIENTED_EDGE ( 'NONE', *, *, #8582, .F. ) ;
#6428 = FILL_AREA_STYLE_COLOUR ( '', #5849 ) ;
#6429 = DIRECTION ( 'NONE',  ( 1.000000000000000000, -9.827563551769197900E-017, 3.504491870660224700E-017 ) ) ;
#6430 =( NAMED_UNIT ( * ) PLANE_ANGLE_UNIT ( ) SI_UNIT ( $, .RADIAN. ) );
#6431 =( LENGTH_UNIT ( ) NAMED_UNIT ( * ) SI_UNIT ( .MILLI., .METRE. ) );
#6432 = DIRECTION ( 'NONE',  ( -1.000000000000000000, 1.426581805901979900E-016, -1.927470528863118800E-016 ) ) ;
#6433 = COLOUR_RGB ( '',0.5019607843137254800, 0.5019607843137254800, 0.5019607843137254800 ) ;
#6434 = UNCERTAINTY_MEASURE_WITH_UNIT (LENGTH_MEASURE( 1.000000000000000100E-005 ), #7606, 'distance_accuracy_value', 'NONE');
#6435 =( LENGTH_UNIT ( ) NAMED_UNIT ( * ) SI_UNIT ( .MILLI., .METRE. ) );
#6436 = ORIENTED_EDGE ( 'NONE', *, *, #10266, .F. ) ;
#6437 = CIRCLE ( 'NONE', #781, 0.8000000000000003800 ) ;
#6438 = ORIENTED_EDGE ( 'NONE', *, *, #3423, .T. ) ;
#6439 = EDGE_CURVE ( 'NONE', #4758, #867, #4372, .T. ) ;
#6440 = ORIENTED_EDGE ( 'NONE', *, *, #8373, .F. ) ;
#6441 = CARTESIAN_POINT ( 'NONE',  ( -4.750000000000000900, -3.365000000000000700, 1.800000000000000500 ) ) ;
#6442 = MECHANICAL_DESIGN_GEOMETRIC_PRESENTATION_REPRESENTATION (  '', ( #4685 ), #7043 ) ;
#6443 =( NAMED_UNIT ( * ) SI_UNIT ( $, .STERADIAN. ) SOLID_ANGLE_UNIT ( ) );
#6444 = DIRECTION ( 'NONE',  ( 0.0000000000000000000, 0.0000000000000000000, 1.000000000000000000 ) ) ;
#6445 = FACE_OUTER_BOUND ( 'NONE', #2468, .T. ) ;
#6446 = MECHANICAL_DESIGN_GEOMETRIC_PRESENTATION_REPRESENTATION (  '', ( #5410 ), #6626 ) ;
#6447 = CARTESIAN_POINT ( 'NONE',  ( -2.950000000000002800, -3.365000000000000700, -1.799999999999999600 ) ) ;
#6448 = ORIENTED_EDGE ( 'NONE', *, *, #10479, .F. ) ;
#6449 = VECTOR ( 'NONE', #4580, 1000.000000000000000 ) ;
#6450 = DIRECTION ( 'NONE',  ( -1.426581805901979600E-016, 1.000000000000000000, 1.426581805901979400E-016 ) ) ;
#6451 = PRESENTATION_STYLE_ASSIGNMENT (( #9620 ) ) ;
#6452 =( GEOMETRIC_REPRESENTATION_CONTEXT ( 3 ) GLOBAL_UNCERTAINTY_ASSIGNED_CONTEXT ( ( #884 ) ) GLOBAL_UNIT_ASSIGNED_CONTEXT ( ( #10219, #8344, #5761 ) ) REPRESENTATION_CONTEXT ( 'NONE', 'WORKASPACE' ) );
#6453 = ORIENTED_EDGE ( 'NONE', *, *, #3647, .T. ) ;
#6454 = CARTESIAN_POINT ( 'NONE',  ( -2.950000000000002800, -3.665000000000000000, 2.629999999999999900 ) ) ;
#6455 = FACE_OUTER_BOUND ( 'NONE', #443, .T. ) ;
#6456 = CARTESIAN_POINT ( 'NONE',  ( 5.130348417780591100, -0.2018413379323816000, 2.349966083242724500 ) ) ;
#6457 = VECTOR ( 'NONE', #2674, 1000.000000000000000 ) ;
#6458 = VECTOR ( 'NONE', #5267, 1000.000000000000000 ) ;
#6459 = STYLED_ITEM ( 'NONE', ( #9497 ), #4740 ) ;
#6460 = FILL_AREA_STYLE_COLOUR ( '', #5384 ) ;
#6461 =( NAMED_UNIT ( * ) PLANE_ANGLE_UNIT ( ) SI_UNIT ( $, .RADIAN. ) );
#6462 = UNCERTAINTY_MEASURE_WITH_UNIT (LENGTH_MEASURE( 1.000000000000000100E-005 ), #7139, 'distance_accuracy_value', 'NONE');
#6463 = ORIENTED_EDGE ( 'NONE', *, *, #699, .T. ) ;
#6464 = UNCERTAINTY_MEASURE_WITH_UNIT (LENGTH_MEASURE( 1.000000000000000100E-005 ), #5136, 'distance_accuracy_value', 'NONE');
#6465 = EDGE_CURVE ( 'NONE', #728, #1574, #11185, .T. ) ;
#6466 =( GEOMETRIC_REPRESENTATION_CONTEXT ( 3 ) GLOBAL_UNCERTAINTY_ASSIGNED_CONTEXT ( ( #3733 ) ) GLOBAL_UNIT_ASSIGNED_CONTEXT ( ( #1076, #1096, #10121 ) ) REPRESENTATION_CONTEXT ( 'NONE', 'WORKASPACE' ) );
#6467 = ADVANCED_FACE ( 'NONE', ( #8806 ), #5741, .T. ) ;
#6468 = VERTEX_POINT ( 'NONE', #7470 ) ;
#6469 = DIRECTION ( 'NONE',  ( 0.0000000000000000000, 6.829619984160659000E-016, -1.000000000000000000 ) ) ;
#6470 = DIRECTION ( 'NONE',  ( -1.000000000000000000, 1.426581805901979900E-016, -2.209081482755457600E-016 ) ) ;
#6471 =( LENGTH_UNIT ( ) NAMED_UNIT ( * ) SI_UNIT ( .MILLI., .METRE. ) );
#6472 = SURFACE_STYLE_USAGE ( .BOTH. , #6504 ) ;
#6473 = PRESENTATION_STYLE_ASSIGNMENT (( #3751 ) ) ;
#6474 = PLANE ( 'NONE',  #1915 ) ;
#6475 = DIRECTION ( 'NONE',  ( -1.426581805901979600E-016, 1.000000000000000000, 2.725027521453481900E-016 ) ) ;
#6476 =( NAMED_UNIT ( * ) SI_UNIT ( $, .STERADIAN. ) SOLID_ANGLE_UNIT ( ) );
#6477 = ADVANCED_FACE ( 'NONE', ( #3417 ), #2595, .T. ) ;
#6478 = STYLED_ITEM ( 'NONE', ( #11051 ), #6409 ) ;
#6480 = MECHANICAL_DESIGN_GEOMETRIC_PRESENTATION_REPRESENTATION (  '', ( #4855 ), #9182 ) ;
#6479 =( GEOMETRIC_REPRESENTATION_CONTEXT ( 3 ) GLOBAL_UNCERTAINTY_ASSIGNED_CONTEXT ( ( #6041 ) ) GLOBAL_UNIT_ASSIGNED_CONTEXT ( ( #10545, #5188, #11433 ) ) REPRESENTATION_CONTEXT ( 'NONE', 'WORKASPACE' ) );
#6481 = VECTOR ( 'NONE', #4775, 1000.000000000000000 ) ;
#6482 = SURFACE_STYLE_FILL_AREA ( #1182 ) ;
#6483 = UNCERTAINTY_MEASURE_WITH_UNIT (LENGTH_MEASURE( 1.000000000000000100E-005 ), #1635, 'distance_accuracy_value', 'NONE');
#6484 =( NAMED_UNIT ( * ) PLANE_ANGLE_UNIT ( ) SI_UNIT ( $, .RADIAN. ) );
#6485 = COLOUR_RGB ( '',0.5019607843137254800, 0.5019607843137254800, 0.5019607843137254800 ) ;
#6486 = ORIENTED_EDGE ( 'NONE', *, *, #9719, .T. ) ;
#6487 = CARTESIAN_POINT ( 'NONE',  ( 5.150000000000003900, -3.785000000000000100, -3.650000000000002100 ) ) ;
#6488 = STYLED_ITEM ( 'NONE', ( #1418 ), #7421 ) ;
#6489 = AXIS2_PLACEMENT_3D ( 'NONE', #10476, #5116, #11367 ) ;
#6490 = VECTOR ( 'NONE', #9014, 1000.000000000000000 ) ;
#6491 =( LENGTH_UNIT ( ) NAMED_UNIT ( * ) SI_UNIT ( .MILLI., .METRE. ) );
#6492 = CARTESIAN_POINT ( 'NONE',  ( -2.950000000000002800, -3.665000000000000000, 2.629999999999999900 ) ) ;
#6493 = CARTESIAN_POINT ( 'NONE',  ( 5.150000000000003000, -3.390000000000000600, -1.125000000000000400 ) ) ;
#6494 =( LENGTH_UNIT ( ) NAMED_UNIT ( * ) SI_UNIT ( .MILLI., .METRE. ) );
#6495 = CARTESIAN_POINT ( 'NONE',  ( 0.0000000000000000000, 0.0000000000000000000, 0.0000000000000000000 ) ) ;
#6496 = ORIENTED_EDGE ( 'NONE', *, *, #8793, .F. ) ;
#6497 = DIRECTION ( 'NONE',  ( 0.0000000000000000000, 0.0000000000000000000, 1.000000000000000000 ) ) ;
#6498 = PRESENTATION_STYLE_ASSIGNMENT (( #3553 ) ) ;
#6499 = FACE_OUTER_BOUND ( 'NONE', #2483, .T. ) ;
#6500 = LINE ( 'NONE', #9635, #10985 ) ;
#6501 = FILL_AREA_STYLE ('',( #4812 ) ) ;
#6502 = CARTESIAN_POINT ( 'NONE',  ( -5.170000000000001700, -3.835000000000000000, -3.850000000000000500 ) ) ;
#6503 = CARTESIAN_POINT ( 'NONE',  ( 5.150000000000003000, -3.539999999999998700, 0.7500000000000020000 ) ) ;
#6504 = SURFACE_SIDE_STYLE ('',( #11313 ) ) ;
#6505 = VERTEX_POINT ( 'NONE', #2519 ) ;
#6506 =( NAMED_UNIT ( * ) PLANE_ANGLE_UNIT ( ) SI_UNIT ( $, .RADIAN. ) );
#6507 = DIRECTION ( 'NONE',  ( -1.000000000000000000, 2.478176394252571900E-015, 0.0000000000000000000 ) ) ;
#6508 = CARTESIAN_POINT ( 'NONE',  ( 5.250000000000001800, -3.865000000000000200, 3.899999999999999900 ) ) ;
#6509 = ORIENTED_EDGE ( 'NONE', *, *, #4289, .F. ) ;
#6510 = EDGE_CURVE ( 'NONE', #6631, #2799, #4895, .T. ) ;
#6511 = LINE ( 'NONE', #2128, #11266 ) ;
#6512 =( GEOMETRIC_REPRESENTATION_CONTEXT ( 3 ) GLOBAL_UNCERTAINTY_ASSIGNED_CONTEXT ( ( #10873 ) ) GLOBAL_UNIT_ASSIGNED_CONTEXT ( ( #5938, #627, #6831 ) ) REPRESENTATION_CONTEXT ( 'NONE', 'WORKASPACE' ) );
#6513 = FACE_OUTER_BOUND ( 'NONE', #31, .T. ) ;
#6514 = CIRCLE ( 'NONE', #3175, 0.1250000000000001100 ) ;
#6515 = LINE ( 'NONE', #8147, #8898 ) ;
#6516 = ORIENTED_EDGE ( 'NONE', *, *, #4494, .T. ) ;
#6517 = DIRECTION ( 'NONE',  ( -1.079575420682579900E-017, -1.000000000000000000, -1.426581805901979900E-016 ) ) ;
#6518 = DIRECTION ( 'NONE',  ( 1.000000000000000000, 3.634139519433330900E-015, 7.553600721220340800E-017 ) ) ;
#6519 = EDGE_LOOP ( 'NONE', ( #11030, #5954, #3492, #8626 ) ) ;
#6520 = ADVANCED_FACE ( 'NONE', ( #9651 ), #2488, .F. ) ;
#6521 = CARTESIAN_POINT ( 'NONE',  ( 5.150000000000003000, -0.2000000000000015400, 3.850000000000000500 ) ) ;
#6522 = VECTOR ( 'NONE', #600, 1000.000000000000000 ) ;
#6523 = SURFACE_STYLE_FILL_AREA ( #7720 ) ;
#6524 = COLOUR_RGB ( '',1.000000000000000000, 1.000000000000000000, 1.000000000000000000 ) ;
#6525 =( GEOMETRIC_REPRESENTATION_CONTEXT ( 3 ) GLOBAL_UNCERTAINTY_ASSIGNED_CONTEXT ( ( #3560 ) ) GLOBAL_UNIT_ASSIGNED_CONTEXT ( ( #2303, #2785, #3001 ) ) REPRESENTATION_CONTEXT ( 'NONE', 'WORKASPACE' ) );
#6526 = EDGE_CURVE ( 'NONE', #8941, #8034, #1749, .T. ) ;
#6527 = ORIENTED_EDGE ( 'NONE', *, *, #4941, .F. ) ;
#6528 = FILL_AREA_STYLE_COLOUR ( '', #502 ) ;
#6529 = ORIENTED_EDGE ( 'NONE', *, *, #8543, .T. ) ;
#6530 =( GEOMETRIC_REPRESENTATION_CONTEXT ( 3 ) GLOBAL_UNCERTAINTY_ASSIGNED_CONTEXT ( ( #9570 ) ) GLOBAL_UNIT_ASSIGNED_CONTEXT ( ( #1561, #7736, #2477 ) ) REPRESENTATION_CONTEXT ( 'NONE', 'WORKASPACE' ) );
#6531 = ADVANCED_FACE ( 'NONE', ( #10897 ), #5307, .T. ) ;
#6532 = FILL_AREA_STYLE ('',( #6216 ) ) ;
#6533 =( GEOMETRIC_REPRESENTATION_CONTEXT ( 3 ) GLOBAL_UNCERTAINTY_ASSIGNED_CONTEXT ( ( #1792 ) ) GLOBAL_UNIT_ASSIGNED_CONTEXT ( ( #5547, #7230, #2408 ) ) REPRESENTATION_CONTEXT ( 'NONE', 'WORKASPACE' ) );
#6534 = DIRECTION ( 'NONE',  ( -1.000000000000000000, 3.634139519433330100E-015, -7.553600721219157500E-017 ) ) ;
#6535 = SURFACE_STYLE_FILL_AREA ( #2252 ) ;
#6536 = CARTESIAN_POINT ( 'NONE',  ( 4.025000000000001200, -0.1250000000000016400, -0.7499999999999980000 ) ) ;
#6537 = CIRCLE ( 'NONE', #3862, 0.2999999999999999300 ) ;
#6538 = SURFACE_STYLE_USAGE ( .BOTH. , #6579 ) ;
#6539 = PRESENTATION_STYLE_ASSIGNMENT (( #1067 ) ) ;
#6540 = LINE ( 'NONE', #3641, #8927 ) ;
#6541 = CARTESIAN_POINT ( 'NONE',  ( 5.100000000000004100, -3.390000000000000600, -1.125000000000000400 ) ) ;
#6542 = VERTEX_POINT ( 'NONE', #653 ) ;
#6543 = ORIENTED_EDGE ( 'NONE', *, *, #9008, .T. ) ;
#6544 =( NAMED_UNIT ( * ) PLANE_ANGLE_UNIT ( ) SI_UNIT ( $, .RADIAN. ) );
#6545 = AXIS2_PLACEMENT_3D ( 'NONE', #167, #120, #6171 ) ;
#6546 = MECHANICAL_DESIGN_GEOMETRIC_PRESENTATION_REPRESENTATION (  '', ( #6694 ), #6525 ) ;
#6547 = SURFACE_SIDE_STYLE ('',( #4734 ) ) ;
#6548 =( GEOMETRIC_REPRESENTATION_CONTEXT ( 3 ) GLOBAL_UNCERTAINTY_ASSIGNED_CONTEXT ( ( #11125 ) ) GLOBAL_UNIT_ASSIGNED_CONTEXT ( ( #7834, #2575, #8725 ) ) REPRESENTATION_CONTEXT ( 'NONE', 'WORKASPACE' ) );
#6549 = DIRECTION ( 'NONE',  ( -2.014244061477907700E-016, -2.140309255009110000E-017, 1.000000000000000000 ) ) ;
#6550 = ORIENTED_EDGE ( 'NONE', *, *, #3880, .T. ) ;
#6551 = SURFACE_STYLE_USAGE ( .BOTH. , #6590 ) ;
#6552 =( NAMED_UNIT ( * ) SI_UNIT ( $, .STERADIAN. ) SOLID_ANGLE_UNIT ( ) );
#6553 = CIRCLE ( 'NONE', #9644, 0.1999999999999999800 ) ;
#6554 = EDGE_CURVE ( 'NONE', #6132, #10874, #7669, .T. ) ;
#6555 = EDGE_CURVE ( 'NONE', #11026, #4286, #3282, .T. ) ;
#6556 = CARTESIAN_POINT ( 'NONE',  ( 2.950000000000002800, -3.665000000000000000, 2.629999999999999900 ) ) ;
#6557 = CARTESIAN_POINT ( 'NONE',  ( -5.350000000000003200, -1.680000000000001500, 3.850000000000000500 ) ) ;
#6558 = ORIENTED_EDGE ( 'NONE', *, *, #1289, .T. ) ;
#6559 = DIRECTION ( 'NONE',  ( -2.209081482755457800E-016, -1.426581805901979600E-016, 1.000000000000000000 ) ) ;
#6560 = VECTOR ( 'NONE', #7418, 1000.000000000000000 ) ;
#6561 = CARTESIAN_POINT ( 'NONE',  ( -4.590000000000002500, -1.171146550115476600E-015, 3.150000000000000800 ) ) ;
#6562 = VECTOR ( 'NONE', #105, 1000.000000000000000 ) ;
#6563 = AXIS2_PLACEMENT_3D ( 'NONE', #9480, #1592, #3351 ) ;
#6564 = AXIS2_PLACEMENT_3D ( 'NONE', #6174, #862, #7072 ) ;
#6565 = CARTESIAN_POINT ( 'NONE',  ( -3.350000000000002800, -3.815000000000000400, 1.125000000000000200 ) ) ;
#6566 = VERTEX_POINT ( 'NONE', #204 ) ;
#6567 = DIRECTION ( 'NONE',  ( 3.657902066415274500E-018, 1.000000000000000000, 1.426581805901979600E-016 ) ) ;
#6568 = AXIS2_PLACEMENT_3D ( 'NONE', #10819, #8317, #955 ) ;
#6569 = CYLINDRICAL_SURFACE ( 'NONE', #9030, 0.02999999999999964500 ) ;
#6570 = EDGE_CURVE ( 'NONE', #7847, #9522, #861, .T. ) ;
#6571 = UNCERTAINTY_MEASURE_WITH_UNIT (LENGTH_MEASURE( 1.000000000000000100E-005 ), #1316, 'distance_accuracy_value', 'NONE');
#6572 = ORIENTED_EDGE ( 'NONE', *, *, #883, .T. ) ;
#6573 = DIRECTION ( 'NONE',  ( 1.000000000000000000, 0.0000000000000000000, 0.0000000000000000000 ) ) ;
#6574 =( NAMED_UNIT ( * ) PLANE_ANGLE_UNIT ( ) SI_UNIT ( $, .RADIAN. ) );
#6575 = CARTESIAN_POINT ( 'NONE',  ( 5.150000000000003900, -0.2000000000000012000, 1.125000000000000400 ) ) ;
#6576 = VERTEX_POINT ( 'NONE', #398 ) ;
#6577 = CARTESIAN_POINT ( 'NONE',  ( 5.250000000000002700, -3.865000000000000200, -3.899999999999999900 ) ) ;
#6578 = LINE ( 'NONE', #1586, #11330 ) ;
#6579 = SURFACE_SIDE_STYLE ('',( #682 ) ) ;
#6580 = LINE ( 'NONE', #1600, #4250 ) ;
#6581 =( NAMED_UNIT ( * ) SI_UNIT ( $, .STERADIAN. ) SOLID_ANGLE_UNIT ( ) );
#6582 = ORIENTED_EDGE ( 'NONE', *, *, #2500, .F. ) ;
#6583 = UNCERTAINTY_MEASURE_WITH_UNIT (LENGTH_MEASURE( 1.000000000000000100E-005 ), #10177, 'distance_accuracy_value', 'NONE');
#6584 =( NAMED_UNIT ( * ) PLANE_ANGLE_UNIT ( ) SI_UNIT ( $, .RADIAN. ) );
#6585 = ADVANCED_FACE ( 'NONE', ( #7400, #3011 ), #571, .F. ) ;
#6586 = PRESENTATION_LAYER_ASSIGNMENT (  '', '', ( #6016 ) ) ;
#6588 = PRESENTATION_LAYER_ASSIGNMENT (  '', '', ( #4239 ) ) ;
#6587 = SURFACE_STYLE_FILL_AREA ( #4878 ) ;
#6589 = CARTESIAN_POINT ( 'NONE',  ( 5.350000000000002300, -4.015000000000001500, 3.849999999999999600 ) ) ;
#6590 = SURFACE_SIDE_STYLE ('',( #5712 ) ) ;
#6591 = FILL_AREA_STYLE ('',( #10263 ) ) ;
#6592 = ORIENTED_EDGE ( 'NONE', *, *, #7866, .F. ) ;
#6593 = ORIENTED_EDGE ( 'NONE', *, *, #10815, .F. ) ;
#6594 = DIRECTION ( 'NONE',  ( 3.526005099788157400E-016, 1.000000000000000000, 1.426581805901980400E-016 ) ) ;
#6595 =( NAMED_UNIT ( * ) PLANE_ANGLE_UNIT ( ) SI_UNIT ( $, .RADIAN. ) );
#6596 = ORIENTED_EDGE ( 'NONE', *, *, #542, .F. ) ;
#6597 =( NAMED_UNIT ( * ) PLANE_ANGLE_UNIT ( ) SI_UNIT ( $, .RADIAN. ) );
#6598 = VECTOR ( 'NONE', #1523, 1000.000000000000000 ) ;
#6599 = LINE ( 'NONE', #1654, #8985 ) ;
#6600 = CIRCLE ( 'NONE', #3162, 0.1250000000000000000 ) ;
#6601 = EDGE_CURVE ( 'NONE', #8913, #6343, #6553, .T. ) ;
#6602 = VECTOR ( 'NONE', #5616, 1000.000000000000100 ) ;
#6603 = FILL_AREA_STYLE_COLOUR ( '', #6641 ) ;
#6604 = PRESENTATION_LAYER_ASSIGNMENT (  '', '', ( #7193 ) ) ;
#6605 = VERTEX_POINT ( 'NONE', #11453 ) ;
#6606 = SURFACE_STYLE_USAGE ( .BOTH. , #7938 ) ;
#6607 = MECHANICAL_DESIGN_GEOMETRIC_PRESENTATION_REPRESENTATION (  '', ( #6740 ), #6466 ) ;
#6608 = VECTOR ( 'NONE', #8113, 1000.000000000000000 ) ;
#6609 = CARTESIAN_POINT ( 'NONE',  ( 4.975000000000002300, -0.4249999999999984300, 0.7500000000000021100 ) ) ;
#6610 = LINE ( 'NONE', #6401, #4276 ) ;
#6611 = SURFACE_STYLE_FILL_AREA ( #7804 ) ;
#6612 = CARTESIAN_POINT ( 'NONE',  ( -3.350000000000001400, -4.014999999999999700, -3.650000000000001700 ) ) ;
#6613 = UNCERTAINTY_MEASURE_WITH_UNIT (LENGTH_MEASURE( 1.000000000000000100E-005 ), #7310, 'distance_accuracy_value', 'NONE');
#6614 = UNCERTAINTY_MEASURE_WITH_UNIT (LENGTH_MEASURE( 1.000000000000000100E-005 ), #534, 'distance_accuracy_value', 'NONE');
#6615 = ORIENTED_EDGE ( 'NONE', *, *, #5474, .T. ) ;
#6616 = FILL_AREA_STYLE ('',( #8368 ) ) ;
#6617 = DIRECTION ( 'NONE',  ( -1.000000000000000000, 9.827563551769197900E-017, -1.927470528863119000E-016 ) ) ;
#6618 = AXIS2_PLACEMENT_3D ( 'NONE', #7113, #8049, #1491 ) ;
#6619 = VERTEX_POINT ( 'NONE', #5737 ) ;
#6620 = FILL_AREA_STYLE ('',( #6886 ) ) ;
#6621 = CARTESIAN_POINT ( 'NONE',  ( -3.350000000000002300, -3.714999999999999400, -0.8749999999999994400 ) ) ;
#6622 = MECHANICAL_DESIGN_GEOMETRIC_PRESENTATION_REPRESENTATION (  '', ( #6016 ), #6928 ) ;
#6623 =( LENGTH_UNIT ( ) NAMED_UNIT ( * ) SI_UNIT ( .MILLI., .METRE. ) );
#6624 = EDGE_CURVE ( 'NONE', #10120, #11324, #1881, .T. ) ;
#6625 =( NAMED_UNIT ( * ) SI_UNIT ( $, .STERADIAN. ) SOLID_ANGLE_UNIT ( ) );
#6626 =( GEOMETRIC_REPRESENTATION_CONTEXT ( 3 ) GLOBAL_UNCERTAINTY_ASSIGNED_CONTEXT ( ( #3365 ) ) GLOBAL_UNIT_ASSIGNED_CONTEXT ( ( #6691, #1156, #8237 ) ) REPRESENTATION_CONTEXT ( 'NONE', 'WORKASPACE' ) );
#6627 = DIRECTION ( 'NONE',  ( 0.0000000000000000000, 1.000000000000000000, -0.0000000000000000000 ) ) ;
#6628 = FILL_AREA_STYLE ('',( #7084 ) ) ;
#6629 = FILL_AREA_STYLE ('',( #6857 ) ) ;
#6630 = PLANE ( 'NONE',  #4893 ) ;
#6631 = VERTEX_POINT ( 'NONE', #8465 ) ;
#6632 = SURFACE_STYLE_USAGE ( .BOTH. , #430 ) ;
#6633 = FILL_AREA_STYLE ('',( #8802 ) ) ;
#6634 = PRESENTATION_STYLE_ASSIGNMENT (( #5233 ) ) ;
#6635 = VERTEX_POINT ( 'NONE', #1765 ) ;
#6636 = SURFACE_SIDE_STYLE ('',( #6898 ) ) ;
#6637 = AXIS2_PLACEMENT_3D ( 'NONE', #1321, #1361, #723 ) ;
#6638 = MECHANICAL_DESIGN_GEOMETRIC_PRESENTATION_REPRESENTATION (  '', ( #5440 ), #7227 ) ;
#6639 = CIRCLE ( 'NONE', #10325, 0.1250000000000000000 ) ;
#6640 = DIRECTION ( 'NONE',  ( 1.000000000000000000, -1.426581805901979900E-016, 1.927470528863118800E-016 ) ) ;
#6641 = COLOUR_RGB ( '',0.5019607843137254800, 0.5019607843137254800, 0.5019607843137254800 ) ;
#6642 = EDGE_CURVE ( 'NONE', #7134, #2359, #3968, .T. ) ;
#6643 = EDGE_CURVE ( 'NONE', #5062, #10007, #6269, .T. ) ;
#6644 = DIRECTION ( 'NONE',  ( 0.0000000000000000000, -3.469446951953614200E-015, 1.000000000000000000 ) ) ;
#6645 = ORIENTED_EDGE ( 'NONE', *, *, #9736, .F. ) ;
#6646 = FILL_AREA_STYLE_COLOUR ( '', #3487 ) ;
#6647 = ADVANCED_FACE ( 'NONE', ( #10744 ), #5725, .F. ) ;
#6648 = COLOUR_RGB ( '',1.000000000000000000, 1.000000000000000000, 1.000000000000000000 ) ;
#6649 =( LENGTH_UNIT ( ) NAMED_UNIT ( * ) SI_UNIT ( .MILLI., .METRE. ) );
#6650 = CIRCLE ( 'NONE', #10619, 0.1250000000000001100 ) ;
#6651 = STYLED_ITEM ( 'NONE', ( #7455 ), #5489 ) ;
#6652 = ORIENTED_EDGE ( 'NONE', *, *, #9999, .T. ) ;
#6653 = DIRECTION ( 'NONE',  ( -1.000000000000000000, 0.0000000000000000000, 0.0000000000000000000 ) ) ;
#6654 = ORIENTED_EDGE ( 'NONE', *, *, #6439, .F. ) ;
#6655 = DIRECTION ( 'NONE',  ( 0.0000000000000000000, 0.0000000000000000000, -1.000000000000000000 ) ) ;
#6656 = EDGE_CURVE ( 'NONE', #5023, #5974, #3141, .T. ) ;
#6657 = SURFACE_SIDE_STYLE ('',( #9476 ) ) ;
#6658 = COLOUR_RGB ( '',1.000000000000000000, 1.000000000000000000, 1.000000000000000000 ) ;
#6659 = SURFACE_STYLE_FILL_AREA ( #3996 ) ;
#6660 = CARTESIAN_POINT ( 'NONE',  ( -5.150000000000002100, -0.2000000000000005100, 0.9249999999999999300 ) ) ;
#6661 = CIRCLE ( 'NONE', #10600, 0.1999999999999999800 ) ;
#6662 = DIRECTION ( 'NONE',  ( -2.409338161078898200E-017, 1.426581805901979900E-016, -1.000000000000000000 ) ) ;
#6663 = ORIENTED_EDGE ( 'NONE', *, *, #869, .T. ) ;
#6664 =( NAMED_UNIT ( * ) PLANE_ANGLE_UNIT ( ) SI_UNIT ( $, .RADIAN. ) );
#6665 = VERTEX_POINT ( 'NONE', #11377 ) ;
#6666 = SURFACE_SIDE_STYLE ('',( #7581 ) ) ;
#6667 = ORIENTED_EDGE ( 'NONE', *, *, #2684, .T. ) ;
#6668 = FACE_OUTER_BOUND ( 'NONE', #4798, .T. ) ;
#6669 = CARTESIAN_POINT ( 'NONE',  ( 5.250000000000001800, -3.865000000000000200, 3.899999999999999900 ) ) ;
#6670 = DIRECTION ( 'NONE',  ( -1.000000000000000000, -1.426581805901979400E-016, -1.927470528863119300E-016 ) ) ;
#6671 = LINE ( 'NONE', #10492, #4332 ) ;
#6672 = CIRCLE ( 'NONE', #10529, 0.05000000000000012800 ) ;
#6673 = DIRECTION ( 'NONE',  ( 0.9397934234884364200, 0.0000000000000000000, -0.3417430630867060400 ) ) ;
#6674 = PRESENTATION_STYLE_ASSIGNMENT (( #3800 ) ) ;
#6675 = DIRECTION ( 'NONE',  ( 1.000000000000000000, -3.526005099788157400E-016, -2.409338161078903100E-017 ) ) ;
#6676 = EDGE_CURVE ( 'NONE', #2406, #1588, #5160, .T. ) ;
#6677 = CARTESIAN_POINT ( 'NONE',  ( 4.390000000000003200, -0.2000000000000014000, 3.100000000000001000 ) ) ;
#6678 = EDGE_CURVE ( 'NONE', #10046, #2775, #726, .T. ) ;
#6679 = ORIENTED_EDGE ( 'NONE', *, *, #2122, .F. ) ;
#6680 = AXIS2_PLACEMENT_3D ( 'NONE', #2031, #8179, #2918 ) ;
#6681 = ORIENTED_EDGE ( 'NONE', *, *, #7941, .F. ) ;
#6682 = PRESENTATION_LAYER_ASSIGNMENT (  '', '', ( #6740 ) ) ;
#6683 = CIRCLE ( 'NONE', #2658, 0.05000000000000012800 ) ;
#6684 = LINE ( 'NONE', #230, #11155 ) ;
#6685 = DIRECTION ( 'NONE',  ( -1.426581805901975000E-016, -1.000000000000000000, -3.348823158252935900E-015 ) ) ;
#6686 = ORIENTED_EDGE ( 'NONE', *, *, #1223, .F. ) ;
#6687 =( NAMED_UNIT ( * ) PLANE_ANGLE_UNIT ( ) SI_UNIT ( $, .RADIAN. ) );
#6688 = ORIENTED_EDGE ( 'NONE', *, *, #9222, .T. ) ;
#6689 = DIRECTION ( 'NONE',  ( 0.0000000000000000000, 1.000000000000000000, 0.0000000000000000000 ) ) ;
#6690 = STYLED_ITEM ( 'NONE', ( #5538 ), #3601 ) ;
#6691 =( LENGTH_UNIT ( ) NAMED_UNIT ( * ) SI_UNIT ( .MILLI., .METRE. ) );
#6692 = CARTESIAN_POINT ( 'NONE',  ( 5.120000000000002800, -0.2000000000000004600, -3.850000000000000500 ) ) ;
#6693 = VERTEX_POINT ( 'NONE', #9120 ) ;
#6694 = STYLED_ITEM ( 'NONE', ( #1428 ), #4694 ) ;
#6695 =( GEOMETRIC_REPRESENTATION_CONTEXT ( 3 ) GLOBAL_UNCERTAINTY_ASSIGNED_CONTEXT ( ( #10420 ) ) GLOBAL_UNIT_ASSIGNED_CONTEXT ( ( #6400, #1095, #7298 ) ) REPRESENTATION_CONTEXT ( 'NONE', 'WORKASPACE' ) );
#6696 = DIRECTION ( 'NONE',  ( 1.426581805901980400E-016, -1.000000000000000000, -5.040589047520318800E-016 ) ) ;
#6697 = PRESENTATION_LAYER_ASSIGNMENT (  '', '', ( #3034 ) ) ;
#6698 = CARTESIAN_POINT ( 'NONE',  ( -3.350000000000001400, -1.870000000000001000, -3.650000000000001200 ) ) ;
#6699 = CARTESIAN_POINT ( 'NONE',  ( -5.150000000000002100, -0.2000000000000004600, -3.850000000000000500 ) ) ;
#6700 =( LENGTH_UNIT ( ) NAMED_UNIT ( * ) SI_UNIT ( .MILLI., .METRE. ) );
#6701 = DIRECTION ( 'NONE',  ( -3.469446951953611000E-015, 1.000000000000000000, 3.469446951953611000E-015 ) ) ;
#6702 = ADVANCED_FACE ( 'NONE', ( #449 ), #9199, .T. ) ;
#6703 = ORIENTED_EDGE ( 'NONE', *, *, #2353, .F. ) ;
#6704 = PRESENTATION_LAYER_ASSIGNMENT (  '', '', ( #6694 ) ) ;
#6705 =( GEOMETRIC_REPRESENTATION_CONTEXT ( 3 ) GLOBAL_UNCERTAINTY_ASSIGNED_CONTEXT ( ( #3491 ) ) GLOBAL_UNIT_ASSIGNED_CONTEXT ( ( #8820, #8894, #8068 ) ) REPRESENTATION_CONTEXT ( 'NONE', 'WORKASPACE' ) );
#6706 =( GEOMETRIC_REPRESENTATION_CONTEXT ( 3 ) GLOBAL_UNCERTAINTY_ASSIGNED_CONTEXT ( ( #2005 ) ) GLOBAL_UNIT_ASSIGNED_CONTEXT ( ( #9733, #10244, #9933 ) ) REPRESENTATION_CONTEXT ( 'NONE', 'WORKASPACE' ) );
#6707 = CARTESIAN_POINT ( 'NONE',  ( -3.350000000000001400, -3.814999999999999900, -3.650000000000001700 ) ) ;
#6708 = SURFACE_STYLE_USAGE ( .BOTH. , #10175 ) ;
#6709 = PLANE ( 'NONE',  #9345 ) ;
#6710 = DIRECTION ( 'NONE',  ( 2.209081482755458100E-016, 1.426581805901979600E-016, -1.000000000000000000 ) ) ;
#6711 = VECTOR ( 'NONE', #2786, 1000.000000000000000 ) ;
#6712 = CARTESIAN_POINT ( 'NONE',  ( 2.950000000000002800, 0.0000000000000000000, 0.0000000000000000000 ) ) ;
#6713 = EDGE_CURVE ( 'NONE', #8775, #1707, #11171, .T. ) ;
#6714 = EDGE_LOOP ( 'NONE', ( #8191, #3859, #7370, #6818 ) ) ;
#6715 = EDGE_CURVE ( 'NONE', #5127, #9144, #9927, .T. ) ;
#6716 = DIRECTION ( 'NONE',  ( 0.0000000000000000000, 0.0000000000000000000, -1.000000000000000000 ) ) ;
#6717 = VECTOR ( 'NONE', #9084, 1000.000000000000000 ) ;
#6718 = SURFACE_STYLE_USAGE ( .BOTH. , #513 ) ;
#6719 = ORIENTED_EDGE ( 'NONE', *, *, #3069, .T. ) ;
#6720 = UNCERTAINTY_MEASURE_WITH_UNIT (LENGTH_MEASURE( 1.000000000000000100E-005 ), #8778, 'distance_accuracy_value', 'NONE');
#6721 = FACE_OUTER_BOUND ( 'NONE', #3383, .T. ) ;
#6722 = DIRECTION ( 'NONE',  ( 0.0000000000000000000, 1.000000000000000000, 0.0000000000000000000 ) ) ;
#6723 =( GEOMETRIC_REPRESENTATION_CONTEXT ( 3 ) GLOBAL_UNCERTAINTY_ASSIGNED_CONTEXT ( ( #4867 ) ) GLOBAL_UNIT_ASSIGNED_CONTEXT ( ( #5825, #8225, #10813 ) ) REPRESENTATION_CONTEXT ( 'NONE', 'WORKASPACE' ) );
#6724 = CARTESIAN_POINT ( 'NONE',  ( -5.100000000000003200, -3.390000000000000100, 0.8749999999999998900 ) ) ;
#6725 = PLANE ( 'NONE',  #3596 ) ;
#6726 = EDGE_CURVE ( 'NONE', #10874, #2445, #8783, .T. ) ;
#6727 = CARTESIAN_POINT ( 'NONE',  ( -2.950000000000002800, -3.665000000000000900, -2.625000000000000000 ) ) ;
#6728 = ORIENTED_EDGE ( 'NONE', *, *, #11306, .F. ) ;
#6729 = ORIENTED_EDGE ( 'NONE', *, *, #321, .T. ) ;
#6730 = ORIENTED_EDGE ( 'NONE', *, *, #10014, .F. ) ;
#6731 = UNCERTAINTY_MEASURE_WITH_UNIT (LENGTH_MEASURE( 1.000000000000000100E-005 ), #3171, 'distance_accuracy_value', 'NONE');
#6732 =( LENGTH_UNIT ( ) NAMED_UNIT ( * ) SI_UNIT ( .MILLI., .METRE. ) );
#6733 = COLOUR_RGB ( '',0.5019607843137254800, 0.5019607843137254800, 0.5019607843137254800 ) ;
#6734 = ORIENTED_EDGE ( 'NONE', *, *, #7833, .T. ) ;
#6735 = AXIS2_PLACEMENT_3D ( 'NONE', #7317, #7487, #7638 ) ;
#6736 = FILL_AREA_STYLE ('',( #2416 ) ) ;
#6737 = EDGE_LOOP ( 'NONE', ( #7061, #3020, #4945, #8737, #4871, #9761, #4515, #6509, #5907, #4984, #4698, #1503, #293 ) ) ;
#6738 = DIRECTION ( 'NONE',  ( 2.603210995399517100E-016, -0.6887494619146932200, 0.7249994335944136600 ) ) ;
#6739 = EDGE_CURVE ( 'NONE', #7821, #5724, #6404, .T. ) ;
#6740 = STYLED_ITEM ( 'NONE', ( #9549 ), #1737 ) ;
#6741 = PRESENTATION_LAYER_ASSIGNMENT (  '', '', ( #263 ) ) ;
#6742 = VERTEX_POINT ( 'NONE', #10225 ) ;
#6743 =( GEOMETRIC_REPRESENTATION_CONTEXT ( 3 ) GLOBAL_UNCERTAINTY_ASSIGNED_CONTEXT ( ( #8636 ) ) GLOBAL_UNIT_ASSIGNED_CONTEXT ( ( #7546, #2279, #8416 ) ) REPRESENTATION_CONTEXT ( 'NONE', 'WORKASPACE' ) );
#6744 = DIRECTION ( 'NONE',  ( -1.000000000000000000, 3.634139519433330100E-015, -7.553600721219157500E-017 ) ) ;
#6745 =( LENGTH_UNIT ( ) NAMED_UNIT ( * ) SI_UNIT ( .MILLI., .METRE. ) );
#6746 = CYLINDRICAL_SURFACE ( 'NONE', #9859, 0.1799999999999996000 ) ;
#6747 = FACE_OUTER_BOUND ( 'NONE', #6164, .T. ) ;
#6748 = CARTESIAN_POINT ( 'NONE',  ( -5.150000000000001200, -0.2000000000000007000, -2.250000000000000900 ) ) ;
#6749 = ORIENTED_EDGE ( 'NONE', *, *, #7399, .F. ) ;
#6750 = SURFACE_SIDE_STYLE ('',( #7618 ) ) ;
#6751 = DIRECTION ( 'NONE',  ( -1.000000000000000000, -3.348823158252936600E-015, -2.014244061478019600E-016 ) ) ;
#6752 = SURFACE_STYLE_USAGE ( .BOTH. , #549 ) ;
#6753 = ORIENTED_EDGE ( 'NONE', *, *, #2401, .F. ) ;
#6754 = DIRECTION ( 'NONE',  ( 4.707476099338773300E-016, 1.426581805901979400E-016, -1.000000000000000000 ) ) ;
#6755 = VECTOR ( 'NONE', #10422, 1000.000000000000000 ) ;
#6756 = FILL_AREA_STYLE ('',( #3064 ) ) ;
#6757 = SURFACE_STYLE_USAGE ( .BOTH. , #554 ) ;
#6758 =( BOUNDED_CURVE ( )  B_SPLINE_CURVE ( 3, ( #8864, #2694, #4438, #10668 ),
 .UNSPECIFIED., .F., .F. ) 
 B_SPLINE_CURVE_WITH_KNOTS ( ( 4, 4 ),
 ( 4.712388980384688800, 6.283185307179587100 ),
 .UNSPECIFIED. ) 
 CURVE ( )  GEOMETRIC_REPRESENTATION_ITEM ( )  RATIONAL_B_SPLINE_CURVE ( ( 1.000000000000000000, 0.8047378541243646000, 0.8047378541243646000, 1.000000000000000000 ) ) 
 REPRESENTATION_ITEM ( '' )  );
#6759 = ADVANCED_FACE ( 'NONE', ( #6130 ), #11133, .F. ) ;
#6760 = DIRECTION ( 'NONE',  ( -1.000000000000000000, -9.827563551769193000E-017, -1.927470528863119000E-016 ) ) ;
#6761 = AXIS2_PLACEMENT_3D ( 'NONE', #625, #658, #667 ) ;
#6762 =( LENGTH_UNIT ( ) NAMED_UNIT ( * ) SI_UNIT ( .MILLI., .METRE. ) );
#6763 = CARTESIAN_POINT ( 'NONE',  ( 3.791564028866437400, -1.389267557436052000E-015, 3.100000000000000500 ) ) ;
#6764 = ORIENTED_EDGE ( 'NONE', *, *, #1451, .T. ) ;
#6765 =( LENGTH_UNIT ( ) NAMED_UNIT ( * ) SI_UNIT ( .MILLI., .METRE. ) );
#6766 = DIRECTION ( 'NONE',  ( 2.209081482755457800E-016, 1.426581805901979600E-016, -1.000000000000000000 ) ) ;
#6767 = COLOUR_RGB ( '',0.5019607843137254800, 0.5019607843137254800, 0.5019607843137254800 ) ;
#6768 = SURFACE_STYLE_FILL_AREA ( #8122 ) ;
#6769 = CARTESIAN_POINT ( 'NONE',  ( 5.050000000000002500, -1.870000000000001000, 0.9250000000000000400 ) ) ;
#6770 =( GEOMETRIC_REPRESENTATION_CONTEXT ( 3 ) GLOBAL_UNCERTAINTY_ASSIGNED_CONTEXT ( ( #689 ) ) GLOBAL_UNIT_ASSIGNED_CONTEXT ( ( #112, #3830, #298 ) ) REPRESENTATION_CONTEXT ( 'NONE', 'WORKASPACE' ) );
#6771 = CARTESIAN_POINT ( 'NONE',  ( -4.850000000000002300, -1.870000000000000600, -0.9250000000000006000 ) ) ;
#6772 = ORIENTED_EDGE ( 'NONE', *, *, #1430, .F. ) ;
#6773 = MECHANICAL_DESIGN_GEOMETRIC_PRESENTATION_REPRESENTATION (  '', ( #10404 ), #9857 ) ;
#6774 =( NAMED_UNIT ( * ) SI_UNIT ( $, .STERADIAN. ) SOLID_ANGLE_UNIT ( ) );
#6775 = EDGE_CURVE ( 'NONE', #9116, #9266, #7660, .T. ) ;
#6776 = CARTESIAN_POINT ( 'NONE',  ( 5.050000000000003400, -1.870000000000000600, -0.9250000000000003800 ) ) ;
#6777 = PRESENTATION_STYLE_ASSIGNMENT (( #806 ) ) ;
#6778 = PRESENTATION_STYLE_ASSIGNMENT (( #1504 ) ) ;
#6779 = CARTESIAN_POINT ( 'NONE',  ( -4.590000000000002500, -1.382357769919018200E-015, 3.850000000000000500 ) ) ;
#6780 = CARTESIAN_POINT ( 'NONE',  ( -5.150000000000003900, -3.540000000000001400, 0.7499999999999881200 ) ) ;
#6781 = LINE ( 'NONE', #1648, #9166 ) ;
#6782 = SURFACE_SIDE_STYLE ('',( #6023 ) ) ;
#6783 = UNCERTAINTY_MEASURE_WITH_UNIT (LENGTH_MEASURE( 1.000000000000000100E-005 ), #1091, 'distance_accuracy_value', 'NONE');
#6784 = LINE ( 'NONE', #5562, #4435 ) ;
#6785 = SURFACE_SIDE_STYLE ('',( #4431 ) ) ;
#6786 = DIRECTION ( 'NONE',  ( -7.228014483236697000E-017, -1.426581805901979900E-016, 1.000000000000000000 ) ) ;
#6787 = ORIENTED_EDGE ( 'NONE', *, *, #8978, .F. ) ;
#6788 = PRESENTATION_LAYER_ASSIGNMENT (  '', '', ( #6181 ) ) ;
#6789 = MECHANICAL_DESIGN_GEOMETRIC_PRESENTATION_REPRESENTATION (  '', ( #5603 ), #7395 ) ;
#6790 = LINE ( 'NONE', #8604, #9177 ) ;
#6791 = VECTOR ( 'NONE', #8151, 1000.000000000000000 ) ;
#6792 = LINE ( 'NONE', #10827, #4184 ) ;
#6793 = EDGE_CURVE ( 'NONE', #9368, #9776, #3000, .T. ) ;
#6794 = CARTESIAN_POINT ( 'NONE',  ( 3.790000000000004000, -3.951631602348480000E-016, -2.350000000000001400 ) ) ;
#6795 =( LENGTH_UNIT ( ) NAMED_UNIT ( * ) SI_UNIT ( .MILLI., .METRE. ) );
#6796 = VERTEX_POINT ( 'NONE', #9364 ) ;
#6797 = EDGE_CURVE ( 'NONE', #6468, #3309, #7390, .T. ) ;
#6798 = CARTESIAN_POINT ( 'NONE',  ( -5.350000000000002300, -4.015000000000000600, 1.124999999999997600 ) ) ;
#6799 = CARTESIAN_POINT ( 'NONE',  ( -5.050000000000003400, -3.665000000000000900, 3.899999999999999900 ) ) ;
#6800 = VERTEX_POINT ( 'NONE', #7585 ) ;
#6801 = ORIENTED_EDGE ( 'NONE', *, *, #1234, .F. ) ;
#6802 = DIRECTION ( 'NONE',  ( -1.426581805901979600E-016, 1.000000000000000000, 1.426581805901979400E-016 ) ) ;
#6803 = VECTOR ( 'NONE', #10596, 1000.000000000000000 ) ;
#6804 = LINE ( 'NONE', #8241, #11271 ) ;
#6805 = SURFACE_STYLE_USAGE ( .BOTH. , #7702 ) ;
#6806 =( NAMED_UNIT ( * ) SI_UNIT ( $, .STERADIAN. ) SOLID_ANGLE_UNIT ( ) );
#6807 = ORIENTED_EDGE ( 'NONE', *, *, #2996, .T. ) ;
#6808 = ORIENTED_EDGE ( 'NONE', *, *, #2418, .F. ) ;
#6809 = DIRECTION ( 'NONE',  ( 3.469446951953622900E-015, 1.000000000000000000, 0.0000000000000000000 ) ) ;
#6810 = ORIENTED_EDGE ( 'NONE', *, *, #1306, .F. ) ;
#6811 = EDGE_CURVE ( 'NONE', #7295, #9703, #9778, .T. ) ;
#6812 = FACE_OUTER_BOUND ( 'NONE', #558, .T. ) ;
#6813 =( GEOMETRIC_REPRESENTATION_CONTEXT ( 3 ) GLOBAL_UNCERTAINTY_ASSIGNED_CONTEXT ( ( #6350 ) ) GLOBAL_UNIT_ASSIGNED_CONTEXT ( ( #6795, #4154, #10533 ) ) REPRESENTATION_CONTEXT ( 'NONE', 'WORKASPACE' ) );
#6814 = SURFACE_SIDE_STYLE ('',( #5720 ) ) ;
#6815 = VECTOR ( 'NONE', #8507, 1000.000000000000000 ) ;
#6816 = VECTOR ( 'NONE', #1048, 1000.000000000000000 ) ;
#6817 = ORIENTED_EDGE ( 'NONE', *, *, #211, .T. ) ;
#6818 = ORIENTED_EDGE ( 'NONE', *, *, #5517, .T. ) ;
#6819 = ADVANCED_FACE ( 'NONE', ( #5298 ), #8623, .T. ) ;
#6820 = CARTESIAN_POINT ( 'NONE',  ( -5.250000000000001800, -3.865000000000000200, 3.899999999999999900 ) ) ;
#6821 = EDGE_LOOP ( 'NONE', ( #2543, #5579, #4395, #7009 ) ) ;
#6822 = DIRECTION ( 'NONE',  ( 1.079575420682579900E-017, -1.000000000000000000, -1.426581805901979100E-016 ) ) ;
#6823 = CARTESIAN_POINT ( 'NONE',  ( 5.150000000000003000, -0.2300000000000015400, 3.850000000000000500 ) ) ;
#6824 = FACE_OUTER_BOUND ( 'NONE', #11429, .T. ) ;
#6825 = CARTESIAN_POINT ( 'NONE',  ( 5.254407615346900200, -3.825440761534689900, -0.9465649028722791200 ) ) ;
#6826 =( NAMED_UNIT ( * ) SI_UNIT ( $, .STERADIAN. ) SOLID_ANGLE_UNIT ( ) );
#6827 = UNCERTAINTY_MEASURE_WITH_UNIT (LENGTH_MEASURE( 1.000000000000000100E-005 ), #9534, 'distance_accuracy_value', 'NONE');
#6828 = ORIENTED_EDGE ( 'NONE', *, *, #2324, .F. ) ;
#6829 = ORIENTED_EDGE ( 'NONE', *, *, #2025, .F. ) ;
#6830 = AXIS2_PLACEMENT_3D ( 'NONE', #7709, #2455, #8597 ) ;
#6831 =( NAMED_UNIT ( * ) SI_UNIT ( $, .STERADIAN. ) SOLID_ANGLE_UNIT ( ) );
#6832 = AXIS2_PLACEMENT_3D ( 'NONE', #906, #915, #923 ) ;
#6833 = ORIENTED_EDGE ( 'NONE', *, *, #1377, .F. ) ;
#6834 = COLOUR_RGB ( '',1.000000000000000000, 1.000000000000000000, 1.000000000000000000 ) ;
#6835 = CARTESIAN_POINT ( 'NONE',  ( -5.275000000000002100, -0.4249999999999959900, -0.7500000000000016700 ) ) ;
#6836 = DIRECTION ( 'NONE',  ( -0.0000000000000000000, 1.000000000000000000, -0.0000000000000000000 ) ) ;
#6837 = AXIS2_PLACEMENT_3D ( 'NONE', #1345, #3966, #2156 ) ;
#6838 = SURFACE_STYLE_USAGE ( .BOTH. , #643 ) ;
#6839 = VECTOR ( 'NONE', #2349, 1000.000000000000000 ) ;
#6840 = MECHANICAL_DESIGN_GEOMETRIC_PRESENTATION_REPRESENTATION (  '', ( #6996 ), #6770 ) ;
#6841 = LINE ( 'NONE', #7254, #8646 ) ;
#6842 = ORIENTED_EDGE ( 'NONE', *, *, #81, .T. ) ;
#6843 =( NAMED_UNIT ( * ) PLANE_ANGLE_UNIT ( ) SI_UNIT ( $, .RADIAN. ) );
#6844 = EDGE_CURVE ( 'NONE', #3115, #7535, #1871, .T. ) ;
#6845 = FACE_OUTER_BOUND ( 'NONE', #4125, .T. ) ;
#6846 = EDGE_CURVE ( 'NONE', #57, #6026, #11016, .T. ) ;
#6847 = FILL_AREA_STYLE_COLOUR ( '', #8448 ) ;
#6848 = ORIENTED_EDGE ( 'NONE', *, *, #7663, .F. ) ;
#6849 = DIRECTION ( 'NONE',  ( 0.0000000000000000000, -1.000000000000000000, 0.0000000000000000000 ) ) ;
#6850 = ORIENTED_EDGE ( 'NONE', *, *, #9789, .T. ) ;
#6851 = DIRECTION ( 'NONE',  ( 0.0000000000000000000, -1.000000000000000000, 0.0000000000000000000 ) ) ;
#6852 = PRESENTATION_LAYER_ASSIGNMENT (  '', '', ( #6996 ) ) ;
#6853 = STYLED_ITEM ( 'NONE', ( #10481 ), #6477 ) ;
#6855 = AXIS2_PLACEMENT_3D ( 'NONE', #5198, #7756, #4007 ) ;
#6854 = STYLED_ITEM ( 'NONE', ( #2517 ), #10513 ) ;
#6856 = DIRECTION ( 'NONE',  ( 0.0000000000000000000, 0.0000000000000000000, 1.000000000000000000 ) ) ;
#6857 = FILL_AREA_STYLE_COLOUR ( '', #6275 ) ;
#6858 = ORIENTED_EDGE ( 'NONE', *, *, #234, .F. ) ;
#6859 = ORIENTED_EDGE ( 'NONE', *, *, #11321, .F. ) ;
#6860 = EDGE_CURVE ( 'NONE', #11001, #9482, #6537, .T. ) ;
#6861 = EDGE_CURVE ( 'NONE', #3688, #8192, #4216, .T. ) ;
#6862 = CARTESIAN_POINT ( 'NONE',  ( 5.170000000000003500, -4.015000000000000600, -1.125000000000000400 ) ) ;
#6863 = CARTESIAN_POINT ( 'NONE',  ( 5.250000000000001800, -3.865000000000000200, 3.899999999999999900 ) ) ;
#6864 = ORIENTED_EDGE ( 'NONE', *, *, #2268, .T. ) ;
#6865 =( NAMED_UNIT ( * ) SI_UNIT ( $, .STERADIAN. ) SOLID_ANGLE_UNIT ( ) );
#6866 = VECTOR ( 'NONE', #1708, 1000.000000000000000 ) ;
#6867 =( NAMED_UNIT ( * ) SI_UNIT ( $, .STERADIAN. ) SOLID_ANGLE_UNIT ( ) );
#6868 = ORIENTED_EDGE ( 'NONE', *, *, #6353, .T. ) ;
#6869 = COLOUR_RGB ( '',1.000000000000000000, 1.000000000000000000, 1.000000000000000000 ) ;
#6870 = ORIENTED_EDGE ( 'NONE', *, *, #4061, .T. ) ;
#6871 = ADVANCED_FACE ( 'NONE', ( #10730 ), #6420, .T. ) ;
#6872 = PRESENTATION_LAYER_ASSIGNMENT (  '', '', ( #5693 ) ) ;
#6873 = LINE ( 'NONE', #924, #10514 ) ;
#6874 = ORIENTED_EDGE ( 'NONE', *, *, #4369, .T. ) ;
#6875 = DIRECTION ( 'NONE',  ( -0.0000000000000000000, 1.000000000000000000, 5.214884716704054000E-032 ) ) ;
#6876 = CIRCLE ( 'NONE', #8338, 0.1749999999999998200 ) ;
#6877 = EDGE_CURVE ( 'NONE', #9907, #3292, #7521, .T. ) ;
#6878 = DIRECTION ( 'NONE',  ( 3.526005099788157400E-016, -1.000000000000000000, -3.348994459872642300E-032 ) ) ;
#6879 = CIRCLE ( 'NONE', #1966, 0.1799999999999996000 ) ;
#6880 = CARTESIAN_POINT ( 'NONE',  ( -5.070715847623434400, -3.685715847623431500, 2.687313845091494600 ) ) ;
#6881 = EDGE_LOOP ( 'NONE', ( #8370, #4001, #1895, #9251 ) ) ;
#6882 = LINE ( 'NONE', #3161, #11358 ) ;
#6883 =( NAMED_UNIT ( * ) SI_UNIT ( $, .STERADIAN. ) SOLID_ANGLE_UNIT ( ) );
#6884 = ORIENTED_EDGE ( 'NONE', *, *, #4458, .F. ) ;
#6885 = FILL_AREA_STYLE_COLOUR ( '', #819 ) ;
#6886 = FILL_AREA_STYLE_COLOUR ( '', #404 ) ;
#6887 = CIRCLE ( 'NONE', #11163, 0.8000000000000003800 ) ;
#6888 = DIRECTION ( 'NONE',  ( -1.000000000000000000, -0.0000000000000000000, -0.0000000000000000000 ) ) ;
#6889 = CARTESIAN_POINT ( 'NONE',  ( 5.100000000000004100, -3.390000000000000600, -1.125000000000000400 ) ) ;
#6890 = CARTESIAN_POINT ( 'NONE',  ( 4.750000000000001800, 0.0000000000000000000, -1.800000000000000300 ) ) ;
#6891 = EDGE_CURVE ( 'NONE', #3881, #9144, #9916, .T. ) ;
#6892 = PRESENTATION_LAYER_ASSIGNMENT (  '', '', ( #5553 ) ) ;
#6893 = AXIS2_PLACEMENT_3D ( 'NONE', #10587, #5235, #11470 ) ;
#6894 = DIRECTION ( 'NONE',  ( 0.0000000000000000000, 0.0000000000000000000, -1.000000000000000000 ) ) ;
#6895 = ORIENTED_EDGE ( 'NONE', *, *, #2903, .T. ) ;
#6896 = SURFACE_STYLE_FILL_AREA ( #10893 ) ;
#6897 = ORIENTED_EDGE ( 'NONE', *, *, #4300, .F. ) ;
#6898 = SURFACE_STYLE_FILL_AREA ( #434 ) ;
#6899 = DIRECTION ( 'NONE',  ( 0.0000000000000000000, 0.0000000000000000000, -1.000000000000000000 ) ) ;
#6900 = CARTESIAN_POINT ( 'NONE',  ( 3.350000000000002300, -3.715000000000001200, -1.125000000000000900 ) ) ;
#6901 = VECTOR ( 'NONE', #10762, 1000.000000000000000 ) ;
#6902 = PRESENTATION_STYLE_ASSIGNMENT (( #6906 ) ) ;
#6903 = DIRECTION ( 'NONE',  ( -0.0000000000000000000, 1.000000000000000000, -0.0000000000000000000 ) ) ;
#6904 = ORIENTED_EDGE ( 'NONE', *, *, #5388, .F. ) ;
#6905 = SURFACE_STYLE_USAGE ( .BOTH. , #3642 ) ;
#6906 = SURFACE_STYLE_USAGE ( .BOTH. , #711 ) ;
#6907 = STYLED_ITEM ( 'NONE', ( #3105 ), #9586 ) ;
#6908 = SURFACE_STYLE_FILL_AREA ( #2888 ) ;
#6909 = FACE_OUTER_BOUND ( 'NONE', #2522, .T. ) ;
#6910 = AXIS2_PLACEMENT_3D ( 'NONE', #4832, #6432, #4863 ) ;
#6911 = VECTOR ( 'NONE', #295, 1000.000000000000000 ) ;
#6912 = LINE ( 'NONE', #11060, #9023 ) ;
#6913 = ORIENTED_EDGE ( 'NONE', *, *, #5592, .F. ) ;
#6914 = FACE_OUTER_BOUND ( 'NONE', #1658, .T. ) ;
#6915 =( LENGTH_UNIT ( ) NAMED_UNIT ( * ) SI_UNIT ( .MILLI., .METRE. ) );
#6916 = CYLINDRICAL_SURFACE ( 'NONE', #8537, 0.8000000000000003800 ) ;
#6917 =( GEOMETRIC_REPRESENTATION_CONTEXT ( 3 ) GLOBAL_UNCERTAINTY_ASSIGNED_CONTEXT ( ( #11372 ) ) GLOBAL_UNIT_ASSIGNED_CONTEXT ( ( #3030, #2990, #2931 ) ) REPRESENTATION_CONTEXT ( 'NONE', 'WORKASPACE' ) );
#6918 = DIRECTION ( 'NONE',  ( -2.209081482755458100E-016, -1.426581805901979600E-016, 1.000000000000000000 ) ) ;
#6919 = FACE_OUTER_BOUND ( 'NONE', #7701, .T. ) ;
#6920 = AXIS2_PLACEMENT_3D ( 'NONE', #171, #3525, #10094 ) ;
#6921 =( GEOMETRIC_REPRESENTATION_CONTEXT ( 3 ) GLOBAL_UNCERTAINTY_ASSIGNED_CONTEXT ( ( #8494 ) ) GLOBAL_UNIT_ASSIGNED_CONTEXT ( ( #6975, #6544, #6625 ) ) REPRESENTATION_CONTEXT ( 'NONE', 'WORKASPACE' ) );
#6922 = STYLED_ITEM ( 'NONE', ( #220 ), #5843 ) ;
#6923 = STYLED_ITEM ( 'NONE', ( #4046 ), #10130 ) ;
#6924 = DIRECTION ( 'NONE',  ( -2.014244061477907700E-016, -2.140309255009110000E-017, 1.000000000000000000 ) ) ;
#6925 = EDGE_LOOP ( 'NONE', ( #5665, #3300, #7091, #592 ) ) ;
#6926 = DIRECTION ( 'NONE',  ( -1.000000000000000000, 4.081702296416008100E-015, 0.0000000000000000000 ) ) ;
#6927 = UNCERTAINTY_MEASURE_WITH_UNIT (LENGTH_MEASURE( 1.000000000000000100E-005 ), #5659, 'distance_accuracy_value', 'NONE');
#6928 =( GEOMETRIC_REPRESENTATION_CONTEXT ( 3 ) GLOBAL_UNCERTAINTY_ASSIGNED_CONTEXT ( ( #2547 ) ) GLOBAL_UNIT_ASSIGNED_CONTEXT ( ( #2277, #6595, #8351 ) ) REPRESENTATION_CONTEXT ( 'NONE', 'WORKASPACE' ) );
#6929 = EDGE_CURVE ( 'NONE', #3981, #4456, #5146, .T. ) ;
#6930 = CARTESIAN_POINT ( 'NONE',  ( -4.350000000000002300, -3.815000000000000400, -1.125000000000000400 ) ) ;
#6931 = ADVANCED_FACE ( 'NONE', ( #4875 ), #1719, .F. ) ;
#6932 = ORIENTED_EDGE ( 'NONE', *, *, #5801, .T. ) ;
#6933 = SURFACE_STYLE_FILL_AREA ( #7951 ) ;
#6934 = LINE ( 'NONE', #65, #9330 ) ;
#6935 = SURFACE_SIDE_STYLE ('',( #1323 ) ) ;
#6936 = ORIENTED_EDGE ( 'NONE', *, *, #6342, .F. ) ;
#6937 = SURFACE_SIDE_STYLE ('',( #5670 ) ) ;
#6938 = CARTESIAN_POINT ( 'NONE',  ( 5.150000000000003900, -1.870000000000000300, -0.9250000000000003800 ) ) ;
#6939 = ORIENTED_EDGE ( 'NONE', *, *, #3266, .T. ) ;
#6940 = UNCERTAINTY_MEASURE_WITH_UNIT (LENGTH_MEASURE( 1.000000000000000100E-005 ), #2299, 'distance_accuracy_value', 'NONE');
#6941 =( GEOMETRIC_REPRESENTATION_CONTEXT ( 3 ) GLOBAL_UNCERTAINTY_ASSIGNED_CONTEXT ( ( #3024 ) ) GLOBAL_UNIT_ASSIGNED_CONTEXT ( ( #7456, #3587, #9842 ) ) REPRESENTATION_CONTEXT ( 'NONE', 'WORKASPACE' ) );
#6942 = CARTESIAN_POINT ( 'NONE',  ( 5.150000000000003900, -3.390000000000000600, -1.175000000000000300 ) ) ;
#6943 = AXIS2_PLACEMENT_3D ( 'NONE', #4029, #3886, #3802 ) ;
#6944 = AXIS2_PLACEMENT_3D ( 'NONE', #5476, #159, #6365 ) ;
#6945 = ORIENTED_EDGE ( 'NONE', *, *, #3113, .T. ) ;
#6946 = LINE ( 'NONE', #3950, #11419 ) ;
#6947 =( NAMED_UNIT ( * ) PLANE_ANGLE_UNIT ( ) SI_UNIT ( $, .RADIAN. ) );
#6948 = EDGE_CURVE ( 'NONE', #6115, #5268, #6388, .T. ) ;
#6949 = FACE_OUTER_BOUND ( 'NONE', #8800, .T. ) ;
#6950 = VECTOR ( 'NONE', #347, 1000.000000000000000 ) ;
#6951 = DIRECTION ( 'NONE',  ( 1.000000000000000000, 4.755272686339931300E-017, 4.095874873834128400E-016 ) ) ;
#6952 = ORIENTED_EDGE ( 'NONE', *, *, #5755, .F. ) ;
#6953 = ORIENTED_EDGE ( 'NONE', *, *, #1178, .T. ) ;
#6954 = SURFACE_SIDE_STYLE ('',( #7915 ) ) ;
#6955 =( NAMED_UNIT ( * ) SI_UNIT ( $, .STERADIAN. ) SOLID_ANGLE_UNIT ( ) );
#6956 = ORIENTED_EDGE ( 'NONE', *, *, #3028, .F. ) ;
#6957 = DIRECTION ( 'NONE',  ( -7.553600721220332200E-017, -2.140309255009064400E-017, 1.000000000000000000 ) ) ;
#6958 = FILL_AREA_STYLE_COLOUR ( '', #9461 ) ;
#6959 = FACE_OUTER_BOUND ( 'NONE', #7413, .T. ) ;
#6960 = COLOUR_RGB ( '',1.000000000000000000, 1.000000000000000000, 1.000000000000000000 ) ;
#6961 = MECHANICAL_DESIGN_GEOMETRIC_PRESENTATION_REPRESENTATION (  '', ( #7694 ), #6941 ) ;
#6962 = ORIENTED_EDGE ( 'NONE', *, *, #7914, .F. ) ;
#6963 = VERTEX_POINT ( 'NONE', #2285 ) ;
#6964 = ORIENTED_EDGE ( 'NONE', *, *, #3340, .T. ) ;
#6965 = EDGE_CURVE ( 'NONE', #5974, #5406, #10869, .T. ) ;
#6966 = DIRECTION ( 'NONE',  ( 0.0000000000000000000, -0.0000000000000000000, -1.000000000000000000 ) ) ;
#6967 = MECHANICAL_DESIGN_GEOMETRIC_PRESENTATION_REPRESENTATION (  '', ( #5173 ), #7568 ) ;
#6968 = ORIENTED_EDGE ( 'NONE', *, *, #10406, .F. ) ;
#6969 = CARTESIAN_POINT ( 'NONE',  ( -5.120000000000001900, -0.2300000000000004500, -3.850000000000000500 ) ) ;
#6970 = PRESENTATION_STYLE_ASSIGNMENT (( #1568 ) ) ;
#6971 =( LENGTH_UNIT ( ) NAMED_UNIT ( * ) SI_UNIT ( .MILLI., .METRE. ) );
#6972 = CARTESIAN_POINT ( 'NONE',  ( -4.450000000000001100, -3.865000000000000200, 4.200000000000000200 ) ) ;
#6973 = UNCERTAINTY_MEASURE_WITH_UNIT (LENGTH_MEASURE( 1.000000000000000100E-005 ), #4415, 'distance_accuracy_value', 'NONE');
#6975 =( LENGTH_UNIT ( ) NAMED_UNIT ( * ) SI_UNIT ( .MILLI., .METRE. ) );
#6974 = CARTESIAN_POINT ( 'NONE',  ( -5.150000000000003900, -3.785000000000000100, -3.650000000000001700 ) ) ;
#6976 = ORIENTED_EDGE ( 'NONE', *, *, #1430, .T. ) ;
#6977 = DIRECTION ( 'NONE',  ( -1.079575420682579900E-017, 1.000000000000000000, 1.426581805901979100E-016 ) ) ;
#6978 = DIRECTION ( 'NONE',  ( -1.000000000000000000, -1.426581805901979400E-016, -1.927470528863119300E-016 ) ) ;
#6979 = STYLED_ITEM ( 'NONE', ( #575 ), #3909 ) ;
#6980 =( LENGTH_UNIT ( ) NAMED_UNIT ( * ) SI_UNIT ( .MILLI., .METRE. ) );
#6981 = ORIENTED_EDGE ( 'NONE', *, *, #5772, .F. ) ;
#6982 = DIRECTION ( 'NONE',  ( 1.000000000000000000, 0.0000000000000000000, 0.0000000000000000000 ) ) ;
#6983 = EDGE_CURVE ( 'NONE', #3818, #1482, #4078, .T. ) ;
#6984 =( LENGTH_UNIT ( ) NAMED_UNIT ( * ) SI_UNIT ( .MILLI., .METRE. ) );
#6985 = AXIS2_PLACEMENT_3D ( 'NONE', #9908, #4571, #10787 ) ;
#6986 = FILL_AREA_STYLE_COLOUR ( '', #506 ) ;
#6987 = PRESENTATION_LAYER_ASSIGNMENT (  '', '', ( #7063 ) ) ;
#6988 =( LENGTH_UNIT ( ) NAMED_UNIT ( * ) SI_UNIT ( .MILLI., .METRE. ) );
#6989 = CYLINDRICAL_SURFACE ( 'NONE', #9100, 0.2999999999999999300 ) ;
#6990 = CARTESIAN_POINT ( 'NONE',  ( -5.120000000000002800, -3.785000000000000100, -3.850000000000000500 ) ) ;
#6991 = ORIENTED_EDGE ( 'NONE', *, *, #6234, .F. ) ;
#6992 = APPLICATION_CONTEXT ( 'automotive_design' ) ;
#6993 = ADVANCED_FACE ( 'NONE', ( #6117 ), #3897, .F. ) ;
#6994 = FILL_AREA_STYLE_COLOUR ( '', #9991 ) ;
#6995 = ORIENTED_EDGE ( 'NONE', *, *, #9078, .F. ) ;
#6996 = STYLED_ITEM ( 'NONE', ( #2304 ), #4686 ) ;
#6997 = DIRECTION ( 'NONE',  ( -1.927470528863119000E-016, -1.426581805901979600E-016, 1.000000000000000000 ) ) ;
#6998 = DIRECTION ( 'NONE',  ( 0.0000000000000000000, -1.000000000000000000, 0.0000000000000000000 ) ) ;
#6999 = LINE ( 'NONE', #8345, #4653 ) ;
#7000 =( GEOMETRIC_REPRESENTATION_CONTEXT ( 3 ) GLOBAL_UNCERTAINTY_ASSIGNED_CONTEXT ( ( #1890 ) ) GLOBAL_UNIT_ASSIGNED_CONTEXT ( ( #5858, #8994, #4690 ) ) REPRESENTATION_CONTEXT ( 'NONE', 'WORKASPACE' ) );
#7001 = EDGE_CURVE ( 'NONE', #8615, #1305, #2985, .T. ) ;
#7002 = SURFACE_SIDE_STYLE ('',( #8028 ) ) ;
#7003 = COLOUR_RGB ( '',1.000000000000000000, 1.000000000000000000, 1.000000000000000000 ) ;
#7004 = FACE_OUTER_BOUND ( 'NONE', #9090, .T. ) ;
#7005 = SURFACE_STYLE_FILL_AREA ( #7860 ) ;
#7006 = DIRECTION ( 'NONE',  ( -0.0000000000000000000, 1.000000000000000000, -0.0000000000000000000 ) ) ;
#7007 = DIRECTION ( 'NONE',  ( 1.426581805901979600E-016, -1.000000000000000000, -1.426581805901979400E-016 ) ) ;
#7008 = ORIENTED_EDGE ( 'NONE', *, *, #9536, .F. ) ;
#7009 = ORIENTED_EDGE ( 'NONE', *, *, #4681, .F. ) ;
#7010 =( LENGTH_UNIT ( ) NAMED_UNIT ( * ) SI_UNIT ( .MILLI., .METRE. ) );
#7011 = CARTESIAN_POINT ( 'NONE',  ( 5.100000000000003200, -1.870000000000001000, 0.9249999999999997100 ) ) ;
#7012 = PRESENTATION_STYLE_ASSIGNMENT (( #1353 ) ) ;
#7013 = EDGE_LOOP ( 'NONE', ( #11179, #499, #11370, #10142 ) ) ;
#7014 = AXIS2_PLACEMENT_3D ( 'NONE', #9614, #9554, #9450 ) ;
#7015 = AXIS2_PLACEMENT_3D ( 'NONE', #8513, #3257, #9456 ) ;
#7016 = CYLINDRICAL_SURFACE ( 'NONE', #6545, 0.1249999999999996800 ) ;
#7017 =( NAMED_UNIT ( * ) SI_UNIT ( $, .STERADIAN. ) SOLID_ANGLE_UNIT ( ) );
#7018 = CARTESIAN_POINT ( 'NONE',  ( 4.725000000000003200, -3.765000000000000600, 1.174999999999999400 ) ) ;
#7019 = SURFACE_SIDE_STYLE ('',( #6535 ) ) ;
#7020 = EDGE_CURVE ( 'NONE', #831, #2052, #5282, .T. ) ;
#7021 = DIRECTION ( 'NONE',  ( 2.409338161078898200E-017, -1.426581805901979900E-016, 1.000000000000000000 ) ) ;
#7022 = ORIENTED_EDGE ( 'NONE', *, *, #7308, .F. ) ;
#7023 = DIRECTION ( 'NONE',  ( 2.409338161078898200E-017, -1.426581805901979400E-016, 1.000000000000000000 ) ) ;
#7024 = ORIENTED_EDGE ( 'NONE', *, *, #8936, .F. ) ;
#7025 = CARTESIAN_POINT ( 'NONE',  ( 3.350000000000002300, -3.815000000000000800, 3.650000000000000800 ) ) ;
#7026 = ORIENTED_EDGE ( 'NONE', *, *, #4080, .T. ) ;
#7027 = COLOUR_RGB ( '',0.9098039215686274400, 0.4431372549019607600, 0.03137254901960784300 ) ;
#7028 = DIRECTION ( 'NONE',  ( -2.409338161078898200E-017, 1.426581805901979400E-016, -1.000000000000000000 ) ) ;
#7029 = LINE ( 'NONE', #5140, #224 ) ;
#7030 = CARTESIAN_POINT ( 'NONE',  ( -3.350000000000003200, -3.815000000000000800, 3.650000000000000800 ) ) ;
#7031 = PLANE ( 'NONE',  #8153 ) ;
#7032 = EDGE_CURVE ( 'NONE', #2371, #2061, #7648, .T. ) ;
#7033 = ORIENTED_EDGE ( 'NONE', *, *, #4821, .F. ) ;
#7034 = PRESENTATION_STYLE_ASSIGNMENT (( #11412 ) ) ;
#7035 =( LENGTH_UNIT ( ) NAMED_UNIT ( * ) SI_UNIT ( .MILLI., .METRE. ) );
#7036 = COLOUR_RGB ( '',0.7921568627450980000, 0.8196078431372548800, 0.9333333333333333500 ) ;
#7037 = FILL_AREA_STYLE_COLOUR ( '', #395 ) ;
#7038 =( NAMED_UNIT ( * ) PLANE_ANGLE_UNIT ( ) SI_UNIT ( $, .RADIAN. ) );
#7039 =( NAMED_UNIT ( * ) SI_UNIT ( $, .STERADIAN. ) SOLID_ANGLE_UNIT ( ) );
#7040 = EDGE_LOOP ( 'NONE', ( #7513, #9096, #775, #10594 ) ) ;
#7041 = CARTESIAN_POINT ( 'NONE',  ( -5.150000000000002100, -3.815000000000001300, -0.9250000000000004900 ) ) ;
#7042 = CARTESIAN_POINT ( 'NONE',  ( 5.350000000000002300, -0.4000000000000012400, 1.125000000000000400 ) ) ;
#7043 =( GEOMETRIC_REPRESENTATION_CONTEXT ( 3 ) GLOBAL_UNCERTAINTY_ASSIGNED_CONTEXT ( ( #3891 ) ) GLOBAL_UNIT_ASSIGNED_CONTEXT ( ( #5701, #382, #6581 ) ) REPRESENTATION_CONTEXT ( 'NONE', 'WORKASPACE' ) );
#7044 =( NAMED_UNIT ( * ) PLANE_ANGLE_UNIT ( ) SI_UNIT ( $, .RADIAN. ) );
#7045 = CARTESIAN_POINT ( 'NONE',  ( -4.025000000000000400, -4.174178364069192100E-015, 0.7499999999999998900 ) ) ;
#7046 = CIRCLE ( 'NONE', #7675, 0.2999999999999999300 ) ;
#7047 = CARTESIAN_POINT ( 'NONE',  ( -4.802287581699348000, -3.417287581699347300, -1.943790849673202400 ) ) ;
#7048 =( GEOMETRIC_REPRESENTATION_CONTEXT ( 3 ) GLOBAL_UNCERTAINTY_ASSIGNED_CONTEXT ( ( #6614 ) ) GLOBAL_UNIT_ASSIGNED_CONTEXT ( ( #534, #545, #579 ) ) REPRESENTATION_CONTEXT ( 'NONE', 'WORKASPACE' ) );
#7049 = VECTOR ( 'NONE', #4935, 1000.000000000000000 ) ;
#7050 = DIRECTION ( 'NONE',  ( 0.0000000000000000000, 0.0000000000000000000, 1.000000000000000000 ) ) ;
#7051 = CARTESIAN_POINT ( 'NONE',  ( -3.350000000000002300, -3.715000000000001200, -0.9250000000000004900 ) ) ;
#7052 = CARTESIAN_POINT ( 'NONE',  ( -4.850000000000002300, -3.390000000000000600, 1.124999999999999800 ) ) ;
#7053 = ORIENTED_EDGE ( 'NONE', *, *, #7309, .F. ) ;
#7054 = SURFACE_STYLE_FILL_AREA ( #8748 ) ;
#7055 = FILL_AREA_STYLE ('',( #4400 ) ) ;
#7056 = LINE ( 'NONE', #1297, #253 ) ;
#7057 = SURFACE_STYLE_USAGE ( .BOTH. , #6666 ) ;
#7058 = AXIS2_PLACEMENT_3D ( 'NONE', #1611, #6924, #8177 ) ;
#7059 = LINE ( 'NONE', #4684, #9467 ) ;
#7060 = DIRECTION ( 'NONE',  ( -2.209081482755457800E-016, -1.426581805901979600E-016, 1.000000000000000000 ) ) ;
#7061 = ORIENTED_EDGE ( 'NONE', *, *, #6068, .F. ) ;
#7062 = CIRCLE ( 'NONE', #2071, 0.04999999999999969700 ) ;
#7063 = STYLED_ITEM ( 'NONE', ( #6283 ), #2993 ) ;
#7064 = CARTESIAN_POINT ( 'NONE',  ( 2.950000000000002800, -3.665000000000000900, 3.899999999999999900 ) ) ;
#7065 = FILL_AREA_STYLE ('',( #9609 ) ) ;
#7066 = FACE_OUTER_BOUND ( 'NONE', #4474, .T. ) ;
#7067 = CYLINDRICAL_SURFACE ( 'NONE', #472, 0.2000000000000000900 ) ;
#7068 = DIRECTION ( 'NONE',  ( 1.426581805901979600E-016, 1.000000000000000000, 1.426581805901979900E-016 ) ) ;
#7069 = UNCERTAINTY_MEASURE_WITH_UNIT (LENGTH_MEASURE( 1.000000000000000100E-005 ), #11042, 'distance_accuracy_value', 'NONE');
#7070 = ORIENTED_EDGE ( 'NONE', *, *, #2604, .F. ) ;
#7071 = VERTEX_POINT ( 'NONE', #11043 ) ;
#7072 = DIRECTION ( 'NONE',  ( -2.379972492887966100E-016, -0.6887494619146932200, 0.7249994335944136600 ) ) ;
#7073 = AXIS2_PLACEMENT_3D ( 'NONE', #78, #161, #4310 ) ;
#7074 = AXIS2_PLACEMENT_3D ( 'NONE', #2919, #8732, #11160 ) ;
#7075 = PRESENTATION_LAYER_ASSIGNMENT (  '', '', ( #6979 ) ) ;
#7076 = VECTOR ( 'NONE', #10929, 1000.000000000000000 ) ;
#7077 = SURFACE_STYLE_USAGE ( .BOTH. , #865 ) ;
#7078 = ORIENTED_EDGE ( 'NONE', *, *, #2039, .F. ) ;
#7079 = EDGE_CURVE ( 'NONE', #3881, #5839, #7542, .T. ) ;
#7080 = EDGE_LOOP ( 'NONE', ( #2969, #8618, #1904, #9921, #7805, #5472 ) ) ;
#7081 = UNCERTAINTY_MEASURE_WITH_UNIT (LENGTH_MEASURE( 1.000000000000000100E-005 ), #3747, 'distance_accuracy_value', 'NONE');
#7082 =( LENGTH_UNIT ( ) NAMED_UNIT ( * ) SI_UNIT ( .MILLI., .METRE. ) );
#7083 = EDGE_LOOP ( 'NONE', ( #5885, #3549, #702, #2859 ) ) ;
#7084 = FILL_AREA_STYLE_COLOUR ( '', #7510 ) ;
#7085 = DIRECTION ( 'NONE',  ( 0.0000000000000000000, -0.0000000000000000000, 1.000000000000000000 ) ) ;
#7086 = FILL_AREA_STYLE ('',( #8883 ) ) ;
#7087 = LINE ( 'NONE', #9392, #6816 ) ;
#7088 =( NAMED_UNIT ( * ) SI_UNIT ( $, .STERADIAN. ) SOLID_ANGLE_UNIT ( ) );
#7089 = DIRECTION ( 'NONE',  ( -2.209081482755457800E-016, -1.426581805901979600E-016, 1.000000000000000000 ) ) ;
#7090 = EDGE_LOOP ( 'NONE', ( #53, #270, #10978, #1116 ) ) ;
#7091 = ORIENTED_EDGE ( 'NONE', *, *, #1339, .F. ) ;
#7092 = PRESENTATION_LAYER_ASSIGNMENT (  '', '', ( #7694 ) ) ;
#7093 = CARTESIAN_POINT ( 'NONE',  ( -5.150000000000003000, -3.390000000000000600, -1.175000000000000900 ) ) ;
#7094 = AXIS2_PLACEMENT_3D ( 'NONE', #2191, #2069, #1990 ) ;
#7095 = STYLED_ITEM ( 'NONE', ( #6902 ), #8105 ) ;
#7096 = VERTEX_POINT ( 'NONE', #10216 ) ;
#7097 = MECHANICAL_DESIGN_GEOMETRIC_PRESENTATION_REPRESENTATION (  '', ( #8813 ), #4652 ) ;
#7098 = DIRECTION ( 'NONE',  ( -1.000000000000000000, 0.0000000000000000000, 0.0000000000000000000 ) ) ;
#7099 = CARTESIAN_POINT ( 'NONE',  ( -5.150000000000003000, -3.390000000000000100, 0.9249999999999994900 ) ) ;
#7100 = ORIENTED_EDGE ( 'NONE', *, *, #2817, .F. ) ;
#7101 = FILL_AREA_STYLE_COLOUR ( '', #6658 ) ;
#7102 = DIRECTION ( 'NONE',  ( -1.000000000000000000, 4.081702296416008100E-015, -2.551063935260005100E-016 ) ) ;
#7103 = CARTESIAN_POINT ( 'NONE',  ( -5.133267137638338100, -0.2029139788270347100, -2.349926554541674300 ) ) ;
#7104 = VERTEX_POINT ( 'NONE', #9978 ) ;
#7105 = FACE_OUTER_BOUND ( 'NONE', #881, .T. ) ;
#7106 = UNCERTAINTY_MEASURE_WITH_UNIT (LENGTH_MEASURE( 1.000000000000000100E-005 ), #7848, 'distance_accuracy_value', 'NONE');
#7107 = EDGE_CURVE ( 'NONE', #10201, #163, #2856, .T. ) ;
#7108 = CARTESIAN_POINT ( 'NONE',  ( -4.590000000000001600, -3.837505057876324300E-016, -3.150000000000000400 ) ) ;
#7109 = MECHANICAL_DESIGN_GEOMETRIC_PRESENTATION_REPRESENTATION (  '', ( #5854 ), #5443 ) ;
#7110 = SURFACE_SIDE_STYLE ('',( #6347 ) ) ;
#7111 = VERTEX_POINT ( 'NONE', #9261 ) ;
#7112 = ADVANCED_FACE ( 'NONE', ( #572 ), #9226, .F. ) ;
#7113 = CARTESIAN_POINT ( 'NONE',  ( 5.170000000000002600, -0.1800000000000007400, 1.747409143683428900E-016 ) ) ;
#7114 = CARTESIAN_POINT ( 'NONE',  ( -5.250000000000001800, 0.0000000000000000000, 3.899999999999999900 ) ) ;
#7115 = LINE ( 'NONE', #6521, #2726 ) ;
#7116 = CARTESIAN_POINT ( 'NONE',  ( 5.050000000000002500, -1.870000000000000600, -0.9250000000000004900 ) ) ;
#7117 = ORIENTED_EDGE ( 'NONE', *, *, #2373, .T. ) ;
#7118 =( LENGTH_UNIT ( ) NAMED_UNIT ( * ) SI_UNIT ( .MILLI., .METRE. ) );
#7119 = SURFACE_STYLE_USAGE ( .BOTH. , #7161 ) ;
#7120 =( GEOMETRIC_REPRESENTATION_CONTEXT ( 3 ) GLOBAL_UNCERTAINTY_ASSIGNED_CONTEXT ( ( #10538 ) ) GLOBAL_UNIT_ASSIGNED_CONTEXT ( ( #123, #9843, #9025 ) ) REPRESENTATION_CONTEXT ( 'NONE', 'WORKASPACE' ) );
#7121 = VERTEX_POINT ( 'NONE', #8031 ) ;
#7122 = CARTESIAN_POINT ( 'NONE',  ( -5.150000000000003000, -1.680000000000000400, -3.850000000000001400 ) ) ;
#7123 = AXIS2_PLACEMENT_3D ( 'NONE', #5397, #7186, #7601 ) ;
#7124 =( NAMED_UNIT ( * ) SI_UNIT ( $, .STERADIAN. ) SOLID_ANGLE_UNIT ( ) );
#7125 = EDGE_CURVE ( 'NONE', #3176, #1153, #451, .T. ) ;
#7126 = DIRECTION ( 'NONE',  ( 1.426581805901979600E-016, 1.000000000000000000, 1.426581805901979900E-016 ) ) ;
#7127 = VECTOR ( 'NONE', #1470, 1000.000000000000000 ) ;
#7128 = ORIENTED_EDGE ( 'NONE', *, *, #2883, .T. ) ;
#7129 = PRESENTATION_LAYER_ASSIGNMENT (  '', '', ( #7734 ) ) ;
#7130 = PRODUCT ( 'M1060-2R5YLC_提出用', 'M1060-2R5YLC_提出用', '', ( #10554 ) ) ;
#7131 = CYLINDRICAL_SURFACE ( 'NONE', #668, 0.4250000000000008800 ) ;
#7132 = EDGE_LOOP ( 'NONE', ( #3576, #9748, #6663, #9828 ) ) ;
#7133 = EDGE_LOOP ( 'NONE', ( #7285, #2651, #1169, #10039 ) ) ;
#7134 = VERTEX_POINT ( 'NONE', #7173 ) ;
#7135 = DIRECTION ( 'NONE',  ( -1.000000000000000000, 1.426581805901981900E-016, 0.0000000000000000000 ) ) ;
#7136 = CARTESIAN_POINT ( 'NONE',  ( -4.975000000000002300, -0.2500000000000007800, 0.7499999999999990000 ) ) ;
#7137 = COLOUR_RGB ( '',0.5019607843137254800, 0.5019607843137254800, 0.5019607843137254800 ) ;
#7138 = ORIENTED_EDGE ( 'NONE', *, *, #4532, .T. ) ;
#7139 =( LENGTH_UNIT ( ) NAMED_UNIT ( * ) SI_UNIT ( .MILLI., .METRE. ) );
#7140 = DIRECTION ( 'NONE',  ( 1.000000000000000000, 4.755272686339936200E-017, -2.409338161078900700E-017 ) ) ;
#7141 = SURFACE_SIDE_STYLE ('',( #6162 ) ) ;
#7142 = AXIS2_PLACEMENT_3D ( 'NONE', #971, #2019, #6998 ) ;
#7143 =( GEOMETRIC_REPRESENTATION_CONTEXT ( 3 ) GLOBAL_UNCERTAINTY_ASSIGNED_CONTEXT ( ( #2020 ) ) GLOBAL_UNIT_ASSIGNED_CONTEXT ( ( #10250, #10176, #11353 ) ) REPRESENTATION_CONTEXT ( 'NONE', 'WORKASPACE' ) );
#7144 = LINE ( 'NONE', #1452, #4793 ) ;
#7145 = FILL_AREA_STYLE_COLOUR ( '', #5381 ) ;
#7147 = MECHANICAL_DESIGN_GEOMETRIC_PRESENTATION_REPRESENTATION (  '', ( #7375 ), #7120 ) ;
#7146 = STYLED_ITEM ( 'NONE', ( #6634 ), #10018 ) ;
#7148 = SURFACE_STYLE_USAGE ( .BOTH. , #7181 ) ;
#7149 = EDGE_LOOP ( 'NONE', ( #4673, #200, #3655 ) ) ;
#7150 = VECTOR ( 'NONE', #4439, 1000.000000000000000 ) ;
#7151 = EDGE_CURVE ( 'NONE', #7352, #9248, #8785, .T. ) ;
#7152 = ORIENTED_EDGE ( 'NONE', *, *, #7234, .T. ) ;
#7153 = ORIENTED_EDGE ( 'NONE', *, *, #4498, .F. ) ;
#7154 = CARTESIAN_POINT ( 'NONE',  ( 5.150000000000003000, -3.815000000000000400, 0.9249999999999991600 ) ) ;
#7155 =( NAMED_UNIT ( * ) SI_UNIT ( $, .STERADIAN. ) SOLID_ANGLE_UNIT ( ) );
#7156 =( NAMED_UNIT ( * ) SI_UNIT ( $, .STERADIAN. ) SOLID_ANGLE_UNIT ( ) );
#7157 = VECTOR ( 'NONE', #11382, 1000.000000000000000 ) ;
#7158 = CARTESIAN_POINT ( 'NONE',  ( -3.350000000000001400, -3.515000000000001000, -1.125000000000000400 ) ) ;
#7159 = AXIS2_PLACEMENT_3D ( 'NONE', #9895, #9815, #9347 ) ;
#7160 = STYLED_ITEM ( 'NONE', ( #6072 ), #10992 ) ;
#7161 = SURFACE_SIDE_STYLE ('',( #11541 ) ) ;
#7162 = EDGE_LOOP ( 'NONE', ( #9335, #6787, #5372, #4050 ) ) ;
#7163 = CARTESIAN_POINT ( 'NONE',  ( -3.350000000000004100, -3.815000000000000400, 0.9249999999999997100 ) ) ;
#7164 = EDGE_CURVE ( 'NONE', #4939, #11258, #10889, .T. ) ;
#7165 = DIRECTION ( 'NONE',  ( 0.0000000000000000000, -1.000000000000000000, 0.0000000000000000000 ) ) ;
#7166 = EDGE_CURVE ( 'NONE', #5186, #7104, #6406, .T. ) ;
#7167 =( LENGTH_UNIT ( ) NAMED_UNIT ( * ) SI_UNIT ( .MILLI., .METRE. ) );
#7168 = COLOUR_RGB ( '',1.000000000000000000, 1.000000000000000000, 1.000000000000000000 ) ;
#7169 = DIRECTION ( 'NONE',  ( -7.553600721220332200E-017, -1.426581805901979400E-016, 1.000000000000000000 ) ) ;
#7170 = ADVANCED_FACE ( 'NONE', ( #6131 ), #6233, .T. ) ;
#7171 = LINE ( 'NONE', #2056, #2787 ) ;
#7172 = EDGE_LOOP ( 'NONE', ( #2689, #10824, #8556, #10891, #8574, #4459 ) ) ;
#7173 = CARTESIAN_POINT ( 'NONE',  ( -4.590000000000001600, -2.838897793744938000E-016, -3.850000000000000100 ) ) ;
#7174 = SURFACE_SIDE_STYLE ('',( #5834 ) ) ;
#7175 = B_SPLINE_CURVE_WITH_KNOTS ( 'NONE', 3,
 ( #2928, #3551, #1691, #9387, #8609, #4915, #9400, #3123, #3332, #3455, #3659, #3745, #3929, #4139, #4243, #4359 ),
 .UNSPECIFIED., .F., .F.,
 ( 4, 3, 3, 3, 3, 4 ),
 ( 0.0000000000000000000, 1.004080772794711300E-005, 2.008917776796238200E-005, 2.998820395310737800E-005, 3.931010091357613500E-005, 4.895654316241498500E-005 ),
 .UNSPECIFIED. ) ;
#7176 = EDGE_CURVE ( 'NONE', #712, #2431, #7391, .T. ) ;
#7177 = CYLINDRICAL_SURFACE ( 'NONE', #6251, 0.2000000000000000100 ) ;
#7178 = ADVANCED_FACE ( 'NONE', ( #2711 ), #4884, .F. ) ;
#7179 = MECHANICAL_DESIGN_GEOMETRIC_PRESENTATION_REPRESENTATION (  '', ( #4239 ), #7784 ) ;
#7180 = CARTESIAN_POINT ( 'NONE',  ( 5.349966811288966000, -4.014966811288965200, 1.074221323140175400 ) ) ;
#7181 = SURFACE_SIDE_STYLE ('',( #10804 ) ) ;
#7182 = ORIENTED_EDGE ( 'NONE', *, *, #563, .T. ) ;
#7183 = LINE ( 'NONE', #140, #4831 ) ;
#7184 = DIRECTION ( 'NONE',  ( 1.000000000000000000, 3.526005099788157400E-016, -2.409338161078893300E-017 ) ) ;
#7185 = ORIENTED_EDGE ( 'NONE', *, *, #7781, .T. ) ;
#7186 = DIRECTION ( 'NONE',  ( 1.927470528863119000E-016, 1.426581805901979600E-016, -1.000000000000000000 ) ) ;
#7187 = SURFACE_STYLE_FILL_AREA ( #8836 ) ;
#7188 = FILL_AREA_STYLE_COLOUR ( '', #3931 ) ;
#7189 = VECTOR ( 'NONE', #10110, 1000.000000000000000 ) ;
#7190 = PLANE ( 'NONE',  #9028 ) ;
#7191 = ORIENTED_EDGE ( 'NONE', *, *, #4172, .F. ) ;
#7192 = CIRCLE ( 'NONE', #756, 0.1250000000000000000 ) ;
#7193 = STYLED_ITEM ( 'NONE', ( #2608 ), #9075 ) ;
#7194 = DIRECTION ( 'NONE',  ( 1.000000000000000000, 3.634139519433330900E-015, 7.553600721220340800E-017 ) ) ;
#7195 = PRESENTATION_STYLE_ASSIGNMENT (( #6632 ) ) ;
#7196 =( LENGTH_UNIT ( ) NAMED_UNIT ( * ) SI_UNIT ( .MILLI., .METRE. ) );
#7197 = LINE ( 'NONE', #5222, #9321 ) ;
#7198 = MECHANICAL_DESIGN_GEOMETRIC_PRESENTATION_REPRESENTATION (  '', ( #7453 ), #7048 ) ;
#7199 = SURFACE_STYLE_FILL_AREA ( #9768 ) ;
#7200 = SURFACE_STYLE_USAGE ( .BOTH. , #996 ) ;
#7201 = CARTESIAN_POINT ( 'NONE',  ( 5.400000000000003000, -3.539999999999998700, 0.7500000000000021100 ) ) ;
#7202 = DIRECTION ( 'NONE',  ( 0.0000000000000000000, 1.000000000000000000, 0.0000000000000000000 ) ) ;
#7203 = ORIENTED_EDGE ( 'NONE', *, *, #979, .F. ) ;
#7204 = CYLINDRICAL_SURFACE ( 'NONE', #9245, 0.02999999999999964500 ) ;
#7205 = FACE_OUTER_BOUND ( 'NONE', #11536, .T. ) ;
#7206 = AXIS2_PLACEMENT_3D ( 'NONE', #4614, #7267, #206 ) ;
#7207 = DIRECTION ( 'NONE',  ( -2.014244061477912100E-016, -3.367495048982081600E-015, 1.000000000000000000 ) ) ;
#7208 = CARTESIAN_POINT ( 'NONE',  ( 4.850000000000002300, -3.390000000000000600, 0.9250000000000001600 ) ) ;
#7209 = FACE_OUTER_BOUND ( 'NONE', #3524, .T. ) ;
#7210 = UNCERTAINTY_MEASURE_WITH_UNIT (LENGTH_MEASURE( 1.000000000000000100E-005 ), #8657, 'distance_accuracy_value', 'NONE');
#7211 = EDGE_CURVE ( 'NONE', #7971, #8824, #6540, .T. ) ;
#7212 = EDGE_LOOP ( 'NONE', ( #9479, #4960, #6527, #7152 ) ) ;
#7213 = EDGE_CURVE ( 'NONE', #1314, #10046, #4217, .T. ) ;
#7214 = PRESENTATION_LAYER_ASSIGNMENT (  '', '', ( #5120 ) ) ;
#7215 = DIRECTION ( 'NONE',  ( -3.469446951953598800E-015, -1.000000000000000000, 0.0000000000000000000 ) ) ;
#7216 = ORIENTED_EDGE ( 'NONE', *, *, #2036, .T. ) ;
#7217 = CARTESIAN_POINT ( 'NONE',  ( 5.254407615346894800, -3.825440761534689900, 0.9465649028722735700 ) ) ;
#7218 = LINE ( 'NONE', #6387, #4609 ) ;
#7219 = ORIENTED_EDGE ( 'NONE', *, *, #1579, .T. ) ;
#7220 = FILL_AREA_STYLE ('',( #5434 ) ) ;
#7221 = PLANE ( 'NONE',  #6944 ) ;
#7222 = ORIENTED_EDGE ( 'NONE', *, *, #7166, .F. ) ;
#7223 = UNCERTAINTY_MEASURE_WITH_UNIT (LENGTH_MEASURE( 1.000000000000000100E-005 ), #679, 'distance_accuracy_value', 'NONE');
#7224 = MECHANICAL_DESIGN_GEOMETRIC_PRESENTATION_REPRESENTATION (  '', ( #1540 ), #3433 ) ;
#7225 = ADVANCED_FACE ( 'NONE', ( #6260 ), #10210, .T. ) ;
#7226 = PRESENTATION_LAYER_ASSIGNMENT (  '', '', ( #5439 ) ) ;
#7227 =( GEOMETRIC_REPRESENTATION_CONTEXT ( 3 ) GLOBAL_UNCERTAINTY_ASSIGNED_CONTEXT ( ( #3188 ) ) GLOBAL_UNIT_ASSIGNED_CONTEXT ( ( #8330, #3074, #9247 ) ) REPRESENTATION_CONTEXT ( 'NONE', 'WORKASPACE' ) );
#7228 = EDGE_LOOP ( 'NONE', ( #6113, #5594, #8, #8933, #7191, #6749 ) ) ;
#7229 =( NAMED_UNIT ( * ) PLANE_ANGLE_UNIT ( ) SI_UNIT ( $, .RADIAN. ) );
#7230 =( NAMED_UNIT ( * ) PLANE_ANGLE_UNIT ( ) SI_UNIT ( $, .RADIAN. ) );
#7231 = FACE_OUTER_BOUND ( 'NONE', #9618, .T. ) ;
#7232 = COLOUR_RGB ( '',1.000000000000000000, 1.000000000000000000, 1.000000000000000000 ) ;
#7233 =( GEOMETRIC_REPRESENTATION_CONTEXT ( 3 ) GLOBAL_UNCERTAINTY_ASSIGNED_CONTEXT ( ( #6827 ) ) GLOBAL_UNIT_ASSIGNED_CONTEXT ( ( #9534, #9839, #2081 ) ) REPRESENTATION_CONTEXT ( 'NONE', 'WORKASPACE' ) );
#7234 = EDGE_CURVE ( 'NONE', #3147, #4253, #3132, .T. ) ;
#7235 = SURFACE_STYLE_FILL_AREA ( #340 ) ;
#7236 = FACE_OUTER_BOUND ( 'NONE', #5776, .T. ) ;
#7237 = EDGE_LOOP ( 'NONE', ( #1727, #1037, #5733, #5394 ) ) ;
#7238 = FILL_AREA_STYLE ('',( #7704 ) ) ;
#7239 = FILL_AREA_STYLE ('',( #7401 ) ) ;
#7240 = ADVANCED_FACE ( 'NONE', ( #7523 ), #4347, .T. ) ;
#7241 =( LENGTH_UNIT ( ) NAMED_UNIT ( * ) SI_UNIT ( .MILLI., .METRE. ) );
#7242 = ORIENTED_EDGE ( 'NONE', *, *, #10293, .F. ) ;
#7243 = CARTESIAN_POINT ( 'NONE',  ( -5.170000000000001700, -3.835000000000000400, -1.125000000000000700 ) ) ;
#7244 = VECTOR ( 'NONE', #8450, 1000.000000000000000 ) ;
#7245 = DIRECTION ( 'NONE',  ( -1.927470528863119300E-016, 5.952404271712227000E-017, 1.000000000000000000 ) ) ;
#7246 = PRESENTATION_STYLE_ASSIGNMENT (( #8558 ) ) ;
#7247 = CYLINDRICAL_SURFACE ( 'NONE', #8934, 0.1799999999999996000 ) ;
#7248 = VECTOR ( 'NONE', #9184, 1000.000000000000000 ) ;
#7249 = ORIENTED_EDGE ( 'NONE', *, *, #4096, .T. ) ;
#7250 = CARTESIAN_POINT ( 'NONE',  ( 5.120000000000003700, -3.815000000000000400, -3.650000000000001700 ) ) ;
#7251 = PLANE ( 'NONE',  #2767 ) ;
#7252 = DIRECTION ( 'NONE',  ( 1.000000000000000000, 1.426581805901979400E-016, 1.927470528863119300E-016 ) ) ;
#7253 = CARTESIAN_POINT ( 'NONE',  ( -4.025000000000001200, -0.1250000000000045800, 0.8749999999999994400 ) ) ;
#7254 = CARTESIAN_POINT ( 'NONE',  ( -3.350000000000001400, -4.014999999999999700, -3.850000000000000500 ) ) ;
#7255 = ORIENTED_EDGE ( 'NONE', *, *, #5377, .F. ) ;
#7256 = SURFACE_STYLE_FILL_AREA ( #2209 ) ;
#7257 = UNCERTAINTY_MEASURE_WITH_UNIT (LENGTH_MEASURE( 1.000000000000000100E-005 ), #5134, 'distance_accuracy_value', 'NONE');
#7258 = DIRECTION ( 'NONE',  ( -1.426581805901975000E-016, -1.000000000000000000, -3.348823158252935900E-015 ) ) ;
#7259 = ORIENTED_EDGE ( 'NONE', *, *, #11192, .F. ) ;
#7260 = DIRECTION ( 'NONE',  ( 1.426581805901979600E-016, 1.000000000000000000, 1.426581805901979900E-016 ) ) ;
#7261 = SURFACE_STYLE_FILL_AREA ( #9897 ) ;
#7262 = ORIENTED_EDGE ( 'NONE', *, *, #2241, .F. ) ;
#7263 = EDGE_CURVE ( 'NONE', #5470, #3626, #9071, .T. ) ;
#7264 = EDGE_CURVE ( 'NONE', #6098, #2553, #6684, .T. ) ;
#7266 = AXIS2_PLACEMENT_3D ( 'NONE', #9888, #7202, #10807 ) ;
#7265 = VECTOR ( 'NONE', #10645, 1000.000000000000000 ) ;
#7267 = DIRECTION ( 'NONE',  ( -2.409338161078898700E-016, 1.426581805901980400E-016, -1.000000000000000000 ) ) ;
#7268 = PRESENTATION_LAYER_ASSIGNMENT (  '', '', ( #7453 ) ) ;
#7269 = CIRCLE ( 'NONE', #2149, 0.1250000000000001100 ) ;
#7270 = DIRECTION ( 'NONE',  ( -1.000000000000000000, 1.426581805901979600E-016, 0.0000000000000000000 ) ) ;
#7271 = DIRECTION ( 'NONE',  ( 2.014244061477911900E-016, 3.348823158252935100E-015, -1.000000000000000000 ) ) ;
#7272 = DIRECTION ( 'NONE',  ( 1.000000000000000000, 0.0000000000000000000, 0.0000000000000000000 ) ) ;
#7273 = CARTESIAN_POINT ( 'NONE',  ( 4.725000000000003200, -3.765000000000000600, -1.125000000000000900 ) ) ;
#7274 = SURFACE_STYLE_FILL_AREA ( #730 ) ;
#7275 = VECTOR ( 'NONE', #2340, 1000.000000000000000 ) ;
#7276 = CARTESIAN_POINT ( 'NONE',  ( 4.750000000000001800, 0.0000000000000000000, -1.800000000000000300 ) ) ;
#7277 = SURFACE_STYLE_USAGE ( .BOTH. , #1082 ) ;
#7278 = DIRECTION ( 'NONE',  ( -1.000000000000000000, -1.426581805901979400E-016, -1.927470528863119300E-016 ) ) ;
#7279 = ORIENTED_EDGE ( 'NONE', *, *, #9945, .F. ) ;
#7280 = DIRECTION ( 'NONE',  ( -2.209081482755457800E-016, -1.426581805901979600E-016, 1.000000000000000000 ) ) ;
#7282 = PRESENTATION_STYLE_ASSIGNMENT (( #8195 ) ) ;
#7281 = UNCERTAINTY_MEASURE_WITH_UNIT (LENGTH_MEASURE( 1.000000000000000100E-005 ), #6765, 'distance_accuracy_value', 'NONE');
#7283 = ORIENTED_EDGE ( 'NONE', *, *, #4251, .F. ) ;
#7284 = CIRCLE ( 'NONE', #6138, 0.05000000000000002400 ) ;
#7285 = ORIENTED_EDGE ( 'NONE', *, *, #9137, .F. ) ;
#7286 = FILL_AREA_STYLE ('',( #8719 ) ) ;
#7287 = MECHANICAL_DESIGN_GEOMETRIC_PRESENTATION_REPRESENTATION (  '', ( #6021 ), #11180 ) ;
#7288 = ADVANCED_FACE ( 'NONE', ( #8771 ), #463, .F. ) ;
#7289 = PRESENTATION_STYLE_ASSIGNMENT (( #4889 ) ) ;
#7290 = VECTOR ( 'NONE', #6309, 1000.000000000000000 ) ;
#7291 = DIRECTION ( 'NONE',  ( -1.426581805901979600E-016, 1.000000000000000000, 1.426581805901979400E-016 ) ) ;
#7292 = DIRECTION ( 'NONE',  ( -9.827563551769195500E-017, -1.000000000000000000, -1.426581805901979400E-016 ) ) ;
#7293 = CARTESIAN_POINT ( 'NONE',  ( 5.350000000000002300, -3.835000000000000400, 3.650000000000000800 ) ) ;
#7294 = DIRECTION ( 'NONE',  ( 1.426581805901979600E-016, 1.000000000000000000, 1.426581805901979900E-016 ) ) ;
#7295 = VERTEX_POINT ( 'NONE', #10093 ) ;
#7296 = VERTEX_POINT ( 'NONE', #6348 ) ;
#7297 = VERTEX_POINT ( 'NONE', #6274 ) ;
#7298 =( NAMED_UNIT ( * ) SI_UNIT ( $, .STERADIAN. ) SOLID_ANGLE_UNIT ( ) );
#7299 = CARTESIAN_POINT ( 'NONE',  ( -5.100000000000002300, -1.870000000000000600, -1.125000000000000700 ) ) ;
#7300 = VERTEX_POINT ( 'NONE', #1295 ) ;
#7301 = ADVANCED_FACE ( 'NONE', ( #10060 ), #4518, .F. ) ;
#7302 =( GEOMETRIC_REPRESENTATION_CONTEXT ( 3 ) GLOBAL_UNCERTAINTY_ASSIGNED_CONTEXT ( ( #8083 ) ) GLOBAL_UNIT_ASSIGNED_CONTEXT ( ( #9140, #833, #5441 ) ) REPRESENTATION_CONTEXT ( 'NONE', 'WORKASPACE' ) );
#7303 = MECHANICAL_DESIGN_GEOMETRIC_PRESENTATION_REPRESENTATION (  '', ( #8111 ), #6706 ) ;
#7304 = STYLED_ITEM ( 'NONE', ( #7757 ), #10246 ) ;
#7305 = PRESENTATION_STYLE_ASSIGNMENT (( #6096 ) ) ;
#7306 = DIRECTION ( 'NONE',  ( -1.000000000000000000, 1.426581805901979900E-016, -1.927470528863118800E-016 ) ) ;
#7307 = VECTOR ( 'NONE', #71, 1000.000000000000000 ) ;
#7308 = EDGE_CURVE ( 'NONE', #10812, #736, #4746, .T. ) ;
#7309 = EDGE_CURVE ( 'NONE', #2481, #6619, #850, .T. ) ;
#7310 =( LENGTH_UNIT ( ) NAMED_UNIT ( * ) SI_UNIT ( .MILLI., .METRE. ) );
#7311 =( LENGTH_UNIT ( ) NAMED_UNIT ( * ) SI_UNIT ( .MILLI., .METRE. ) );
#7312 = VERTEX_POINT ( 'NONE', #4744 ) ;
#7313 = DIRECTION ( 'NONE',  ( -1.000000000000000000, 3.657902066415302200E-018, -1.927470528863119000E-016 ) ) ;
#7314 = FACE_OUTER_BOUND ( 'NONE', #9027, .T. ) ;
#7315 = SURFACE_STYLE_USAGE ( .BOTH. , #5469 ) ;
#7316 = AXIS2_PLACEMENT_3D ( 'NONE', #3169, #9366, #4039 ) ;
#7317 = CARTESIAN_POINT ( 'NONE',  ( 5.275000000000003000, -0.4249999999999984300, -0.7499999999999978900 ) ) ;
#7318 = CARTESIAN_POINT ( 'NONE',  ( 2.950000000000002800, -3.865000000000000200, 3.900000000000000400 ) ) ;
#7319 = EDGE_CURVE ( 'NONE', #5691, #8065, #2437, .T. ) ;
#7320 = CARTESIAN_POINT ( 'NONE',  ( -5.150000000000002100, -0.9779237844940872300, -4.589027595269382900 ) ) ;
#7321 = DIRECTION ( 'NONE',  ( -1.000000000000000000, -1.426581805901979600E-016, -7.553600721220334700E-017 ) ) ;
#7322 = PLANE ( 'NONE',  #6053 ) ;
#7323 = VECTOR ( 'NONE', #944, 1000.000000000000000 ) ;
#7324 = ORIENTED_EDGE ( 'NONE', *, *, #10052, .F. ) ;
#7325 = SURFACE_STYLE_USAGE ( .BOTH. , #7405 ) ;
#7326 = VECTOR ( 'NONE', #276, 1000.000000000000000 ) ;
#7327 = CARTESIAN_POINT ( 'NONE',  ( 4.725000000000003200, -3.815000000000000800, -1.125000000000000900 ) ) ;
#7328 = DIRECTION ( 'NONE',  ( -0.3417430630867060400, 0.0000000000000000000, -0.9397934234884364200 ) ) ;
#7329 = ORIENTED_EDGE ( 'NONE', *, *, #633, .F. ) ;
#7330 = CARTESIAN_POINT ( 'NONE',  ( 5.400000000000003000, -3.539999999999998700, -0.7499999999999980000 ) ) ;
#7331 = DIRECTION ( 'NONE',  ( -1.426581805901975000E-016, -1.000000000000000000, -3.348823158252935900E-015 ) ) ;
#7333 = FILL_AREA_STYLE_COLOUR ( '', #10617 ) ;
#7332 = LINE ( 'NONE', #1433, #7049 ) ;
#7334 = DIRECTION ( 'NONE',  ( 0.0000000000000000000, 0.0000000000000000000, -1.000000000000000000 ) ) ;
#7335 = ORIENTED_EDGE ( 'NONE', *, *, #7398, .F. ) ;
#7336 = ORIENTED_EDGE ( 'NONE', *, *, #11392, .T. ) ;
#7337 = VECTOR ( 'NONE', #1641, 1000.000000000000000 ) ;
#7338 = CARTESIAN_POINT ( 'NONE',  ( 4.975000000000001400, 1.490777987167568600E-015, 0.7500000000000021100 ) ) ;
#7339 = EDGE_CURVE ( 'NONE', #2142, #57, #7087, .T. ) ;
#7340 =( NAMED_UNIT ( * ) PLANE_ANGLE_UNIT ( ) SI_UNIT ( $, .RADIAN. ) );
#7341 = STYLED_ITEM ( 'NONE', ( #9802 ), #2742 ) ;
#7342 = EDGE_CURVE ( 'NONE', #8357, #10483, #9208, .T. ) ;
#7343 =( NAMED_UNIT ( * ) SI_UNIT ( $, .STERADIAN. ) SOLID_ANGLE_UNIT ( ) );
#7344 = LINE ( 'NONE', #4777, #547 ) ;
#7345 = DIRECTION ( 'NONE',  ( -1.000000000000000000, -3.526005099788157400E-016, 2.409338161078893300E-017 ) ) ;
#7346 = ADVANCED_FACE ( 'NONE', ( #4206 ), #975, .T. ) ;
#7347 = AXIS2_PLACEMENT_3D ( 'NONE', #9798, #9896, #9723 ) ;
#7348 = CARTESIAN_POINT ( 'NONE',  ( 4.449999999999998400, 1.985000000000000300, 4.199999999999998400 ) ) ;
#7349 = COLOUR_RGB ( '',0.5019607843137254800, 0.5019607843137254800, 0.5019607843137254800 ) ;
#7350 = VECTOR ( 'NONE', #6903, 1000.000000000000000 ) ;
#7351 = SURFACE_SIDE_STYLE ('',( #6031 ) ) ;
#7352 = VERTEX_POINT ( 'NONE', #10091 ) ;
#7353 = DIRECTION ( 'NONE',  ( -2.603210995399517100E-016, -0.6887494619146930000, -0.7249994335944138800 ) ) ;
#7354 = STYLED_ITEM ( 'NONE', ( #10058 ), #9295 ) ;
#7355 = DIRECTION ( 'NONE',  ( 0.0000000000000000000, -1.000000000000000000, 0.0000000000000000000 ) ) ;
#7356 = ORIENTED_EDGE ( 'NONE', *, *, #7308, .T. ) ;
#7357 = ADVANCED_FACE ( 'NONE', ( #5714 ), #9352, .T. ) ;
#7358 = PRESENTATION_STYLE_ASSIGNMENT (( #1501 ) ) ;
#7359 = CARTESIAN_POINT ( 'NONE',  ( -4.450000000000001100, 0.0000000000000000000, 4.200000000000000200 ) ) ;
#7360 = AXIS2_PLACEMENT_3D ( 'NONE', #9677, #7875, #164 ) ;
#7361 = CARTESIAN_POINT ( 'NONE',  ( 5.123503671507456200, -0.2000000000000013200, 2.350000000000001000 ) ) ;
#7362 = COLOUR_RGB ( '',1.000000000000000000, 1.000000000000000000, 1.000000000000000000 ) ;
#7363 = LINE ( 'NONE', #1215, #277 ) ;
#7364 = FILL_AREA_STYLE ('',( #6460 ) ) ;
#7365 = SURFACE_SIDE_STYLE ('',( #4924 ) ) ;
#7366 =( NAMED_UNIT ( * ) PLANE_ANGLE_UNIT ( ) SI_UNIT ( $, .RADIAN. ) );
#7367 = ORIENTED_EDGE ( 'NONE', *, *, #10763, .F. ) ;
#7368 = FILL_AREA_STYLE_COLOUR ( '', #6733 ) ;
#7369 = CARTESIAN_POINT ( 'NONE',  ( -5.350000000000001400, -3.835000000000000400, -1.125000000000002000 ) ) ;
#7370 = ORIENTED_EDGE ( 'NONE', *, *, #2147, .F. ) ;
#7371 = CARTESIAN_POINT ( 'NONE',  ( 4.590000000000002500, -1.268231225446859800E-015, 3.050000000000000300 ) ) ;
#7372 = ORIENTED_EDGE ( 'NONE', *, *, #8582, .T. ) ;
#7373 =( GEOMETRIC_REPRESENTATION_CONTEXT ( 3 ) GLOBAL_UNCERTAINTY_ASSIGNED_CONTEXT ( ( #8501 ) ) GLOBAL_UNIT_ASSIGNED_CONTEXT ( ( #5373, #5407, #6390 ) ) REPRESENTATION_CONTEXT ( 'NONE', 'WORKASPACE' ) );
#7375 = STYLED_ITEM ( 'NONE', ( #6120 ), #3900 ) ;
#7374 = STYLED_ITEM ( 'NONE', ( #11111 ), #9952 ) ;
#7376 = CARTESIAN_POINT ( 'NONE',  ( -5.275000000000003000, -3.540000000000001400, 0.7499999999999880100 ) ) ;
#7377 = CARTESIAN_POINT ( 'NONE',  ( 3.350000000000003600, -3.714999999999999400, 0.8749999999999987800 ) ) ;
#7378 = CARTESIAN_POINT ( 'NONE',  ( -4.450000000000000200, 1.985000000000000300, 4.199999999999999300 ) ) ;
#7379 = FACE_OUTER_BOUND ( 'NONE', #2603, .T. ) ;
#7380 = CYLINDRICAL_SURFACE ( 'NONE', #10173, 0.1249999999999996800 ) ;
#7381 =( LENGTH_UNIT ( ) NAMED_UNIT ( * ) SI_UNIT ( .MILLI., .METRE. ) );
#7382 = ORIENTED_EDGE ( 'NONE', *, *, #904, .F. ) ;
#7383 = AXIS2_PLACEMENT_3D ( 'NONE', #10284, #4523, #372 ) ;
#7384 = EDGE_CURVE ( 'NONE', #526, #7474, #2559, .T. ) ;
#7385 = CARTESIAN_POINT ( 'NONE',  ( 2.950000000000002800, -3.365000000000000700, -1.799999999999999600 ) ) ;
#7386 = DIRECTION ( 'NONE',  ( 0.3399228840219241100, 0.0000000000000000000, -0.9404533124606545600 ) ) ;
#7387 = PLANE ( 'NONE',  #4955 ) ;
#7388 = ORIENTED_EDGE ( 'NONE', *, *, #2420, .T. ) ;
#7389 = PRESENTATION_STYLE_ASSIGNMENT (( #10914 ) ) ;
#7390 = CIRCLE ( 'NONE', #841, 0.1250000000000000000 ) ;
#7391 = LINE ( 'NONE', #4847, #589 ) ;
#7392 = ORIENTED_EDGE ( 'NONE', *, *, #10088, .T. ) ;
#7393 = ORIENTED_EDGE ( 'NONE', *, *, #2095, .F. ) ;
#7394 = MECHANICAL_DESIGN_GEOMETRIC_PRESENTATION_REPRESENTATION (  '', ( #6181 ), #7972 ) ;
#7395 =( GEOMETRIC_REPRESENTATION_CONTEXT ( 3 ) GLOBAL_UNCERTAINTY_ASSIGNED_CONTEXT ( ( #3731 ) ) GLOBAL_UNIT_ASSIGNED_CONTEXT ( ( #4308, #10524, #5171 ) ) REPRESENTATION_CONTEXT ( 'NONE', 'WORKASPACE' ) );
#7396 = PLANE ( 'NONE',  #1986 ) ;
#7397 = ORIENTED_EDGE ( 'NONE', *, *, #7832, .T. ) ;
#7398 = EDGE_CURVE ( 'NONE', #5787, #1884, #7218, .T. ) ;
#7399 = EDGE_CURVE ( 'NONE', #9527, #7406, #127, .T. ) ;
#7400 = FACE_BOUND ( 'NONE', #10470, .T. ) ;
#7401 = FILL_AREA_STYLE_COLOUR ( '', #4193 ) ;
#7402 = EDGE_LOOP ( 'NONE', ( #6440, #3743, #4432, #1213, #6516, #10480, #11000, #3697, #3752, #4528, #7925, #7465, #1723, #5901 ) ) ;
#7403 = FILL_AREA_STYLE_COLOUR ( '', #8798 ) ;
#7404 =( NAMED_UNIT ( * ) SI_UNIT ( $, .STERADIAN. ) SOLID_ANGLE_UNIT ( ) );
#7405 = SURFACE_SIDE_STYLE ('',( #5958 ) ) ;
#7406 = VERTEX_POINT ( 'NONE', #5542 ) ;
#7407 = AXIS2_PLACEMENT_3D ( 'NONE', #291, #266, #254 ) ;
#7408 = DIRECTION ( 'NONE',  ( 0.0000000000000000000, -0.0000000000000000000, -1.000000000000000000 ) ) ;
#7409 = PLANE ( 'NONE',  #9717 ) ;
#7410 = SURFACE_SIDE_STYLE ('',( #3875 ) ) ;
#7411 = ADVANCED_FACE ( 'NONE', ( #9061 ), #3923, .F. ) ;
#7412 = EDGE_CURVE ( 'NONE', #5691, #5974, #8200, .T. ) ;
#7413 = EDGE_LOOP ( 'NONE', ( #2197, #5548, #8639, #11229 ) ) ;
#7414 = PRESENTATION_LAYER_ASSIGNMENT (  '', '', ( #8000 ) ) ;
#7415 = CARTESIAN_POINT ( 'NONE',  ( 5.150000000000003000, -0.2000000000000015400, 3.850000000000000500 ) ) ;
#7416 =( NAMED_UNIT ( * ) PLANE_ANGLE_UNIT ( ) SI_UNIT ( $, .RADIAN. ) );
#7417 = DIRECTION ( 'NONE',  ( -1.426581805901979600E-016, -1.000000000000000000, -1.426581805901979900E-016 ) ) ;
#7418 = DIRECTION ( 'NONE',  ( -2.409338161078898200E-017, 1.426581805901979400E-016, -1.000000000000000000 ) ) ;
#7419 = VECTOR ( 'NONE', #5577, 1000.000000000000000 ) ;
#7420 = CARTESIAN_POINT ( 'NONE',  ( 4.725000000000002300, -1.016201773070843900E-015, -0.9250000000000013800 ) ) ;
#7421 = ADVANCED_FACE ( 'NONE', ( #3514 ), #1089, .F. ) ;
#7422 = VECTOR ( 'NONE', #8761, 1000.000000000000000 ) ;
#7423 = ORIENTED_EDGE ( 'NONE', *, *, #6715, .F. ) ;
#7424 = FACE_OUTER_BOUND ( 'NONE', #9629, .T. ) ;
#7425 = EDGE_CURVE ( 'NONE', #8053, #4406, #4997, .T. ) ;
#7426 = FILL_AREA_STYLE ('',( #10145 ) ) ;
#7427 = LINE ( 'NONE', #8181, #2755 ) ;
#7428 = ORIENTED_EDGE ( 'NONE', *, *, #11124, .F. ) ;
#7429 = SURFACE_SIDE_STYLE ('',( #5953 ) ) ;
#7430 = FACE_OUTER_BOUND ( 'NONE', #607, .T. ) ;
#7431 = FACE_OUTER_BOUND ( 'NONE', #7853, .T. ) ;
#7432 = LINE ( 'NONE', #1734, #346 ) ;
#7433 = AXIS2_PLACEMENT_3D ( 'NONE', #118, #190, #210 ) ;
#7434 = EDGE_LOOP ( 'NONE', ( #6296, #8685, #8086, #418 ) ) ;
#7435 = EDGE_LOOP ( 'NONE', ( #172, #9971, #2908, #5857 ) ) ;
#7436 = CIRCLE ( 'NONE', #8079, 0.4250000000000008800 ) ;
#7437 = ORIENTED_EDGE ( 'NONE', *, *, #8717, .T. ) ;
#7438 = SURFACE_SIDE_STYLE ('',( #4680 ) ) ;
#7439 = PRESENTATION_LAYER_ASSIGNMENT (  '', '', ( #7375 ) ) ;
#7440 = ORIENTED_EDGE ( 'NONE', *, *, #3939, .T. ) ;
#7441 = CARTESIAN_POINT ( 'NONE',  ( 3.350000000000003600, -4.607859233063392900E-016, -3.850000000000000100 ) ) ;
#7442 = SURFACE_SIDE_STYLE ('',( #9607 ) ) ;
#7443 = LINE ( 'NONE', #2917, #5073 ) ;
#7444 = MECHANICAL_DESIGN_GEOMETRIC_PRESENTATION_REPRESENTATION (  '', ( #7511 ), #7302 ) ;
#7445 = VECTOR ( 'NONE', #3005, 1000.000000000000000 ) ;
#7446 = DIRECTION ( 'NONE',  ( 0.0000000000000000000, 0.0000000000000000000, -1.000000000000000000 ) ) ;
#7447 = FILL_AREA_STYLE ('',( #7482 ) ) ;
#7448 = ORIENTED_EDGE ( 'NONE', *, *, #4701, .T. ) ;
#7449 = DIRECTION ( 'NONE',  ( 3.526005099788157400E-016, -1.000000000000000000, -5.814184788688304800E-032 ) ) ;
#7450 = AXIS2_PLACEMENT_3D ( 'NONE', #9850, #4170, #6180 ) ;
#7451 = UNCERTAINTY_MEASURE_WITH_UNIT (LENGTH_MEASURE( 1.000000000000000100E-005 ), #11300, 'distance_accuracy_value', 'NONE');
#7452 =( NAMED_UNIT ( * ) PLANE_ANGLE_UNIT ( ) SI_UNIT ( $, .RADIAN. ) );
#7453 = STYLED_ITEM ( 'NONE', ( #8538 ), #1672 ) ;
#7454 = VERTEX_POINT ( 'NONE', #3006 ) ;
#7455 = PRESENTATION_STYLE_ASSIGNMENT (( #8831 ) ) ;
#7456 =( LENGTH_UNIT ( ) NAMED_UNIT ( * ) SI_UNIT ( .MILLI., .METRE. ) );
#7457 = SURFACE_STYLE_FILL_AREA ( #5001 ) ;
#7458 = DIRECTION ( 'NONE',  ( 0.0000000000000000000, 0.3399228840219225600, -0.9404533124606551100 ) ) ;
#7459 =( LENGTH_UNIT ( ) NAMED_UNIT ( * ) SI_UNIT ( .MILLI., .METRE. ) );
#7460 = PRESENTATION_LAYER_ASSIGNMENT (  '', '', ( #7511 ) ) ;
#7461 = AXIS2_PLACEMENT_3D ( 'NONE', #8870, #8966, #8157 ) ;
#7463 =( GEOMETRIC_REPRESENTATION_CONTEXT ( 3 ) GLOBAL_UNCERTAINTY_ASSIGNED_CONTEXT ( ( #11099 ) ) GLOBAL_UNIT_ASSIGNED_CONTEXT ( ( #10288, #10326, #11387 ) ) REPRESENTATION_CONTEXT ( 'NONE', 'WORKASPACE' ) );
#7462 = PRESENTATION_LAYER_ASSIGNMENT (  '', '', ( #6854 ) ) ;
#7464 = CIRCLE ( 'NONE', #6034, 0.2999999999999999300 ) ;
#7465 = ORIENTED_EDGE ( 'NONE', *, *, #301, .T. ) ;
#7466 = EDGE_CURVE ( 'NONE', #10310, #9066, #9488, .T. ) ;
#7467 = EDGE_CURVE ( 'NONE', #11512, #3176, #7363, .T. ) ;
#7468 = FILL_AREA_STYLE_COLOUR ( '', #2709 ) ;
#7469 = CARTESIAN_POINT ( 'NONE',  ( 5.170000000000002600, -4.015000000000001500, 3.650000000000000800 ) ) ;
#7470 = CARTESIAN_POINT ( 'NONE',  ( -5.400000000000002100, -0.4249999999999959400, -0.7500000000000016700 ) ) ;
#7471 = ADVANCED_FACE ( 'NONE', ( #11542 ), #7251, .F. ) ;
#7472 = DIRECTION ( 'NONE',  ( 0.3233808333817789200, 0.3233808333817768100, 0.8892972917998871500 ) ) ;
#7473 =( GEOMETRIC_REPRESENTATION_CONTEXT ( 3 ) GLOBAL_UNCERTAINTY_ASSIGNED_CONTEXT ( ( #5371 ) ) GLOBAL_UNIT_ASSIGNED_CONTEXT ( ( #9561, #9490, #9415 ) ) REPRESENTATION_CONTEXT ( 'NONE', 'WORKASPACE' ) );
#7474 = VERTEX_POINT ( 'NONE', #10850 ) ;
#7475 =( LENGTH_UNIT ( ) NAMED_UNIT ( * ) SI_UNIT ( .MILLI., .METRE. ) );
#7476 = MECHANICAL_DESIGN_GEOMETRIC_PRESENTATION_REPRESENTATION (  '', ( #5693 ), #8066 ) ;
#7477 = FACE_OUTER_BOUND ( 'NONE', #7040, .T. ) ;
#7478 = CARTESIAN_POINT ( 'NONE',  ( 5.249999999999999100, 0.0000000000000000000, -3.899999999999999900 ) ) ;
#7479 = EDGE_CURVE ( 'NONE', #4108, #354, #1565, .T. ) ;
#7480 = CARTESIAN_POINT ( 'NONE',  ( -2.950000000000002800, -3.865000000000000200, 3.900000000000000400 ) ) ;
#7481 = CARTESIAN_POINT ( 'NONE',  ( -5.350000000000004100, -0.2000000000000013700, 2.250000000000000900 ) ) ;
#7482 = FILL_AREA_STYLE_COLOUR ( '', #10703 ) ;
#7483 = CARTESIAN_POINT ( 'NONE',  ( -4.750000000000001800, -3.865000000000000200, 1.799999999999999800 ) ) ;
#7484 = EDGE_LOOP ( 'NONE', ( #9125, #11485, #7968, #2861 ) ) ;
#7485 = SURFACE_STYLE_FILL_AREA ( #5758 ) ;
#7486 = VECTOR ( 'NONE', #7006, 1000.000000000000000 ) ;
#7487 = DIRECTION ( 'NONE',  ( 1.426581805901975000E-016, -1.000000000000000000, -2.140309255008997200E-017 ) ) ;
#7488 = CARTESIAN_POINT ( 'NONE',  ( 5.250000000000001800, 0.0000000000000000000, 3.899999999999999900 ) ) ;
#7489 =( NAMED_UNIT ( * ) PLANE_ANGLE_UNIT ( ) SI_UNIT ( $, .RADIAN. ) );
#7490 = CARTESIAN_POINT ( 'NONE',  ( 5.150000000000003000, -0.2300000000000004500, -3.850000000000000500 ) ) ;
#7491 = COLOUR_RGB ( '',0.9098039215686274400, 0.4431372549019607600, 0.03137254901960784300 ) ;
#7492 = DIRECTION ( 'NONE',  ( -1.426581805901980400E-016, 1.000000000000000000, 5.040589047520318800E-016 ) ) ;
#7493 = CARTESIAN_POINT ( 'NONE',  ( 5.150000000000003900, -3.815000000000000400, -0.9250000000000009300 ) ) ;
#7494 = EDGE_CURVE ( 'NONE', #1769, #5431, #10714, .T. ) ;
#7495 = SURFACE_STYLE_USAGE ( .BOTH. , #8218 ) ;
#7496 = ORIENTED_EDGE ( 'NONE', *, *, #1505, .F. ) ;
#7497 = MECHANICAL_DESIGN_GEOMETRIC_PRESENTATION_REPRESENTATION (  '', ( #4236 ), #359 ) ;
#7498 = VECTOR ( 'NONE', #9799, 1000.000000000000000 ) ;
#7499 = STYLED_ITEM ( 'NONE', ( #2085 ), #8441 ) ;
#7500 = CARTESIAN_POINT ( 'NONE',  ( -5.150000000000003900, -3.785000000000000600, 0.9249999999999993800 ) ) ;
#7501 = COLOUR_RGB ( '',1.000000000000000000, 1.000000000000000000, 1.000000000000000000 ) ;
#7502 = VECTOR ( 'NONE', #6004, 1000.000000000000000 ) ;
#7503 = EDGE_LOOP ( 'NONE', ( #10801, #10494, #4233, #2286, #9772, #820, #9671, #117 ) ) ;
#7504 = CARTESIAN_POINT ( 'NONE',  ( -5.050000000000002500, -3.390000000000000100, -0.8750000000000001100 ) ) ;
#7505 = ORIENTED_EDGE ( 'NONE', *, *, #7898, .F. ) ;
#7506 = CARTESIAN_POINT ( 'NONE',  ( 5.249999999999998200, 1.985000000000000300, 4.999999999999998200 ) ) ;
#7507 = CARTESIAN_POINT ( 'NONE',  ( -3.350000000000003200, -3.765000000000000100, 1.125000000000000000 ) ) ;
#7508 = CARTESIAN_POINT ( 'NONE',  ( 5.100000000000004100, -3.390000000000000100, 1.175000000000000000 ) ) ;
#7509 = PRESENTATION_STYLE_ASSIGNMENT (( #10951 ) ) ;
#7510 = COLOUR_RGB ( '',1.000000000000000000, 1.000000000000000000, 1.000000000000000000 ) ;
#7511 = STYLED_ITEM ( 'NONE', ( #987 ), #4642 ) ;
#7512 =( NAMED_UNIT ( * ) PLANE_ANGLE_UNIT ( ) SI_UNIT ( $, .RADIAN. ) );
#7513 = ORIENTED_EDGE ( 'NONE', *, *, #7342, .F. ) ;
#7514 = AXIS2_PLACEMENT_3D ( 'NONE', #7064, #1793, #7953 ) ;
#7515 = VERTEX_POINT ( 'NONE', #9477 ) ;
#7516 = FILL_AREA_STYLE_COLOUR ( '', #7003 ) ;
#7517 =( GEOMETRIC_REPRESENTATION_CONTEXT ( 3 ) GLOBAL_UNCERTAINTY_ASSIGNED_CONTEXT ( ( #10768 ) ) GLOBAL_UNIT_ASSIGNED_CONTEXT ( ( #7459, #66, #5830 ) ) REPRESENTATION_CONTEXT ( 'NONE', 'WORKASPACE' ) );
#7518 = VERTEX_POINT ( 'NONE', #10405 ) ;
#7519 = SURFACE_STYLE_USAGE ( .BOTH. , #1319 ) ;
#7520 = LINE ( 'NONE', #3826, #5144 ) ;
#7521 = CIRCLE ( 'NONE', #8578, 0.1799999999999999900 ) ;
#7522 = DIRECTION ( 'NONE',  ( -1.426581805901978900E-016, -1.000000000000000000, -5.040589047520329600E-016 ) ) ;
#7523 = FACE_OUTER_BOUND ( 'NONE', #4262, .T. ) ;
#7524 = CARTESIAN_POINT ( 'NONE',  ( -4.725000000000002300, -3.515000000000000600, 1.125000000000000000 ) ) ;
#7525 = ORIENTED_EDGE ( 'NONE', *, *, #795, .T. ) ;
#7526 = ORIENTED_EDGE ( 'NONE', *, *, #9964, .F. ) ;
#7527 = SURFACE_STYLE_USAGE ( .BOTH. , #10168 ) ;
#7528 = ADVANCED_FACE ( 'NONE', ( #3938 ), #8782, .F. ) ;
#7529 = STYLED_ITEM ( 'NONE', ( #3448 ), #5669 ) ;
#7530 = AXIS2_PLACEMENT_3D ( 'NONE', #683, #654, #573 ) ;
#7531 = STYLED_ITEM ( 'NONE', ( #3866 ), #6111 ) ;
#7532 = PRESENTATION_LAYER_ASSIGNMENT (  '', '', ( #8111 ) ) ;
#7533 = AXIS2_PLACEMENT_3D ( 'NONE', #4469, #8020, #2762 ) ;
#7534 = CARTESIAN_POINT ( 'NONE',  ( 4.750000000000001800, -3.865000000000000200, -1.800000000000000300 ) ) ;
#7535 = VERTEX_POINT ( 'NONE', #11319 ) ;
#7536 =( NAMED_UNIT ( * ) SI_UNIT ( $, .STERADIAN. ) SOLID_ANGLE_UNIT ( ) );
#7537 = CARTESIAN_POINT ( 'NONE',  ( 5.150000000000003000, -0.2300000000000013100, 2.350000000000000500 ) ) ;
#7538 = CIRCLE ( 'NONE', #2960, 0.03000000000000007900 ) ;
#7539 = CARTESIAN_POINT ( 'NONE',  ( 3.350000000000003200, -3.715000000000001200, 0.9249999999999993800 ) ) ;
#7540 = COLOUR_RGB ( '',1.000000000000000000, 1.000000000000000000, 1.000000000000000000 ) ;
#7541 = EDGE_CURVE ( 'NONE', #3309, #4253, #2823, .T. ) ;
#7542 = CIRCLE ( 'NONE', #7159, 0.1250000000000000000 ) ;
#7543 =( NAMED_UNIT ( * ) PLANE_ANGLE_UNIT ( ) SI_UNIT ( $, .RADIAN. ) );
#7544 = FILL_AREA_STYLE_COLOUR ( '', #6869 ) ;
#7545 = ORIENTED_EDGE ( 'NONE', *, *, #2353, .T. ) ;
#7546 =( LENGTH_UNIT ( ) NAMED_UNIT ( * ) SI_UNIT ( .MILLI., .METRE. ) );
#7547 = DIRECTION ( 'NONE',  ( 1.000000000000000000, 1.426581805901979400E-016, 1.927470528863119300E-016 ) ) ;
#7548 = ORIENTED_EDGE ( 'NONE', *, *, #7176, .F. ) ;
#7549 = PRESENTATION_STYLE_ASSIGNMENT (( #3771 ) ) ;
#7550 = PRESENTATION_LAYER_ASSIGNMENT (  '', '', ( #6336 ) ) ;
#7551 = PRESENTATION_LAYER_ASSIGNMENT (  '', '', ( #6337 ) ) ;
#7552 = CARTESIAN_POINT ( 'NONE',  ( 5.170000000000002600, -7.503820299044412400E-016, 2.004193868745785000E-016 ) ) ;
#7553 = ORIENTED_EDGE ( 'NONE', *, *, #7467, .F. ) ;
#7554 =( NAMED_UNIT ( * ) SI_UNIT ( $, .STERADIAN. ) SOLID_ANGLE_UNIT ( ) );
#7555 = EDGE_CURVE ( 'NONE', #3016, #8357, #5124, .T. ) ;
#7556 = EDGE_CURVE ( 'NONE', #455, #8536, #415, .T. ) ;
#7557 = LINE ( 'NONE', #10593, #2875 ) ;
#7558 = ORIENTED_EDGE ( 'NONE', *, *, #10935, .F. ) ;
#7559 = CARTESIAN_POINT ( 'NONE',  ( -5.150000000000003900, -4.822864651773984200, 0.5417214191852818300 ) ) ;
#7560 = FACE_OUTER_BOUND ( 'NONE', #9494, .T. ) ;
#7561 =( NAMED_UNIT ( * ) SI_UNIT ( $, .STERADIAN. ) SOLID_ANGLE_UNIT ( ) );
#7562 = SURFACE_STYLE_FILL_AREA ( #9633 ) ;
#7563 =( LENGTH_UNIT ( ) NAMED_UNIT ( * ) SI_UNIT ( .MILLI., .METRE. ) );
#7564 = VERTEX_POINT ( 'NONE', #4295 ) ;
#7565 = COLOUR_RGB ( '',1.000000000000000000, 1.000000000000000000, 1.000000000000000000 ) ;
#7566 = AXIS2_PLACEMENT_3D ( 'NONE', #5204, #2145, #6199 ) ;
#7568 =( GEOMETRIC_REPRESENTATION_CONTEXT ( 3 ) GLOBAL_UNCERTAINTY_ASSIGNED_CONTEXT ( ( #2657 ) ) GLOBAL_UNIT_ASSIGNED_CONTEXT ( ( #9193, #3894, #10101 ) ) REPRESENTATION_CONTEXT ( 'NONE', 'WORKASPACE' ) );
#7567 = VECTOR ( 'NONE', #1403, 1000.000000000000000 ) ;
#7569 = DIRECTION ( 'NONE',  ( -1.426581805901979900E-016, 1.000000000000000000, 2.725027521453481900E-016 ) ) ;
#7570 = DIRECTION ( 'NONE',  ( 2.379972492887966100E-016, -0.6887494619146930000, -0.7249994335944138800 ) ) ;
#7571 = ORIENTED_EDGE ( 'NONE', *, *, #8275, .T. ) ;
#7572 = DIRECTION ( 'NONE',  ( -1.000000000000000000, -3.348823158252936600E-015, -2.014244061478019600E-016 ) ) ;
#7573 = VERTEX_POINT ( 'NONE', #4153 ) ;
#7574 = ORIENTED_EDGE ( 'NONE', *, *, #6209, .T. ) ;
#7575 = ORIENTED_EDGE ( 'NONE', *, *, #10490, .F. ) ;
#7576 = ORIENTED_EDGE ( 'NONE', *, *, #10432, .F. ) ;
#7577 = CARTESIAN_POINT ( 'NONE',  ( 4.590000000000003400, -0.2000000000000005400, -3.150000000000000800 ) ) ;
#7578 = MECHANICAL_DESIGN_GEOMETRIC_PRESENTATION_REPRESENTATION (  '', ( #7676 ), #7463 ) ;
#7579 = CIRCLE ( 'NONE', #8037, 0.1250000000000000000 ) ;
#7580 = COLOUR_RGB ( '',1.000000000000000000, 1.000000000000000000, 1.000000000000000000 ) ;
#7581 = SURFACE_STYLE_FILL_AREA ( #7286 ) ;
#7582 = ORIENTED_EDGE ( 'NONE', *, *, #509, .T. ) ;
#7584 = VECTOR ( 'NONE', #2164, 1000.000000000000000 ) ;
#7583 = UNCERTAINTY_MEASURE_WITH_UNIT (LENGTH_MEASURE( 1.000000000000000100E-005 ), #1885, 'distance_accuracy_value', 'NONE');
#7585 = CARTESIAN_POINT ( 'NONE',  ( -5.150000000000002100, -0.2000000000000011500, 1.124999999999999600 ) ) ;
#7587 = ORIENTED_EDGE ( 'NONE', *, *, #8963, .T. ) ;
#7586 = AXIS2_PLACEMENT_3D ( 'NONE', #8964, #1882, #980 ) ;
#7588 = ADVANCED_FACE ( 'NONE', ( #7205 ), #6093, .F. ) ;
#7589 = VERTEX_POINT ( 'NONE', #1631 ) ;
#7590 = DIRECTION ( 'NONE',  ( -1.426581805901979900E-016, -1.000000000000000000, -1.281360903504773400E-017 ) ) ;
#7591 = AXIS2_PLACEMENT_3D ( 'NONE', #5229, #3555, #9845 ) ;
#7592 = PLANE ( 'NONE',  #11534 ) ;
#7593 = FACE_OUTER_BOUND ( 'NONE', #11452, .T. ) ;
#7594 = VECTOR ( 'NONE', #10548, 1000.000000000000000 ) ;
#7595 = DIRECTION ( 'NONE',  ( -1.000000000000000000, 3.657902066415350700E-018, -4.707476099338772300E-016 ) ) ;
#7596 = UNCERTAINTY_MEASURE_WITH_UNIT (LENGTH_MEASURE( 1.000000000000000100E-005 ), #6745, 'distance_accuracy_value', 'NONE');
#7597 = CARTESIAN_POINT ( 'NONE',  ( 4.350000000000004100, -4.015000000000000600, -5.534978897810137000E-016 ) ) ;
#7598 = ORIENTED_EDGE ( 'NONE', *, *, #2352, .F. ) ;
#7599 = DIRECTION ( 'NONE',  ( -1.426581805901979100E-016, -1.000000000000000000, -3.448404038975182000E-016 ) ) ;
#7600 = AXIS2_PLACEMENT_3D ( 'NONE', #4, #11153, #3184 ) ;
#7601 = DIRECTION ( 'NONE',  ( -1.000000000000000000, 0.0000000000000000000, 0.0000000000000000000 ) ) ;
#7602 = SURFACE_STYLE_FILL_AREA ( #5370 ) ;
#7603 = EDGE_CURVE ( 'NONE', #1574, #3795, #10849, .T. ) ;
#7604 = EDGE_CURVE ( 'NONE', #2173, #8821, #4054, .T. ) ;
#7605 = DIRECTION ( 'NONE',  ( 1.927470528863118800E-016, 2.725027521453482400E-016, -1.000000000000000000 ) ) ;
#7606 =( LENGTH_UNIT ( ) NAMED_UNIT ( * ) SI_UNIT ( .MILLI., .METRE. ) );
#7607 = CARTESIAN_POINT ( 'NONE',  ( 2.950000000000002800, -3.665000000000000000, 2.629999999999999900 ) ) ;
#7608 = CIRCLE ( 'NONE', #9283, 0.4250000000000008800 ) ;
#7609 = ORIENTED_EDGE ( 'NONE', *, *, #8828, .F. ) ;
#7610 = CARTESIAN_POINT ( 'NONE',  ( 4.975000000000002300, -3.964999999999999900, -0.7499999999999982200 ) ) ;
#7611 =( NAMED_UNIT ( * ) PLANE_ANGLE_UNIT ( ) SI_UNIT ( $, .RADIAN. ) );
#7612 = AXIS2_PLACEMENT_3D ( 'NONE', #11402, #11365, #11287 ) ;
#7613 = STYLED_ITEM ( 'NONE', ( #407 ), #10821 ) ;
#7614 = SURFACE_STYLE_FILL_AREA ( #3653 ) ;
#7615 = VERTEX_POINT ( 'NONE', #706 ) ;
#7616 = UNCERTAINTY_MEASURE_WITH_UNIT (LENGTH_MEASURE( 1.000000000000000100E-005 ), #10747, 'distance_accuracy_value', 'NONE');
#7617 = DIRECTION ( 'NONE',  ( -3.526005099788157400E-016, -1.000000000000000000, -1.281360903504777500E-017 ) ) ;
#7618 = SURFACE_STYLE_FILL_AREA ( #544 ) ;
#7619 = VERTEX_POINT ( 'NONE', #593 ) ;
#7620 = CARTESIAN_POINT ( 'NONE',  ( -3.791564028866436500, -0.2000000000000005900, -3.100000000000000500 ) ) ;
#7621 = PRESENTATION_STYLE_ASSIGNMENT (( #4594 ) ) ;
#7622 = SURFACE_STYLE_FILL_AREA ( #7782 ) ;
#7623 = CARTESIAN_POINT ( 'NONE',  ( -4.390000000000002300, -4.016000000000000000, -3.100000000000001400 ) ) ;
#7624 = ORIENTED_EDGE ( 'NONE', *, *, #3614, .F. ) ;
#7625 = FILL_AREA_STYLE_COLOUR ( '', #9377 ) ;
#7626 = EDGE_CURVE ( 'NONE', #2092, #11200, #8457, .T. ) ;
#7627 =( NAMED_UNIT ( * ) SI_UNIT ( $, .STERADIAN. ) SOLID_ANGLE_UNIT ( ) );
#7628 = LINE ( 'NONE', #2944, #2961 ) ;
#7629 = SURFACE_STYLE_FILL_AREA ( #8436 ) ;
#7630 = FILL_AREA_STYLE ('',( #3656 ) ) ;
#7631 = ORIENTED_EDGE ( 'NONE', *, *, #3519, .F. ) ;
#7632 = CARTESIAN_POINT ( 'NONE',  ( -3.350000000000002300, -3.764999999999999700, -0.9250000000000004900 ) ) ;
#7633 = VERTEX_POINT ( 'NONE', #10440 ) ;
#7634 = DIRECTION ( 'NONE',  ( -1.426581805901975000E-016, 1.000000000000000000, 2.140309255008997200E-017 ) ) ;
#7635 = ADVANCED_FACE ( 'NONE', ( #3505 ), #10474, .T. ) ;
#7636 = ORIENTED_EDGE ( 'NONE', *, *, #3340, .F. ) ;
#7637 = CIRCLE ( 'NONE', #6910, 0.1999999999999999800 ) ;
#7638 = DIRECTION ( 'NONE',  ( 0.0000000000000000000, 0.0000000000000000000, -1.000000000000000000 ) ) ;
#7639 = SURFACE_STYLE_USAGE ( .BOTH. , #7796 ) ;
#7640 = CARTESIAN_POINT ( 'NONE',  ( 5.170000000000003500, -3.901152553831950400E-016, -2.350000000000001000 ) ) ;
#7641 = VECTOR ( 'NONE', #8764, 1000.000000000000000 ) ;
#7642 = VECTOR ( 'NONE', #945, 1000.000000000000000 ) ;
#7643 = UNCERTAINTY_MEASURE_WITH_UNIT (LENGTH_MEASURE( 1.000000000000000100E-005 ), #6435, 'distance_accuracy_value', 'NONE');
#7644 =( LENGTH_UNIT ( ) NAMED_UNIT ( * ) SI_UNIT ( .MILLI., .METRE. ) );
#7645 = ORIENTED_EDGE ( 'NONE', *, *, #10972, .T. ) ;
#7646 =( NAMED_UNIT ( * ) PLANE_ANGLE_UNIT ( ) SI_UNIT ( $, .RADIAN. ) );
#7647 = ORIENTED_EDGE ( 'NONE', *, *, #5605, .T. ) ;
#7648 = LINE ( 'NONE', #11006, #5163 ) ;
#7649 = SURFACE_STYLE_USAGE ( .BOTH. , #7689 ) ;
#7650 = SURFACE_STYLE_FILL_AREA ( #2329 ) ;
#7651 = DIRECTION ( 'NONE',  ( -1.000000000000000000, 0.0000000000000000000, 0.0000000000000000000 ) ) ;
#7652 = ORIENTED_EDGE ( 'NONE', *, *, #6643, .T. ) ;
#7653 =( NAMED_UNIT ( * ) PLANE_ANGLE_UNIT ( ) SI_UNIT ( $, .RADIAN. ) );
#7654 = ORIENTED_EDGE ( 'NONE', *, *, #847, .T. ) ;
#7655 = UNCERTAINTY_MEASURE_WITH_UNIT (LENGTH_MEASURE( 1.000000000000000100E-005 ), #3146, 'distance_accuracy_value', 'NONE');
#7656 = AXIS2_PLACEMENT_3D ( 'NONE', #10851, #10814, #10426 ) ;
#7657 =( NAMED_UNIT ( * ) SI_UNIT ( $, .STERADIAN. ) SOLID_ANGLE_UNIT ( ) );
#7658 = EDGE_LOOP ( 'NONE', ( #6976, #5119 ) ) ;
#7659 = FACE_OUTER_BOUND ( 'NONE', #4401, .T. ) ;
#7660 = CIRCLE ( 'NONE', #11201, 0.02999999999999964500 ) ;
#7661 = COLOUR_RGB ( '',0.5019607843137254800, 0.5019607843137254800, 0.5019607843137254800 ) ;
#7662 = ORIENTED_EDGE ( 'NONE', *, *, #174, .F. ) ;
#7663 = EDGE_CURVE ( 'NONE', #9996, #1587, #1401, .T. ) ;
#7664 = FILL_AREA_STYLE_COLOUR ( '', #9754 ) ;
#7665 = MECHANICAL_DESIGN_GEOMETRIC_PRESENTATION_REPRESENTATION (  '', ( #7884 ), #7517 ) ;
#7666 = DIRECTION ( 'NONE',  ( -1.000000000000000000, 0.0000000000000000000, 0.0000000000000000000 ) ) ;
#7667 = FILL_AREA_STYLE_COLOUR ( '', #3679 ) ;
#7668 = DIRECTION ( 'NONE',  ( 1.000000000000000000, -0.0000000000000000000, -0.0000000000000000000 ) ) ;
#7669 = LINE ( 'NONE', #608, #10075 ) ;
#7670 =( LENGTH_UNIT ( ) NAMED_UNIT ( * ) SI_UNIT ( .MILLI., .METRE. ) );
#7671 = CARTESIAN_POINT ( 'NONE',  ( 5.100000000000003200, -0.2000000000000009300, 0.8750000000000001100 ) ) ;
#7672 = ORIENTED_EDGE ( 'NONE', *, *, #6510, .T. ) ;
#7673 =( GEOMETRIC_REPRESENTATION_CONTEXT ( 3 ) GLOBAL_UNCERTAINTY_ASSIGNED_CONTEXT ( ( #4005 ) ) GLOBAL_UNIT_ASSIGNED_CONTEXT ( ( #1020, #984, #898 ) ) REPRESENTATION_CONTEXT ( 'NONE', 'WORKASPACE' ) );
#7674 = PRESENTATION_LAYER_ASSIGNMENT (  '', '', ( #6478 ) ) ;
#7676 = STYLED_ITEM ( 'NONE', ( #4877 ), #3850 ) ;
#7675 = AXIS2_PLACEMENT_3D ( 'NONE', #10581, #5230, #11465 ) ;
#7677 =( NAMED_UNIT ( * ) PLANE_ANGLE_UNIT ( ) SI_UNIT ( $, .RADIAN. ) );
#7678 = DIRECTION ( 'NONE',  ( 0.0000000000000000000, 1.000000000000000000, 0.0000000000000000000 ) ) ;
#7679 = DIRECTION ( 'NONE',  ( 0.0000000000000000000, 0.0000000000000000000, 1.000000000000000000 ) ) ;
#7680 = EDGE_CURVE ( 'NONE', #8471, #3115, #2680, .T. ) ;
#7681 = SURFACE_STYLE_FILL_AREA ( #7993 ) ;
#7682 = VERTEX_POINT ( 'NONE', #5083 ) ;
#7683 = EDGE_CURVE ( 'NONE', #8034, #2297, #264, .T. ) ;
#7684 =( LENGTH_UNIT ( ) NAMED_UNIT ( * ) SI_UNIT ( .MILLI., .METRE. ) );
#7685 = FILL_AREA_STYLE_COLOUR ( '', #486 ) ;
#7686 = UNCERTAINTY_MEASURE_WITH_UNIT (LENGTH_MEASURE( 1.000000000000000100E-005 ), #5689, 'distance_accuracy_value', 'NONE');
#7687 = SURFACE_STYLE_FILL_AREA ( #3652 ) ;
#7688 = ORIENTED_EDGE ( 'NONE', *, *, #4953, .F. ) ;
#7689 = SURFACE_SIDE_STYLE ('',( #3640 ) ) ;
#7690 = DIRECTION ( 'NONE',  ( 1.000000000000000000, 6.736636305648235200E-017, 1.927470528863119300E-016 ) ) ;
#7691 = FACE_OUTER_BOUND ( 'NONE', #7484, .T. ) ;
#7692 = DIRECTION ( 'NONE',  ( 2.409338161078898700E-016, -1.426581805901978900E-016, 1.000000000000000000 ) ) ;
#7693 = ORIENTED_EDGE ( 'NONE', *, *, #9078, .T. ) ;
#7694 = STYLED_ITEM ( 'NONE', ( #8573 ), #5240 ) ;
#7695 = ADVANCED_FACE ( 'NONE', ( #7066 ), #6217, .T. ) ;
#7696 = PRESENTATION_LAYER_ASSIGNMENT (  '', '', ( #6488 ) ) ;
#7697 = PRESENTATION_LAYER_ASSIGNMENT (  '', '', ( #7095 ) ) ;
#7698 = EDGE_LOOP ( 'NONE', ( #447, #7652, #7712, #8326 ) ) ;
#7699 = EDGE_CURVE ( 'NONE', #5200, #4388, #1551, .T. ) ;
#7700 = ORIENTED_EDGE ( 'NONE', *, *, #9048, .F. ) ;
#7701 = EDGE_LOOP ( 'NONE', ( #10854, #6453, #555, #1476 ) ) ;
#7702 = SURFACE_SIDE_STYLE ('',( #4980 ) ) ;
#7703 = CIRCLE ( 'NONE', #1392, 0.1749999999999998200 ) ;
#7704 = FILL_AREA_STYLE_COLOUR ( '', #8409 ) ;
#7705 = ORIENTED_EDGE ( 'NONE', *, *, #8520, .T. ) ;
#7706 = SURFACE_STYLE_FILL_AREA ( #10166 ) ;
#7707 = CARTESIAN_POINT ( 'NONE',  ( -4.750000000000001800, -3.865000000000000200, 1.799999999999999800 ) ) ;
#7708 = ORIENTED_EDGE ( 'NONE', *, *, #5882, .T. ) ;
#7709 = CARTESIAN_POINT ( 'NONE',  ( 3.355000000000002200, -3.839999999999994100, 0.7500000000000015500 ) ) ;
#7710 = ORIENTED_EDGE ( 'NONE', *, *, #3550, .T. ) ;
#7711 = CIRCLE ( 'NONE', #933, 0.1750000000000006800 ) ;
#7712 = ORIENTED_EDGE ( 'NONE', *, *, #7731, .T. ) ;
#7713 = CARTESIAN_POINT ( 'NONE',  ( -5.150000000000002100, -0.2000000000000004600, -3.850000000000000500 ) ) ;
#7715 = EDGE_CURVE ( 'NONE', #7071, #9266, #3922, .T. ) ;
#7714 = COLOUR_RGB ( '',1.000000000000000000, 1.000000000000000000, 1.000000000000000000 ) ;
#7716 = ORIENTED_EDGE ( 'NONE', *, *, #7715, .T. ) ;
#7717 = STYLED_ITEM ( 'NONE', ( #9848 ), #8288 ) ;
#7718 = VECTOR ( 'NONE', #3287, 1000.000000000000000 ) ;
#7719 = CARTESIAN_POINT ( 'NONE',  ( 5.350000000000004100, -4.014999999999999700, -3.850000000000001400 ) ) ;
#7720 = FILL_AREA_STYLE ('',( #7973 ) ) ;
#7721 = SURFACE_STYLE_FILL_AREA ( #1971 ) ;
#7722 = COLOUR_RGB ( '',0.9098039215686274400, 0.4431372549019607600, 0.03137254901960784300 ) ;
#7723 =( LENGTH_UNIT ( ) NAMED_UNIT ( * ) SI_UNIT ( .MILLI., .METRE. ) );
#7724 = CARTESIAN_POINT ( 'NONE',  ( 5.270281719800238700, -3.935281719800233900, -0.9508589309545174600 ) ) ;
#7725 = SURFACE_STYLE_USAGE ( .BOTH. , #1877 ) ;
#7726 = CARTESIAN_POINT ( 'NONE',  ( -5.050000000000002500, -3.865000000000000200, 2.629999999999999900 ) ) ;
#7727 = ORIENTED_EDGE ( 'NONE', *, *, #1965, .F. ) ;
#7728 = CARTESIAN_POINT ( 'NONE',  ( -4.725000000000002300, -3.765000000000000600, -1.125000000000000400 ) ) ;
#7729 = VECTOR ( 'NONE', #11316, 1000.000000000000000 ) ;
#7730 = MECHANICAL_DESIGN_GEOMETRIC_PRESENTATION_REPRESENTATION (  '', ( #7892 ), #7673 ) ;
#7731 = EDGE_CURVE ( 'NONE', #10007, #8615, #8316, .T. ) ;
#7732 = CARTESIAN_POINT ( 'NONE',  ( 5.120000000000002800, -0.2300000000000004500, -3.850000000000000500 ) ) ;
#7733 = CARTESIAN_POINT ( 'NONE',  ( 2.950000000000002800, -3.365000000000000700, 1.800000000000000500 ) ) ;
#7734 = STYLED_ITEM ( 'NONE', ( #126 ), #9433 ) ;
#7735 = MECHANICAL_DESIGN_GEOMETRIC_PRESENTATION_REPRESENTATION (  '', ( #3539 ), #10376 ) ;
#7736 =( NAMED_UNIT ( * ) PLANE_ANGLE_UNIT ( ) SI_UNIT ( $, .RADIAN. ) );
#7737 = DIRECTION ( 'NONE',  ( 1.000000000000000000, -3.657902066415301400E-018, 1.927470528863118800E-016 ) ) ;
#7738 = LINE ( 'NONE', #9011, #3076 ) ;
#7739 = VERTEX_POINT ( 'NONE', #565 ) ;
#7740 = CARTESIAN_POINT ( 'NONE',  ( 5.249999999999997300, 1.985000000000000300, -5.000000000000001800 ) ) ;
#7741 = FACE_OUTER_BOUND ( 'NONE', #9220, .T. ) ;
#7742 = SURFACE_SIDE_STYLE ('',( #3027 ) ) ;
#7743 = VECTOR ( 'NONE', #9993, 1000.000000000000000 ) ;
#7744 = AXIS2_PLACEMENT_3D ( 'NONE', #5283, #4583, #3822 ) ;
#7745 = FILL_AREA_STYLE ('',( #6847 ) ) ;
#7747 = PRESENTATION_LAYER_ASSIGNMENT (  '', '', ( #7676 ) ) ;
#7746 = AXIS2_PLACEMENT_3D ( 'NONE', #8772, #3490, #9689 ) ;
#7748 = VECTOR ( 'NONE', #11325, 1000.000000000000000 ) ;
#7749 = CARTESIAN_POINT ( 'NONE',  ( -3.350000000000002800, -4.014999999999999700, 0.9249999999999997100 ) ) ;
#7750 = ORIENTED_EDGE ( 'NONE', *, *, #2835, .T. ) ;
#7751 = EDGE_CURVE ( 'NONE', #3836, #567, #3631, .T. ) ;
#7752 = VECTOR ( 'NONE', #9824, 1000.000000000000000 ) ;
#7753 = ADVANCED_FACE ( 'NONE', ( #3369 ), #102, .T. ) ;
#7754 = VECTOR ( 'NONE', #5147, 1000.000000000000000 ) ;
#7755 = DIRECTION ( 'NONE',  ( 0.0000000000000000000, -1.000000000000000000, 0.0000000000000000000 ) ) ;
#7756 = DIRECTION ( 'NONE',  ( -1.000000000000000000, -3.348823158252936600E-015, -2.014244061478019600E-016 ) ) ;
#7757 = PRESENTATION_STYLE_ASSIGNMENT (( #8248 ) ) ;
#7758 = FILL_AREA_STYLE ('',( #11047 ) ) ;
#7759 = CARTESIAN_POINT ( 'NONE',  ( 5.350000000000003200, -3.835000000000000400, -1.125000000000001800 ) ) ;
#7760 = PLANE ( 'NONE',  #3520 ) ;
#7761 = ORIENTED_EDGE ( 'NONE', *, *, #11392, .F. ) ;
#7762 = CARTESIAN_POINT ( 'NONE',  ( 5.150000000000003900, -0.9779237844940885700, 4.589027595269382900 ) ) ;
#7763 = STYLED_ITEM ( 'NONE', ( #2587 ), #7112 ) ;
#7764 = PRESENTATION_LAYER_ASSIGNMENT (  '', '', ( #7160 ) ) ;
#7765 = VECTOR ( 'NONE', #10182, 1000.000000000000000 ) ;
#7766 = MECHANICAL_DESIGN_GEOMETRIC_PRESENTATION_REPRESENTATION (  '', ( #3290 ), #491 ) ;
#7767 = FILL_AREA_STYLE_COLOUR ( '', #11527 ) ;
#7768 = ORIENTED_EDGE ( 'NONE', *, *, #1914, .F. ) ;
#7769 = DIRECTION ( 'NONE',  ( 1.000000000000000000, 3.657902066415252100E-018, 1.927470528863119000E-016 ) ) ;
#7770 =( NAMED_UNIT ( * ) SI_UNIT ( $, .STERADIAN. ) SOLID_ANGLE_UNIT ( ) );
#7771 = CARTESIAN_POINT ( 'NONE',  ( 0.0000000000000000000, 0.0000000000000000000, 0.0000000000000000000 ) ) ;
#7772 = ORIENTED_EDGE ( 'NONE', *, *, #6069, .T. ) ;
#7773 = SURFACE_SIDE_STYLE ('',( #4608 ) ) ;
#7774 = VECTOR ( 'NONE', #4477, 1000.000000000000000 ) ;
#7775 = CIRCLE ( 'NONE', #1124, 0.04999999999999991300 ) ;
#7776 = CIRCLE ( 'NONE', #9867, 0.04999999999999969700 ) ;
#7777 = ORIENTED_EDGE ( 'NONE', *, *, #245, .T. ) ;
#7778 = VERTEX_POINT ( 'NONE', #6974 ) ;
#7779 = DIRECTION ( 'NONE',  ( -0.0000000000000000000, 1.000000000000000000, -0.0000000000000000000 ) ) ;
#7780 = ORIENTED_EDGE ( 'NONE', *, *, #1236, .T. ) ;
#7781 = EDGE_CURVE ( 'NONE', #9526, #2980, #7197, .T. ) ;
#7782 = FILL_AREA_STYLE ('',( #6885 ) ) ;
#7783 = COLOUR_RGB ( '',1.000000000000000000, 1.000000000000000000, 1.000000000000000000 ) ;
#7784 =( GEOMETRIC_REPRESENTATION_CONTEXT ( 3 ) GLOBAL_UNCERTAINTY_ASSIGNED_CONTEXT ( ( #5583 ) ) GLOBAL_UNIT_ASSIGNED_CONTEXT ( ( #3650, #9862, #4526 ) ) REPRESENTATION_CONTEXT ( 'NONE', 'WORKASPACE' ) );
#7785 = CARTESIAN_POINT ( 'NONE',  ( 2.950000000000002800, -3.665000000000000000, 2.629999999999999900 ) ) ;
#7786 = COLOUR_RGB ( '',1.000000000000000000, 1.000000000000000000, 1.000000000000000000 ) ;
#7787 = CIRCLE ( 'NONE', #5880, 0.4250000000000008800 ) ;
#7788 = CYLINDRICAL_SURFACE ( 'NONE', #11101, 0.1250000000000000000 ) ;
#7789 = FILL_AREA_STYLE_COLOUR ( '', #1180 ) ;
#7790 = UNCERTAINTY_MEASURE_WITH_UNIT (LENGTH_MEASURE( 1.000000000000000100E-005 ), #9695, 'distance_accuracy_value', 'NONE');
#7791 = VERTEX_POINT ( 'NONE', #3443 ) ;
#7792 = DIRECTION ( 'NONE',  ( 1.000000000000000000, 1.426581805901978400E-016, 0.0000000000000000000 ) ) ;
#7793 = CARTESIAN_POINT ( 'NONE',  ( 3.355000000000002200, -3.839999999999994100, 0.7500000000000015500 ) ) ;
#7794 = DIRECTION ( 'NONE',  ( 1.927470528863119300E-016, 3.448404038975182000E-016, -1.000000000000000000 ) ) ;
#7795 = ORIENTED_EDGE ( 'NONE', *, *, #6601, .T. ) ;
#7796 = SURFACE_SIDE_STYLE ('',( #6523 ) ) ;
#7797 = VECTOR ( 'NONE', #5261, 1000.000000000000000 ) ;
#7798 =( NAMED_UNIT ( * ) SI_UNIT ( $, .STERADIAN. ) SOLID_ANGLE_UNIT ( ) );
#7799 = PRESENTATION_STYLE_ASSIGNMENT (( #1138 ) ) ;
#7800 = DIRECTION ( 'NONE',  ( 0.0000000000000000000, 0.0000000000000000000, -1.000000000000000000 ) ) ;
#7801 = ORIENTED_EDGE ( 'NONE', *, *, #6656, .T. ) ;
#7802 = AXIS2_PLACEMENT_3D ( 'NONE', #3515, #9714, #7932 ) ;
#7803 = UNCERTAINTY_MEASURE_WITH_UNIT (LENGTH_MEASURE( 1.000000000000000100E-005 ), #1444, 'distance_accuracy_value', 'NONE');
#7804 = FILL_AREA_STYLE ('',( #703 ) ) ;
#7805 = ORIENTED_EDGE ( 'NONE', *, *, #8567, .T. ) ;
#7806 =( NAMED_UNIT ( * ) SI_UNIT ( $, .STERADIAN. ) SOLID_ANGLE_UNIT ( ) );
#7807 = CARTESIAN_POINT ( 'NONE',  ( 3.790000000000003100, -0.2000000000000013700, 2.350000000000000500 ) ) ;
#7808 =( NAMED_UNIT ( * ) PLANE_ANGLE_UNIT ( ) SI_UNIT ( $, .RADIAN. ) );
#7809 =( NAMED_UNIT ( * ) PLANE_ANGLE_UNIT ( ) SI_UNIT ( $, .RADIAN. ) );
#7810 = ADVANCED_FACE ( 'NONE', ( #6919 ), #3764, .F. ) ;
#7811 = ORIENTED_EDGE ( 'NONE', *, *, #3847, .F. ) ;
#7812 = DIRECTION ( 'NONE',  ( 1.000000000000000000, 1.426581805901979400E-016, 1.927470528863119300E-016 ) ) ;
#7813 = PRESENTATION_LAYER_ASSIGNMENT (  '', '', ( #7892 ) ) ;
#7814 = EDGE_LOOP ( 'NONE', ( #6173, #7259, #9647, #2686 ) ) ;
#7815 = VECTOR ( 'NONE', #2818, 1000.000000000000000 ) ;
#7816 = EDGE_CURVE ( 'NONE', #5523, #487, #6080, .T. ) ;
#7817 =( NAMED_UNIT ( * ) SI_UNIT ( $, .STERADIAN. ) SOLID_ANGLE_UNIT ( ) );
#7818 = PRESENTATION_LAYER_ASSIGNMENT (  '', '', ( #7884 ) ) ;
#7819 = CARTESIAN_POINT ( 'NONE',  ( 4.025000000000001200, -0.2500000000000019400, 0.7500000000000021100 ) ) ;
#7820 = CARTESIAN_POINT ( 'NONE',  ( 4.725000000000003200, -3.714999999999999000, -0.7499999999999982200 ) ) ;
#7821 = VERTEX_POINT ( 'NONE', #8718 ) ;
#7822 = UNCERTAINTY_MEASURE_WITH_UNIT (LENGTH_MEASURE( 1.000000000000000100E-005 ), #7644, 'distance_accuracy_value', 'NONE');
#7823 = DIRECTION ( 'NONE',  ( 1.000000000000000000, -1.505836350674314900E-016, 2.209081482755462000E-016 ) ) ;
#7824 = FILL_AREA_STYLE ('',( #7544 ) ) ;
#7825 = UNCERTAINTY_MEASURE_WITH_UNIT (LENGTH_MEASURE( 1.000000000000000100E-005 ), #4504, 'distance_accuracy_value', 'NONE');
#7826 = PRESENTATION_LAYER_ASSIGNMENT (  '', '', ( #6320 ) ) ;
#7827 = MECHANICAL_DESIGN_GEOMETRIC_PRESENTATION_REPRESENTATION (  '', ( #5439 ), #8417 ) ;
#7828 = PRESENTATION_LAYER_ASSIGNMENT (  '', '', ( #8418 ) ) ;
#7829 = CARTESIAN_POINT ( 'NONE',  ( 5.250000000000001800, 0.0000000000000000000, 3.899999999999999900 ) ) ;
#7830 = DIRECTION ( 'NONE',  ( 1.000000000000000000, 1.426581805901980400E-016, 0.0000000000000000000 ) ) ;
#7831 = ORIENTED_EDGE ( 'NONE', *, *, #157, .F. ) ;
#7832 = EDGE_CURVE ( 'NONE', #93, #2431, #1390, .T. ) ;
#7833 = EDGE_CURVE ( 'NONE', #10582, #7518, #2670, .T. ) ;
#7834 =( LENGTH_UNIT ( ) NAMED_UNIT ( * ) SI_UNIT ( .MILLI., .METRE. ) );
#7835 = DIRECTION ( 'NONE',  ( -1.000000000000000000, 0.0000000000000000000, 0.0000000000000000000 ) ) ;
#7836 = VERTEX_POINT ( 'NONE', #8708 ) ;
#7837 = CARTESIAN_POINT ( 'NONE',  ( -4.975000000000002300, -3.714999999999996700, -0.7500000000000124300 ) ) ;
#7838 = VECTOR ( 'NONE', #5817, 1000.000000000000000 ) ;
#7839 = CARTESIAN_POINT ( 'NONE',  ( -4.975000000000001400, -0.1250000000000028900, 0.8749999999999994400 ) ) ;
#7840 = COLOUR_RGB ( '',1.000000000000000000, 1.000000000000000000, 1.000000000000000000 ) ;
#7841 = MECHANICAL_DESIGN_GEOMETRIC_PRESENTATION_REPRESENTATION (  '', ( #9281 ), #7473 ) ;
#7842 = EDGE_LOOP ( 'NONE', ( #6953, #8506, #6764, #3035 ) ) ;
#7843 = ORIENTED_EDGE ( 'NONE', *, *, #81, .F. ) ;
#7844 =( LENGTH_UNIT ( ) NAMED_UNIT ( * ) SI_UNIT ( .MILLI., .METRE. ) );
#7845 = DIRECTION ( 'NONE',  ( 0.0000000000000000000, 0.0000000000000000000, 1.000000000000000000 ) ) ;
#7846 = ORIENTED_EDGE ( 'NONE', *, *, #10015, .F. ) ;
#7847 = VERTEX_POINT ( 'NONE', #718 ) ;
#7848 =( LENGTH_UNIT ( ) NAMED_UNIT ( * ) SI_UNIT ( .MILLI., .METRE. ) );
#7849 = CARTESIAN_POINT ( 'NONE',  ( 3.355000000000002200, -3.839999999999994100, 0.7500000000000015500 ) ) ;
#7850 = EDGE_CURVE ( 'NONE', #487, #5523, #252, .T. ) ;
#7851 = DIRECTION ( 'NONE',  ( 1.426581805901979600E-016, 1.000000000000000000, 1.426581805901979900E-016 ) ) ;
#7852 = LINE ( 'NONE', #11050, #6449 ) ;
#7853 = EDGE_LOOP ( 'NONE', ( #10236, #10646, #3984, #5418 ) ) ;
#7854 = PLANE ( 'NONE',  #6564 ) ;
#7855 = CARTESIAN_POINT ( 'NONE',  ( 4.449999999999995700, 0.0000000000000000000, 5.000000000000000000 ) ) ;
#7856 = VECTOR ( 'NONE', #11447, 1000.000000000000000 ) ;
#7857 = LINE ( 'NONE', #11396, #783 ) ;
#7858 =( NAMED_UNIT ( * ) SI_UNIT ( $, .STERADIAN. ) SOLID_ANGLE_UNIT ( ) );
#7860 = FILL_AREA_STYLE ('',( #10502 ) ) ;
#7859 = DIRECTION ( 'NONE',  ( -1.000000000000000000, -1.505836350674314900E-016, -2.209081482755463300E-016 ) ) ;
#7861 = ORIENTED_EDGE ( 'NONE', *, *, #11204, .F. ) ;
#7862 = SURFACE_STYLE_USAGE ( .BOTH. , #8440 ) ;
#7863 = ADVANCED_FACE ( 'NONE', ( #4971 ), #5167, .F. ) ;
#7864 = EDGE_CURVE ( 'NONE', #1305, #3137, #3907, .T. ) ;
#7865 = COLOUR_RGB ( '',0.5019607843137254800, 0.5019607843137254800, 0.5019607843137254800 ) ;
#7866 = EDGE_CURVE ( 'NONE', #3964, #8536, #6205, .T. ) ;
#7867 = CARTESIAN_POINT ( 'NONE',  ( -2.950000000000002800, -3.665000000000000500, -3.899999999999999500 ) ) ;
#7868 = DIRECTION ( 'NONE',  ( -1.426581805901979600E-016, 1.000000000000000000, 1.426581805901979400E-016 ) ) ;
#7869 = VERTEX_POINT ( 'NONE', #7888 ) ;
#7870 = DIRECTION ( 'NONE',  ( 1.426581805901979900E-016, -1.000000000000000000, -2.725027521453481900E-016 ) ) ;
#7871 = MECHANICAL_DESIGN_GEOMETRIC_PRESENTATION_REPRESENTATION (  '', ( #219 ), #6533 ) ;
#7872 = ORIENTED_EDGE ( 'NONE', *, *, #11072, .F. ) ;
#7873 = CARTESIAN_POINT ( 'NONE',  ( -4.090000000000003400, -0.2000000000000014300, 3.100000000000001000 ) ) ;
#7874 = LINE ( 'NONE', #3606, #9997 ) ;
#7875 = DIRECTION ( 'NONE',  ( 1.426581805901979600E-016, 1.000000000000000000, 1.426581805901979900E-016 ) ) ;
#7876 = SURFACE_SIDE_STYLE ('',( #1059 ) ) ;
#7877 = SHAPE_DEFINITION_REPRESENTATION ( #7949, #10864 ) ;
#7878 = DIRECTION ( 'NONE',  ( 1.000000000000000000, 0.0000000000000000000, -0.0000000000000000000 ) ) ;
#7879 = VERTEX_POINT ( 'NONE', #9704 ) ;
#7880 = SURFACE_STYLE_USAGE ( .BOTH. , #7917 ) ;
#7881 =( REPRESENTATION_RELATIONSHIP ('NONE','NONE', #1423, #10864 ) REPRESENTATION_RELATIONSHIP_WITH_TRANSFORMATION ( #5515 )SHAPE_REPRESENTATION_RELATIONSHIP( ) );
#7882 = AXIS2_PLACEMENT_3D ( 'NONE', #9149, #3848, #10062 ) ;
#7883 = LINE ( 'NONE', #6150, #5519 ) ;
#7884 = STYLED_ITEM ( 'NONE', ( #7289 ), #1618 ) ;
#7885 = CARTESIAN_POINT ( 'NONE',  ( -5.150000000000002100, -0.2000000000000008400, -0.9250000000000001600 ) ) ;
#7886 =( NAMED_UNIT ( * ) SI_UNIT ( $, .STERADIAN. ) SOLID_ANGLE_UNIT ( ) );
#7887 = COLOUR_RGB ( '',0.5019607843137254800, 0.5019607843137254800, 0.5019607843137254800 ) ;
#7888 = CARTESIAN_POINT ( 'NONE',  ( -4.975000000000002300, -3.965000000000001600, 0.7499999999999866800 ) ) ;
#7889 = VERTEX_POINT ( 'NONE', #11481 ) ;
#7890 = PRESENTATION_STYLE_ASSIGNMENT (( #2023 ) ) ;
#7891 =( LENGTH_UNIT ( ) NAMED_UNIT ( * ) SI_UNIT ( .MILLI., .METRE. ) );
#7892 = STYLED_ITEM ( 'NONE', ( #6539 ), #4632 ) ;
#7893 = STYLED_ITEM ( 'NONE', ( #195 ), #6299 ) ;
#7895 =( GEOMETRIC_REPRESENTATION_CONTEXT ( 3 ) GLOBAL_UNCERTAINTY_ASSIGNED_CONTEXT ( ( #4062 ) ) GLOBAL_UNIT_ASSIGNED_CONTEXT ( ( #10575, #10540, #10493 ) ) REPRESENTATION_CONTEXT ( 'NONE', 'WORKASPACE' ) );
#7894 = AXIS2_PLACEMENT_3D ( 'NONE', #1125, #7321, #2060 ) ;
#7896 = CARTESIAN_POINT ( 'NONE',  ( 2.950000000000002800, -3.365000000000000700, -1.799999999999999600 ) ) ;
#7897 = FILL_AREA_STYLE_COLOUR ( '', #3690 ) ;
#7898 = EDGE_CURVE ( 'NONE', #10635, #10319, #3615, .T. ) ;
#7899 = CARTESIAN_POINT ( 'NONE',  ( 4.590000000000003400, -0.2000000000000005700, -3.050000000000000700 ) ) ;
#7900 = VECTOR ( 'NONE', #10509, 1000.000000000000000 ) ;
#7901 = CARTESIAN_POINT ( 'NONE',  ( 4.390000000000004100, -4.194150509351816600E-016, -3.100000000000001000 ) ) ;
#7902 = CIRCLE ( 'NONE', #3179, 0.8000000000000003800 ) ;
#7903 = FACE_OUTER_BOUND ( 'NONE', #4263, .T. ) ;
#7904 = LINE ( 'NONE', #9122, #3504 ) ;
#7905 = ORIENTED_EDGE ( 'NONE', *, *, #9378, .T. ) ;
#7906 = CARTESIAN_POINT ( 'NONE',  ( -5.120000000000002800, -3.815000000000000400, -3.650000000000001700 ) ) ;
#7907 = EDGE_LOOP ( 'NONE', ( #8100, #2162, #3129, #442 ) ) ;
#7908 = STYLED_ITEM ( 'NONE', ( #2159 ), #7346 ) ;
#7909 = AXIS2_PLACEMENT_3D ( 'NONE', #11097, #5766, #441 ) ;
#7910 = VERTEX_POINT ( 'NONE', #10601 ) ;
#7911 = FACE_OUTER_BOUND ( 'NONE', #4943, .T. ) ;
#7912 = DIRECTION ( 'NONE',  ( 1.000000000000000000, -0.0000000000000000000, -0.0000000000000000000 ) ) ;
#7913 = AXIS2_PLACEMENT_3D ( 'NONE', #1495, #8126, #7981 ) ;
#7914 = EDGE_CURVE ( 'NONE', #11068, #6124, #1536, .T. ) ;
#7915 = SURFACE_STYLE_FILL_AREA ( #746 ) ;
#7916 = LINE ( 'NONE', #844, #7642 ) ;
#7917 = SURFACE_SIDE_STYLE ('',( #7681 ) ) ;
#7918 = ORIENTED_EDGE ( 'NONE', *, *, #18, .F. ) ;
#7919 = ORIENTED_EDGE ( 'NONE', *, *, #5870, .T. ) ;
#7920 = FILL_AREA_STYLE_COLOUR ( '', #8896 ) ;
#7921 = CARTESIAN_POINT ( 'NONE',  ( -3.355000000000002200, -3.964999999999996300, 0.7499999999999870100 ) ) ;
#7922 = VERTEX_POINT ( 'NONE', #9745 ) ;
#7923 = CIRCLE ( 'NONE', #115, 0.1799999999999996000 ) ;
#7924 = UNCERTAINTY_MEASURE_WITH_UNIT (LENGTH_MEASURE( 1.000000000000000100E-005 ), #4738, 'distance_accuracy_value', 'NONE');
#7925 = ORIENTED_EDGE ( 'NONE', *, *, #830, .T. ) ;
#7926 = EDGE_CURVE ( 'NONE', #11324, #2230, #9313, .T. ) ;
#7927 = AXIS2_PLACEMENT_3D ( 'NONE', #616, #7140, #7800 ) ;
#7928 = STYLED_ITEM ( 'NONE', ( #10777 ), #304 ) ;
#7929 = DIRECTION ( 'NONE',  ( 1.426581805901979600E-016, -1.000000000000000000, -1.426581805901979400E-016 ) ) ;
#7930 = AXIS2_PLACEMENT_3D ( 'NONE', #7577, #2322, #8456 ) ;
#7931 = EDGE_LOOP ( 'NONE', ( #6913, #5000 ) ) ;
#7932 = DIRECTION ( 'NONE',  ( 0.0000000000000000000, 0.0000000000000000000, -1.000000000000000000 ) ) ;
#7933 = CARTESIAN_POINT ( 'NONE',  ( 5.120000000000003700, -3.785000000000000600, 0.9249999999999991600 ) ) ;
#7934 = ORIENTED_EDGE ( 'NONE', *, *, #3069, .F. ) ;
#7935 = UNCERTAINTY_MEASURE_WITH_UNIT (LENGTH_MEASURE( 1.000000000000000100E-005 ), #5060, 'distance_accuracy_value', 'NONE');
#7936 = SURFACE_SIDE_STYLE ('',( #9757 ) ) ;
#7937 = MECHANICAL_DESIGN_GEOMETRIC_PRESENTATION_REPRESENTATION (  '', ( #8024 ), #7895 ) ;
#7938 = SURFACE_SIDE_STYLE ('',( #3029 ) ) ;
#7939 = CARTESIAN_POINT ( 'NONE',  ( 5.150000000000003000, -3.815000000000000400, 0.9249999999999991600 ) ) ;
#7940 = DIRECTION ( 'NONE',  ( 0.0000000000000000000, 0.0000000000000000000, -1.000000000000000000 ) ) ;
#7941 = EDGE_CURVE ( 'NONE', #8438, #5431, #7991, .T. ) ;
#7942 = CARTESIAN_POINT ( 'NONE',  ( -5.050000000000003400, -3.865000000000000200, -3.899999999999999900 ) ) ;
#7943 = AXIS2_PLACEMENT_3D ( 'NONE', #8429, #3173, #9373 ) ;
#7944 = SURFACE_STYLE_USAGE ( .BOTH. , #1784 ) ;
#7945 = ORIENTED_EDGE ( 'NONE', *, *, #9304, .T. ) ;
#7946 =( NAMED_UNIT ( * ) SI_UNIT ( $, .STERADIAN. ) SOLID_ANGLE_UNIT ( ) );
#7947 = AXIS2_PLACEMENT_3D ( 'NONE', #10017, #1735, #2734 ) ;
#7948 = COLOUR_RGB ( '',1.000000000000000000, 1.000000000000000000, 1.000000000000000000 ) ;
#7949 = PRODUCT_DEFINITION_SHAPE ( 'NONE', 'NONE',  #1558 ) ;
#7950 = LINE ( 'NONE', #8572, #10084 ) ;
#7951 = FILL_AREA_STYLE ('',( #5865 ) ) ;
#7952 = ORIENTED_EDGE ( 'NONE', *, *, #7555, .T. ) ;
#7953 = DIRECTION ( 'NONE',  ( 0.0000000000000000000, 6.829619984160660000E-016, -1.000000000000000000 ) ) ;
#7954 = DIRECTION ( 'NONE',  ( 3.526005099788157400E-016, 1.000000000000000000, 2.853163611803959300E-016 ) ) ;
#7955 = SURFACE_SIDE_STYLE ('',( #5050 ) ) ;
#7956 = ORIENTED_EDGE ( 'NONE', *, *, #3565, .T. ) ;
#7957 = AXIS2_PLACEMENT_3D ( 'NONE', #1208, #1155, #1127 ) ;
#7958 = CARTESIAN_POINT ( 'NONE',  ( -5.150000000000001200, -0.2300000000000006500, -2.340000000000000700 ) ) ;
#7960 = PRESENTATION_LAYER_ASSIGNMENT (  '', '', ( #8024 ) ) ;
#7959 = AXIS2_PLACEMENT_3D ( 'NONE', #5829, #508, #6716 ) ;
#7961 = DIRECTION ( 'NONE',  ( -1.000000000000000000, 4.580624489496172500E-016, -3.504491870660217300E-017 ) ) ;
#7962 = LINE ( 'NONE', #1645, #876 ) ;
#7963 = LINE ( 'NONE', #1112, #2780 ) ;
#7964 = UNCERTAINTY_MEASURE_WITH_UNIT (LENGTH_MEASURE( 1.000000000000000100E-005 ), #6762, 'distance_accuracy_value', 'NONE');
#7965 = EDGE_CURVE ( 'NONE', #3434, #10120, #10421, .T. ) ;
#7966 = CARTESIAN_POINT ( 'NONE',  ( -4.975000000000002300, -3.965000000000001600, 0.7499999999999866800 ) ) ;
#7967 = DIRECTION ( 'NONE',  ( 2.409338161078898200E-017, -1.426581805901979400E-016, 1.000000000000000000 ) ) ;
#7968 = ORIENTED_EDGE ( 'NONE', *, *, #6775, .F. ) ;
#7969 =( NAMED_UNIT ( * ) PLANE_ANGLE_UNIT ( ) SI_UNIT ( $, .RADIAN. ) );
#7970 = VERTEX_POINT ( 'NONE', #4479 ) ;
#7971 = VERTEX_POINT ( 'NONE', #5357 ) ;
#7972 =( GEOMETRIC_REPRESENTATION_CONTEXT ( 3 ) GLOBAL_UNCERTAINTY_ASSIGNED_CONTEXT ( ( #1477 ) ) GLOBAL_UNIT_ASSIGNED_CONTEXT ( ( #2544, #2507, #2472 ) ) REPRESENTATION_CONTEXT ( 'NONE', 'WORKASPACE' ) );
#7973 = FILL_AREA_STYLE_COLOUR ( '', #1862 ) ;
#7974 = LINE ( 'NONE', #9217, #1192 ) ;
#7975 = FILL_AREA_STYLE_COLOUR ( '', #11282 ) ;
#7976 = AXIS2_PLACEMENT_3D ( 'NONE', #6352, #9267, #8726 ) ;
#7977 = DIRECTION ( 'NONE',  ( -1.000000000000000000, 1.426581805901979900E-016, -2.209081482755457600E-016 ) ) ;
#7978 = EDGE_CURVE ( 'NONE', #11026, #3574, #10158, .T. ) ;
#7979 = CARTESIAN_POINT ( 'NONE',  ( 5.050000000000003400, -3.865000000000000200, -3.899999999999999900 ) ) ;
#7980 = VERTEX_POINT ( 'NONE', #33 ) ;
#7981 = DIRECTION ( 'NONE',  ( 0.0000000000000000000, -3.252606517456513300E-015, 1.000000000000000000 ) ) ;
#7982 = CIRCLE ( 'NONE', #9375, 0.05000000000000012800 ) ;
#7983 = CARTESIAN_POINT ( 'NONE',  ( 4.850000000000002300, -3.390000000000000600, -0.9250000000000004900 ) ) ;
#7984 = LINE ( 'NONE', #1795, #891 ) ;
#7985 =( NAMED_UNIT ( * ) SI_UNIT ( $, .STERADIAN. ) SOLID_ANGLE_UNIT ( ) );
#7986 = EDGE_LOOP ( 'NONE', ( #1071, #5022, #5330 ) ) ;
#7987 = CARTESIAN_POINT ( 'NONE',  ( -2.950000000000002800, -3.665000000000000900, -2.625000000000000000 ) ) ;
#7988 = ADVANCED_FACE ( 'NONE', ( #3355 ), #2506, .T. ) ;
#7989 = VECTOR ( 'NONE', #4621, 1000.000000000000000 ) ;
#7990 = LINE ( 'NONE', #7093, #10125 ) ;
#7991 = B_SPLINE_CURVE_WITH_KNOTS ( 'NONE', 3,
 ( #7958, #1797, #8867, #3573, #9784, #4445, #10672, #5318, #11548, #6201, #888, #7103, #1833, #8001, #2736, #8908 ),
 .UNSPECIFIED., .F., .F.,
 ( 4, 3, 3, 3, 3, 4 ),
 ( 8.131516293641283300E-020, 9.945150033156654900E-006, 1.995980716743904800E-005, 2.914137236304400800E-005, 3.846080366517527600E-005, 4.899246867068630700E-005 ),
 .UNSPECIFIED. ) ;
#7992 = CARTESIAN_POINT ( 'NONE',  ( 3.350000000000003200, -0.2000000000000009000, -0.9250000000000002700 ) ) ;
#7993 = FILL_AREA_STYLE ('',( #8070 ) ) ;
#7994 = VERTEX_POINT ( 'NONE', #5390 ) ;
#7995 =( GEOMETRIC_REPRESENTATION_CONTEXT ( 3 ) GLOBAL_UNCERTAINTY_ASSIGNED_CONTEXT ( ( #2174 ) ) GLOBAL_UNIT_ASSIGNED_CONTEXT ( ( #462, #348, #332 ) ) REPRESENTATION_CONTEXT ( 'NONE', 'WORKASPACE' ) );
#7996 = FACE_OUTER_BOUND ( 'NONE', #8265, .T. ) ;
#7997 = FILL_AREA_STYLE_COLOUR ( '', #5399 ) ;
#7998 = AXIS2_PLACEMENT_3D ( 'NONE', #7713, #8266, #8176 ) ;
#7999 = EDGE_LOOP ( 'NONE', ( #3554, #9794, #8463, #9126, #5831, #7437, #621, #6870, #10322 ) ) ;
#8000 = STYLED_ITEM ( 'NONE', ( #2541 ), #7810 ) ;
#8001 = CARTESIAN_POINT ( 'NONE',  ( -5.127060060058044000, -0.2006328536853942700, -2.350010618009915400 ) ) ;
#8002 = LINE ( 'NONE', #10389, #1221 ) ;
#8003 = DIRECTION ( 'NONE',  ( -1.000000000000000000, 1.426581805901979600E-016, 0.0000000000000000000 ) ) ;
#8004 =( LENGTH_UNIT ( ) NAMED_UNIT ( * ) SI_UNIT ( .MILLI., .METRE. ) );
#8005 = DIRECTION ( 'NONE',  ( -1.000000000000000000, 0.0000000000000000000, 0.0000000000000000000 ) ) ;
#8006 =( NAMED_UNIT ( * ) PLANE_ANGLE_UNIT ( ) SI_UNIT ( $, .RADIAN. ) );
#8007 = DIRECTION ( 'NONE',  ( -1.000000000000000000, 0.0000000000000000000, 5.421010862427532000E-016 ) ) ;
#8008 = VERTEX_POINT ( 'NONE', #6359 ) ;
#8009 = LINE ( 'NONE', #1265, #10411 ) ;
#8010 = CARTESIAN_POINT ( 'NONE',  ( 5.400000000000003000, -0.4249999999999983800, -0.7499999999999978900 ) ) ;
#8011 = EDGE_CURVE ( 'NONE', #2173, #455, #930, .T. ) ;
#8012 = CARTESIAN_POINT ( 'NONE',  ( -3.350000000000002800, -1.870000000000001900, 3.650000000000000400 ) ) ;
#8013 = DIRECTION ( 'NONE',  ( 1.000000000000000000, 3.634139519433330900E-015, 7.553600721220340800E-017 ) ) ;
#8014 = PRESENTATION_STYLE_ASSIGNMENT (( #5337 ) ) ;
#8015 = COLOUR_RGB ( '',0.9098039215686274400, 0.4431372549019607600, 0.03137254901960784300 ) ;
#8016 = SURFACE_SIDE_STYLE ('',( #586 ) ) ;
#8017 = AXIS2_PLACEMENT_3D ( 'NONE', #5972, #11105, #11273 ) ;
#8018 = LINE ( 'NONE', #5945, #5661 ) ;
#8019 = DIRECTION ( 'NONE',  ( 0.0000000000000000000, 1.000000000000000000, 0.0000000000000000000 ) ) ;
#8020 = DIRECTION ( 'NONE',  ( -2.014244061477907700E-016, -2.140309255009110000E-017, 1.000000000000000000 ) ) ;
#8021 = DIRECTION ( 'NONE',  ( 6.736636305648237600E-017, -1.000000000000000000, -1.426581805901979400E-016 ) ) ;
#8022 = ORIENTED_EDGE ( 'NONE', *, *, #7001, .F. ) ;
#8023 = DIRECTION ( 'NONE',  ( -1.000000000000000000, 4.081702296416016800E-015, -2.014244061477775000E-016 ) ) ;
#8024 = STYLED_ITEM ( 'NONE', ( #9587 ), #3835 ) ;
#8025 = VECTOR ( 'NONE', #9577, 1000.000000000000000 ) ;
#8026 = FILL_AREA_STYLE_COLOUR ( '', #3582 ) ;
#8027 = VECTOR ( 'NONE', #7278, 1000.000000000000000 ) ;
#8028 = SURFACE_STYLE_FILL_AREA ( #796 ) ;
#8029 = AXIS2_PLACEMENT_3D ( 'NONE', #2103, #2091, #2063 ) ;
#8031 = CARTESIAN_POINT ( 'NONE',  ( -5.170000000000002600, -1.060608704157125700E-015, 2.350000000000001000 ) ) ;
#8030 = CYLINDRICAL_SURFACE ( 'NONE', #2022, 0.1750000000000006800 ) ;
#8032 = CARTESIAN_POINT ( 'NONE',  ( -4.725000000000002300, -3.765000000000000600, -1.125000000000000400 ) ) ;
#8033 = UNCERTAINTY_MEASURE_WITH_UNIT (LENGTH_MEASURE( 1.000000000000000100E-005 ), #3904, 'distance_accuracy_value', 'NONE');
#8034 = VERTEX_POINT ( 'NONE', #8041 ) ;
#8035 =( GEOMETRIC_REPRESENTATION_CONTEXT ( 3 ) GLOBAL_UNCERTAINTY_ASSIGNED_CONTEXT ( ( #9781 ) ) GLOBAL_UNIT_ASSIGNED_CONTEXT ( ( #7670, #3607, #3658 ) ) REPRESENTATION_CONTEXT ( 'NONE', 'WORKASPACE' ) );
#8036 = COLOUR_RGB ( '',0.5019607843137254800, 0.5019607843137254800, 0.5019607843137254800 ) ;
#8037 = AXIS2_PLACEMENT_3D ( 'NONE', #8827, #8904, #11393 ) ;
#8038 =( NAMED_UNIT ( * ) SI_UNIT ( $, .STERADIAN. ) SOLID_ANGLE_UNIT ( ) );
#8039 = SURFACE_STYLE_FILL_AREA ( #4635 ) ;
#8040 = VECTOR ( 'NONE', #5906, 1000.000000000000000 ) ;
#8041 = CARTESIAN_POINT ( 'NONE',  ( -5.050000000000001600, -1.870000000000000600, -1.125000000000000700 ) ) ;
#8042 = EDGE_LOOP ( 'NONE', ( #11260, #2274, #8633, #4516 ) ) ;
#8043 = STYLED_ITEM ( 'NONE', ( #1564 ), #4171 ) ;
#8044 = ADVANCED_FACE ( 'NONE', ( #4570 ), #6065, .T. ) ;
#8045 = MECHANICAL_DESIGN_GEOMETRIC_PRESENTATION_REPRESENTATION (  '', ( #6853 ), #8641 ) ;
#8047 = AXIS2_PLACEMENT_3D ( 'NONE', #11118, #11084, #11007 ) ;
#8046 = MECHANICAL_DESIGN_GEOMETRIC_PRESENTATION_REPRESENTATION (  '', ( #6854 ), #8642 ) ;
#8048 = PRESENTATION_STYLE_ASSIGNMENT (( #6905 ) ) ;
#8049 = DIRECTION ( 'NONE',  ( 2.209081482755457800E-016, 1.426581805901979600E-016, -1.000000000000000000 ) ) ;
#8050 = FILL_AREA_STYLE ('',( #8328 ) ) ;
#8051 = LINE ( 'NONE', #885, #5697 ) ;
#8052 = LINE ( 'NONE', #6669, #3380 ) ;
#8053 = VERTEX_POINT ( 'NONE', #2041 ) ;
#8054 = CARTESIAN_POINT ( 'NONE',  ( 5.150000000000003000, -0.2000000000000004600, -3.850000000000000500 ) ) ;
#8055 = ORIENTED_EDGE ( 'NONE', *, *, #3435, .F. ) ;
#8056 = EDGE_LOOP ( 'NONE', ( #5154, #6874, #4820, #6422 ) ) ;
#8057 = ADVANCED_FACE ( 'NONE', ( #9302 ), #4678, .F. ) ;
#8058 = LINE ( 'NONE', #9320, #10451 ) ;
#8059 = DIRECTION ( 'NONE',  ( 1.000000000000000000, -3.526005099788157400E-016, -2.409338161078903100E-017 ) ) ;
#8060 = PRESENTATION_LAYER_ASSIGNMENT (  '', '', ( #9281 ) ) ;
#8061 = CARTESIAN_POINT ( 'NONE',  ( -3.350000000000001400, -3.515000000000001000, 1.125000000000000000 ) ) ;
#8062 = CIRCLE ( 'NONE', #3031, 0.1999999999999999800 ) ;
#8063 = SURFACE_STYLE_FILL_AREA ( #9224 ) ;
#8064 = FILL_AREA_STYLE ('',( #950 ) ) ;
#8065 = VERTEX_POINT ( 'NONE', #3813 ) ;
#8066 =( GEOMETRIC_REPRESENTATION_CONTEXT ( 3 ) GLOBAL_UNCERTAINTY_ASSIGNED_CONTEXT ( ( #2854 ) ) GLOBAL_UNIT_ASSIGNED_CONTEXT ( ( #3280, #2581, #2542 ) ) REPRESENTATION_CONTEXT ( 'NONE', 'WORKASPACE' ) );
#8067 = FILL_AREA_STYLE ('',( #10670 ) ) ;
#8068 =( NAMED_UNIT ( * ) SI_UNIT ( $, .STERADIAN. ) SOLID_ANGLE_UNIT ( ) );
#8069 = ORIENTED_EDGE ( 'NONE', *, *, #612, .F. ) ;
#8070 = FILL_AREA_STYLE_COLOUR ( '', #3019 ) ;
#8071 = CIRCLE ( 'NONE', #7600, 0.2000000000000000900 ) ;
#8072 = VERTEX_POINT ( 'NONE', #4713 ) ;
#8073 = ORIENTED_EDGE ( 'NONE', *, *, #6844, .F. ) ;
#8074 = DIRECTION ( 'NONE',  ( 1.079575420682579900E-017, -1.000000000000000000, -1.426581805901979400E-016 ) ) ;
#8075 = CARTESIAN_POINT ( 'NONE',  ( -3.350000000000003200, -4.015000000000001500, 3.650000000000000800 ) ) ;
#8076 = CARTESIAN_POINT ( 'NONE',  ( 5.169479089454177300, -4.009790894541740000, 1.072641633478904800 ) ) ;
#8077 = CARTESIAN_POINT ( 'NONE',  ( -4.090000000000003400, -1.346693224771468800E-015, 3.100000000000001000 ) ) ;
#8078 = EDGE_CURVE ( 'NONE', #704, #433, #525, .T. ) ;
#8079 = AXIS2_PLACEMENT_3D ( 'NONE', #3232, #11458, #7102 ) ;
#8080 = FILL_AREA_STYLE_COLOUR ( '', #6485 ) ;
#8081 = VERTEX_POINT ( 'NONE', #5595 ) ;
#8082 = PRESENTATION_LAYER_ASSIGNMENT (  '', '', ( #7499 ) ) ;
#8083 = UNCERTAINTY_MEASURE_WITH_UNIT (LENGTH_MEASURE( 1.000000000000000100E-005 ), #9140, 'distance_accuracy_value', 'NONE');
#8084 = DIRECTION ( 'NONE',  ( 3.504491870660224100E-017, 1.426581805901979600E-016, -1.000000000000000000 ) ) ;
#8085 = DIRECTION ( 'NONE',  ( -1.000000000000000000, 3.348823158252935900E-015, -2.014244061477902700E-016 ) ) ;
#8086 = ORIENTED_EDGE ( 'NONE', *, *, #2668, .F. ) ;
#8087 = SURFACE_STYLE_FILL_AREA ( #9278 ) ;
#8088 = CARTESIAN_POINT ( 'NONE',  ( -4.975000000000003200, -3.540000000000001400, 0.7499999999999882300 ) ) ;
#8089 = AXIS2_PLACEMENT_3D ( 'NONE', #8101, #9979, #10621 ) ;
#8090 = ORIENTED_EDGE ( 'NONE', *, *, #6891, .F. ) ;
#8091 = FILL_AREA_STYLE_COLOUR ( '', #8621 ) ;
#8092 =( NAMED_UNIT ( * ) PLANE_ANGLE_UNIT ( ) SI_UNIT ( $, .RADIAN. ) );
#8093 = AXIS2_PLACEMENT_3D ( 'NONE', #1768, #1728, #1684 ) ;
#8094 = PLANE ( 'NONE',  #3193 ) ;
#8095 =( NAMED_UNIT ( * ) SI_UNIT ( $, .STERADIAN. ) SOLID_ANGLE_UNIT ( ) );
#8096 = ORIENTED_EDGE ( 'NONE', *, *, #10709, .F. ) ;
#8097 = SURFACE_SIDE_STYLE ('',( #4542 ) ) ;
#8098 = FILL_AREA_STYLE_COLOUR ( '', #1640 ) ;
#8099 = ADVANCED_FACE ( 'NONE', ( #4961 ), #10939, .F. ) ;
#8100 = ORIENTED_EDGE ( 'NONE', *, *, #5211, .T. ) ;
#8101 = CARTESIAN_POINT ( 'NONE',  ( 4.350000000000003200, -0.2000000000000010400, -9.256930829408594200E-018 ) ) ;
#8102 = DIRECTION ( 'NONE',  ( -1.000000000000000000, 9.827563551769197900E-017, -3.504491870660227200E-017 ) ) ;
#8103 = SURFACE_STYLE_FILL_AREA ( #1358 ) ;
#8104 = ORIENTED_EDGE ( 'NONE', *, *, #4427, .F. ) ;
#8105 = ADVANCED_BREP_SHAPE_REPRESENTATION ( '', ( #10632, #4421, #6489 ), #5911 ) ;
#8106 = ADVANCED_FACE ( 'NONE', ( #8861 ), #2165, .F. ) ;
#8107 = VECTOR ( 'NONE', #9280, 1000.000000000000000 ) ;
#8108 = LINE ( 'NONE', #578, #3439 ) ;
#8109 = CARTESIAN_POINT ( 'NONE',  ( 5.178314331235995400, -3.843314331235968800, 0.9249985170462840000 ) ) ;
#8110 = AXIS2_PLACEMENT_3D ( 'NONE', #3959, #3478, #3599 ) ;
#8111 = STYLED_ITEM ( 'NONE', ( #1206 ), #5888 ) ;
#8112 = PRESENTATION_LAYER_ASSIGNMENT (  '', '', ( #6923 ) ) ;
#8113 = DIRECTION ( 'NONE',  ( 2.209081482755457800E-016, 1.426581805901979600E-016, -1.000000000000000000 ) ) ;
#8114 = ORIENTED_EDGE ( 'NONE', *, *, #7176, .T. ) ;
#8115 = COLOUR_RGB ( '',0.9098039215686274400, 0.4431372549019607600, 0.03137254901960784300 ) ;
#8116 = AXIS2_PLACEMENT_3D ( 'NONE', #951, #6134, #8762 ) ;
#8117 = ORIENTED_EDGE ( 'NONE', *, *, #1544, .T. ) ;
#8118 = EDGE_CURVE ( 'NONE', #7836, #11281, #8009, .T. ) ;
#8119 = SURFACE_STYLE_USAGE ( .BOTH. , #1964 ) ;
#8120 = CIRCLE ( 'NONE', #9115, 0.1250000000000001100 ) ;
#8121 = ORIENTED_EDGE ( 'NONE', *, *, #9892, .T. ) ;
#8122 = FILL_AREA_STYLE ('',( #8080 ) ) ;
#8123 = DIRECTION ( 'NONE',  ( -1.000000000000000000, 1.426581805901979600E-016, -3.504491870660222300E-017 ) ) ;
#8124 = FILL_AREA_STYLE ('',( #5367 ) ) ;
#8125 = ORIENTED_EDGE ( 'NONE', *, *, #1738, .F. ) ;
#8126 = DIRECTION ( 'NONE',  ( -1.000000000000000000, 3.634139519433330100E-015, -7.553600721219157500E-017 ) ) ;
#8127 = CARTESIAN_POINT ( 'NONE',  ( 5.350000000000004100, -3.835000000000000000, -3.650000000000001700 ) ) ;
#8128 = MECHANICAL_DESIGN_GEOMETRIC_PRESENTATION_REPRESENTATION (  '', ( #6336 ), #8728 ) ;
#8129 = MECHANICAL_DESIGN_GEOMETRIC_PRESENTATION_REPRESENTATION (  '', ( #6337 ), #8729 ) ;
#8130 = CARTESIAN_POINT ( 'NONE',  ( -4.450000000000000200, 1.985000000000000300, 4.199999999999999300 ) ) ;
#8131 = ORIENTED_EDGE ( 'NONE', *, *, #6739, .T. ) ;
#8132 = CARTESIAN_POINT ( 'NONE',  ( -5.050000000000001600, -1.117013554021250100E-015, 0.9250000000000004900 ) ) ;
#8133 = PRESENTATION_LAYER_ASSIGNMENT (  '', '', ( #4236 ) ) ;
#8134 = DIRECTION ( 'NONE',  ( 1.000000000000000000, 0.0000000000000000000, 0.0000000000000000000 ) ) ;
#8135 = EDGE_CURVE ( 'NONE', #7615, #9759, #3341, .T. ) ;
#8136 = SURFACE_SIDE_STYLE ('',( #10273 ) ) ;
#8137 = UNCERTAINTY_MEASURE_WITH_UNIT (LENGTH_MEASURE( 1.000000000000000100E-005 ), #9232, 'distance_accuracy_value', 'NONE');
#8138 = DIRECTION ( 'NONE',  ( 1.426581805901979600E-016, 1.000000000000000000, 1.426581805901979900E-016 ) ) ;
#8139 = ORIENTED_EDGE ( 'NONE', *, *, #4290, .F. ) ;
#8140 = CARTESIAN_POINT ( 'NONE',  ( -5.150000000000002100, -0.4000000000000009700, -0.9250000000000002700 ) ) ;
#8141 = PRESENTATION_STYLE_ASSIGNMENT (( #5861 ) ) ;
#8142 = ORIENTED_EDGE ( 'NONE', *, *, #9649, .T. ) ;
#8143 =( NAMED_UNIT ( * ) PLANE_ANGLE_UNIT ( ) SI_UNIT ( $, .RADIAN. ) );
#8144 = VECTOR ( 'NONE', #5626, 1000.000000000000000 ) ;
#8145 = ORIENTED_EDGE ( 'NONE', *, *, #5076, .T. ) ;
#8146 = SURFACE_STYLE_USAGE ( .BOTH. , #3963 ) ;
#8147 = CARTESIAN_POINT ( 'NONE',  ( -5.050000000000002500, -3.865000000000000200, 3.899999999999999900 ) ) ;
#8148 = VECTOR ( 'NONE', #1381, 1000.000000000000000 ) ;
#8149 = MECHANICAL_DESIGN_GEOMETRIC_PRESENTATION_REPRESENTATION (  '', ( #8888 ), #7995 ) ;
#8150 = ORIENTED_EDGE ( 'NONE', *, *, #5474, .F. ) ;
#8151 = DIRECTION ( 'NONE',  ( -1.927470528863119300E-016, -1.426581805901979600E-016, 1.000000000000000000 ) ) ;
#8152 = PLANE ( 'NONE',  #2697 ) ;
#8153 = AXIS2_PLACEMENT_3D ( 'NONE', #2862, #6851, #4655 ) ;
#8154 = COLOUR_RGB ( '',1.000000000000000000, 1.000000000000000000, 1.000000000000000000 ) ;
#8155 = PLANE ( 'NONE',  #3244 ) ;
#8156 = CIRCLE ( 'NONE', #10739, 0.2000000000000000900 ) ;
#8157 = DIRECTION ( 'NONE',  ( 1.000000000000000000, 3.571489509364014100E-015, 1.275531967630005000E-016 ) ) ;
#8158 = ADVANCED_FACE ( 'NONE', ( #7741 ), #7387, .T. ) ;
#8159 = CARTESIAN_POINT ( 'NONE',  ( -3.350000000000001400, -3.515000000000001000, 1.125000000000000000 ) ) ;
#8160 = SURFACE_STYLE_FILL_AREA ( #2474 ) ;
#8161 = CARTESIAN_POINT ( 'NONE',  ( 4.725000000000002300, -3.764999999999999700, 0.8749999999999991100 ) ) ;
#8162 = CIRCLE ( 'NONE', #7316, 0.8000000000000003800 ) ;
#8163 =( LENGTH_UNIT ( ) NAMED_UNIT ( * ) SI_UNIT ( .MILLI., .METRE. ) );
#8164 = EDGE_CURVE ( 'NONE', #1707, #11473, #4559, .T. ) ;
#8165 = ORIENTED_EDGE ( 'NONE', *, *, #5516, .T. ) ;
#8166 = PRESENTATION_LAYER_ASSIGNMENT (  '', '', ( #6372 ) ) ;
#8167 = FACE_OUTER_BOUND ( 'NONE', #2177, .T. ) ;
#8168 = CARTESIAN_POINT ( 'NONE',  ( 3.791564028866438700, -5.047868377768245500E-016, -3.100000000000001000 ) ) ;
#8169 = DIRECTION ( 'NONE',  ( -1.000000000000000000, 3.634139519433330100E-015, -7.553600721219157500E-017 ) ) ;
#8170 = ADVANCED_FACE ( 'NONE', ( #84 ), #5760, .F. ) ;
#8171 = PRESENTATION_STYLE_ASSIGNMENT (( #5095 ) ) ;
#8172 = AXIS2_PLACEMENT_3D ( 'NONE', #8467, #6376, #11149 ) ;
#8173 =( NAMED_UNIT ( * ) PLANE_ANGLE_UNIT ( ) SI_UNIT ( $, .RADIAN. ) );
#8174 = EDGE_LOOP ( 'NONE', ( #146, #2580, #4973, #43, #10998, #11552, #6817, #11020 ) ) ;
#8175 = FILL_AREA_STYLE_COLOUR ( '', #2119 ) ;
#8176 = DIRECTION ( 'NONE',  ( 2.409338161078898200E-017, -1.426581805901979900E-016, 1.000000000000000000 ) ) ;
#8177 = DIRECTION ( 'NONE',  ( 1.000000000000000000, 2.478176394252571900E-015, 0.0000000000000000000 ) ) ;
#8178 = UNCERTAINTY_MEASURE_WITH_UNIT (LENGTH_MEASURE( 1.000000000000000100E-005 ), #1338, 'distance_accuracy_value', 'NONE');
#8179 = DIRECTION ( 'NONE',  ( 1.927470528863119300E-016, -5.952404271712227000E-017, -1.000000000000000000 ) ) ;
#8180 = ORIENTED_EDGE ( 'NONE', *, *, #6642, .T. ) ;
#8181 = CARTESIAN_POINT ( 'NONE',  ( -5.150000000000002100, -1.870000000000000300, 1.125000000000000000 ) ) ;
#8182 = PRESENTATION_STYLE_ASSIGNMENT (( #5161 ) ) ;
#8183 = CYLINDRICAL_SURFACE ( 'NONE', #6855, 0.1249999999999996800 ) ;
#8184 = SURFACE_STYLE_FILL_AREA ( #10855 ) ;
#8185 = SURFACE_STYLE_FILL_AREA ( #634 ) ;
#8186 =( GEOMETRIC_REPRESENTATION_CONTEXT ( 3 ) GLOBAL_UNCERTAINTY_ASSIGNED_CONTEXT ( ( #5234 ) ) GLOBAL_UNIT_ASSIGNED_CONTEXT ( ( #2490, #2453, #2414 ) ) REPRESENTATION_CONTEXT ( 'NONE', 'WORKASPACE' ) );
#8187 = DIRECTION ( 'NONE',  ( 1.000000000000000000, 1.079575420682565100E-017, 0.0000000000000000000 ) ) ;
#8188 =( NAMED_UNIT ( * ) SI_UNIT ( $, .STERADIAN. ) SOLID_ANGLE_UNIT ( ) );
#8189 = CARTESIAN_POINT ( 'NONE',  ( 5.170000000000001700, -1.299616025176703600E-015, 3.850000000000000100 ) ) ;
#8190 = FACE_OUTER_BOUND ( 'NONE', #8920, .T. ) ;
#8191 = ORIENTED_EDGE ( 'NONE', *, *, #8793, .T. ) ;
#8192 = VERTEX_POINT ( 'NONE', #5795 ) ;
#8193 = EDGE_CURVE ( 'NONE', #3567, #892, #3744, .T. ) ;
#8194 = CARTESIAN_POINT ( 'NONE',  ( -2.950000000000002800, -3.365000000000000700, 1.800000000000000500 ) ) ;
#8195 = SURFACE_STYLE_USAGE ( .BOTH. , #7365 ) ;
#8196 = ORIENTED_EDGE ( 'NONE', *, *, #11276, .T. ) ;
#8197 = DIRECTION ( 'NONE',  ( -7.553600721220332200E-017, -2.140309255009064400E-017, 1.000000000000000000 ) ) ;
#8198 = CARTESIAN_POINT ( 'NONE',  ( -3.790000000000003100, -0.2000000000000013700, 2.350000000000001400 ) ) ;
#8199 = LINE ( 'NONE', #5121, #1416 ) ;
#8200 = LINE ( 'NONE', #386, #6950 ) ;
#8201 = ORIENTED_EDGE ( 'NONE', *, *, #6929, .F. ) ;
#8202 =( NAMED_UNIT ( * ) SI_UNIT ( $, .STERADIAN. ) SOLID_ANGLE_UNIT ( ) );
#8203 = EDGE_LOOP ( 'NONE', ( #772, #2840, #10649, #7100 ) ) ;
#8204 = STYLED_ITEM ( 'NONE', ( #3816 ), #6759 ) ;
#8205 = PRESENTATION_LAYER_ASSIGNMENT (  '', '', ( #7613 ) ) ;
#8206 = CARTESIAN_POINT ( 'NONE',  ( -5.100000000000003200, -3.390000000000000100, 1.174999999999999400 ) ) ;
#8207 =( LENGTH_UNIT ( ) NAMED_UNIT ( * ) SI_UNIT ( .MILLI., .METRE. ) );
#8208 = EDGE_CURVE ( 'NONE', #6132, #8400, #10546, .T. ) ;
#8209 = DIRECTION ( 'NONE',  ( -0.0000000000000000000, 1.000000000000000000, -0.0000000000000000000 ) ) ;
#8210 = EDGE_CURVE ( 'NONE', #2910, #983, #1364, .T. ) ;
#8211 = ORIENTED_EDGE ( 'NONE', *, *, #7699, .F. ) ;
#8212 = ORIENTED_EDGE ( 'NONE', *, *, #7166, .T. ) ;
#8213 = ORIENTED_EDGE ( 'NONE', *, *, #2008, .F. ) ;
#8214 = DIRECTION ( 'NONE',  ( -1.000000000000000000, 1.426581805901979900E-016, -1.927470528863118800E-016 ) ) ;
#8215 = EDGE_LOOP ( 'NONE', ( #6884, #684, #8949, #7505 ) ) ;
#8216 = CARTESIAN_POINT ( 'NONE',  ( 5.148787477711381100, -0.2215571848879120100, 2.345114163848047700 ) ) ;
#8217 = CARTESIAN_POINT ( 'NONE',  ( 3.350000000000003200, -3.815000000000000400, 0.9249999999999988200 ) ) ;
#8218 = SURFACE_SIDE_STYLE ('',( #10135 ) ) ;
#8219 = PRESENTATION_STYLE_ASSIGNMENT (( #5708 ) ) ;
#8220 = CARTESIAN_POINT ( 'NONE',  ( -5.267157287525381400, -3.826715728752538800, 0.9249999999999998200 ) ) ;
#8221 = DIRECTION ( 'NONE',  ( -1.426581805901979600E-016, 1.000000000000000000, 1.426581805901979400E-016 ) ) ;
#8222 = ADVANCED_FACE ( 'NONE', ( #1075 ), #11129, .F. ) ;
#8223 = MECHANICAL_DESIGN_GEOMETRIC_PRESENTATION_REPRESENTATION (  '', ( #8423 ), #9909 ) ;
#8224 = SURFACE_STYLE_USAGE ( .BOTH. , #6547 ) ;
#8225 =( NAMED_UNIT ( * ) PLANE_ANGLE_UNIT ( ) SI_UNIT ( $, .RADIAN. ) );
#8226 = DIRECTION ( 'NONE',  ( -1.000000000000000000, 3.657902066415302200E-018, -1.927470528863119000E-016 ) ) ;
#8227 = CARTESIAN_POINT ( 'NONE',  ( 5.150000000000003900, -1.869999999999999900, -1.175000000000000300 ) ) ;
#8228 = CARTESIAN_POINT ( 'NONE',  ( -5.120000000000001900, -0.2000000000000004600, -3.850000000000000500 ) ) ;
#8229 = CARTESIAN_POINT ( 'NONE',  ( -5.150000000000003000, -3.785000000000001000, 3.650000000000001200 ) ) ;
#8230 = FILL_AREA_STYLE_COLOUR ( '', #791 ) ;
#8231 = ADVANCED_FACE ( 'NONE', ( #4949 ), #6189, .T. ) ;
#8232 = CLOSED_SHELL ( 'NONE', ( #10246, #9425, #10879, #4897, #5537, #7810, #9176, #3312, #5995, #367, #4575, #4588, #9065, #4952, #9483, #2629, #9952, #6290, #1309, #6647, #2920, #10130, #9192, #6228, #8099, #4789, #2229, #2, #1144, #9295, #6702, #3720, #9075, #2867, #6417, #3909, #8441, #7288, #1618, #6931, #8170, #3060, #10981, #3269, #7178, #11445, #1202, #3373, #1496, #8057, #2049, #3601, #3044, #4337, #124, #1928, #4119, #3152, #240, #3667, #3776, #6819, #9121, #3428, #4450, #765, #110, #5726, #2180, #312, #2397, #4063, #3850, #1189, #4524, #2115, #10010, #2289, #5365, #4642, #6050, #2344, #8619, #2105, #5429, #6871, #9133, #304, #4513, #6299, #5181, #10696, #3654, #5657, #10810, #2929, #9891, #713, #10821, #1737, #4230, #11162, #10992, #8502, #9003, #5843, #3835, #3480, #5669, #5785, #4694, #8391, #478, #8222, #1134, #9241, #7112, #1080, #11040, #9586, #181, #1987, #7301, #2993, #1064, #7471, #10302, #1436, #2508, #4281, #8158, #6585, #3787, #2057, #7528, #2981, #2807, #6520, #937, #10937, #10139, #5948, #6759, #4011, #7863, #7411, #1557, #6409, #10759, #10191, #8288, #4171, #5478, #6111, #8337, #7357, #535, #5417, #9642, #4740, #193, #7588, #2742, #10458, #7346, #1010, #420, #6531, #2459, #10865, #69, #3094, #4752, #5014, #6346, #10570, #1251, #8231, #9433, #10750, #2565, #5601, #9960, #1367, #7988, #7753, #4686, #9012, #11263, #3960, #5611, #5888, #7225, #10018, #8044, #6467, #3729, #659, #1944, #7421, #7695, #5240, #10079, #11209, #1003, #3900, #3208, #8944, #8681, #10926 ) ) ;
#8233 = CARTESIAN_POINT ( 'NONE',  ( -4.850000000000002300, -1.870000000000000600, 1.125000000000000200 ) ) ;
#8234 = ORIENTED_EDGE ( 'NONE', *, *, #3279, .F. ) ;
#8235 = FILL_AREA_STYLE_COLOUR ( '', #260 ) ;
#8236 = STYLED_ITEM ( 'NONE', ( #8673 ), #8803 ) ;
#8237 =( NAMED_UNIT ( * ) SI_UNIT ( $, .STERADIAN. ) SOLID_ANGLE_UNIT ( ) );
#8238 = MECHANICAL_DESIGN_GEOMETRIC_PRESENTATION_REPRESENTATION (  '', ( #7063 ), #8705 ) ;
#8239 = CYLINDRICAL_SURFACE ( 'NONE', #5551, 0.7999999999999999300 ) ;
#8240 = DIRECTION ( 'NONE',  ( 0.0000000000000000000, -6.829619984160660000E-016, 1.000000000000000000 ) ) ;
#8241 = CARTESIAN_POINT ( 'NONE',  ( -5.150000000000003000, -1.870000000000000300, 1.174999999999999800 ) ) ;
#8242 = PRESENTATION_STYLE_ASSIGNMENT (( #10374 ) ) ;
#8243 = CIRCLE ( 'NONE', #6211, 0.1250000000000001100 ) ;
#8244 = DIRECTION ( 'NONE',  ( -2.409338161078898200E-017, 1.426581805901979900E-016, -1.000000000000000000 ) ) ;
#8245 = COLOUR_RGB ( '',1.000000000000000000, 1.000000000000000000, 1.000000000000000000 ) ;
#8246 = CARTESIAN_POINT ( 'NONE',  ( 2.950000000000002800, -3.665000000000000900, -2.625000000000000000 ) ) ;
#8247 = MECHANICAL_DESIGN_GEOMETRIC_PRESENTATION_REPRESENTATION (  '', ( #8339 ), #8186 ) ;
#8248 = SURFACE_STYLE_USAGE ( .BOTH. , #2101 ) ;
#8249 = ORIENTED_EDGE ( 'NONE', *, *, #6624, .T. ) ;
#8250 = CARTESIAN_POINT ( 'NONE',  ( -5.250000000000000900, 0.0000000000000000000, 5.000000000000000000 ) ) ;
#8251 =( NAMED_UNIT ( * ) PLANE_ANGLE_UNIT ( ) SI_UNIT ( $, .RADIAN. ) );
#8252 = DIRECTION ( 'NONE',  ( 1.927470528863118800E-016, 2.725027521453482400E-016, -1.000000000000000000 ) ) ;
#8253 = VECTOR ( 'NONE', #6354, 1000.000000000000000 ) ;
#8254 = FILL_AREA_STYLE_COLOUR ( '', #5779 ) ;
#8255 = EDGE_LOOP ( 'NONE', ( #6679, #11298, #994, #8249, #8121, #4350, #9608, #7026, #2769, #5765, #3930, #4879, #8483 ) ) ;
#8256 = EDGE_CURVE ( 'NONE', #7619, #10786, #10947, .T. ) ;
#8257 =( GEOMETRIC_REPRESENTATION_CONTEXT ( 3 ) GLOBAL_UNCERTAINTY_ASSIGNED_CONTEXT ( ( #3058 ) ) GLOBAL_UNIT_ASSIGNED_CONTEXT ( ( #6984, #857, #9602 ) ) REPRESENTATION_CONTEXT ( 'NONE', 'WORKASPACE' ) );
#8258 = VECTOR ( 'NONE', #5609, 1000.000000000000000 ) ;
#8259 = VECTOR ( 'NONE', #5311, 1000.000000000000000 ) ;
#8260 =( NAMED_UNIT ( * ) SI_UNIT ( $, .STERADIAN. ) SOLID_ANGLE_UNIT ( ) );
#8261 = CARTESIAN_POINT ( 'NONE',  ( 4.025000000000001200, -0.1250000000000016400, -0.7499999999999980000 ) ) ;
#8262 = DIRECTION ( 'NONE',  ( 1.000000000000000000, 0.0000000000000000000, 0.0000000000000000000 ) ) ;
#8263 = ORIENTED_EDGE ( 'NONE', *, *, #6861, .F. ) ;
#8264 = CARTESIAN_POINT ( 'NONE',  ( 4.449999999999997500, 0.0000000000000000000, -4.200000000000001100 ) ) ;
#8265 = EDGE_LOOP ( 'NONE', ( #779, #7688, #5137, #2395, #91, #3976 ) ) ;
#8266 = DIRECTION ( 'NONE',  ( -1.000000000000000000, 3.526005099788157400E-016, 2.409338161078903100E-017 ) ) ;
#8267 = EDGE_LOOP ( 'NONE', ( #6159, #10741, #9101, #249, #5981, #11147, #3396, #5214, #9036 ) ) ;
#8268 = PRESENTATION_LAYER_ASSIGNMENT (  '', '', ( #8339 ) ) ;
#8269 = SURFACE_SIDE_STYLE ('',( #5239 ) ) ;
#8270 = MECHANICAL_DESIGN_GEOMETRIC_PRESENTATION_REPRESENTATION (  '', ( #6478 ), #8871 ) ;
#8272 = AXIS2_PLACEMENT_3D ( 'NONE', #7378, #11524, #11462 ) ;
#8271 = AXIS2_PLACEMENT_3D ( 'NONE', #771, #6982, #1700 ) ;
#8273 = FACE_OUTER_BOUND ( 'NONE', #2044, .T. ) ;
#8274 = EDGE_CURVE ( 'NONE', #2982, #10609, #4155, .T. ) ;
#8275 = EDGE_CURVE ( 'NONE', #2417, #1383, #3889, .T. ) ;
#8276 = CIRCLE ( 'NONE', #5679, 0.2999999999999999300 ) ;
#8277 = CARTESIAN_POINT ( 'NONE',  ( -2.950000000000002800, -3.665000000000000500, -3.899999999999999500 ) ) ;
#8278 = ADVANCED_FACE ( 'NONE', ( #8564 ), #2432, .F. ) ;
#8279 = VERTEX_POINT ( 'NONE', #8577 ) ;
#8280 = VECTOR ( 'NONE', #9944, 1000.000000000000000 ) ;
#8281 = CARTESIAN_POINT ( 'NONE',  ( -5.149999999999997700, -3.815000000000000400, -0.9250000000000004900 ) ) ;
#8282 = COLOUR_RGB ( '',0.5019607843137254800, 0.5019607843137254800, 0.5019607843137254800 ) ;
#8283 = CARTESIAN_POINT ( 'NONE',  ( -2.950000000000002800, -3.865000000000000200, -3.899999999999999500 ) ) ;
#8284 = PRESENTATION_LAYER_ASSIGNMENT (  '', '', ( #8888 ) ) ;
#8285 = MECHANICAL_DESIGN_GEOMETRIC_PRESENTATION_REPRESENTATION (  '', ( #6488 ), #8890 ) ;
#8286 = MECHANICAL_DESIGN_GEOMETRIC_PRESENTATION_REPRESENTATION (  '', ( #7095 ), #8891 ) ;
#8287 = DIRECTION ( 'NONE',  ( 0.0000000000000000000, -3.252606517456513300E-015, 1.000000000000000000 ) ) ;
#8288 = ADVANCED_FACE ( 'NONE', ( #2778 ), #4221, .F. ) ;
#8289 =( NAMED_UNIT ( * ) PLANE_ANGLE_UNIT ( ) SI_UNIT ( $, .RADIAN. ) );
#8290 = AXIS2_PLACEMENT_3D ( 'NONE', #4543, #10518, #986 ) ;
#8291 = CARTESIAN_POINT ( 'NONE',  ( -4.025000000000000400, -0.1249999999999994000, -0.7500000000000005600 ) ) ;
#8292 = ORIENTED_EDGE ( 'NONE', *, *, #3680, .T. ) ;
#8293 =( LENGTH_UNIT ( ) NAMED_UNIT ( * ) SI_UNIT ( .MILLI., .METRE. ) );
#8294 = UNCERTAINTY_MEASURE_WITH_UNIT (LENGTH_MEASURE( 1.000000000000000100E-005 ), #8489, 'distance_accuracy_value', 'NONE');
#8295 = DIRECTION ( 'NONE',  ( -1.000000000000000000, 1.426581805901979900E-016, -2.209081482755457600E-016 ) ) ;
#8296 = LINE ( 'NONE', #8850, #3608 ) ;
#8297 =( NAMED_UNIT ( * ) SI_UNIT ( $, .STERADIAN. ) SOLID_ANGLE_UNIT ( ) );
#8299 = DIRECTION ( 'NONE',  ( -1.426581805901975000E-016, 1.000000000000000000, 2.140309255008997200E-017 ) ) ;
#8298 = CIRCLE ( 'NONE', #4729, 0.7999999999999999300 ) ;
#8300 = CARTESIAN_POINT ( 'NONE',  ( 5.350000000000002300, -0.2000000000000012600, 1.007842712474619400 ) ) ;
#8301 = DIRECTION ( 'NONE',  ( 1.000000000000000000, -0.0000000000000000000, -0.0000000000000000000 ) ) ;
#8302 = DIRECTION ( 'NONE',  ( 0.3417430630867060400, 0.0000000000000000000, -0.9397934234884364200 ) ) ;
#8303 = ORIENTED_EDGE ( 'NONE', *, *, #2833, .T. ) ;
#8304 = PRESENTATION_STYLE_ASSIGNMENT (( #8956 ) ) ;
#8305 = DIRECTION ( 'NONE',  ( -1.426581805901979600E-016, 1.000000000000000000, 1.426581805901979400E-016 ) ) ;
#8306 = EDGE_CURVE ( 'NONE', #1714, #10795, #656, .T. ) ;
#8307 = SURFACE_STYLE_FILL_AREA ( #10774 ) ;
#8308 = AXIS2_PLACEMENT_3D ( 'NONE', #7726, #2465, #8612 ) ;
#8309 = SURFACE_SIDE_STYLE ('',( #6482 ) ) ;
#8310 = DIRECTION ( 'NONE',  ( -1.426581805901979600E-016, -1.000000000000000000, -1.281360903504773400E-017 ) ) ;
#8311 = EDGE_LOOP ( 'NONE', ( #5572, #9556, #7609, #6734, #3871 ) ) ;
#8312 = LINE ( 'NONE', #2075, #5955 ) ;
#8313 =( LENGTH_UNIT ( ) NAMED_UNIT ( * ) SI_UNIT ( .MILLI., .METRE. ) );
#8314 = DIRECTION ( 'NONE',  ( 1.000000000000000000, 0.0000000000000000000, 0.0000000000000000000 ) ) ;
#8315 = VECTOR ( 'NONE', #7668, 1000.000000000000000 ) ;
#8316 = LINE ( 'NONE', #2403, #1255 ) ;
#8317 = DIRECTION ( 'NONE',  ( -1.426581805901975000E-016, -1.000000000000000000, -3.348823158252935900E-015 ) ) ;
#8318 = LINE ( 'NONE', #2336, #5963 ) ;
#8319 = ORIENTED_EDGE ( 'NONE', *, *, #29, .T. ) ;
#8320 = AXIS2_PLACEMENT_3D ( 'NONE', #2936, #2899, #2874 ) ;
#8321 = EDGE_CURVE ( 'NONE', #1103, #11197, #4277, .T. ) ;
#8322 = DIRECTION ( 'NONE',  ( -0.0000000000000000000, 1.000000000000000000, 6.829619984160660000E-016 ) ) ;
#8323 = UNCERTAINTY_MEASURE_WITH_UNIT (LENGTH_MEASURE( 1.000000000000000100E-005 ), #9250, 'distance_accuracy_value', 'NONE');
#8324 = AXIS2_PLACEMENT_3D ( 'NONE', #1518, #6802, #3359 ) ;
#8325 = UNCERTAINTY_MEASURE_WITH_UNIT (LENGTH_MEASURE( 1.000000000000000100E-005 ), #7118, 'distance_accuracy_value', 'NONE');
#8326 = ORIENTED_EDGE ( 'NONE', *, *, #1269, .F. ) ;
#8327 =( NAMED_UNIT ( * ) SI_UNIT ( $, .STERADIAN. ) SOLID_ANGLE_UNIT ( ) );
#8328 = FILL_AREA_STYLE_COLOUR ( '', #1898 ) ;
#8329 = SURFACE_STYLE_FILL_AREA ( #4105 ) ;
#8330 =( LENGTH_UNIT ( ) NAMED_UNIT ( * ) SI_UNIT ( .MILLI., .METRE. ) );
#8331 = PRODUCT_DEFINITION_CONTEXT ( 'detailed design', #5199, 'design' ) ;
#8332 = VECTOR ( 'NONE', #10504, 1000.000000000000000 ) ;
#8333 = SURFACE_SIDE_STYLE ('',( #9310 ) ) ;
#8334 =( NAMED_UNIT ( * ) SI_UNIT ( $, .STERADIAN. ) SOLID_ANGLE_UNIT ( ) );
#8335 = ORIENTED_EDGE ( 'NONE', *, *, #9627, .F. ) ;
#8336 = CARTESIAN_POINT ( 'NONE',  ( -4.750000000000001800, 0.0000000000000000000, -1.800000000000000300 ) ) ;
#8337 = ADVANCED_FACE ( 'NONE', ( #8702 ), #3200, .F. ) ;
#8338 = AXIS2_PLACEMENT_3D ( 'NONE', #2333, #2216, #2178 ) ;
#8339 = STYLED_ITEM ( 'NONE', ( #855 ), #4588 ) ;
#8340 = DIRECTION ( 'NONE',  ( -1.000000000000000000, -1.426581805901975000E-016, -2.200962968769372400E-016 ) ) ;
#8341 = AXIS2_PLACEMENT_3D ( 'NONE', #9650, #10497, #4324 ) ;
#8342 = DIRECTION ( 'NONE',  ( -4.707476099338773300E-016, -1.426581805901979900E-016, 1.000000000000000000 ) ) ;
#8343 = CARTESIAN_POINT ( 'NONE',  ( -3.350000000000001400, -3.515000000000001000, 0.9249999999999998200 ) ) ;
#8344 =( NAMED_UNIT ( * ) PLANE_ANGLE_UNIT ( ) SI_UNIT ( $, .RADIAN. ) );
#8345 = CARTESIAN_POINT ( 'NONE',  ( 5.350000000000005000, -0.2000000000000013700, 2.250000000000000900 ) ) ;
#8346 = VERTEX_POINT ( 'NONE', #6042 ) ;
#8347 = PRESENTATION_LAYER_ASSIGNMENT (  '', '', ( #3422 ) ) ;
#8348 = ORIENTED_EDGE ( 'NONE', *, *, #11018, .T. ) ;
#8349 = EDGE_CURVE ( 'NONE', #7589, #2910, #7857, .T. ) ;
#8350 = CARTESIAN_POINT ( 'NONE',  ( -3.350000000000002300, -3.815000000000000400, -0.9249999999999999300 ) ) ;
#8351 =( NAMED_UNIT ( * ) SI_UNIT ( $, .STERADIAN. ) SOLID_ANGLE_UNIT ( ) );
#8352 = EDGE_LOOP ( 'NONE', ( #4022, #4769, #10278, #6418 ) ) ;
#8353 = PRESENTATION_STYLE_ASSIGNMENT (( #2583 ) ) ;
#8354 = DIRECTION ( 'NONE',  ( 1.426581805901979900E-016, -1.000000000000000000, -2.725027521453481900E-016 ) ) ;
#8355 = DIRECTION ( 'NONE',  ( -3.526005099788157400E-016, 1.000000000000000000, 1.426581805901978900E-016 ) ) ;
#8356 = VERTEX_POINT ( 'NONE', #6942 ) ;
#8357 = VERTEX_POINT ( 'NONE', #7837 ) ;
#8358 = PRESENTATION_LAYER_ASSIGNMENT (  '', '', ( #7763 ) ) ;
#8359 = MECHANICAL_DESIGN_GEOMETRIC_PRESENTATION_REPRESENTATION (  '', ( #7160 ), #8971 ) ;
#8360 = DIRECTION ( 'NONE',  ( -1.426581805901975000E-016, 1.000000000000000000, 2.140309255008997200E-017 ) ) ;
#8361 = CARTESIAN_POINT ( 'NONE',  ( -5.170000000000002600, -4.015000000000000600, -1.125000000000000700 ) ) ;
#8362 = VERTEX_POINT ( 'NONE', #8727 ) ;
#8363 = AXIS2_PLACEMENT_3D ( 'NONE', #9015, #11127, #6701 ) ;
#8364 = CARTESIAN_POINT ( 'NONE',  ( -5.211542179912422400, -3.876542179912419800, -0.9240739029081893600 ) ) ;
#8365 = FACE_OUTER_BOUND ( 'NONE', #5339, .T. ) ;
#8366 = EDGE_CURVE ( 'NONE', #568, #51, #5217, .T. ) ;
#8367 = CARTESIAN_POINT ( 'NONE',  ( -2.950000000000002800, -3.665000000000000900, 3.899999999999999900 ) ) ;
#8368 = FILL_AREA_STYLE_COLOUR ( '', #1113 ) ;
#8369 = SURFACE_SIDE_STYLE ('',( #7629 ) ) ;
#8370 = ORIENTED_EDGE ( 'NONE', *, *, #8210, .T. ) ;
#8371 = DIRECTION ( 'NONE',  ( 0.0000000000000000000, 0.0000000000000000000, -1.000000000000000000 ) ) ;
#8372 = SURFACE_STYLE_USAGE ( .BOTH. , #2620 ) ;
#8373 = EDGE_CURVE ( 'NONE', #7889, #4031, #9992, .T. ) ;
#8374 = ORIENTED_EDGE ( 'NONE', *, *, #4986, .T. ) ;
#8375 = AXIS2_PLACEMENT_3D ( 'NONE', #9076, #3765, #9989 ) ;
#8376 =( NAMED_UNIT ( * ) PLANE_ANGLE_UNIT ( ) SI_UNIT ( $, .RADIAN. ) );
#8377 =( NAMED_UNIT ( * ) SI_UNIT ( $, .STERADIAN. ) SOLID_ANGLE_UNIT ( ) );
#8378 =( NAMED_UNIT ( * ) PLANE_ANGLE_UNIT ( ) SI_UNIT ( $, .RADIAN. ) );
#8379 = CARTESIAN_POINT ( 'NONE',  ( -5.120000000000002800, -3.815000000000000800, 0.9249999999999993800 ) ) ;
#8380 = FACE_OUTER_BOUND ( 'NONE', #9339, .T. ) ;
#8381 = ORIENTED_EDGE ( 'NONE', *, *, #9448, .F. ) ;
#8382 = FACE_OUTER_BOUND ( 'NONE', #1007, .T. ) ;
#8383 = DIRECTION ( 'NONE',  ( -2.409338161078898200E-016, 1.426581805901978900E-016, -1.000000000000000000 ) ) ;
#8384 = ORIENTED_EDGE ( 'NONE', *, *, #10745, .T. ) ;
#8385 = COLOUR_RGB ( '',1.000000000000000000, 1.000000000000000000, 1.000000000000000000 ) ;
#8386 = CARTESIAN_POINT ( 'NONE',  ( 4.025000000000001200, -0.2500000000000016100, -0.7499999999999980000 ) ) ;
#8387 = ORIENTED_EDGE ( 'NONE', *, *, #3411, .T. ) ;
#8388 = SURFACE_SIDE_STYLE ('',( #11390 ) ) ;
#8389 = MECHANICAL_DESIGN_GEOMETRIC_PRESENTATION_REPRESENTATION (  '', ( #7193 ), #9010 ) ;
#8390 =( NAMED_UNIT ( * ) SI_UNIT ( $, .STERADIAN. ) SOLID_ANGLE_UNIT ( ) );
#8391 = ADVANCED_FACE ( 'NONE', ( #5493 ), #9652, .T. ) ;
#8392 =( NAMED_UNIT ( * ) PLANE_ANGLE_UNIT ( ) SI_UNIT ( $, .RADIAN. ) );
#8393 = VECTOR ( 'NONE', #7779, 1000.000000000000000 ) ;
#8394 =( GEOMETRIC_REPRESENTATION_CONTEXT ( 3 ) GLOBAL_UNCERTAINTY_ASSIGNED_CONTEXT ( ( #1644 ) ) GLOBAL_UNIT_ASSIGNED_CONTEXT ( ( #218, #8392, #4589 ) ) REPRESENTATION_CONTEXT ( 'NONE', 'WORKASPACE' ) );
#8395 = CARTESIAN_POINT ( 'NONE',  ( 4.725000000000003200, -3.765000000000000600, -1.175000000000000700 ) ) ;
#8396 = PLANE ( 'NONE',  #7383 ) ;
#8397 = ORIENTED_EDGE ( 'NONE', *, *, #10123, .F. ) ;
#8398 = LINE ( 'NONE', #9107, #6027 ) ;
#8399 = ORIENTED_EDGE ( 'NONE', *, *, #5361, .F. ) ;
#8400 = VERTEX_POINT ( 'NONE', #7025 ) ;
#8401 =( NAMED_UNIT ( * ) PLANE_ANGLE_UNIT ( ) SI_UNIT ( $, .RADIAN. ) );
#8402 =( NAMED_UNIT ( * ) PLANE_ANGLE_UNIT ( ) SI_UNIT ( $, .RADIAN. ) );
#8403 = FACE_OUTER_BOUND ( 'NONE', #10720, .T. ) ;
#8404 = LINE ( 'NONE', #2523, #6039 ) ;
#8405 = DIRECTION ( 'NONE',  ( -0.0000000000000000000, -1.000000000000000000, -0.0000000000000000000 ) ) ;
#8406 = EDGE_CURVE ( 'NONE', #5470, #5186, #4404, .T. ) ;
#8407 = MECHANICAL_DESIGN_GEOMETRIC_PRESENTATION_REPRESENTATION (  '', ( #8549 ), #8257 ) ;
#8408 = VERTEX_POINT ( 'NONE', #815 ) ;
#8409 = COLOUR_RGB ( '',1.000000000000000000, 1.000000000000000000, 1.000000000000000000 ) ;
#8410 =( NAMED_UNIT ( * ) PLANE_ANGLE_UNIT ( ) SI_UNIT ( $, .RADIAN. ) );
#8411 =( LENGTH_UNIT ( ) NAMED_UNIT ( * ) SI_UNIT ( .MILLI., .METRE. ) );
#8412 = CARTESIAN_POINT ( 'NONE',  ( 4.975000000000002300, -3.964999999999999900, 0.7500000000000018900 ) ) ;
#8413 = ORIENTED_EDGE ( 'NONE', *, *, #9630, .F. ) ;
#8414 =( NAMED_UNIT ( * ) PLANE_ANGLE_UNIT ( ) SI_UNIT ( $, .RADIAN. ) );
#8415 = CYLINDRICAL_SURFACE ( 'NONE', #727, 0.2000000000000000900 ) ;
#8416 =( NAMED_UNIT ( * ) SI_UNIT ( $, .STERADIAN. ) SOLID_ANGLE_UNIT ( ) );
#8417 =( GEOMETRIC_REPRESENTATION_CONTEXT ( 3 ) GLOBAL_UNCERTAINTY_ASSIGNED_CONTEXT ( ( #4326 ) ) GLOBAL_UNIT_ASSIGNED_CONTEXT ( ( #1, #10228, #1188 ) ) REPRESENTATION_CONTEXT ( 'NONE', 'WORKASPACE' ) );
#8418 = STYLED_ITEM ( 'NONE', ( #10318 ), #10750 ) ;
#8419 = ORIENTED_EDGE ( 'NONE', *, *, #6151, .T. ) ;
#8420 = DIRECTION ( 'NONE',  ( -1.079575420682579900E-017, -1.000000000000000000, -1.426581805901979900E-016 ) ) ;
#8421 = CIRCLE ( 'NONE', #792, 0.04999999999999991300 ) ;
#8422 = VERTEX_POINT ( 'NONE', #1750 ) ;
#8423 = STYLED_ITEM ( 'NONE', ( #5775 ), #1003 ) ;
#8424 = EDGE_CURVE ( 'NONE', #6244, #10457, #8841, .T. ) ;
#8425 = UNCERTAINTY_MEASURE_WITH_UNIT (LENGTH_MEASURE( 1.000000000000000100E-005 ), #8791, 'distance_accuracy_value', 'NONE');
#8426 = DIRECTION ( 'NONE',  ( -1.927470528863118800E-016, -2.725027521453482400E-016, 1.000000000000000000 ) ) ;
#8427 = LINE ( 'NONE', #1035, #1368 ) ;
#8428 = DIRECTION ( 'NONE',  ( 1.000000000000000000, -1.426581805901979900E-016, 1.927470528863118800E-016 ) ) ;
#8429 = CARTESIAN_POINT ( 'NONE',  ( 3.350000000000002300, -0.2000000000000011800, 0.9249999999999998200 ) ) ;
#8430 = B_SPLINE_CURVE_WITH_KNOTS ( 'NONE', 3,
 ( #4405, #4519, #4068, #4030, #3888, #3842, #3759, #3677, #3604, #3537, #3461, #3353, #3337, #3298, #3271, #3198 ),
 .UNSPECIFIED., .F., .F.,
 ( 4, 3, 3, 3, 3, 4 ),
 ( 0.0000000000000000000, 1.004080772794625700E-005, 2.008917776796154900E-005, 2.998820395310656800E-005, 3.931010091357533500E-005, 4.895654316241419900E-005 ),
 .UNSPECIFIED. ) ;
#8431 = SURFACE_STYLE_USAGE ( .BOTH. , #10179 ) ;
#8432 = STYLED_ITEM ( 'NONE', ( #6451 ), #69 ) ;
#8433 = COLOUR_RGB ( '',0.9098039215686274400, 0.4431372549019607600, 0.03137254901960784300 ) ;
#8434 =( NAMED_UNIT ( * ) SI_UNIT ( $, .STERADIAN. ) SOLID_ANGLE_UNIT ( ) );
#8435 =( NAMED_UNIT ( * ) SI_UNIT ( $, .STERADIAN. ) SOLID_ANGLE_UNIT ( ) );
#8436 = FILL_AREA_STYLE ('',( #8874 ) ) ;
#8437 = DIRECTION ( 'NONE',  ( 0.0000000000000000000, -0.9397934234884372000, 0.3417430630867041000 ) ) ;
#8438 = VERTEX_POINT ( 'NONE', #776 ) ;
#8439 =( NAMED_UNIT ( * ) PLANE_ANGLE_UNIT ( ) SI_UNIT ( $, .RADIAN. ) );
#8440 = SURFACE_SIDE_STYLE ('',( #3040 ) ) ;
#8441 = ADVANCED_FACE ( 'NONE', ( #6747 ), #10627, .T. ) ;
#8442 = PRESENTATION_STYLE_ASSIGNMENT (( #3203 ) ) ;
#8443 = LINE ( 'NONE', #6024, #6079 ) ;
#8444 = FILL_AREA_STYLE_COLOUR ( '', #6524 ) ;
#8445 = CARTESIAN_POINT ( 'NONE',  ( 4.025000000000001200, -0.2500000000000019400, 0.7500000000000021100 ) ) ;
#8446 = DIRECTION ( 'NONE',  ( -1.000000000000000000, 4.755272686339936200E-017, 2.409338161078900700E-017 ) ) ;
#8447 = SURFACE_STYLE_FILL_AREA ( #8064 ) ;
#8448 = COLOUR_RGB ( '',1.000000000000000000, 1.000000000000000000, 1.000000000000000000 ) ;
#8449 = ORIENTED_EDGE ( 'NONE', *, *, #6340, .T. ) ;
#8450 = DIRECTION ( 'NONE',  ( -1.927470528863119000E-016, -1.426581805901979600E-016, 1.000000000000000000 ) ) ;
#8451 = SURFACE_SIDE_STYLE ('',( #1975 ) ) ;
#8452 = EDGE_CURVE ( 'NONE', #2796, #3836, #5637, .T. ) ;
#8453 = PRESENTATION_LAYER_ASSIGNMENT (  '', '', ( #1449 ) ) ;
#8454 = CIRCLE ( 'NONE', #2723, 0.2999999999999999300 ) ;
#8455 = STYLED_ITEM ( 'NONE', ( #5206 ), #8619 ) ;
#8456 = DIRECTION ( 'NONE',  ( 1.000000000000000000, 6.776263578034399000E-017, 1.084202172485503800E-015 ) ) ;
#8457 = LINE ( 'NONE', #1512, #5836 ) ;
#8458 = PRESENTATION_LAYER_ASSIGNMENT (  '', '', ( #8549 ) ) ;
#8459 = LINE ( 'NONE', #9287, #3780 ) ;
#8460 = ORIENTED_EDGE ( 'NONE', *, *, #11504, .T. ) ;
#8461 = CARTESIAN_POINT ( 'NONE',  ( 3.350000000000002300, -0.2000000000000011800, 0.9249999999999998200 ) ) ;
#8462 = DIRECTION ( 'NONE',  ( -1.000000000000000000, 0.0000000000000000000, 0.0000000000000000000 ) ) ;
#8463 = ORIENTED_EDGE ( 'NONE', *, *, #2640, .F. ) ;
#8464 = UNCERTAINTY_MEASURE_WITH_UNIT (LENGTH_MEASURE( 1.000000000000000100E-005 ), #10748, 'distance_accuracy_value', 'NONE');
#8465 = CARTESIAN_POINT ( 'NONE',  ( -4.450000000000001100, -3.865000000000000200, 5.000000000000000000 ) ) ;
#8466 = ORIENTED_EDGE ( 'NONE', *, *, #6739, .F. ) ;
#8467 = CARTESIAN_POINT ( 'NONE',  ( 4.390000000000005000, -4.016000000000000000, -3.100000000000001400 ) ) ;
#8468 = SURFACE_SIDE_STYLE ('',( #7650 ) ) ;
#8469 = PLANE ( 'NONE',  #3916 ) ;
#8470 =( GEOMETRIC_REPRESENTATION_CONTEXT ( 3 ) GLOBAL_UNCERTAINTY_ASSIGNED_CONTEXT ( ( #7655 ) ) GLOBAL_UNIT_ASSIGNED_CONTEXT ( ( #3146, #3108, #3078 ) ) REPRESENTATION_CONTEXT ( 'NONE', 'WORKASPACE' ) );
#8471 = VERTEX_POINT ( 'NONE', #6192 ) ;
#8472 = AXIS2_PLACEMENT_3D ( 'NONE', #8194, #2927, #9106 ) ;
#8473 = ORIENTED_EDGE ( 'NONE', *, *, #3423, .F. ) ;
#8474 = CARTESIAN_POINT ( 'NONE',  ( -4.350000000000004100, -3.515000000000000600, 0.9249999999999997100 ) ) ;
#8475 = AXIS2_PLACEMENT_3D ( 'NONE', #1748, #1716, #1674 ) ;
#8476 =( NAMED_UNIT ( * ) PLANE_ANGLE_UNIT ( ) SI_UNIT ( $, .RADIAN. ) );
#8477 = VECTOR ( 'NONE', #5681, 1000.000000000000000 ) ;
#8478 = FACE_OUTER_BOUND ( 'NONE', #748, .T. ) ;
#8479 = COLOUR_RGB ( '',0.9098039215686274400, 0.4431372549019607600, 0.03137254901960784300 ) ;
#8480 = LINE ( 'NONE', #9465, #10872 ) ;
#8481 = ORIENTED_EDGE ( 'NONE', *, *, #1304, .F. ) ;
#8482 = ORIENTED_EDGE ( 'NONE', *, *, #3721, .T. ) ;
#8483 = ORIENTED_EDGE ( 'NONE', *, *, #9873, .T. ) ;
#8484 = CARTESIAN_POINT ( 'NONE',  ( 4.975000000000002300, 8.351248671113473200E-016, -0.7499999999999978900 ) ) ;
#8485 = MECHANICAL_DESIGN_GEOMETRIC_PRESENTATION_REPRESENTATION (  '', ( #8711 ), #8470 ) ;
#8486 = AXIS2_PLACEMENT_3D ( 'NONE', #11472, #11427, #11398 ) ;
#8488 =( GEOMETRIC_REPRESENTATION_CONTEXT ( 3 ) GLOBAL_UNCERTAINTY_ASSIGNED_CONTEXT ( ( #3223 ) ) GLOBAL_UNIT_ASSIGNED_CONTEXT ( ( #8490, #1657, #11269 ) ) REPRESENTATION_CONTEXT ( 'NONE', 'WORKASPACE' ) );
#8487 = PRESENTATION_LAYER_ASSIGNMENT (  '', '', ( #7304 ) ) ;
#8489 =( LENGTH_UNIT ( ) NAMED_UNIT ( * ) SI_UNIT ( .MILLI., .METRE. ) );
#8490 =( LENGTH_UNIT ( ) NAMED_UNIT ( * ) SI_UNIT ( .MILLI., .METRE. ) );
#8491 = CARTESIAN_POINT ( 'NONE',  ( 3.350000000000002300, -3.765000000000000100, 1.174999999999999400 ) ) ;
#8492 = LINE ( 'NONE', #7552, #3815 ) ;
#8493 = DIRECTION ( 'NONE',  ( -1.000000000000000000, 3.657902066415350700E-018, -4.707476099338772300E-016 ) ) ;
#8494 = UNCERTAINTY_MEASURE_WITH_UNIT (LENGTH_MEASURE( 1.000000000000000100E-005 ), #6975, 'distance_accuracy_value', 'NONE');
#8495 = COLOUR_RGB ( '',1.000000000000000000, 1.000000000000000000, 1.000000000000000000 ) ;
#8496 = EDGE_CURVE ( 'NONE', #4687, #4286, #7990, .T. ) ;
#8497 = PRESENTATION_STYLE_ASSIGNMENT (( #3220 ) ) ;
#8498 = VECTOR ( 'NONE', #6670, 1000.000000000000000 ) ;
#8499 = PRESENTATION_STYLE_ASSIGNMENT (( #1019 ) ) ;
#8500 = CARTESIAN_POINT ( 'NONE',  ( 4.390000000000004100, -0.2000000000000005100, -3.100000000000001000 ) ) ;
#8501 = UNCERTAINTY_MEASURE_WITH_UNIT (LENGTH_MEASURE( 1.000000000000000100E-005 ), #5373, 'distance_accuracy_value', 'NONE');
#8502 = ADVANCED_FACE ( 'NONE', ( #5351 ), #59, .T. ) ;
#8503 = AXIS2_PLACEMENT_3D ( 'NONE', #10055, #7292, #96 ) ;
#8504 = STYLED_ITEM ( 'NONE', ( #1090 ), #11383 ) ;
#8505 = DIRECTION ( 'NONE',  ( 2.409338161078899200E-016, -1.426581805901980400E-016, 1.000000000000000000 ) ) ;
#8506 = ORIENTED_EDGE ( 'NONE', *, *, #11143, .T. ) ;
#8507 = DIRECTION ( 'NONE',  ( 1.000000000000000000, 9.827563551769193000E-017, 1.927470528863118600E-016 ) ) ;
#8508 =( NAMED_UNIT ( * ) PLANE_ANGLE_UNIT ( ) SI_UNIT ( $, .RADIAN. ) );
#8509 = EDGE_CURVE ( 'NONE', #11281, #3981, #6879, .T. ) ;
#8510 = ORIENTED_EDGE ( 'NONE', *, *, #6340, .F. ) ;
#8511 = COLOUR_RGB ( '',1.000000000000000000, 1.000000000000000000, 1.000000000000000000 ) ;
#8512 =( NAMED_UNIT ( * ) PLANE_ANGLE_UNIT ( ) SI_UNIT ( $, .RADIAN. ) );
#8513 = CARTESIAN_POINT ( 'NONE',  ( -4.025000000000000400, -0.1249999999999994000, -0.7500000000000005600 ) ) ;
#8514 = VERTEX_POINT ( 'NONE', #9808 ) ;
#8515 =( LENGTH_UNIT ( ) NAMED_UNIT ( * ) SI_UNIT ( .MILLI., .METRE. ) );
#8516 = CARTESIAN_POINT ( 'NONE',  ( -5.100000000000003200, -3.390000000000000100, -1.175000000000000900 ) ) ;
#8517 = CARTESIAN_POINT ( 'NONE',  ( 4.725000000000003200, -3.715000000000000700, 1.124999999999999600 ) ) ;
#8518 = DIRECTION ( 'NONE',  ( -1.000000000000000000, 6.736636305648240100E-017, -1.927470528863118800E-016 ) ) ;
#8519 = STYLED_ITEM ( 'NONE', ( #6282 ), #2803 ) ;
#8520 = EDGE_CURVE ( 'NONE', #8400, #8903, #11354, .T. ) ;
#8521 = SURFACE_STYLE_FILL_AREA ( #9123 ) ;
#8523 = AXIS2_PLACEMENT_3D ( 'NONE', #9359, #4033, #10259 ) ;
#8522 = SURFACE_STYLE_FILL_AREA ( #9601 ) ;
#8524 = FACE_OUTER_BOUND ( 'NONE', #11183, .T. ) ;
#8525 = SURFACE_STYLE_USAGE ( .BOTH. , #8570 ) ;
#8526 = CARTESIAN_POINT ( 'NONE',  ( -4.450000000000000200, 1.985000000000000300, 4.999999999999999100 ) ) ;
#8527 = ORIENTED_EDGE ( 'NONE', *, *, #2816, .T. ) ;
#8528 = SURFACE_SIDE_STYLE ('',( #8521 ) ) ;
#8529 = ORIENTED_EDGE ( 'NONE', *, *, #2849, .T. ) ;
#8530 = COLOUR_RGB ( '',1.000000000000000000, 1.000000000000000000, 1.000000000000000000 ) ;
#8531 = COLOUR_RGB ( '',1.000000000000000000, 1.000000000000000000, 1.000000000000000000 ) ;
#8532 = UNCERTAINTY_MEASURE_WITH_UNIT (LENGTH_MEASURE( 1.000000000000000100E-005 ), #4560, 'distance_accuracy_value', 'NONE');
#8533 =( NAMED_UNIT ( * ) SI_UNIT ( $, .STERADIAN. ) SOLID_ANGLE_UNIT ( ) );
#8534 = FILL_AREA_STYLE ('',( #3057 ) ) ;
#8535 = LINE ( 'NONE', #6447, #10923 ) ;
#8536 = VERTEX_POINT ( 'NONE', #1901 ) ;
#8537 = AXIS2_PLACEMENT_3D ( 'NONE', #3118, #4623, #4814 ) ;
#8538 = PRESENTATION_STYLE_ASSIGNMENT (( #510 ) ) ;
#8539 = COLOUR_RGB ( '',1.000000000000000000, 1.000000000000000000, 1.000000000000000000 ) ;
#8540 = FILL_AREA_STYLE ('',( #8736 ) ) ;
#8541 = DIRECTION ( 'NONE',  ( 7.553600721220308800E-017, 3.168122796172017900E-015, -1.000000000000000000 ) ) ;
#8542 = ORIENTED_EDGE ( 'NONE', *, *, #1545, .T. ) ;
#8543 = EDGE_CURVE ( 'NONE', #11355, #7889, #9274, .T. ) ;
#8544 = ORIENTED_EDGE ( 'NONE', *, *, #2883, .F. ) ;
#8545 = DIRECTION ( 'NONE',  ( 1.426581805901979600E-016, 1.000000000000000000, 1.426581805901979900E-016 ) ) ;
#8546 = PRESENTATION_LAYER_ASSIGNMENT (  '', '', ( #7354 ) ) ;
#8547 = ORIENTED_EDGE ( 'NONE', *, *, #7699, .T. ) ;
#8548 = DIRECTION ( 'NONE',  ( 0.0000000000000000000, 1.000000000000000000, 2.853163611803958300E-016 ) ) ;
#8549 = STYLED_ITEM ( 'NONE', ( #6038 ), #1557 ) ;
#8550 = COLOUR_RGB ( '',1.000000000000000000, 1.000000000000000000, 1.000000000000000000 ) ;
#8551 = CIRCLE ( 'NONE', #9111, 0.1250000000000000000 ) ;
#8552 = FILL_AREA_STYLE ('',( #7767 ) ) ;
#8553 =( NAMED_UNIT ( * ) SI_UNIT ( $, .STERADIAN. ) SOLID_ANGLE_UNIT ( ) );
#8554 = EDGE_LOOP ( 'NONE', ( #9965, #1787, #5604, #10866, #4531, #8707 ) ) ;
#8555 =( NAMED_UNIT ( * ) PLANE_ANGLE_UNIT ( ) SI_UNIT ( $, .RADIAN. ) );
#8556 = ORIENTED_EDGE ( 'NONE', *, *, #8520, .F. ) ;
#8557 = SURFACE_SIDE_STYLE ('',( #2813 ) ) ;
#8558 = SURFACE_STYLE_USAGE ( .BOTH. , #1967 ) ;
#8559 = PRESENTATION_LAYER_ASSIGNMENT (  '', '', ( #8711 ) ) ;
#8561 = MECHANICAL_DESIGN_GEOMETRIC_PRESENTATION_REPRESENTATION (  '', ( #8697 ), #8488 ) ;
#8560 = PRESENTATION_LAYER_ASSIGNMENT (  '', '', ( #7374 ) ) ;
#8562 = CIRCLE ( 'NONE', #9056, 0.7999999999999999300 ) ;
#8563 = DIRECTION ( 'NONE',  ( 1.000000000000000000, -3.348823158252936600E-015, 2.014244061477902700E-016 ) ) ;
#8564 = FACE_OUTER_BOUND ( 'NONE', #3402, .T. ) ;
#8565 = CARTESIAN_POINT ( 'NONE',  ( -4.590000000000001600, -0.2000000000000005100, -3.050000000000000300 ) ) ;
#8566 = EDGE_CURVE ( 'NONE', #2775, #4000, #6600, .T. ) ;
#8567 = EDGE_CURVE ( 'NONE', #2588, #10346, #2223, .T. ) ;
#8568 = ORIENTED_EDGE ( 'NONE', *, *, #10359, .F. ) ;
#8569 = ADVANCED_FACE ( 'NONE', ( #1936 ), #3182, .T. ) ;
#8570 = SURFACE_SIDE_STYLE ('',( #3251 ) ) ;
#8571 = DIRECTION ( 'NONE',  ( 3.657902066415274500E-018, 1.000000000000000000, 1.426581805901979600E-016 ) ) ;
#8572 = CARTESIAN_POINT ( 'NONE',  ( -5.350000000000002300, -1.059950281785171100E-015, 2.350000000000001000 ) ) ;
#8573 = PRESENTATION_STYLE_ASSIGNMENT (( #5226 ) ) ;
#8574 = ORIENTED_EDGE ( 'NONE', *, *, #6554, .T. ) ;
#8575 =( NAMED_UNIT ( * ) SI_UNIT ( $, .STERADIAN. ) SOLID_ANGLE_UNIT ( ) );
#8576 =( NAMED_UNIT ( * ) SI_UNIT ( $, .STERADIAN. ) SOLID_ANGLE_UNIT ( ) );
#8577 = CARTESIAN_POINT ( 'NONE',  ( -4.025000000000000400, 5.963111948670274400E-016, -0.7500000000000001100 ) ) ;
#8578 = AXIS2_PLACEMENT_3D ( 'NONE', #5908, #1554, #5721 ) ;
#8579 = STYLED_ITEM ( 'NONE', ( #5677 ), #10937 ) ;
#8580 = LINE ( 'NONE', #10373, #1233 ) ;
#8581 = AXIS2_PLACEMENT_3D ( 'NONE', #5223, #10569, #11468 ) ;
#8582 = EDGE_CURVE ( 'NONE', #9983, #6172, #165, .T. ) ;
#8583 =( NAMED_UNIT ( * ) SI_UNIT ( $, .STERADIAN. ) SOLID_ANGLE_UNIT ( ) );
#8584 = VECTOR ( 'NONE', #3506, 1000.000000000000000 ) ;
#8585 = ORIENTED_EDGE ( 'NONE', *, *, #1544, .F. ) ;
#8586 = DIRECTION ( 'NONE',  ( 1.000000000000000000, -1.426581805901979900E-016, 2.209081482755457600E-016 ) ) ;
#8587 = EDGE_LOOP ( 'NONE', ( #9365, #4787, #7761, #3999 ) ) ;
#8588 = FILL_AREA_STYLE ('',( #2449 ) ) ;
#8589 = EDGE_CURVE ( 'NONE', #9680, #2796, #1045, .T. ) ;
#8590 = VECTOR ( 'NONE', #3012, 1000.000000000000000 ) ;
#8591 = AXIS2_PLACEMENT_3D ( 'NONE', #2436, #1513, #7859 ) ;
#8592 = SURFACE_STYLE_USAGE ( .BOTH. , #8632 ) ;
#8593 = LINE ( 'NONE', #7785, #8315 ) ;
#8594 = SURFACE_STYLE_USAGE ( .BOTH. , #8369 ) ;
#8595 = LINE ( 'NONE', #4909, #1836 ) ;
#8596 = VERTEX_POINT ( 'NONE', #4629 ) ;
#8597 = DIRECTION ( 'NONE',  ( 3.348823158252935900E-015, 1.000000000000000000, 2.140309255009023400E-017 ) ) ;
#8598 = DIRECTION ( 'NONE',  ( -1.000000000000000000, -4.755272686339931300E-017, -4.095874873834128400E-016 ) ) ;
#8599 = CARTESIAN_POINT ( 'NONE',  ( -2.950000000000002800, -3.665000000000000000, 2.629999999999999900 ) ) ;
#8600 = VECTOR ( 'NONE', #8848, 1000.000000000000000 ) ;
#8601 = LINE ( 'NONE', #11543, #3936 ) ;
#8602 = FILL_AREA_STYLE ('',( #8930 ) ) ;
#8603 = CARTESIAN_POINT ( 'NONE',  ( -4.350000000000002300, -0.2000000000000010400, -4.119631811401315800E-017 ) ) ;
#8604 = CARTESIAN_POINT ( 'NONE',  ( -4.090000000000004300, -4.016000000000000900, 3.100000000000001000 ) ) ;
#8605 = VECTOR ( 'NONE', #6315, 1000.000000000000000 ) ;
#8606 = ORIENTED_EDGE ( 'NONE', *, *, #9447, .T. ) ;
#8607 = CARTESIAN_POINT ( 'NONE',  ( 5.167476091846281400, -3.989760918462774700, -1.024284993575059100 ) ) ;
#8608 = EDGE_CURVE ( 'NONE', #2504, #6132, #5481, .T. ) ;
#8609 = CARTESIAN_POINT ( 'NONE',  ( -5.133059693292370400, -0.2027850448618753700, 2.349934611265632500 ) ) ;
#8610 = ORIENTED_EDGE ( 'NONE', *, *, #5170, .T. ) ;
#8611 = STYLED_ITEM ( 'NONE', ( #10375 ), #9003 ) ;
#8612 = DIRECTION ( 'NONE',  ( 0.3399228840219241100, 0.0000000000000000000, -0.9404533124606545600 ) ) ;
#8613 = CYLINDRICAL_SURFACE ( 'NONE', #6099, 0.02999999999999964500 ) ;
#8614 =( NAMED_UNIT ( * ) PLANE_ANGLE_UNIT ( ) SI_UNIT ( $, .RADIAN. ) );
#8615 = VERTEX_POINT ( 'NONE', #9972 ) ;
#8616 = CARTESIAN_POINT ( 'NONE',  ( 2.950000000000002800, -3.365000000000000700, -1.799999999999999600 ) ) ;
#8617 = CARTESIAN_POINT ( 'NONE',  ( 3.791564028866437400, -0.1000000000000013400, 3.100000000000000500 ) ) ;
#8618 = ORIENTED_EDGE ( 'NONE', *, *, #6353, .F. ) ;
#8619 = ADVANCED_FACE ( 'NONE', ( #10264 ), #2068, .T. ) ;
#8620 = ORIENTED_EDGE ( 'NONE', *, *, #2456, .F. ) ;
#8621 = COLOUR_RGB ( '',1.000000000000000000, 1.000000000000000000, 1.000000000000000000 ) ;
#8622 = AXIS2_PLACEMENT_3D ( 'NONE', #4649, #4699, #4134 ) ;
#8623 = CYLINDRICAL_SURFACE ( 'NONE', #5002, 0.7999999999999999300 ) ;
#8624 = FILL_AREA_STYLE_COLOUR ( '', #4931 ) ;
#8625 = VECTOR ( 'NONE', #3117, 1000.000000000000000 ) ;
#8626 = ORIENTED_EDGE ( 'NONE', *, *, #9986, .F. ) ;
#8627 = EDGE_LOOP ( 'NONE', ( #10350, #3951, #4123, #4115 ) ) ;
#8628 = EDGE_CURVE ( 'NONE', #5719, #10280, #10592, .T. ) ;
#8629 = FILL_AREA_STYLE_COLOUR ( '', #1441 ) ;
#8630 =( GEOMETRIC_REPRESENTATION_CONTEXT ( 3 ) GLOBAL_UNCERTAINTY_ASSIGNED_CONTEXT ( ( #11264 ) ) GLOBAL_UNIT_ASSIGNED_CONTEXT ( ( #2536, #1810, #1781 ) ) REPRESENTATION_CONTEXT ( 'NONE', 'WORKASPACE' ) );
#8631 = SURFACE_STYLE_USAGE ( .BOTH. , #2486 ) ;
#8632 = SURFACE_SIDE_STYLE ('',( #2048 ) ) ;
#8633 = ORIENTED_EDGE ( 'NONE', *, *, #10972, .F. ) ;
#8634 = CARTESIAN_POINT ( 'NONE',  ( -4.690000000000002200, -0.2000000000000005100, -3.100000000000001000 ) ) ;
#8635 = DIRECTION ( 'NONE',  ( 1.000000000000000000, -1.426581805901979900E-016, 1.927470528863118800E-016 ) ) ;
#8636 = UNCERTAINTY_MEASURE_WITH_UNIT (LENGTH_MEASURE( 1.000000000000000100E-005 ), #7546, 'distance_accuracy_value', 'NONE');
#8637 = VECTOR ( 'NONE', #1804, 1000.000000000000000 ) ;
#8638 = CARTESIAN_POINT ( 'NONE',  ( -4.725000000000001400, -3.815000000000000800, -0.9250000000000008200 ) ) ;
#8639 = ORIENTED_EDGE ( 'NONE', *, *, #6877, .F. ) ;
#8640 = AXIS2_PLACEMENT_3D ( 'NONE', #10012, #10800, #5451 ) ;
#8641 =( GEOMETRIC_REPRESENTATION_CONTEXT ( 3 ) GLOBAL_UNCERTAINTY_ASSIGNED_CONTEXT ( ( #9016 ) ) GLOBAL_UNIT_ASSIGNED_CONTEXT ( ( #4574, #4416, #3775 ) ) REPRESENTATION_CONTEXT ( 'NONE', 'WORKASPACE' ) );
#8643 = AXIS2_PLACEMENT_3D ( 'NONE', #1219, #1092, #584 ) ;
#8642 =( GEOMETRIC_REPRESENTATION_CONTEXT ( 3 ) GLOBAL_UNCERTAINTY_ASSIGNED_CONTEXT ( ( #2198 ) ) GLOBAL_UNIT_ASSIGNED_CONTEXT ( ( #1948, #8092, #2834 ) ) REPRESENTATION_CONTEXT ( 'NONE', 'WORKASPACE' ) );
#8644 = CARTESIAN_POINT ( 'NONE',  ( 5.100000000000004100, -3.390000000000000100, -0.9250000000000006000 ) ) ;
#8645 = MECHANICAL_DESIGN_GEOMETRIC_PRESENTATION_REPRESENTATION (  '', ( #5553 ), #8035 ) ;
#8646 = VECTOR ( 'NONE', #6710, 1000.000000000000000 ) ;
#8647 = ORIENTED_EDGE ( 'NONE', *, *, #10634, .F. ) ;
#8648 = EDGE_CURVE ( 'NONE', #6693, #2891, #4391, .T. ) ;
#8649 = DIRECTION ( 'NONE',  ( -1.000000000000000000, -4.755272686339933800E-017, 2.409338161078898200E-017 ) ) ;
#8650 = FACE_BOUND ( 'NONE', #10048, .T. ) ;
#8651 = UNCERTAINTY_MEASURE_WITH_UNIT (LENGTH_MEASURE( 1.000000000000000100E-005 ), #6494, 'distance_accuracy_value', 'NONE');
#8652 = DIRECTION ( 'NONE',  ( -3.504491870660225400E-017, -1.426581805901979600E-016, 1.000000000000000000 ) ) ;
#8653 = ORIENTED_EDGE ( 'NONE', *, *, #10448, .F. ) ;
#8654 = AXIS2_PLACEMENT_3D ( 'NONE', #6502, #1742, #10798 ) ;
#8655 = DIRECTION ( 'NONE',  ( -1.000000000000000000, -9.827563551769193000E-017, -3.504491870660227200E-017 ) ) ;
#8656 = FACE_OUTER_BOUND ( 'NONE', #2597, .T. ) ;
#8657 =( LENGTH_UNIT ( ) NAMED_UNIT ( * ) SI_UNIT ( .MILLI., .METRE. ) );
#8658 = COLOUR_RGB ( '',1.000000000000000000, 1.000000000000000000, 1.000000000000000000 ) ;
#8659 = DIRECTION ( 'NONE',  ( 4.148575905034070400E-017, -0.6887494619146930000, -0.7249994335944138800 ) ) ;
#8660 = ORIENTED_EDGE ( 'NONE', *, *, #11503, .T. ) ;
#8661 = PRESENTATION_LAYER_ASSIGNMENT (  '', '', ( #9284 ) ) ;
#8662 = SURFACE_STYLE_FILL_AREA ( #10615 ) ;
#8663 = LINE ( 'NONE', #11255, #3987 ) ;
#8664 =( LENGTH_UNIT ( ) NAMED_UNIT ( * ) SI_UNIT ( .MILLI., .METRE. ) );
#8665 = MECHANICAL_DESIGN_GEOMETRIC_PRESENTATION_REPRESENTATION (  '', ( #5915 ), #392 ) ;
#8666 = ORIENTED_EDGE ( 'NONE', *, *, #10832, .F. ) ;
#8667 = COLOUR_RGB ( '',1.000000000000000000, 1.000000000000000000, 1.000000000000000000 ) ;
#8668 = COLOUR_RGB ( '',1.000000000000000000, 1.000000000000000000, 1.000000000000000000 ) ;
#8669 = ORIENTED_EDGE ( 'NONE', *, *, #3360, .T. ) ;
#8670 = DIRECTION ( 'NONE',  ( -1.426581805901979600E-016, 1.000000000000000000, 1.426581805901979400E-016 ) ) ;
#8671 = SURFACE_STYLE_USAGE ( .BOTH. , #2518 ) ;
#8672 = CIRCLE ( 'NONE', #6237, 0.1799999999999996000 ) ;
#8673 = PRESENTATION_STYLE_ASSIGNMENT (( #5783 ) ) ;
#8674 =( NAMED_UNIT ( * ) SI_UNIT ( $, .STERADIAN. ) SOLID_ANGLE_UNIT ( ) );
#8675 = DIRECTION ( 'NONE',  ( -1.000000000000000000, 3.348823158252935900E-015, -2.014244061477902700E-016 ) ) ;
#8676 = ORIENTED_EDGE ( 'NONE', *, *, #2106, .F. ) ;
#8677 = SURFACE_SIDE_STYLE ('',( #1625 ) ) ;
#8678 = ORIENTED_EDGE ( 'NONE', *, *, #7626, .F. ) ;
#8679 = UNCERTAINTY_MEASURE_WITH_UNIT (LENGTH_MEASURE( 1.000000000000000100E-005 ), #6971, 'distance_accuracy_value', 'NONE');
#8680 = DIRECTION ( 'NONE',  ( -1.000000000000000000, 1.426581805901979900E-016, -1.927470528863118800E-016 ) ) ;
#8681 = ADVANCED_FACE ( 'NONE', ( #11203 ), #9141, .T. ) ;
#8682 = EDGE_CURVE ( 'NONE', #5629, #4838, #7974, .T. ) ;
#8683 = UNCERTAINTY_MEASURE_WITH_UNIT (LENGTH_MEASURE( 1.000000000000000100E-005 ), #9805, 'distance_accuracy_value', 'NONE');
#8684 = EDGE_CURVE ( 'NONE', #5305, #2445, #10381, .T. ) ;
#8685 = ORIENTED_EDGE ( 'NONE', *, *, #5213, .F. ) ;
#8686 = MECHANICAL_DESIGN_GEOMETRIC_PRESENTATION_REPRESENTATION (  '', ( #7499 ), #9308 ) ;
#8687 = CARTESIAN_POINT ( 'NONE',  ( -5.100000000000003200, -5.264166481399131600, 0.8749999999999997800 ) ) ;
#8688 =( NAMED_UNIT ( * ) SI_UNIT ( $, .STERADIAN. ) SOLID_ANGLE_UNIT ( ) );
#8689 = VECTOR ( 'NONE', #1624, 1000.000000000000000 ) ;
#8690 = COLOUR_RGB ( '',0.5019607843137254800, 0.5019607843137254800, 0.5019607843137254800 ) ;
#8691 = DIRECTION ( 'NONE',  ( -1.000000000000000000, 3.717264591378876000E-015, 0.0000000000000000000 ) ) ;
#8692 = VECTOR ( 'NONE', #5586, 1000.000000000000000 ) ;
#8693 = CARTESIAN_POINT ( 'NONE',  ( 4.449999999999998400, 0.0000000000000000000, 4.999999999999998200 ) ) ;
#8694 = FILL_AREA_STYLE_COLOUR ( '', #5210 ) ;
#8695 = PRESENTATION_STYLE_ASSIGNMENT (( #10005 ) ) ;
#8696 = SURFACE_STYLE_USAGE ( .BOTH. , #2539 ) ;
#8697 = STYLED_ITEM ( 'NONE', ( #1239 ), #3787 ) ;
#8698 = ORIENTED_EDGE ( 'NONE', *, *, #9404, .F. ) ;
#8699 = VECTOR ( 'NONE', #7961, 1000.000000000000000 ) ;
#8700 = CARTESIAN_POINT ( 'NONE',  ( -5.150000000000002100, -0.4249999999999959900, -0.7500000000000015500 ) ) ;
#8701 = LINE ( 'NONE', #11494, #6326 ) ;
#8702 = FACE_OUTER_BOUND ( 'NONE', #313, .T. ) ;
#8703 = AXIS2_PLACEMENT_3D ( 'NONE', #3546, #3511, #3475 ) ;
#8704 = DIRECTION ( 'NONE',  ( 2.361815290865932900E-016, 0.7249994335944138800, -0.6887494619146930000 ) ) ;
#8705 =( GEOMETRIC_REPRESENTATION_CONTEXT ( 3 ) GLOBAL_UNCERTAINTY_ASSIGNED_CONTEXT ( ( #10892 ) ) GLOBAL_UNIT_ASSIGNED_CONTEXT ( ( #11403, #11366, #11310 ) ) REPRESENTATION_CONTEXT ( 'NONE', 'WORKASPACE' ) );
#8706 = CARTESIAN_POINT ( 'NONE',  ( 5.100000000000004100, -3.390000000000000100, -0.9250000000000008200 ) ) ;
#8707 = ORIENTED_EDGE ( 'NONE', *, *, #8895, .F. ) ;
#8708 = CARTESIAN_POINT ( 'NONE',  ( 5.170000000000002600, -4.015000000000000600, 1.124999999999999300 ) ) ;
#8709 = FILL_AREA_STYLE ('',( #11375 ) ) ;
#8710 = FILL_AREA_STYLE ('',( #9240 ) ) ;
#8711 = STYLED_ITEM ( 'NONE', ( #8497 ), #4575 ) ;
#8712 = AXIS2_PLACEMENT_3D ( 'NONE', #6930, #8680, #6497 ) ;
#8713 = AXIS2_PLACEMENT_3D ( 'NONE', #8088, #7271, #6014 ) ;
#8714 = MECHANICAL_DESIGN_GEOMETRIC_PRESENTATION_REPRESENTATION (  '', ( #6923 ), #9344 ) ;
#8715 = ORIENTED_EDGE ( 'NONE', *, *, #5570, .T. ) ;
#8716 = DIRECTION ( 'NONE',  ( 1.000000000000000000, -3.348823158252936600E-015, 2.014244061477902700E-016 ) ) ;
#8717 = EDGE_CURVE ( 'NONE', #9006, #272, #3572, .T. ) ;
#8719 = FILL_AREA_STYLE_COLOUR ( '', #2636 ) ;
#8718 = CARTESIAN_POINT ( 'NONE',  ( -4.090000000000001600, 0.0000000000000000000, -3.100000000000001000 ) ) ;
#8720 = FILL_AREA_STYLE_COLOUR ( '', #1907 ) ;
#8721 = DIRECTION ( 'NONE',  ( 3.526005099788157400E-016, 1.000000000000000000, 2.853163611803958800E-016 ) ) ;
#8722 =( NAMED_UNIT ( * ) PLANE_ANGLE_UNIT ( ) SI_UNIT ( $, .RADIAN. ) );
#8723 = FACE_OUTER_BOUND ( 'NONE', #9367, .T. ) ;
#8724 = DIRECTION ( 'NONE',  ( -1.000000000000000000, 1.505836350674314900E-016, 0.0000000000000000000 ) ) ;
#8725 =( NAMED_UNIT ( * ) SI_UNIT ( $, .STERADIAN. ) SOLID_ANGLE_UNIT ( ) );
#8726 = DIRECTION ( 'NONE',  ( 0.0000000000000000000, 0.0000000000000000000, -1.000000000000000000 ) ) ;
#8727 = CARTESIAN_POINT ( 'NONE',  ( -5.400000000000003000, -3.540000000000001400, 0.7499999999999880100 ) ) ;
#8728 =( GEOMETRIC_REPRESENTATION_CONTEXT ( 3 ) GLOBAL_UNCERTAINTY_ASSIGNED_CONTEXT ( ( #9887 ) ) GLOBAL_UNIT_ASSIGNED_CONTEXT ( ( #2727, #2271, #2235 ) ) REPRESENTATION_CONTEXT ( 'NONE', 'WORKASPACE' ) );
#8729 =( GEOMETRIC_REPRESENTATION_CONTEXT ( 3 ) GLOBAL_UNCERTAINTY_ASSIGNED_CONTEXT ( ( #6613 ) ) GLOBAL_UNIT_ASSIGNED_CONTEXT ( ( #7310, #2046, #8202 ) ) REPRESENTATION_CONTEXT ( 'NONE', 'WORKASPACE' ) );
#8730 = COLOUR_RGB ( '',0.5019607843137254800, 0.5019607843137254800, 0.5019607843137254800 ) ;
#8731 = LINE ( 'NONE', #6699, #4043 ) ;
#8732 = DIRECTION ( 'NONE',  ( 1.000000000000000000, -0.0000000000000000000, 0.0000000000000000000 ) ) ;
#8733 = EDGE_CURVE ( 'NONE', #5682, #6305, #5624, .T. ) ;
#8734 = LINE ( 'NONE', #9804, #1685 ) ;
#8735 = CYLINDRICAL_SURFACE ( 'NONE', #11202, 0.4250000000000000400 ) ;
#8736 = FILL_AREA_STYLE_COLOUR ( '', #5973 ) ;
#8737 = ORIENTED_EDGE ( 'NONE', *, *, #9511, .T. ) ;
#8738 = EDGE_CURVE ( 'NONE', #10116, #5274, #887, .T. ) ;
#8739 = SURFACE_STYLE_USAGE ( .BOTH. , #9236 ) ;
#8740 = CARTESIAN_POINT ( 'NONE',  ( -3.350000000000003200, -1.680000000000001900, 3.850000000000000500 ) ) ;
#8741 = APPLICATION_CONTEXT ( 'automotive_design' ) ;
#8742 = ADVANCED_FACE ( 'NONE', ( #7431 ), #3079, .F. ) ;
#8743 = VERTEX_POINT ( 'NONE', #1246 ) ;
#8744 =( NAMED_UNIT ( * ) SI_UNIT ( $, .STERADIAN. ) SOLID_ANGLE_UNIT ( ) );
#8745 = FILL_AREA_STYLE ('',( #3971 ) ) ;
#8746 = FACE_OUTER_BOUND ( 'NONE', #8174, .T. ) ;
#8747 = PRESENTATION_STYLE_ASSIGNMENT (( #10028 ) ) ;
#8748 = FILL_AREA_STYLE ('',( #6958 ) ) ;
#8749 =( NAMED_UNIT ( * ) PLANE_ANGLE_UNIT ( ) SI_UNIT ( $, .RADIAN. ) );
#8750 = VERTEX_POINT ( 'NONE', #9292 ) ;
#8751 = EDGE_CURVE ( 'NONE', #3299, #8824, #8974, .T. ) ;
#8752 = VECTOR ( 'NONE', #7572, 1000.000000000000000 ) ;
#8753 = STYLED_ITEM ( 'NONE', ( #11230 ), #8106 ) ;
#8754 = DIRECTION ( 'NONE',  ( -1.000000000000000000, 0.0000000000000000000, 0.0000000000000000000 ) ) ;
#8755 = CARTESIAN_POINT ( 'NONE',  ( 5.150000000000003000, -1.869999999999999900, -1.125000000000000400 ) ) ;
#8756 = CIRCLE ( 'NONE', #5420, 0.1999999999999996500 ) ;
#8757 = PRESENTATION_STYLE_ASSIGNMENT (( #3997 ) ) ;
#8758 = CARTESIAN_POINT ( 'NONE',  ( 3.355000000000002200, -3.714999999999994100, 0.7500000000000015500 ) ) ;
#8759 = CARTESIAN_POINT ( 'NONE',  ( -5.350000000000002300, -0.1800000000000010500, 2.350000000000001000 ) ) ;
#8760 = ORIENTED_EDGE ( 'NONE', *, *, #5036, .F. ) ;
#8761 = DIRECTION ( 'NONE',  ( 0.0000000000000000000, 1.000000000000000000, -0.0000000000000000000 ) ) ;
#8762 = DIRECTION ( 'NONE',  ( 1.000000000000000000, 0.0000000000000000000, 0.0000000000000000000 ) ) ;
#8763 = VERTEX_POINT ( 'NONE', #4837 ) ;
#8764 = DIRECTION ( 'NONE',  ( 2.409338161078898200E-017, -1.426581805901979900E-016, 1.000000000000000000 ) ) ;
#8765 = EDGE_LOOP ( 'NONE', ( #6753, #2729, #4869, #11380 ) ) ;
#8766 = SURFACE_STYLE_FILL_AREA ( #7758 ) ;
#8767 = FILL_AREA_STYLE ('',( #10330 ) ) ;
#8768 = VECTOR ( 'NONE', #10339, 1000.000000000000000 ) ;
#8769 = CARTESIAN_POINT ( 'NONE',  ( 4.725000000000003200, -3.714999999999999400, -0.8750000000000008900 ) ) ;
#8770 = VECTOR ( 'NONE', #2213, 1000.000000000000000 ) ;
#8771 = FACE_OUTER_BOUND ( 'NONE', #5863, .T. ) ;
#8772 = CARTESIAN_POINT ( 'NONE',  ( -4.390000000000001500, 0.0000000000000000000, -3.100000000000001000 ) ) ;
#8773 = EDGE_CURVE ( 'NONE', #8400, #6796, #4257, .T. ) ;
#8774 = FILL_AREA_STYLE ('',( #8720 ) ) ;
#8775 = VERTEX_POINT ( 'NONE', #417 ) ;
#8776 = VERTEX_POINT ( 'NONE', #6621 ) ;
#8777 = MECHANICAL_DESIGN_GEOMETRIC_PRESENTATION_REPRESENTATION (  '', ( #6372 ), #9406 ) ;
#8778 =( LENGTH_UNIT ( ) NAMED_UNIT ( * ) SI_UNIT ( .MILLI., .METRE. ) );
#8779 = FILL_AREA_STYLE ('',( #135 ) ) ;
#8780 = PRESENTATION_LAYER_ASSIGNMENT (  '', '', ( #3811 ) ) ;
#8781 = ORIENTED_EDGE ( 'NONE', *, *, #4941, .T. ) ;
#8782 = PLANE ( 'NONE',  #6270 ) ;
#8783 = LINE ( 'NONE', #1571, #10886 ) ;
#8784 = CIRCLE ( 'NONE', #8703, 0.05000000000000002400 ) ;
#8785 = LINE ( 'NONE', #7377, #8498 ) ;
#8786 = CARTESIAN_POINT ( 'NONE',  ( -5.150000000000002100, -3.815000000000000400, -0.9250000000000002700 ) ) ;
#8787 = DIRECTION ( 'NONE',  ( -0.3218372851568943600, 0.3218372851568926900, -0.8904164889340723300 ) ) ;
#8788 =( GEOMETRIC_REPRESENTATION_CONTEXT ( 3 ) GLOBAL_UNCERTAINTY_ASSIGNED_CONTEXT ( ( #6366 ) ) GLOBAL_UNIT_ASSIGNED_CONTEXT ( ( #4417, #4383, #4275 ) ) REPRESENTATION_CONTEXT ( 'NONE', 'WORKASPACE' ) );
#8789 = CARTESIAN_POINT ( 'NONE',  ( -4.975000000000002300, -0.2499999999999960000, -0.7500000000000010000 ) ) ;
#8790 = MECHANICAL_DESIGN_GEOMETRIC_PRESENTATION_REPRESENTATION (  '', ( #10309 ), #9424 ) ;
#8791 =( LENGTH_UNIT ( ) NAMED_UNIT ( * ) SI_UNIT ( .MILLI., .METRE. ) );
#8792 = STYLED_ITEM ( 'NONE', ( #2926 ), #1189 ) ;
#8793 = EDGE_CURVE ( 'NONE', #8743, #1291, #11337, .T. ) ;
#8794 =( NAMED_UNIT ( * ) SI_UNIT ( $, .STERADIAN. ) SOLID_ANGLE_UNIT ( ) );
#8795 = EDGE_LOOP ( 'NONE', ( #7574, #1337, #2011, #484, #7153, #10080 ) ) ;
#8796 = DIRECTION ( 'NONE',  ( 1.426581805901979600E-016, -1.000000000000000000, -1.426581805901979400E-016 ) ) ;
#8797 = DIRECTION ( 'NONE',  ( -0.0000000000000000000, -0.0000000000000000000, 1.000000000000000000 ) ) ;
#8798 = COLOUR_RGB ( '',0.5019607843137254800, 0.5019607843137254800, 0.5019607843137254800 ) ;
#8799 = SURFACE_STYLE_FILL_AREA ( #9070 ) ;
#8800 = EDGE_LOOP ( 'NONE', ( #119, #1687, #10193, #5196, #1576, #965 ) ) ;
#8801 =( LENGTH_UNIT ( ) NAMED_UNIT ( * ) SI_UNIT ( .MILLI., .METRE. ) );
#8802 = FILL_AREA_STYLE_COLOUR ( '', #5360 ) ;
#8803 = ADVANCED_FACE ( 'NONE', ( #11065 ), #3148, .T. ) ;
#8804 = FACE_OUTER_BOUND ( 'NONE', #11104, .T. ) ;
#8805 = UNCERTAINTY_MEASURE_WITH_UNIT (LENGTH_MEASURE( 1.000000000000000100E-005 ), #3484, 'distance_accuracy_value', 'NONE');
#8806 = FACE_OUTER_BOUND ( 'NONE', #11436, .T. ) ;
#8807 = PRESENTATION_LAYER_ASSIGNMENT (  '', '', ( #8204 ) ) ;
#8808 = MECHANICAL_DESIGN_GEOMETRIC_PRESENTATION_REPRESENTATION (  '', ( #7613 ), #9444 ) ;
#8809 = CARTESIAN_POINT ( 'NONE',  ( -4.025000000000001200, -0.1250000000000041600, 0.7499999999999994400 ) ) ;
#8810 = SURFACE_STYLE_USAGE ( .BOTH. , #8846 ) ;
#8811 = ORIENTED_EDGE ( 'NONE', *, *, #7213, .F. ) ;
#8812 = DIRECTION ( 'NONE',  ( -1.000000000000000000, 1.426581805901979900E-016, -1.927470528863118800E-016 ) ) ;
#8813 = STYLED_ITEM ( 'NONE', ( #9572 ), #420 ) ;
#8814 = FILL_AREA_STYLE ('',( #1746 ) ) ;
#8815 = EDGE_CURVE ( 'NONE', #2445, #122, #5467, .T. ) ;
#8816 = CARTESIAN_POINT ( 'NONE',  ( -4.025000000000001200, -0.2500000000000041600, 0.7499999999999990000 ) ) ;
#8817 = DIRECTION ( 'NONE',  ( 2.200962968769372400E-016, 2.140309255009116800E-017, -1.000000000000000000 ) ) ;
#8818 = CIRCLE ( 'NONE', #5982, 0.8000000000000003800 ) ;
#8819 = CARTESIAN_POINT ( 'NONE',  ( 4.975000000000003200, -3.539999999999998700, 0.7500000000000020000 ) ) ;
#8820 =( LENGTH_UNIT ( ) NAMED_UNIT ( * ) SI_UNIT ( .MILLI., .METRE. ) );
#8821 = VERTEX_POINT ( 'NONE', #2264 ) ;
#8822 = LINE ( 'NONE', #41, #6160 ) ;
#8823 = CARTESIAN_POINT ( 'NONE',  ( -4.725000000000001400, -8.138649202670792900E-016, -8.494482682834041800E-017 ) ) ;
#8824 = VERTEX_POINT ( 'NONE', #4913 ) ;
#8825 = ORIENTED_EDGE ( 'NONE', *, *, #2681, .F. ) ;
#8826 = PLANE ( 'NONE',  #7514 ) ;
#8827 = CARTESIAN_POINT ( 'NONE',  ( 4.975000000000001400, -0.1249999999999984900, 0.7500000000000021100 ) ) ;
#8828 = EDGE_CURVE ( 'NONE', #10582, #1900, #9961, .T. ) ;
#8829 = PRESENTATION_STYLE_ASSIGNMENT (( #10086 ) ) ;
#8830 = DIRECTION ( 'NONE',  ( -0.0000000000000000000, 1.000000000000000000, -0.0000000000000000000 ) ) ;
#8831 = SURFACE_STYLE_USAGE ( .BOTH. , #8909 ) ;
#8832 = ORIENTED_EDGE ( 'NONE', *, *, #10197, .T. ) ;
#8833 = SURFACE_STYLE_FILL_AREA ( #7065 ) ;
#8834 = UNCERTAINTY_MEASURE_WITH_UNIT (LENGTH_MEASURE( 1.000000000000000100E-005 ), #6649, 'distance_accuracy_value', 'NONE');
#8835 = EDGE_LOOP ( 'NONE', ( #1290, #11070 ) ) ;
#8836 = FILL_AREA_STYLE ('',( #7037 ) ) ;
#8837 = CARTESIAN_POINT ( 'NONE',  ( 5.100000000000003200, -1.870000000000001000, 0.8749999999999996700 ) ) ;
#8838 = COLOUR_RGB ( '',1.000000000000000000, 1.000000000000000000, 1.000000000000000000 ) ;
#8839 = DIRECTION ( 'NONE',  ( 1.000000000000000000, 3.657902066415202000E-018, 4.707476099338773300E-016 ) ) ;
#8840 = LINE ( 'NONE', #5936, #6457 ) ;
#8841 = LINE ( 'NONE', #6078, #6458 ) ;
#8842 = CARTESIAN_POINT ( 'NONE',  ( 5.050000000000003400, -1.870000000000000600, -0.8750000000000003300 ) ) ;
#8843 = CARTESIAN_POINT ( 'NONE',  ( 3.350000000000002300, -3.765000000000000100, 1.124999999999999600 ) ) ;
#8844 = AXIS2_PLACEMENT_3D ( 'NONE', #7483, #2226, #8371 ) ;
#8845 =( NAMED_UNIT ( * ) SI_UNIT ( $, .STERADIAN. ) SOLID_ANGLE_UNIT ( ) );
#8846 = SURFACE_SIDE_STYLE ('',( #9767 ) ) ;
#8847 = EDGE_LOOP ( 'NONE', ( #5288, #410, #6681, #369 ) ) ;
#8848 = DIRECTION ( 'NONE',  ( 1.079575420682579900E-017, -1.000000000000000000, -1.426581805901979400E-016 ) ) ;
#8849 = MECHANICAL_DESIGN_GEOMETRIC_PRESENTATION_REPRESENTATION (  '', ( #9243 ), #8630 ) ;
#8850 = CARTESIAN_POINT ( 'NONE',  ( 4.590000000000003400, -1.725392859840906400E-016, -3.850000000000000500 ) ) ;
#8851 = FACE_OUTER_BOUND ( 'NONE', #3414, .T. ) ;
#8852 = DIRECTION ( 'NONE',  ( -1.079575420682579900E-017, -1.000000000000000000, -1.426581805901979900E-016 ) ) ;
#8853 =( NAMED_UNIT ( * ) PLANE_ANGLE_UNIT ( ) SI_UNIT ( $, .RADIAN. ) );
#8854 = STYLED_ITEM ( 'NONE', ( #4995 ), #4119 ) ;
#8855 =( NAMED_UNIT ( * ) PLANE_ANGLE_UNIT ( ) SI_UNIT ( $, .RADIAN. ) );
#8856 = MECHANICAL_DESIGN_GEOMETRIC_PRESENTATION_REPRESENTATION (  '', ( #8955 ), #8788 ) ;
#8857 = UNCERTAINTY_MEASURE_WITH_UNIT (LENGTH_MEASURE( 1.000000000000000100E-005 ), #8515, 'distance_accuracy_value', 'NONE');
#8858 = LINE ( 'NONE', #7867, #10958 ) ;
#8859 = ORIENTED_EDGE ( 'NONE', *, *, #8306, .F. ) ;
#8860 =( NAMED_UNIT ( * ) SI_UNIT ( $, .STERADIAN. ) SOLID_ANGLE_UNIT ( ) );
#8861 = FACE_OUTER_BOUND ( 'NONE', #7013, .T. ) ;
#8862 = EDGE_CURVE ( 'NONE', #1350, #6505, #752, .T. ) ;
#8863 = MECHANICAL_DESIGN_GEOMETRIC_PRESENTATION_REPRESENTATION (  '', ( #5120 ), #8394 ) ;
#8864 = CARTESIAN_POINT ( 'NONE',  ( 5.150000000000003000, -0.4000000000000010200, -0.9250000000000000400 ) ) ;
#8865 =( NAMED_UNIT ( * ) SI_UNIT ( $, .STERADIAN. ) SOLID_ANGLE_UNIT ( ) );
#8866 = VECTOR ( 'NONE', #10789, 1000.000000000000000 ) ;
#8867 = CARTESIAN_POINT ( 'NONE',  ( -5.149635524265193900, -0.2244487703297372600, -2.343732459374956000 ) ) ;
#8868 = DIRECTION ( 'NONE',  ( 1.000000000000000000, 3.634139519433330900E-015, 7.553600721220340800E-017 ) ) ;
#8869 = UNCERTAINTY_MEASURE_WITH_UNIT (LENGTH_MEASURE( 1.000000000000000100E-005 ), #2793, 'distance_accuracy_value', 'NONE');
#8870 = CARTESIAN_POINT ( 'NONE',  ( 4.975000000000002300, -0.4249999999999984300, 0.2766384493639882900 ) ) ;
#8871 =( GEOMETRIC_REPRESENTATION_CONTEXT ( 3 ) GLOBAL_UNCERTAINTY_ASSIGNED_CONTEXT ( ( #10035 ) ) GLOBAL_UNIT_ASSIGNED_CONTEXT ( ( #11023, #10612, #10564 ) ) REPRESENTATION_CONTEXT ( 'NONE', 'WORKASPACE' ) );
#8873 = PRESENTATION_LAYER_ASSIGNMENT (  '', '', ( #8697 ) ) ;
#8872 = STYLED_ITEM ( 'NONE', ( #2392 ), #10408 ) ;
#8874 = FILL_AREA_STYLE_COLOUR ( '', #551 ) ;
#8875 = PRESENTATION_STYLE_ASSIGNMENT (( #9632 ) ) ;
#8876 = EDGE_CURVE ( 'NONE', #6026, #9771, #3172, .T. ) ;
#8877 = CARTESIAN_POINT ( 'NONE',  ( 5.350000000000003200, -0.2000000000000008700, -1.125000000000000000 ) ) ;
#8878 = COLOUR_RGB ( '',0.9098039215686274400, 0.4431372549019607600, 0.03137254901960784300 ) ;
#8879 = DIRECTION ( 'NONE',  ( 0.0000000000000000000, -1.000000000000000000, 0.0000000000000000000 ) ) ;
#8880 = VECTOR ( 'NONE', #2080, 1000.000000000000000 ) ;
#8881 = VECTOR ( 'NONE', #8563, 1000.000000000000000 ) ;
#8882 =( NAMED_UNIT ( * ) SI_UNIT ( $, .STERADIAN. ) SOLID_ANGLE_UNIT ( ) );
#8883 = FILL_AREA_STYLE_COLOUR ( '', #5939 ) ;
#8884 = ORIENTED_EDGE ( 'NONE', *, *, #1167, .F. ) ;
#8885 = DIRECTION ( 'NONE',  ( 1.000000000000000000, 0.0000000000000000000, 0.0000000000000000000 ) ) ;
#8886 = CARTESIAN_POINT ( 'NONE',  ( -4.850000000000002300, -3.390000000000000600, 1.124999999999999800 ) ) ;
#8887 = ORIENTED_EDGE ( 'NONE', *, *, #8193, .T. ) ;
#8888 = STYLED_ITEM ( 'NONE', ( #2932 ), #5181 ) ;
#8889 = CARTESIAN_POINT ( 'NONE',  ( -4.975000000000003200, -3.539999999999996500, -0.7500000000000118800 ) ) ;
#8890 =( GEOMETRIC_REPRESENTATION_CONTEXT ( 3 ) GLOBAL_UNCERTAINTY_ASSIGNED_CONTEXT ( ( #6927 ) ) GLOBAL_UNIT_ASSIGNED_CONTEXT ( ( #5659, #3757, #2109 ) ) REPRESENTATION_CONTEXT ( 'NONE', 'WORKASPACE' ) );
#8891 =( GEOMETRIC_REPRESENTATION_CONTEXT ( 3 ) GLOBAL_UNCERTAINTY_ASSIGNED_CONTEXT ( ( #6483 ) ) GLOBAL_UNIT_ASSIGNED_CONTEXT ( ( #1635, #7809, #2545 ) ) REPRESENTATION_CONTEXT ( 'NONE', 'WORKASPACE' ) );
#8892 = ORIENTED_EDGE ( 'NONE', *, *, #3201, .T. ) ;
#8893 = SURFACE_STYLE_FILL_AREA ( #38 ) ;
#8894 =( NAMED_UNIT ( * ) PLANE_ANGLE_UNIT ( ) SI_UNIT ( $, .RADIAN. ) );
#8895 = EDGE_CURVE ( 'NONE', #2052, #736, #5194, .T. ) ;
#8896 = COLOUR_RGB ( '',0.5019607843137254800, 0.5019607843137254800, 0.5019607843137254800 ) ;
#8897 = FACE_OUTER_BOUND ( 'NONE', #7090, .T. ) ;
#8898 = VECTOR ( 'NONE', #1455, 1000.000000000000000 ) ;
#8899 = SURFACE_STYLE_USAGE ( .BOTH. , #8946 ) ;
#8900 =( NAMED_UNIT ( * ) PLANE_ANGLE_UNIT ( ) SI_UNIT ( $, .RADIAN. ) );
#8901 = CLOSED_SHELL ( 'NONE', ( #11100, #9902, #9370, #5554, #10513, #2175, #4844, #6355, #6993, #10408, #7635, #11383, #7170, #5118, #8106, #2860, #8742, #8278, #10358, #1672, #598, #10070, #2803, #9701, #1868, #255, #5489, #5066, #9535, #9833, #4632, #8803, #11327, #1997, #58, #7240, #6477, #8569 ) ) ;
#8902 = UNCERTAINTY_MEASURE_WITH_UNIT (LENGTH_MEASURE( 1.000000000000000100E-005 ), #3810, 'distance_accuracy_value', 'NONE');
#8903 = VERTEX_POINT ( 'NONE', #10320 ) ;
#8904 = DIRECTION ( 'NONE',  ( 1.000000000000000000, 3.634139519433330900E-015, 7.553600721220340800E-017 ) ) ;
#8905 = ORIENTED_EDGE ( 'NONE', *, *, #699, .F. ) ;
#8906 = DIRECTION ( 'NONE',  ( 1.426581805901979100E-016, -1.000000000000000000, 5.952404271712229500E-017 ) ) ;
#8907 = PRESENTATION_STYLE_ASSIGNMENT (( #5687 ) ) ;
#8908 = CARTESIAN_POINT ( 'NONE',  ( -5.120000000000001900, -0.2000000000000007000, -2.350000000000000500 ) ) ;
#8909 = SURFACE_SIDE_STYLE ('',( #5082 ) ) ;
#8910 = VECTOR ( 'NONE', #3249, 1000.000000000000000 ) ;
#8911 = LINE ( 'NONE', #8526, #2158 ) ;
#8912 = VECTOR ( 'NONE', #7207, 1000.000000000000000 ) ;
#8913 = VERTEX_POINT ( 'NONE', #11190 ) ;
#8914 = ORIENTED_EDGE ( 'NONE', *, *, #7412, .F. ) ;
#8915 = EDGE_CURVE ( 'NONE', #4286, #7111, #2619, .T. ) ;
#8916 = FILL_AREA_STYLE ('',( #10715 ) ) ;
#8917 = EDGE_CURVE ( 'NONE', #10786, #5719, #11476, .T. ) ;
#8918 =( NAMED_UNIT ( * ) SI_UNIT ( $, .STERADIAN. ) SOLID_ANGLE_UNIT ( ) );
#8919 = PRESENTATION_LAYER_ASSIGNMENT (  '', '', ( #7717 ) ) ;
#8920 = EDGE_LOOP ( 'NONE', ( #7382, #11333, #2102, #5937, #1057, #7811, #5881 ) ) ;
#8921 = CARTESIAN_POINT ( 'NONE',  ( 4.590000000000003400, -3.922368385817159700E-016, -2.350000000000001000 ) ) ;
#8922 = LINE ( 'NONE', #1857, #4214 ) ;
#8923 = CARTESIAN_POINT ( 'NONE',  ( 5.150000000000003000, -0.2300000000000004500, -3.850000000000000500 ) ) ;
#8924 = DIRECTION ( 'NONE',  ( 0.0000000000000000000, 0.0000000000000000000, -1.000000000000000000 ) ) ;
#8925 = SURFACE_STYLE_FILL_AREA ( #1968 ) ;
#8926 =( NAMED_UNIT ( * ) SI_UNIT ( $, .STERADIAN. ) SOLID_ANGLE_UNIT ( ) );
#8927 = VECTOR ( 'NONE', #5352, 1000.000000000000000 ) ;
#8928 = ORIENTED_EDGE ( 'NONE', *, *, #8208, .T. ) ;
#8929 = ORIENTED_EDGE ( 'NONE', *, *, #5007, .T. ) ;
#8930 = FILL_AREA_STYLE_COLOUR ( '', #10042 ) ;
#8931 = FILL_AREA_STYLE_COLOUR ( '', #4194 ) ;
#8932 = DIRECTION ( 'NONE',  ( 2.409338161078898200E-017, -1.426581805901979400E-016, 1.000000000000000000 ) ) ;
#8933 = ORIENTED_EDGE ( 'NONE', *, *, #2373, .F. ) ;
#8934 = AXIS2_PLACEMENT_3D ( 'NONE', #4768, #5295, #4737 ) ;
#8935 = DIRECTION ( 'NONE',  ( 1.000000000000000000, 1.426581805901979400E-016, 1.927470528863119300E-016 ) ) ;
#8936 = EDGE_CURVE ( 'NONE', #6605, #80, #2887, .T. ) ;
#8937 = SURFACE_STYLE_USAGE ( .BOTH. , #4928 ) ;
#8938 = COLOUR_RGB ( '',1.000000000000000000, 1.000000000000000000, 1.000000000000000000 ) ;
#8939 = MECHANICAL_DESIGN_GEOMETRIC_PRESENTATION_REPRESENTATION (  '', ( #7734 ), #9557 ) ;
#8940 = CARTESIAN_POINT ( 'NONE',  ( -2.950000000000002800, -3.665000000000000900, 3.899999999999999900 ) ) ;
#8941 = VERTEX_POINT ( 'NONE', #6771 ) ;
#8942 = PLANE ( 'NONE',  #6101 ) ;
#8943 = AXIS2_PLACEMENT_3D ( 'NONE', #9880, #3138, #173 ) ;
#8944 = ADVANCED_FACE ( 'NONE', ( #7004 ), #4168, .T. ) ;
#8945 = PRESENTATION_STYLE_ASSIGNMENT (( #3049 ) ) ;
#8946 = SURFACE_SIDE_STYLE ('',( #9641 ) ) ;
#8947 = CYLINDRICAL_SURFACE ( 'NONE', #5487, 0.05000000000000012800 ) ;
#8948 =( LENGTH_UNIT ( ) NAMED_UNIT ( * ) SI_UNIT ( .MILLI., .METRE. ) );
#8949 = ORIENTED_EDGE ( 'NONE', *, *, #3732, .F. ) ;
#8950 = LINE ( 'NONE', #1923, #6562 ) ;
#8951 = CARTESIAN_POINT ( 'NONE',  ( 4.350000000000003200, -0.2000000000000010400, -9.256930829408594200E-018 ) ) ;
#8952 = SURFACE_STYLE_USAGE ( .BOTH. , #9795 ) ;
#8953 = DIRECTION ( 'NONE',  ( 4.818676322157798900E-017, 5.008887229611388000E-017, 1.000000000000000000 ) ) ;
#8954 = AXIS2_PLACEMENT_3D ( 'NONE', #2827, #2814, #2737 ) ;
#8955 = STYLED_ITEM ( 'NONE', ( #4309 ), #4524 ) ;
#8956 = SURFACE_STYLE_USAGE ( .BOTH. , #2776 ) ;
#8958 =( GEOMETRIC_REPRESENTATION_CONTEXT ( 3 ) GLOBAL_UNCERTAINTY_ASSIGNED_CONTEXT ( ( #1118 ) ) GLOBAL_UNIT_ASSIGNED_CONTEXT ( ( #9738, #9699, #9615 ) ) REPRESENTATION_CONTEXT ( 'NONE', 'WORKASPACE' ) );
#8957 = PRESENTATION_LAYER_ASSIGNMENT (  '', '', ( #7146 ) ) ;
#8959 = CARTESIAN_POINT ( 'NONE',  ( -4.690000000000001300, 0.0000000000000000000, -3.100000000000001000 ) ) ;
#8960 = LINE ( 'NONE', #2258, #2195 ) ;
#8961 = EDGE_CURVE ( 'NONE', #7682, #9202, #4709, .T. ) ;
#8962 = VERTEX_POINT ( 'NONE', #1573 ) ;
#8963 = EDGE_CURVE ( 'NONE', #2989, #8776, #6156, .T. ) ;
#8964 = CARTESIAN_POINT ( 'NONE',  ( -5.170000000000001700, -3.835000000000000000, -3.850000000000000500 ) ) ;
#8965 = FILL_AREA_STYLE_COLOUR ( '', #808 ) ;
#8966 = DIRECTION ( 'NONE',  ( -7.553600721220332200E-017, -2.140309255009064400E-017, 1.000000000000000000 ) ) ;
#8967 = PRESENTATION_STYLE_ASSIGNMENT (( #9760 ) ) ;
#8968 = CARTESIAN_POINT ( 'NONE',  ( -5.155249921937703500, -3.867499219377003300, -0.9250000000000008200 ) ) ;
#8969 = ORIENTED_EDGE ( 'NONE', *, *, #11531, .F. ) ;
#8970 = MECHANICAL_DESIGN_GEOMETRIC_PRESENTATION_REPRESENTATION (  '', ( #7763 ), #9580 ) ;
#8971 =( GEOMETRIC_REPRESENTATION_CONTEXT ( 3 ) GLOBAL_UNCERTAINTY_ASSIGNED_CONTEXT ( ( #10077 ) ) GLOBAL_UNIT_ASSIGNED_CONTEXT ( ( #8004, #2740, #8918 ) ) REPRESENTATION_CONTEXT ( 'NONE', 'WORKASPACE' ) );
#8972 = DIRECTION ( 'NONE',  ( -1.000000000000000000, 3.634139519433330100E-015, -7.553600721219157500E-017 ) ) ;
#8973 = PLANE ( 'NONE',  #3194 ) ;
#8974 = LINE ( 'NONE', #3110, #1919 ) ;
#8975 = PRESENTATION_STYLE_ASSIGNMENT (( #4668 ) ) ;
#8976 = EDGE_CURVE ( 'NONE', #51, #7970, #10913, .T. ) ;
#8977 = CARTESIAN_POINT ( 'NONE',  ( -4.725000000000001400, -3.764999999999999700, -0.8750000000000002200 ) ) ;
#8978 = EDGE_CURVE ( 'NONE', #7922, #6142, #10642, .T. ) ;
#8979 = SURFACE_STYLE_USAGE ( .BOTH. , #2794 ) ;
#8980 = ORIENTED_EDGE ( 'NONE', *, *, #1292, .T. ) ;
#8981 = ORIENTED_EDGE ( 'NONE', *, *, #4593, .F. ) ;
#8982 = CARTESIAN_POINT ( 'NONE',  ( 5.050000000000003400, -3.865000000000000200, -3.899999999999999900 ) ) ;
#8983 = VERTEX_POINT ( 'NONE', #685 ) ;
#8984 = LINE ( 'NONE', #2370, #6598 ) ;
#8985 = VECTOR ( 'NONE', #1661, 1000.000000000000000 ) ;
#8986 = VECTOR ( 'NONE', #953, 1000.000000000000000 ) ;
#8987 =( LENGTH_UNIT ( ) NAMED_UNIT ( * ) SI_UNIT ( .MILLI., .METRE. ) );
#8988 = SURFACE_STYLE_USAGE ( .BOTH. , #9026 ) ;
#8989 = SURFACE_STYLE_FILL_AREA ( #5550 ) ;
#8990 = UNCERTAINTY_MEASURE_WITH_UNIT (LENGTH_MEASURE( 1.000000000000000100E-005 ), #2998, 'distance_accuracy_value', 'NONE');
#8991 = FILL_AREA_STYLE ('',( #7101 ) ) ;
#8992 =( NAMED_UNIT ( * ) PLANE_ANGLE_UNIT ( ) SI_UNIT ( $, .RADIAN. ) );
#8993 = EDGE_CURVE ( 'NONE', #3626, #9936, #8243, .T. ) ;
#8994 =( NAMED_UNIT ( * ) PLANE_ANGLE_UNIT ( ) SI_UNIT ( $, .RADIAN. ) );
#8995 = ORIENTED_EDGE ( 'NONE', *, *, #1053, .F. ) ;
#8996 = CARTESIAN_POINT ( 'NONE',  ( 5.344790894541743500, -3.834479089454173800, 1.072641633478903700 ) ) ;
#8997 = VECTOR ( 'NONE', #7353, 1000.000000000000100 ) ;
#8998 = CARTESIAN_POINT ( 'NONE',  ( -3.350000000000001400, -3.715000000000001200, 1.125000000000000000 ) ) ;
#8999 = LINE ( 'NONE', #8886, #2238 ) ;
#9000 = VECTOR ( 'NONE', #9579, 1000.000000000000000 ) ;
#9001 = CARTESIAN_POINT ( 'NONE',  ( 4.975000000000002300, -0.2499999999999981700, -0.7499999999999980000 ) ) ;
#9002 = CARTESIAN_POINT ( 'NONE',  ( -5.050000000000001600, -3.390000000000000600, -1.125000000000000900 ) ) ;
#9003 = ADVANCED_FACE ( 'NONE', ( #3564 ), #7131, .T. ) ;
#9004 = VERTEX_POINT ( 'NONE', #7820 ) ;
#9005 = SURFACE_SIDE_STYLE ('',( #7274 ) ) ;
#9006 = VERTEX_POINT ( 'NONE', #2560 ) ;
#9007 = DIRECTION ( 'NONE',  ( 1.000000000000000000, 3.657902066415252100E-018, 1.927470528863118800E-016 ) ) ;
#9008 = EDGE_CURVE ( 'NONE', #1383, #5564, #9537, .T. ) ;
#9009 =( NAMED_UNIT ( * ) SI_UNIT ( $, .STERADIAN. ) SOLID_ANGLE_UNIT ( ) );
#9010 =( GEOMETRIC_REPRESENTATION_CONTEXT ( 3 ) GLOBAL_UNCERTAINTY_ASSIGNED_CONTEXT ( ( #2045 ) ) GLOBAL_UNIT_ASSIGNED_CONTEXT ( ( #1806, #7969, #2707 ) ) REPRESENTATION_CONTEXT ( 'NONE', 'WORKASPACE' ) );
#9011 = CARTESIAN_POINT ( 'NONE',  ( 5.350000000000004100, -3.815000000000000400, -1.125000000000000900 ) ) ;
#9012 = ADVANCED_FACE ( 'NONE', ( #4783 ), #9637, .F. ) ;
#9013 = CARTESIAN_POINT ( 'NONE',  ( 3.350000000000003200, -3.764999999999999700, 0.9249999999999993800 ) ) ;
#9014 = DIRECTION ( 'NONE',  ( 1.000000000000000000, 1.426581805901979400E-016, 1.927470528863119300E-016 ) ) ;
#9015 = CARTESIAN_POINT ( 'NONE',  ( -3.355000000000002200, -3.839999999999991400, -0.7500000000000125500 ) ) ;
#9016 = UNCERTAINTY_MEASURE_WITH_UNIT (LENGTH_MEASURE( 1.000000000000000100E-005 ), #4574, 'distance_accuracy_value', 'NONE');
#9017 = ORIENTED_EDGE ( 'NONE', *, *, #977, .T. ) ;
#9018 =( LENGTH_UNIT ( ) NAMED_UNIT ( * ) SI_UNIT ( .MILLI., .METRE. ) );
#9019 = COLOUR_RGB ( '',0.9098039215686274400, 0.4431372549019607600, 0.03137254901960784300 ) ;
#9020 = ORIENTED_EDGE ( 'NONE', *, *, #11448, .T. ) ;
#9021 = FACE_OUTER_BOUND ( 'NONE', #2348, .T. ) ;
#9022 = PRESENTATION_LAYER_ASSIGNMENT (  '', '', ( #8955 ) ) ;
#9024 = DIRECTION ( 'NONE',  ( 0.0000000000000000000, 1.000000000000000000, -0.0000000000000000000 ) ) ;
#9023 = VECTOR ( 'NONE', #397, 1000.000000000000000 ) ;
#9025 =( NAMED_UNIT ( * ) SI_UNIT ( $, .STERADIAN. ) SOLID_ANGLE_UNIT ( ) );
#9026 = SURFACE_SIDE_STYLE ('',( #8799 ) ) ;
#9027 = EDGE_LOOP ( 'NONE', ( #2631, #7033, #1632, #3947 ) ) ;
#9028 = AXIS2_PLACEMENT_3D ( 'NONE', #6508, #3559, #7835 ) ;
#9029 = EDGE_CURVE ( 'NONE', #568, #4031, #6287, .T. ) ;
#9030 = AXIS2_PLACEMENT_3D ( 'NONE', #10464, #8932, #4792 ) ;
#9031 = CARTESIAN_POINT ( 'NONE',  ( 3.350000000000002300, -1.870000000000001900, 3.650000000000000400 ) ) ;
#9032 = VECTOR ( 'NONE', #2909, 1000.000000000000000 ) ;
#9033 = SURFACE_SIDE_STYLE ('',( #342 ) ) ;
#9034 = CARTESIAN_POINT ( 'NONE',  ( 5.150000000000003000, -3.815000000000001300, 0.9249999999999991600 ) ) ;
#9036 = ORIENTED_EDGE ( 'NONE', *, *, #5312, .T. ) ;
#9035 =( NAMED_UNIT ( * ) PLANE_ANGLE_UNIT ( ) SI_UNIT ( $, .RADIAN. ) );
#9037 = SURFACE_STYLE_USAGE ( .BOTH. , #2858 ) ;
#9038 = CARTESIAN_POINT ( 'NONE',  ( 5.150000000000003900, -0.4000000000000010200, -0.9250000000000000400 ) ) ;
#9039 = AXIS2_PLACEMENT_3D ( 'NONE', #1199, #1171, #1031 ) ;
#9040 = AXIS2_PLACEMENT_3D ( 'NONE', #8291, #6534, #10163 ) ;
#9041 = DIRECTION ( 'NONE',  ( 4.818676322157798900E-017, 5.008887229611388000E-017, 1.000000000000000000 ) ) ;
#9042 = DIRECTION ( 'NONE',  ( -1.000000000000000000, 3.571489509364014900E-015, -7.553600721219178500E-017 ) ) ;
#9043 = VECTOR ( 'NONE', #963, 1000.000000000000000 ) ;
#9044 = LINE ( 'NONE', #5142, #11130 ) ;
#9045 = FACE_OUTER_BOUND ( 'NONE', #8311, .T. ) ;
#9046 = EDGE_CURVE ( 'NONE', #736, #10201, #1619, .T. ) ;
#9047 = ORIENTED_EDGE ( 'NONE', *, *, #1660, .F. ) ;
#9048 = EDGE_CURVE ( 'NONE', #5839, #2815, #3985, .T. ) ;
#9049 =( LENGTH_UNIT ( ) NAMED_UNIT ( * ) SI_UNIT ( .MILLI., .METRE. ) );
#9050 = ORIENTED_EDGE ( 'NONE', *, *, #7342, .T. ) ;
#9051 = PLANE ( 'NONE',  #4505 ) ;
#9052 = DIRECTION ( 'NONE',  ( 0.0000000000000000000, 0.0000000000000000000, -1.000000000000000000 ) ) ;
#9053 = EDGE_LOOP ( 'NONE', ( #5920, #8527, #261, #8825 ) ) ;
#9054 = SURFACE_SIDE_STYLE ('',( #10605 ) ) ;
#9055 = LINE ( 'NONE', #9186, #8752 ) ;
#9056 = AXIS2_PLACEMENT_3D ( 'NONE', #10156, #10117, #10076 ) ;
#9057 = CARTESIAN_POINT ( 'NONE',  ( -5.350000000000001400, -0.1800000000000002200, -3.850000000000000100 ) ) ;
#9058 = COLOUR_RGB ( '',1.000000000000000000, 1.000000000000000000, 1.000000000000000000 ) ;
#9059 = CIRCLE ( 'NONE', #5587, 0.2000000000000000900 ) ;
#9060 = LINE ( 'NONE', #5970, #11423 ) ;
#9061 = FACE_OUTER_BOUND ( 'NONE', #7402, .T. ) ;
#9062 = CARTESIAN_POINT ( 'NONE',  ( 5.150000000000003000, -0.4000000000000010200, -0.9250000000000000400 ) ) ;
#9063 =( NAMED_UNIT ( * ) SI_UNIT ( $, .STERADIAN. ) SOLID_ANGLE_UNIT ( ) );
#9064 = ORIENTED_EDGE ( 'NONE', *, *, #4593, .T. ) ;
#9065 = ADVANCED_FACE ( 'NONE', ( #8382 ), #9659, .T. ) ;
#9066 = VERTEX_POINT ( 'NONE', #8842 ) ;
#9067 = EDGE_CURVE ( 'NONE', #4071, #7836, #469, .T. ) ;
#9068 = FILL_AREA_STYLE ('',( #1047 ) ) ;
#9069 = FILL_AREA_STYLE ('',( #9393 ) ) ;
#9070 = FILL_AREA_STYLE ('',( #9185 ) ) ;
#9071 = LINE ( 'NONE', #267, #11434 ) ;
#9072 = ORIENTED_EDGE ( 'NONE', *, *, #3770, .T. ) ;
#9073 = ORIENTED_EDGE ( 'NONE', *, *, #3322, .F. ) ;
#9074 = CARTESIAN_POINT ( 'NONE',  ( 4.590000000000003400, -3.837505057876323300E-016, -3.150000000000000800 ) ) ;
#9075 = ADVANCED_FACE ( 'NONE', ( #7560, #4907 ), #5297, .F. ) ;
#9076 = CARTESIAN_POINT ( 'NONE',  ( 3.350000000000003600, -3.715000000000001200, -0.9250000000000009300 ) ) ;
#9077 = ORIENTED_EDGE ( 'NONE', *, *, #795, .F. ) ;
#9078 = EDGE_CURVE ( 'NONE', #352, #11355, #4112, .T. ) ;
#9079 = SURFACE_SIDE_STYLE ('',( #733 ) ) ;
#9080 = EDGE_CURVE ( 'NONE', #7300, #7922, #1755, .T. ) ;
#9081 = CARTESIAN_POINT ( 'NONE',  ( 5.350000000000004100, -0.1800000000000002200, -3.850000000000001000 ) ) ;
#9082 = ORIENTED_EDGE ( 'NONE', *, *, #8862, .F. ) ;
#9083 = PRESENTATION_LAYER_ASSIGNMENT (  '', '', ( #8455 ) ) ;
#9084 = DIRECTION ( 'NONE',  ( -1.426581805901979900E-016, 1.000000000000000000, 2.725027521453481900E-016 ) ) ;
#9085 = PLANE ( 'NONE',  #9924 ) ;
#9086 = PRESENTATION_LAYER_ASSIGNMENT (  '', '', ( #9243 ) ) ;
#9087 = CARTESIAN_POINT ( 'NONE',  ( -4.850000000000002300, -1.870000000000000600, 0.9250000000000000400 ) ) ;
#9088 = DIRECTION ( 'NONE',  ( 1.000000000000000000, -3.348823158252936600E-015, 2.014244061477902700E-016 ) ) ;
#9089 = STYLED_ITEM ( 'NONE', ( #1972 ), #3720 ) ;
#9090 = EDGE_LOOP ( 'NONE', ( #7525, #4930, #11095, #10224 ) ) ;
#9091 = DIRECTION ( 'NONE',  ( -4.818676322157798900E-017, 3.354052334765097900E-016, -1.000000000000000000 ) ) ;
#9092 = SURFACE_STYLE_FILL_AREA ( #5025 ) ;
#9093 =( GEOMETRIC_REPRESENTATION_CONTEXT ( 3 ) GLOBAL_UNCERTAINTY_ASSIGNED_CONTEXT ( ( #7935 ) ) GLOBAL_UNIT_ASSIGNED_CONTEXT ( ( #5060, #4911, #4836 ) ) REPRESENTATION_CONTEXT ( 'NONE', 'WORKASPACE' ) );
#9094 = CARTESIAN_POINT ( 'NONE',  ( -3.350000000000002300, -3.815000000000000400, -0.9250000000000004900 ) ) ;
#9095 = DIRECTION ( 'NONE',  ( 7.553600721220308800E-017, 3.168122796172017900E-015, -1.000000000000000000 ) ) ;
#9096 = ORIENTED_EDGE ( 'NONE', *, *, #9803, .T. ) ;
#9097 = AXIS2_PLACEMENT_3D ( 'NONE', #5631, #310, #6507 ) ;
#9098 = CARTESIAN_POINT ( 'NONE',  ( -5.150000000000002100, -0.2000000000000006500, -1.125000000000000400 ) ) ;
#9099 = CARTESIAN_POINT ( 'NONE',  ( 4.025000000000000400, -0.1250000000000019400, 0.7500000000000021100 ) ) ;
#9100 = AXIS2_PLACEMENT_3D ( 'NONE', #10344, #8670, #411 ) ;
#9101 = ORIENTED_EDGE ( 'NONE', *, *, #5077, .T. ) ;
#9102 =( LENGTH_UNIT ( ) NAMED_UNIT ( * ) SI_UNIT ( .MILLI., .METRE. ) );
#9103 =( NAMED_UNIT ( * ) PLANE_ANGLE_UNIT ( ) SI_UNIT ( $, .RADIAN. ) );
#9104 = PLANE ( 'NONE',  #3935 ) ;
#9105 = VECTOR ( 'NONE', #2478, 1000.000000000000000 ) ;
#9106 = DIRECTION ( 'NONE',  ( 0.0000000000000000000, -0.0000000000000000000, 1.000000000000000000 ) ) ;
#9107 = CARTESIAN_POINT ( 'NONE',  ( -5.150000000000003000, -0.2000000000000008700, -1.125000000000000400 ) ) ;
#9108 = MECHANICAL_DESIGN_GEOMETRIC_PRESENTATION_REPRESENTATION (  '', ( #9270 ), #9093 ) ;
#9109 = FILL_AREA_STYLE_COLOUR ( '', #1378 ) ;
#9110 = PRESENTATION_LAYER_ASSIGNMENT (  '', '', ( #7893 ) ) ;
#9111 = AXIS2_PLACEMENT_3D ( 'NONE', #10706, #8868, #4567 ) ;
#9112 = MECHANICAL_DESIGN_GEOMETRIC_PRESENTATION_REPRESENTATION (  '', ( #7304 ), #9711 ) ;
#9113 = FILL_AREA_STYLE_COLOUR ( '', #2777 ) ;
#9114 = ORIENTED_EDGE ( 'NONE', *, *, #6678, .F. ) ;
#9115 = AXIS2_PLACEMENT_3D ( 'NONE', #10486, #7258, #10196 ) ;
#9116 = VERTEX_POINT ( 'NONE', #8923 ) ;
#9117 = EDGE_CURVE ( 'NONE', #10290, #3042, #10904, .T. ) ;
#9118 = EDGE_LOOP ( 'NONE', ( #10258, #854, #8620, #1142 ) ) ;
#9119 = DIRECTION ( 'NONE',  ( -1.000000000000000000, 0.0000000000000000000, 0.0000000000000000000 ) ) ;
#9120 = CARTESIAN_POINT ( 'NONE',  ( 5.150000000000003900, -3.785000000000000600, -0.9250000000000004900 ) ) ;
#9121 = ADVANCED_FACE ( 'NONE', ( #8804 ), #3023, .F. ) ;
#9122 = CARTESIAN_POINT ( 'NONE',  ( -4.850000000000002300, -1.870000000000000600, 1.125000000000000200 ) ) ;
#9123 = FILL_AREA_STYLE ('',( #9301 ) ) ;
#9124 = SURFACE_STYLE_FILL_AREA ( #9171 ) ;
#9125 = ORIENTED_EDGE ( 'NONE', *, *, #3240, .F. ) ;
#9126 = ORIENTED_EDGE ( 'NONE', *, *, #635, .F. ) ;
#9127 =( NAMED_UNIT ( * ) SI_UNIT ( $, .STERADIAN. ) SOLID_ANGLE_UNIT ( ) );
#9128 = ORIENTED_EDGE ( 'NONE', *, *, #4414, .F. ) ;
#9129 = PRESENTATION_LAYER_ASSIGNMENT (  '', '', ( #7908 ) ) ;
#9130 = PRESENTATION_LAYER_ASSIGNMENT (  '', '', ( #8504 ) ) ;
#9131 = DIRECTION ( 'NONE',  ( 1.000000000000000000, -0.0000000000000000000, 0.0000000000000000000 ) ) ;
#9132 = ORIENTED_EDGE ( 'NONE', *, *, #4839, .F. ) ;
#9133 = ADVANCED_FACE ( 'NONE', ( #870 ), #11317, .T. ) ;
#9134 = DIRECTION ( 'NONE',  ( 1.000000000000000000, -3.348823158252936600E-015, 2.014244061477902700E-016 ) ) ;
#9135 = PRESENTATION_LAYER_ASSIGNMENT (  '', '', ( #10331 ) ) ;
#9136 = CARTESIAN_POINT ( 'NONE',  ( 5.146561278304950800, -0.2156799629227134900, 2.347558722463239700 ) ) ;
#9137 = EDGE_CURVE ( 'NONE', #9703, #3574, #2188, .T. ) ;
#9138 = LINE ( 'NONE', #8054, #2368 ) ;
#9139 = SURFACE_SIDE_STYLE ('',( #4249 ) ) ;
#9140 =( LENGTH_UNIT ( ) NAMED_UNIT ( * ) SI_UNIT ( .MILLI., .METRE. ) );
#9141 = PLANE ( 'NONE',  #5257 ) ;
#9142 = PRESENTATION_STYLE_ASSIGNMENT (( #4373 ) ) ;
#9143 =( LENGTH_UNIT ( ) NAMED_UNIT ( * ) SI_UNIT ( .MILLI., .METRE. ) );
#9144 = VERTEX_POINT ( 'NONE', #9001 ) ;
#9145 = SURFACE_STYLE_USAGE ( .BOTH. , #9180 ) ;
#9146 = CARTESIAN_POINT ( 'NONE',  ( 5.249999999999999100, -3.865000000000000200, 5.000000000000000000 ) ) ;
#9147 = FILL_AREA_STYLE_COLOUR ( '', #4887 ) ;
#9148 = COLOUR_RGB ( '',1.000000000000000000, 1.000000000000000000, 1.000000000000000000 ) ;
#9149 = CARTESIAN_POINT ( 'NONE',  ( 5.170000000000003500, -0.1800000000000001900, -3.850000000000001000 ) ) ;
#9150 = CARTESIAN_POINT ( 'NONE',  ( 4.725000000000003200, -3.515000000000000600, 0.9249999999999993800 ) ) ;
#9151 = AXIS2_PLACEMENT_3D ( 'NONE', #11170, #10204, #3246 ) ;
#9152 = STYLED_ITEM ( 'NONE', ( #10283 ), #8222 ) ;
#9153 = DIRECTION ( 'NONE',  ( -1.000000000000000000, 1.426581805901979600E-016, 2.409338161078905600E-017 ) ) ;
#9154 = DIRECTION ( 'NONE',  ( -1.000000000000000000, 1.426581805901979900E-016, -1.927470528863118800E-016 ) ) ;
#9155 = PRESENTATION_LAYER_ASSIGNMENT (  '', '', ( #6690 ) ) ;
#9156 = VECTOR ( 'NONE', #7021, 1000.000000000000000 ) ;
#9157 = CARTESIAN_POINT ( 'NONE',  ( 3.790000000000003100, -1.065656609008778800E-015, 2.350000000000000500 ) ) ;
#9158 = EDGE_CURVE ( 'NONE', #9430, #8824, #8950, .T. ) ;
#9159 = UNCERTAINTY_MEASURE_WITH_UNIT (LENGTH_MEASURE( 1.000000000000000100E-005 ), #4600, 'distance_accuracy_value', 'NONE');
#9160 = ORIENTED_EDGE ( 'NONE', *, *, #4356, .T. ) ;
#9161 = DIRECTION ( 'NONE',  ( -1.000000000000000000, -4.580624489496172500E-016, -1.927470528863119800E-016 ) ) ;
#9162 = MECHANICAL_DESIGN_GEOMETRIC_PRESENTATION_REPRESENTATION (  '', ( #7354 ), #9773 ) ;
#9163 = COLOUR_RGB ( '',1.000000000000000000, 1.000000000000000000, 1.000000000000000000 ) ;
#9164 = FACE_OUTER_BOUND ( 'NONE', #10276, .T. ) ;
#9165 = DIRECTION ( 'NONE',  ( 0.0000000000000000000, 1.000000000000000000, -0.0000000000000000000 ) ) ;
#9166 = VECTOR ( 'NONE', #6918, 1000.000000000000000 ) ;
#9167 = CARTESIAN_POINT ( 'NONE',  ( -3.350000000000001400, -3.715000000000001200, 1.125000000000000000 ) ) ;
#9168 =( NAMED_UNIT ( * ) PLANE_ANGLE_UNIT ( ) SI_UNIT ( $, .RADIAN. ) );
#9169 =( NAMED_UNIT ( * ) PLANE_ANGLE_UNIT ( ) SI_UNIT ( $, .RADIAN. ) );
#9170 = VECTOR ( 'NONE', #9154, 1000.000000000000000 ) ;
#9171 = FILL_AREA_STYLE ('',( #7368 ) ) ;
#9172 = ORIENTED_EDGE ( 'NONE', *, *, #2418, .T. ) ;
#9173 = PRESENTATION_STYLE_ASSIGNMENT (( #2691 ) ) ;
#9174 = UNCERTAINTY_MEASURE_WITH_UNIT (LENGTH_MEASURE( 1.000000000000000100E-005 ), #6431, 'distance_accuracy_value', 'NONE');
#9175 = DIRECTION ( 'NONE',  ( 1.426581805901979600E-016, -1.000000000000000000, -1.426581805901979400E-016 ) ) ;
#9176 = ADVANCED_FACE ( 'NONE', ( #4500, #4235, #9238, #6845, #1891, #11037, #8650 ), #6329, .T. ) ;
#9177 = VECTOR ( 'NONE', #7294, 1000.000000000000000 ) ;
#9178 = CIRCLE ( 'NONE', #7882, 0.1799999999999996000 ) ;
#9179 = AXIS2_PLACEMENT_3D ( 'NONE', #6969, #6662, #6411 ) ;
#9180 = SURFACE_SIDE_STYLE ('',( #8063 ) ) ;
#9182 =( GEOMETRIC_REPRESENTATION_CONTEXT ( 3 ) GLOBAL_UNCERTAINTY_ASSIGNED_CONTEXT ( ( #3861 ) ) GLOBAL_UNIT_ASSIGNED_CONTEXT ( ( #4745, #4318, #3841 ) ) REPRESENTATION_CONTEXT ( 'NONE', 'WORKASPACE' ) );
#9181 = MECHANICAL_DESIGN_GEOMETRIC_PRESENTATION_REPRESENTATION (  '', ( #7374 ), #9785 ) ;
#9183 =( NAMED_UNIT ( * ) SI_UNIT ( $, .STERADIAN. ) SOLID_ANGLE_UNIT ( ) );
#9184 = DIRECTION ( 'NONE',  ( 1.426581805901980400E-016, 1.000000000000000000, -2.187425435716359300E-016 ) ) ;
#9185 = FILL_AREA_STYLE_COLOUR ( '', #1753 ) ;
#9186 = CARTESIAN_POINT ( 'NONE',  ( -3.355000000000001300, -3.964999999999991000, -0.7500000000000129900 ) ) ;
#9187 = STYLED_ITEM ( 'NONE', ( #1185 ), #240 ) ;
#9188 = ORIENTED_EDGE ( 'NONE', *, *, #5460, .T. ) ;
#9189 = EDGE_CURVE ( 'NONE', #352, #5682, #3150, .T. ) ;
#9190 = SURFACE_STYLE_USAGE ( .BOTH. , #8136 ) ;
#9191 = ORIENTED_EDGE ( 'NONE', *, *, #8682, .F. ) ;
#9192 = ADVANCED_FACE ( 'NONE', ( #5449 ), #8155, .T. ) ;
#9193 =( LENGTH_UNIT ( ) NAMED_UNIT ( * ) SI_UNIT ( .MILLI., .METRE. ) );
#9194 = LINE ( 'NONE', #3605, #7774 ) ;
#9195 = VECTOR ( 'NONE', #8214, 1000.000000000000000 ) ;
#9196 = ORIENTED_EDGE ( 'NONE', *, *, #6413, .F. ) ;
#9197 =( NAMED_UNIT ( * ) SI_UNIT ( $, .STERADIAN. ) SOLID_ANGLE_UNIT ( ) );
#9198 = VERTEX_POINT ( 'NONE', #1017 ) ;
#9199 = PLANE ( 'NONE',  #7612 ) ;
#9200 = AXIS2_PLACEMENT_3D ( 'NONE', #1893, #1854, #1812 ) ;
#9201 = AXIS2_PLACEMENT_3D ( 'NONE', #6061, #751, #6966 ) ;
#9202 = VERTEX_POINT ( 'NONE', #8361 ) ;
#9203 = CARTESIAN_POINT ( 'NONE',  ( 5.120000000000003700, -3.815000000000000800, -0.9250000000000004900 ) ) ;
#9204 = VECTOR ( 'NONE', #9165, 1000.000000000000000 ) ;
#9205 = EDGE_CURVE ( 'NONE', #8438, #2009, #6683, .T. ) ;
#9206 = EDGE_CURVE ( 'NONE', #2124, #8346, #11154, .T. ) ;
#9207 = LINE ( 'NONE', #1391, #8910 ) ;
#9208 = LINE ( 'NONE', #1413, #8912 ) ;
#9209 = ORIENTED_EDGE ( 'NONE', *, *, #2623, .F. ) ;
#9210 = DIRECTION ( 'NONE',  ( 4.580624489496172500E-016, -1.000000000000000000, -1.426581805901979400E-016 ) ) ;
#9211 =( NAMED_UNIT ( * ) PLANE_ANGLE_UNIT ( ) SI_UNIT ( $, .RADIAN. ) );
#9212 = CARTESIAN_POINT ( 'NONE',  ( -4.975000000000002300, -3.840000000000001600, 0.7499999999999871200 ) ) ;
#9213 = ORIENTED_EDGE ( 'NONE', *, *, #9752, .F. ) ;
#9214 = CARTESIAN_POINT ( 'NONE',  ( 4.975000000000002300, -3.964999999999999900, -0.7499999999999982200 ) ) ;
#9215 = CARTESIAN_POINT ( 'NONE',  ( 5.170000000000002600, -3.835000000000000400, 1.124999999999999300 ) ) ;
#9216 = CIRCLE ( 'NONE', #8093, 0.05000000000000012800 ) ;
#9217 = CARTESIAN_POINT ( 'NONE',  ( -4.725000000000002300, -3.714999999999999400, 0.9249999999999994900 ) ) ;
#9218 = CARTESIAN_POINT ( 'NONE',  ( -5.350000000000001400, -4.015000000000000600, -1.125000000000002700 ) ) ;
#9219 = ORIENTED_EDGE ( 'NONE', *, *, #1195, .T. ) ;
#9220 = EDGE_LOOP ( 'NONE', ( #7070, #4231, #10699, #2748, #3497, #10184, #288, #1922 ) ) ;
#9221 = CARTESIAN_POINT ( 'NONE',  ( -5.170000000000001700, -0.1800000000000007400, -2.194878360881566200E-016 ) ) ;
#9222 = EDGE_CURVE ( 'NONE', #8065, #3964, #2014, .T. ) ;
#9223 = MECHANICAL_DESIGN_GEOMETRIC_PRESENTATION_REPRESENTATION (  '', ( #8000 ), #9822 ) ;
#9224 = FILL_AREA_STYLE ('',( #10132 ) ) ;
#9225 =( LENGTH_UNIT ( ) NAMED_UNIT ( * ) SI_UNIT ( .MILLI., .METRE. ) );
#9226 = PLANE ( 'NONE',  #11360 ) ;
#9227 = ORIENTED_EDGE ( 'NONE', *, *, #7339, .T. ) ;
#9228 = DIRECTION ( 'NONE',  ( -0.0000000000000000000, -0.3417430630867041000, -0.9397934234884372000 ) ) ;
#9229 = VECTOR ( 'NONE', #1934, 1000.000000000000000 ) ;
#9230 = FILL_AREA_STYLE ('',( #1224 ) ) ;
#9231 =( NAMED_UNIT ( * ) SI_UNIT ( $, .STERADIAN. ) SOLID_ANGLE_UNIT ( ) );
#9232 =( LENGTH_UNIT ( ) NAMED_UNIT ( * ) SI_UNIT ( .MILLI., .METRE. ) );
#9233 = LINE ( 'NONE', #4899, #6839 ) ;
#9234 = ORIENTED_EDGE ( 'NONE', *, *, #2254, .F. ) ;
#9235 = EDGE_CURVE ( 'NONE', #1291, #7300, #6392, .T. ) ;
#9236 = SURFACE_SIDE_STYLE ('',( #1731 ) ) ;
#9237 =( NAMED_UNIT ( * ) SI_UNIT ( $, .STERADIAN. ) SOLID_ANGLE_UNIT ( ) );
#9239 = PRESENTATION_LAYER_ASSIGNMENT (  '', '', ( #8611 ) ) ;
#9238 = FACE_BOUND ( 'NONE', #8056, .T. ) ;
#9240 = FILL_AREA_STYLE_COLOUR ( '', #6425 ) ;
#9241 = ADVANCED_FACE ( 'NONE', ( #8478 ), #4015, .F. ) ;
#9242 = ORIENTED_EDGE ( 'NONE', *, *, #2054, .T. ) ;
#9243 = STYLED_ITEM ( 'NONE', ( #3063 ), #1496 ) ;
#9244 = ORIENTED_EDGE ( 'NONE', *, *, #10989, .T. ) ;
#9245 = AXIS2_PLACEMENT_3D ( 'NONE', #6990, #11226, #3725 ) ;
#9246 = CARTESIAN_POINT ( 'NONE',  ( -4.750000000000001800, 0.0000000000000000000, -1.800000000000000300 ) ) ;
#9247 =( NAMED_UNIT ( * ) SI_UNIT ( $, .STERADIAN. ) SOLID_ANGLE_UNIT ( ) );
#9248 = VERTEX_POINT ( 'NONE', #4901 ) ;
#9249 = PRESENTATION_LAYER_ASSIGNMENT (  '', '', ( #8043 ) ) ;
#9250 =( LENGTH_UNIT ( ) NAMED_UNIT ( * ) SI_UNIT ( .MILLI., .METRE. ) );
#9251 = ORIENTED_EDGE ( 'NONE', *, *, #5530, .F. ) ;
#9252 = DIRECTION ( 'NONE',  ( -4.818676322157798900E-017, 3.354052334765097900E-016, -1.000000000000000000 ) ) ;
#9253 = FILL_AREA_STYLE_COLOUR ( '', #9821 ) ;
#9254 = EDGE_CURVE ( 'NONE', #5200, #5149, #3261, .T. ) ;
#9255 = ORIENTED_EDGE ( 'NONE', *, *, #977, .F. ) ;
#9256 =( NAMED_UNIT ( * ) PLANE_ANGLE_UNIT ( ) SI_UNIT ( $, .RADIAN. ) );
#9257 = AXIS2_PLACEMENT_3D ( 'NONE', #2721, #1959, #2648 ) ;
#9258 = SURFACE_STYLE_FILL_AREA ( #6345 ) ;
#9259 = DIRECTION ( 'NONE',  ( 1.000000000000000000, 3.526005099788157400E-016, -2.409338161078893300E-017 ) ) ;
#9260 = CARTESIAN_POINT ( 'NONE',  ( 4.725000000000003200, -3.715000000000000700, 0.9249999999999994900 ) ) ;
#9261 = CARTESIAN_POINT ( 'NONE',  ( -5.100000000000003200, -3.390000000000000600, -1.125000000000000900 ) ) ;
#9262 = CARTESIAN_POINT ( 'NONE',  ( 3.355000000000002200, -3.839999999999994100, -0.7499999999999984500 ) ) ;
#9263 = FILL_AREA_STYLE_COLOUR ( '', #2612 ) ;
#9264 = VERTEX_POINT ( 'NONE', #4045 ) ;
#9265 = VECTOR ( 'NONE', #8518, 1000.000000000000000 ) ;
#9266 = VERTEX_POINT ( 'NONE', #6692 ) ;
#9267 = DIRECTION ( 'NONE',  ( 0.0000000000000000000, -1.000000000000000000, 0.0000000000000000000 ) ) ;
#9268 = SURFACE_STYLE_FILL_AREA ( #940 ) ;
#9269 = ORIENTED_EDGE ( 'NONE', *, *, #457, .F. ) ;
#9270 = STYLED_ITEM ( 'NONE', ( #8171 ), #4513 ) ;
#9271 = CARTESIAN_POINT ( 'NONE',  ( 3.350000000000004100, -3.815000000000000800, 3.650000000000000800 ) ) ;
#9272 = STYLED_ITEM ( 'NONE', ( #166 ), #6520 ) ;
#9273 = VECTOR ( 'NONE', #1354, 1000.000000000000000 ) ;
#9274 = LINE ( 'NONE', #7983, #4267 ) ;
#9276 = LINE ( 'NONE', #3416, #1941 ) ;
#9275 = UNCERTAINTY_MEASURE_WITH_UNIT (LENGTH_MEASURE( 1.000000000000000100E-005 ), #11174, 'distance_accuracy_value', 'NONE');
#9277 = CARTESIAN_POINT ( 'NONE',  ( -2.950000000000002800, -3.665000000000000900, -2.625000000000000000 ) ) ;
#9278 = FILL_AREA_STYLE ('',( #7667 ) ) ;
#9279 = ORIENTED_EDGE ( 'NONE', *, *, #7603, .T. ) ;
#9280 = DIRECTION ( 'NONE',  ( -1.000000000000000000, 3.657902066415302200E-018, -1.927470528863118800E-016 ) ) ;
#9281 = STYLED_ITEM ( 'NONE', ( #10946 ), #5478 ) ;
#9282 = CARTESIAN_POINT ( 'NONE',  ( 4.350000000000005000, -3.515000000000000600, -4.821687994859145600E-016 ) ) ;
#9283 = AXIS2_PLACEMENT_3D ( 'NONE', #1498, #1412, #1371 ) ;
#9284 = STYLED_ITEM ( 'NONE', ( #1110 ), #7635 ) ;
#9285 = CARTESIAN_POINT ( 'NONE',  ( -2.950000000000002800, -3.665000000000000000, 2.629999999999999900 ) ) ;
#9286 = STYLED_ITEM ( 'NONE', ( #11349 ), #124 ) ;
#9287 = CARTESIAN_POINT ( 'NONE',  ( 4.690000000000003100, -4.016000000000000900, 3.100000000000001000 ) ) ;
#9288 = DIRECTION ( 'NONE',  ( 0.0000000000000000000, 0.0000000000000000000, -1.000000000000000000 ) ) ;
#9289 = CIRCLE ( 'NONE', #5169, 0.1999999999999999800 ) ;
#9290 = EDGE_LOOP ( 'NONE', ( #6371, #6292, #9855, #7008, #5150, #6654, #1141 ) ) ;
#9291 = VECTOR ( 'NONE', #11091, 1000.000000000000000 ) ;
#9292 = CARTESIAN_POINT ( 'NONE',  ( -5.250000000000000000, 1.985000000000000300, 4.200000000000000200 ) ) ;
#9293 = DIRECTION ( 'NONE',  ( 1.000000000000000000, 3.634139519433330900E-015, 7.553600721220339600E-017 ) ) ;
#9294 = ORIENTED_EDGE ( 'NONE', *, *, #10682, .T. ) ;
#9295 = ADVANCED_FACE ( 'NONE', ( #2986 ), #7592, .T. ) ;
#9296 = LINE ( 'NONE', #8061, #6901 ) ;
#9297 = SURFACE_STYLE_USAGE ( .BOTH. , #9346 ) ;
#9299 = FILL_AREA_STYLE ('',( #9147 ) ) ;
#9298 = SURFACE_STYLE_FILL_AREA ( #6008 ) ;
#9300 = FILL_AREA_STYLE ('',( #9436 ) ) ;
#9301 = FILL_AREA_STYLE_COLOUR ( '', #3851 ) ;
#9302 = FACE_OUTER_BOUND ( 'NONE', #724, .T. ) ;
#9303 = FILL_AREA_STYLE_COLOUR ( '', #9595 ) ;
#9304 = EDGE_CURVE ( 'NONE', #2350, #9526, #2157, .T. ) ;
#9305 = EDGE_LOOP ( 'NONE', ( #7203, #7372, #4471 ) ) ;
#9306 =( NAMED_UNIT ( * ) PLANE_ANGLE_UNIT ( ) SI_UNIT ( $, .RADIAN. ) );
#9307 = CIRCLE ( 'NONE', #7746, 0.2999999999999999300 ) ;
#9308 =( GEOMETRIC_REPRESENTATION_CONTEXT ( 3 ) GLOBAL_UNCERTAINTY_ASSIGNED_CONTEXT ( ( #10522 ) ) GLOBAL_UNIT_ASSIGNED_CONTEXT ( ( #2688, #8853, #3561 ) ) REPRESENTATION_CONTEXT ( 'NONE', 'WORKASPACE' ) );
#9309 = FILL_AREA_STYLE_COLOUR ( '', #2247 ) ;
#9310 = SURFACE_STYLE_FILL_AREA ( #2185 ) ;
#9311 = CARTESIAN_POINT ( 'NONE',  ( 2.950000000000002800, -3.665000000000000500, -3.899999999999999500 ) ) ;
#9312 = LINE ( 'NONE', #9277, #4835 ) ;
#9313 =( BOUNDED_CURVE ( )  B_SPLINE_CURVE ( 3, ( #6136, #4411, #5281, #11510 ),
 .UNSPECIFIED., .F., .F. ) 
 B_SPLINE_CURVE_WITH_KNOTS ( ( 4, 4 ),
 ( 4.712388980384688800, 6.283185307179586200 ),
 .UNSPECIFIED. ) 
 CURVE ( )  GEOMETRIC_REPRESENTATION_ITEM ( )  RATIONAL_B_SPLINE_CURVE ( ( 1.000000000000000000, 0.8047378541243648300, 0.8047378541243648300, 1.000000000000000000 ) ) 
 REPRESENTATION_ITEM ( '' )  );
#9314 = FILL_AREA_STYLE ('',( #10067 ) ) ;
#9315 = VECTOR ( 'NONE', #1258, 1000.000000000000000 ) ;
#9316 =( LENGTH_UNIT ( ) NAMED_UNIT ( * ) SI_UNIT ( .MILLI., .METRE. ) );
#9317 = DIRECTION ( 'NONE',  ( 0.0000000000000000000, -3.252606517456513300E-015, 1.000000000000000000 ) ) ;
#9318 = VECTOR ( 'NONE', #2757, 1000.000000000000000 ) ;
#9319 = PRESENTATION_LAYER_ASSIGNMENT (  '', '', ( #9484 ) ) ;
#9320 = CARTESIAN_POINT ( 'NONE',  ( -3.790000000000003100, -0.2000000000000013700, 2.350000000000001400 ) ) ;
#9321 = VECTOR ( 'NONE', #2562, 1000.000000000000000 ) ;
#9322 = DIRECTION ( 'NONE',  ( 0.0000000000000000000, 0.0000000000000000000, 1.000000000000000000 ) ) ;
#9323 = ORIENTED_EDGE ( 'NONE', *, *, #6713, .F. ) ;
#9324 = PRESENTATION_LAYER_ASSIGNMENT (  '', '', ( #9270 ) ) ;
#9325 = PRESENTATION_LAYER_ASSIGNMENT (  '', '', ( #6907 ) ) ;
#9326 = ORIENTED_EDGE ( 'NONE', *, *, #10347, .T. ) ;
#9327 = DIRECTION ( 'NONE',  ( -1.839562244607537700E-016, -2.140309255009103500E-017, 1.000000000000000000 ) ) ;
#9328 =( GEOMETRIC_REPRESENTATION_CONTEXT ( 3 ) GLOBAL_UNCERTAINTY_ASSIGNED_CONTEXT ( ( #548 ) ) GLOBAL_UNIT_ASSIGNED_CONTEXT ( ( #2275, #6506, #11102 ) ) REPRESENTATION_CONTEXT ( 'NONE', 'WORKASPACE' ) );
#9329 = VECTOR ( 'NONE', #2273, 1000.000000000000000 ) ;
#9330 = VECTOR ( 'NONE', #6278, 1000.000000000000000 ) ;
#9331 = DIRECTION ( 'NONE',  ( -1.000000000000000000, 6.736636305648240100E-017, -1.927470528863118800E-016 ) ) ;
#9332 = PRESENTATION_STYLE_ASSIGNMENT (( #3307 ) ) ;
#9333 = CARTESIAN_POINT ( 'NONE',  ( 3.790000000000004000, -0.2000000000000007000, -2.350000000000001400 ) ) ;
#9334 = PRESENTATION_STYLE_ASSIGNMENT (( #2183 ) ) ;
#9335 = ORIENTED_EDGE ( 'NONE', *, *, #1878, .F. ) ;
#9336 = DIRECTION ( 'NONE',  ( -3.770802719384151000E-016, -1.000000000000000000, -1.426581805901979900E-016 ) ) ;
#9337 = ORIENTED_EDGE ( 'NONE', *, *, #3240, .T. ) ;
#9338 = CARTESIAN_POINT ( 'NONE',  ( -4.725000000000002300, -3.714999999999999400, 0.9249999999999994900 ) ) ;
#9339 = EDGE_LOOP ( 'NONE', ( #8914, #5380, #9552, #1597, #7772, #7801 ) ) ;
#9340 = VECTOR ( 'NONE', #5, 1000.000000000000000 ) ;
#9341 =( GEOMETRIC_REPRESENTATION_CONTEXT ( 3 ) GLOBAL_UNCERTAINTY_ASSIGNED_CONTEXT ( ( #8651 ) ) GLOBAL_UNIT_ASSIGNED_CONTEXT ( ( #6494, #6461, #6443 ) ) REPRESENTATION_CONTEXT ( 'NONE', 'WORKASPACE' ) );
#9342 = PRESENTATION_LAYER_ASSIGNMENT (  '', '', ( #7531 ) ) ;
#9343 =( GEOMETRIC_REPRESENTATION_CONTEXT ( 3 ) GLOBAL_UNCERTAINTY_ASSIGNED_CONTEXT ( ( #1782 ) ) GLOBAL_UNIT_ASSIGNED_CONTEXT ( ( #104, #4376, #9127 ) ) REPRESENTATION_CONTEXT ( 'NONE', 'WORKASPACE' ) );
#9345 = AXIS2_PLACEMENT_3D ( 'NONE', #6263, #6184, #6145 ) ;
#9344 =( GEOMETRIC_REPRESENTATION_CONTEXT ( 3 ) GLOBAL_UNCERTAINTY_ASSIGNED_CONTEXT ( ( #5703 ) ) GLOBAL_UNIT_ASSIGNED_CONTEXT ( ( #3673, #9885, #4550 ) ) REPRESENTATION_CONTEXT ( 'NONE', 'WORKASPACE' ) );
#9346 = SURFACE_SIDE_STYLE ('',( #1711 ) ) ;
#9347 = DIRECTION ( 'NONE',  ( 0.0000000000000000000, 0.0000000000000000000, -1.000000000000000000 ) ) ;
#9348 = CARTESIAN_POINT ( 'NONE',  ( 5.267157287525382300, -0.2828427124746202300, 0.9250000000000003800 ) ) ;
#9349 = CARTESIAN_POINT ( 'NONE',  ( -5.100000000000002300, -1.870000000000001000, 0.9249999999999999300 ) ) ;
#9350 = LINE ( 'NONE', #4232, #11421 ) ;
#9351 = PLANE ( 'NONE',  #9775 ) ;
#9352 = CYLINDRICAL_SURFACE ( 'NONE', #3562, 0.8000000000000003800 ) ;
#9353 = AXIS2_PLACEMENT_3D ( 'NONE', #7793, #1817, #5254 ) ;
#9354 = ORIENTED_EDGE ( 'NONE', *, *, #2884, .F. ) ;
#9355 = EDGE_CURVE ( 'NONE', #2876, #2350, #9207, .T. ) ;
#9356 = PLANE ( 'NONE',  #7959 ) ;
#9357 = DIRECTION ( 'NONE',  ( -1.927470528863118800E-016, -1.281360903504770600E-017, 1.000000000000000000 ) ) ;
#9358 = VERTEX_POINT ( 'NONE', #1439 ) ;
#9359 = CARTESIAN_POINT ( 'NONE',  ( -3.350000000000002800, -1.870000000000001900, 3.650000000000000400 ) ) ;
#9360 = ORIENTED_EDGE ( 'NONE', *, *, #5639, .F. ) ;
#9361 = CARTESIAN_POINT ( 'NONE',  ( -5.250000000000002700, 1.985000000000000300, -4.200000000000000200 ) ) ;
#9362 = CYLINDRICAL_SURFACE ( 'NONE', #7073, 0.05000000000000002400 ) ;
#9363 = VECTOR ( 'NONE', #9877, 1000.000000000000000 ) ;
#9364 = CARTESIAN_POINT ( 'NONE',  ( 3.350000000000002300, -4.015000000000001500, 3.650000000000000800 ) ) ;
#9365 = ORIENTED_EDGE ( 'NONE', *, *, #2199, .F. ) ;
#9366 = DIRECTION ( 'NONE',  ( 0.0000000000000000000, -1.000000000000000000, 0.0000000000000000000 ) ) ;
#9367 = EDGE_LOOP ( 'NONE', ( #4754, #7861, #1497, #1837 ) ) ;
#9368 = VERTEX_POINT ( 'NONE', #4122 ) ;
#9369 = DIRECTION ( 'NONE',  ( 6.736636305648237600E-017, 1.000000000000000000, 1.426581805901979900E-016 ) ) ;
#9370 = ADVANCED_FACE ( 'NONE', ( #4467 ), #6725, .T. ) ;
#9371 = STYLED_ITEM ( 'NONE', ( #7799 ), #7240 ) ;
#9372 = PRESENTATION_LAYER_ASSIGNMENT (  '', '', ( #9958 ) ) ;
#9373 = DIRECTION ( 'NONE',  ( 1.426581805901979900E-016, -1.000000000000000000, -2.725027521453481900E-016 ) ) ;
#9374 = EDGE_LOOP ( 'NONE', ( #1692, #4825, #2364, #1607 ) ) ;
#9375 = AXIS2_PLACEMENT_3D ( 'NONE', #5037, #9501, #2607 ) ;
#9376 = DIRECTION ( 'NONE',  ( -1.426581805901979600E-016, 1.000000000000000000, 1.426581805901979400E-016 ) ) ;
#9377 = COLOUR_RGB ( '',1.000000000000000000, 1.000000000000000000, 1.000000000000000000 ) ;
#9378 = EDGE_CURVE ( 'NONE', #4756, #1060, #3389, .T. ) ;
#9379 = FILL_AREA_STYLE ('',( #8624 ) ) ;
#9380 = ORIENTED_EDGE ( 'NONE', *, *, #5446, .F. ) ;
#9381 = CARTESIAN_POINT ( 'NONE',  ( -5.100000000000002300, -1.870000000000000600, -1.175000000000000500 ) ) ;
#9382 = CARTESIAN_POINT ( 'NONE',  ( 4.850000000000002300, -8.530959199293837800E-016, 2.650271977186773000E-017 ) ) ;
#9383 = CARTESIAN_POINT ( 'NONE',  ( -3.350000000000002300, -0.2000000000000005400, -3.850000000000000500 ) ) ;
#9384 = DIRECTION ( 'NONE',  ( 1.000000000000000000, -9.827563551769197900E-017, 3.504491870660224700E-017 ) ) ;
#9385 = ORIENTED_EDGE ( 'NONE', *, *, #8733, .F. ) ;
#9386 = CARTESIAN_POINT ( 'NONE',  ( 3.350000000000003200, -3.815000000000000400, 0.9249999999999988200 ) ) ;
#9387 = CARTESIAN_POINT ( 'NONE',  ( -5.129899175163187100, -0.2016802837039547200, 2.349971758490915000 ) ) ;
#9388 = EDGE_CURVE ( 'NONE', #4242, #10628, #8062, .T. ) ;
#9389 = ORIENTED_EDGE ( 'NONE', *, *, #4953, .T. ) ;
#9390 = AXIS2_PLACEMENT_3D ( 'NONE', #10975, #5635, #314 ) ;
#9391 = FILL_AREA_STYLE ('',( #9959 ) ) ;
#9392 = CARTESIAN_POINT ( 'NONE',  ( 4.449999999999997500, 1.985000000000000300, -5.000000000000001800 ) ) ;
#9393 = FILL_AREA_STYLE_COLOUR ( '', #1429 ) ;
#9394 = DIRECTION ( 'NONE',  ( 7.553600721220332200E-017, 1.426581805901979900E-016, -1.000000000000000000 ) ) ;
#9395 = LINE ( 'NONE', #5480, #4644 ) ;
#9396 = DIRECTION ( 'NONE',  ( 1.000000000000000000, 0.0000000000000000000, 0.0000000000000000000 ) ) ;
#9397 = UNCERTAINTY_MEASURE_WITH_UNIT (LENGTH_MEASURE( 1.000000000000000100E-005 ), #4091, 'distance_accuracy_value', 'NONE');
#9398 = ORIENTED_EDGE ( 'NONE', *, *, #6726, .F. ) ;
#9399 =( LENGTH_UNIT ( ) NAMED_UNIT ( * ) SI_UNIT ( .MILLI., .METRE. ) );
#9400 = CARTESIAN_POINT ( 'NONE',  ( -5.138686282182342200, -0.2065303843618630200, 2.349571706447190600 ) ) ;
#9401 = CARTESIAN_POINT ( 'NONE',  ( -3.350000000000003200, -1.680000000000001900, 3.850000000000000500 ) ) ;
#9402 = ORIENTED_EDGE ( 'NONE', *, *, #4110, .F. ) ;
#9403 = VECTOR ( 'NONE', #1310, 1000.000000000000000 ) ;
#9404 = EDGE_CURVE ( 'NONE', #122, #4071, #972, .T. ) ;
#9405 = CARTESIAN_POINT ( 'NONE',  ( 5.150000000000003900, -1.680000000000000400, -3.850000000000001400 ) ) ;
#9406 =( GEOMETRIC_REPRESENTATION_CONTEXT ( 3 ) GLOBAL_UNCERTAINTY_ASSIGNED_CONTEXT ( ( #3054 ) ) GLOBAL_UNIT_ASSIGNED_CONTEXT ( ( #2857, #9035, #3735 ) ) REPRESENTATION_CONTEXT ( 'NONE', 'WORKASPACE' ) );
#9407 = UNCERTAINTY_MEASURE_WITH_UNIT (LENGTH_MEASURE( 1.000000000000000100E-005 ), #2662, 'distance_accuracy_value', 'NONE');
#9408 = CARTESIAN_POINT ( 'NONE',  ( 5.100000000000004100, -3.390000000000000100, 0.9249999999999994900 ) ) ;
#9409 = FACE_OUTER_BOUND ( 'NONE', #9515, .T. ) ;
#9410 = COLOUR_RGB ( '',0.9098039215686274400, 0.4431372549019607600, 0.03137254901960784300 ) ;
#9411 = FACE_OUTER_BOUND ( 'NONE', #8587, .T. ) ;
#9412 =( LENGTH_UNIT ( ) NAMED_UNIT ( * ) SI_UNIT ( .MILLI., .METRE. ) );
#9413 = ORIENTED_EDGE ( 'NONE', *, *, #9964, .T. ) ;
#9414 = EDGE_LOOP ( 'NONE', ( #4803, #134, #3854, #10217, #10847, #990, #11329, #2491, #9584, #1715, #3718, #2362, #3499, #4810 ) ) ;
#9415 =( NAMED_UNIT ( * ) SI_UNIT ( $, .STERADIAN. ) SOLID_ANGLE_UNIT ( ) );
#9416 = COLOUR_RGB ( '',1.000000000000000000, 1.000000000000000000, 1.000000000000000000 ) ;
#9417 = ORIENTED_EDGE ( 'NONE', *, *, #2623, .T. ) ;
#9418 =( NAMED_UNIT ( * ) SI_UNIT ( $, .STERADIAN. ) SOLID_ANGLE_UNIT ( ) );
#9419 = LINE ( 'NONE', #6880, #2634 ) ;
#9420 = CARTESIAN_POINT ( 'NONE',  ( -4.725000000000001400, -3.764999999999999700, -0.9250000000000008200 ) ) ;
#9421 = FACE_OUTER_BOUND ( 'NONE', #2311, .T. ) ;
#9422 =( NAMED_UNIT ( * ) SI_UNIT ( $, .STERADIAN. ) SOLID_ANGLE_UNIT ( ) );
#9423 = MECHANICAL_DESIGN_GEOMETRIC_PRESENTATION_REPRESENTATION (  '', ( #9502 ), #9341 ) ;
#9424 =( GEOMETRIC_REPRESENTATION_CONTEXT ( 3 ) GLOBAL_UNCERTAINTY_ASSIGNED_CONTEXT ( ( #1150 ) ) GLOBAL_UNIT_ASSIGNED_CONTEXT ( ( #4781, #11012, #5667 ) ) REPRESENTATION_CONTEXT ( 'NONE', 'WORKASPACE' ) );
#9425 = ADVANCED_FACE ( 'NONE', ( #5711 ), #2293, .F. ) ;
#9426 = ORIENTED_EDGE ( 'NONE', *, *, #543, .T. ) ;
#9427 = CARTESIAN_POINT ( 'NONE',  ( -3.350000000000004100, -3.815000000000000400, -0.9250000000000003800 ) ) ;
#9428 = ORIENTED_EDGE ( 'NONE', *, *, #931, .F. ) ;
#9429 = AXIS2_PLACEMENT_3D ( 'NONE', #147, #4499, #3625 ) ;
#9430 = VERTEX_POINT ( 'NONE', #5089 ) ;
#9431 = EDGE_CURVE ( 'NONE', #8362, #8008, #9350, .T. ) ;
#9432 = CARTESIAN_POINT ( 'NONE',  ( -3.791564028866437800, -1.389267557436052000E-015, 3.100000000000001000 ) ) ;
#9433 = ADVANCED_FACE ( 'NONE', ( #6949 ), #5848, .T. ) ;
#9434 = EDGE_LOOP ( 'NONE', ( #1985, #10773, #1183, #8090 ) ) ;
#9435 = DIRECTION ( 'NONE',  ( -1.000000000000000000, 0.0000000000000000000, 5.421010862427532000E-016 ) ) ;
#9436 = FILL_AREA_STYLE_COLOUR ( '', #5286 ) ;
#9437 = DIRECTION ( 'NONE',  ( 1.000000000000000000, -1.426581805901979600E-016, 7.553600721220329700E-017 ) ) ;
#9438 = CARTESIAN_POINT ( 'NONE',  ( -5.250000000000000000, 1.985000000000000300, 4.200000000000000200 ) ) ;
#9439 = VECTOR ( 'NONE', #6573, 1000.000000000000000 ) ;
#9440 = DIRECTION ( 'NONE',  ( -1.000000000000000000, 3.634139519433330100E-015, -7.553600721219157500E-017 ) ) ;
#9441 = CIRCLE ( 'NONE', #2749, 0.8000000000000003800 ) ;
#9442 = DIRECTION ( 'NONE',  ( -1.426581805901979600E-016, 1.000000000000000000, 1.426581805901979100E-016 ) ) ;
#9443 = MECHANICAL_DESIGN_GEOMETRIC_PRESENTATION_REPRESENTATION (  '', ( #8204 ), #10025 ) ;
#9444 =( GEOMETRIC_REPRESENTATION_CONTEXT ( 3 ) GLOBAL_UNCERTAINTY_ASSIGNED_CONTEXT ( ( #6245 ) ) GLOBAL_UNIT_ASSIGNED_CONTEXT ( ( #9495, #4167, #10380 ) ) REPRESENTATION_CONTEXT ( 'NONE', 'WORKASPACE' ) );
#9445 = ORIENTED_EDGE ( 'NONE', *, *, #5276, .F. ) ;
#9446 = COLOUR_RGB ( '',1.000000000000000000, 1.000000000000000000, 1.000000000000000000 ) ;
#9447 = EDGE_CURVE ( 'NONE', #2255, #352, #8199, .T. ) ;
#9448 = EDGE_CURVE ( 'NONE', #2825, #10310, #3792, .T. ) ;
#9449 = COLOUR_RGB ( '',1.000000000000000000, 1.000000000000000000, 1.000000000000000000 ) ;
#9450 = DIRECTION ( 'NONE',  ( 0.0000000000000000000, 0.0000000000000000000, -1.000000000000000000 ) ) ;
#9451 = DIRECTION ( 'NONE',  ( 1.000000000000000000, 9.035018104045871900E-017, 0.0000000000000000000 ) ) ;
#9452 = CARTESIAN_POINT ( 'NONE',  ( -3.791564028866436500, -0.1000000000000004400, -3.100000000000000500 ) ) ;
#9453 = FILL_AREA_STYLE_COLOUR ( '', #4203 ) ;
#9454 = ORIENTED_EDGE ( 'NONE', *, *, #6510, .F. ) ;
#9455 = SURFACE_STYLE_FILL_AREA ( #8814 ) ;
#9456 = DIRECTION ( 'NONE',  ( -7.553600721220374100E-017, -3.348823158252935500E-015, 1.000000000000000000 ) ) ;
#9457 =( NAMED_UNIT ( * ) PLANE_ANGLE_UNIT ( ) SI_UNIT ( $, .RADIAN. ) );
#9458 = SURFACE_STYLE_FILL_AREA ( #5876 ) ;
#9459 = CARTESIAN_POINT ( 'NONE',  ( -5.250000000000000900, -3.865000000000000200, 5.000000000000000000 ) ) ;
#9460 = DIRECTION ( 'NONE',  ( -1.000000000000000000, 0.0000000000000000000, 0.0000000000000000000 ) ) ;
#9461 = COLOUR_RGB ( '',1.000000000000000000, 1.000000000000000000, 1.000000000000000000 ) ;
#9462 = SURFACE_STYLE_USAGE ( .BOTH. , #9639 ) ;
#9463 = VECTOR ( 'NONE', #1414, 1000.000000000000000 ) ;
#9464 = DIRECTION ( 'NONE',  ( -1.426581805901979600E-016, -1.000000000000000000, -1.426581805901979900E-016 ) ) ;
#9465 = CARTESIAN_POINT ( 'NONE',  ( 5.150000000000003000, -0.2000000000000015400, 3.850000000000000500 ) ) ;
#9466 = CARTESIAN_POINT ( 'NONE',  ( -5.050000000000003400, -5.264166481399131600, 0.9249999999999993800 ) ) ;
#9467 = VECTOR ( 'NONE', #10023, 1000.000000000000000 ) ;
#9468 = CARTESIAN_POINT ( 'NONE',  ( -6.599166481399134200, -3.714999999999999000, 0.9249999999999991600 ) ) ;
#9469 = EDGE_CURVE ( 'NONE', #4592, #2825, #10590, .T. ) ;
#9470 = VERTEX_POINT ( 'NONE', #2548 ) ;
#9471 = VECTOR ( 'NONE', #4857, 1000.000000000000000 ) ;
#9472 = PRESENTATION_LAYER_ASSIGNMENT (  '', '', ( #8236 ) ) ;
#9473 = DIRECTION ( 'NONE',  ( 2.209081482755457800E-016, 1.426581805901979600E-016, -1.000000000000000000 ) ) ;
#9474 = VECTOR ( 'NONE', #8655, 1000.000000000000000 ) ;
#9475 = AXIS2_PLACEMENT_3D ( 'NONE', #2037, #1951, #1940 ) ;
#9476 = SURFACE_STYLE_FILL_AREA ( #5736 ) ;
#9477 = CARTESIAN_POINT ( 'NONE',  ( -5.150000000000003900, -3.785000000000000600, -0.9250000000000007100 ) ) ;
#9478 = SURFACE_SIDE_STYLE ('',( #10438 ) ) ;
#9479 = ORIENTED_EDGE ( 'NONE', *, *, #174, .T. ) ;
#9480 = CARTESIAN_POINT ( 'NONE',  ( 0.0000000000000000000, 0.0000000000000000000, 0.0000000000000000000 ) ) ;
#9481 = DIRECTION ( 'NONE',  ( 1.927470528863118800E-016, 1.281360903504770600E-017, -1.000000000000000000 ) ) ;
#9482 = VERTEX_POINT ( 'NONE', #10517 ) ;
#9483 = ADVANCED_FACE ( 'NONE', ( #1122 ), #2425, .T. ) ;
#9484 = STYLED_ITEM ( 'NONE', ( #11408 ), #3480 ) ;
#9485 = CARTESIAN_POINT ( 'NONE',  ( -2.950000000000002800, -3.665000000000000900, -2.625000000000000000 ) ) ;
#9486 = DIRECTION ( 'NONE',  ( 0.9404533124606545600, 0.0000000000000000000, -0.3399228840219241100 ) ) ;
#9487 = LINE ( 'NONE', #7885, #6803 ) ;
#9488 = LINE ( 'NONE', #5706, #7076 ) ;
#9489 = PRESENTATION_LAYER_ASSIGNMENT (  '', '', ( #9502 ) ) ;
#9490 =( NAMED_UNIT ( * ) PLANE_ANGLE_UNIT ( ) SI_UNIT ( $, .RADIAN. ) );
#9491 = ORIENTED_EDGE ( 'NONE', *, *, #3821, .F. ) ;
#9492 = EDGE_CURVE ( 'NONE', #2825, #4758, #4733, .T. ) ;
#9493 = CARTESIAN_POINT ( 'NONE',  ( 4.590000000000003400, -3.865265568693874700E-016, -2.350000000000001000 ) ) ;
#9494 = EDGE_LOOP ( 'NONE', ( #715, #2628, #9428, #10544, #485 ) ) ;
#9495 =( LENGTH_UNIT ( ) NAMED_UNIT ( * ) SI_UNIT ( .MILLI., .METRE. ) );
#9496 =( LENGTH_UNIT ( ) NAMED_UNIT ( * ) SI_UNIT ( .MILLI., .METRE. ) );
#9497 = PRESENTATION_STYLE_ASSIGNMENT (( #11078 ) ) ;
#9498 = DIRECTION ( 'NONE',  ( -1.000000000000000000, 6.776263578034399000E-017, -1.084202172485503800E-015 ) ) ;
#9499 = EDGE_LOOP ( 'NONE', ( #2358, #6772, #1170, #5896 ) ) ;
#9500 = ORIENTED_EDGE ( 'NONE', *, *, #6570, .T. ) ;
#9501 = DIRECTION ( 'NONE',  ( -1.000000000000000000, -4.755272686339931300E-017, -4.095874873834128400E-016 ) ) ;
#9502 = STYLED_ITEM ( 'NONE', ( #9598 ), #4450 ) ;
#9504 =( GEOMETRIC_REPRESENTATION_CONTEXT ( 3 ) GLOBAL_UNCERTAINTY_ASSIGNED_CONTEXT ( ( #6583 ) ) GLOBAL_UNIT_ASSIGNED_CONTEXT ( ( #10177, #11289, #585 ) ) REPRESENTATION_CONTEXT ( 'NONE', 'WORKASPACE' ) );
#9503 = PRESENTATION_LAYER_ASSIGNMENT (  '', '', ( #8872 ) ) ;
#9505 = CARTESIAN_POINT ( 'NONE',  ( -3.791564028866437800, -0.1000000000000013500, 3.100000000000001000 ) ) ;
#9506 = EDGE_LOOP ( 'NONE', ( #9830, #10334, #7587, #6486, #4102, #9969, #7496, #3177 ) ) ;
#9507 = DIRECTION ( 'NONE',  ( -1.000000000000000000, 1.426581805901979900E-016, -1.927470528863118800E-016 ) ) ;
#9508 = CARTESIAN_POINT ( 'NONE',  ( 5.150000000000003000, -0.2300000000000006500, -2.340000000000000700 ) ) ;
#9509 = DIRECTION ( 'NONE',  ( 1.000000000000000000, -4.580624489496172500E-016, 3.504491870660217300E-017 ) ) ;
#9510 = EDGE_CURVE ( 'NONE', #4739, #7682, #5044, .T. ) ;
#9511 = EDGE_CURVE ( 'NONE', #11026, #7515, #9487, .T. ) ;
#9512 = CARTESIAN_POINT ( 'NONE',  ( 5.150000000000002100, -3.815000000000001700, -0.9250000000000009300 ) ) ;
#9513 = CARTESIAN_POINT ( 'NONE',  ( 5.150000000000003000, -3.539999999999998700, 0.7500000000000020000 ) ) ;
#9514 = ORIENTED_EDGE ( 'NONE', *, *, #5213, .T. ) ;
#9515 = EDGE_LOOP ( 'NONE', ( #10378, #9844, #300, #4667 ) ) ;
#9516 = DIRECTION ( 'NONE',  ( -0.0000000000000000000, 1.000000000000000000, -0.0000000000000000000 ) ) ;
#9517 = ORIENTED_EDGE ( 'NONE', *, *, #1563, .F. ) ;
#9518 = DIRECTION ( 'NONE',  ( -1.000000000000000000, -0.0000000000000000000, -0.0000000000000000000 ) ) ;
#9519 = LINE ( 'NONE', #2328, #9229 ) ;
#9520 = CARTESIAN_POINT ( 'NONE',  ( -4.390000000000002300, -4.016000000000000000, -3.100000000000001400 ) ) ;
#9521 =( GEOMETRIC_REPRESENTATION_CONTEXT ( 3 ) GLOBAL_UNCERTAINTY_ASSIGNED_CONTEXT ( ( #180 ) ) GLOBAL_UNIT_ASSIGNED_CONTEXT ( ( #2134, #2098, #2072 ) ) REPRESENTATION_CONTEXT ( 'NONE', 'WORKASPACE' ) );
#9522 = VERTEX_POINT ( 'NONE', #821 ) ;
#9523 = FILL_AREA_STYLE_COLOUR ( '', #7786 ) ;
#9524 = EDGE_CURVE ( 'NONE', #396, #1636, #2138, .T. ) ;
#9525 = COLOUR_RGB ( '',1.000000000000000000, 1.000000000000000000, 1.000000000000000000 ) ;
#9526 = VERTEX_POINT ( 'NONE', #7030 ) ;
#9527 = VERTEX_POINT ( 'NONE', #6133 ) ;
#9528 = CARTESIAN_POINT ( 'NONE',  ( -5.150000000000002100, -0.2000000000000004600, -3.850000000000000500 ) ) ;
#9529 = CARTESIAN_POINT ( 'NONE',  ( -5.161715728752540100, -3.932157287525381400, -0.9250000000000006000 ) ) ;
#9530 = UNCERTAINTY_MEASURE_WITH_UNIT (LENGTH_MEASURE( 1.000000000000000100E-005 ), #1460, 'distance_accuracy_value', 'NONE');
#9531 = FACE_OUTER_BOUND ( 'NONE', #1811, .T. ) ;
#9532 = SURFACE_SIDE_STYLE ('',( #2751 ) ) ;
#9533 = EDGE_LOOP ( 'NONE', ( #4366, #1888, #4060, #4196 ) ) ;
#9534 =( LENGTH_UNIT ( ) NAMED_UNIT ( * ) SI_UNIT ( .MILLI., .METRE. ) );
#9535 = ADVANCED_FACE ( 'NONE', ( #6513 ), #8826, .T. ) ;
#9536 = EDGE_CURVE ( 'NONE', #10167, #3253, #6758, .T. ) ;
#9538 = MECHANICAL_DESIGN_GEOMETRIC_PRESENTATION_REPRESENTATION (  '', ( #7717 ), #10140 ) ;
#9537 = LINE ( 'NONE', #1652, #2476 ) ;
#9539 = PRESENTATION_STYLE_ASSIGNMENT (( #3043 ) ) ;
#9540 = CARTESIAN_POINT ( 'NONE',  ( -5.050000000000001600, -3.390000000000000100, 0.9249999999999996000 ) ) ;
#9541 = DIRECTION ( 'NONE',  ( -2.409338161078898200E-017, 1.426581805901979400E-016, -1.000000000000000000 ) ) ;
#9542 = SURFACE_SIDE_STYLE ('',( #6933 ) ) ;
#9543 = FILL_AREA_STYLE ('',( #11526 ) ) ;
#9544 = ORIENTED_EDGE ( 'NONE', *, *, #10265, .F. ) ;
#9545 = CARTESIAN_POINT ( 'NONE',  ( 5.324760918462777300, -3.832476091846277900, -1.024284993575058000 ) ) ;
#9546 =( NAMED_UNIT ( * ) PLANE_ANGLE_UNIT ( ) SI_UNIT ( $, .RADIAN. ) );
#9547 = CYLINDRICAL_SURFACE ( 'NONE', #8290, 0.8000000000000003800 ) ;
#9548 = ORIENTED_EDGE ( 'NONE', *, *, #8210, .F. ) ;
#9549 = PRESENTATION_STYLE_ASSIGNMENT (( #1056 ) ) ;
#9550 = LINE ( 'NONE', #956, #632 ) ;
#9551 = EDGE_CURVE ( 'NONE', #867, #4592, #8051, .T. ) ;
#9552 = ORIENTED_EDGE ( 'NONE', *, *, #5605, .F. ) ;
#9553 = VECTOR ( 'NONE', #5869, 1000.000000000000000 ) ;
#9554 = DIRECTION ( 'NONE',  ( -0.0000000000000000000, 1.000000000000000000, -0.0000000000000000000 ) ) ;
#9555 = DIRECTION ( 'NONE',  ( 7.553600721220332200E-017, 1.426581805901979400E-016, -1.000000000000000000 ) ) ;
#9556 = ORIENTED_EDGE ( 'NONE', *, *, #3634, .T. ) ;
#9557 =( GEOMETRIC_REPRESENTATION_CONTEXT ( 3 ) GLOBAL_UNCERTAINTY_ASSIGNED_CONTEXT ( ( #11261 ) ) GLOBAL_UNIT_ASSIGNED_CONTEXT ( ( #8664, #3399, #9588 ) ) REPRESENTATION_CONTEXT ( 'NONE', 'WORKASPACE' ) );
#9558 = ORIENTED_EDGE ( 'NONE', *, *, #6236, .T. ) ;
#9559 = AXIS2_PLACEMENT_3D ( 'NONE', #10698, #10665, #10630 ) ;
#9560 = SURFACE_STYLE_FILL_AREA ( #10771 ) ;
#9561 =( LENGTH_UNIT ( ) NAMED_UNIT ( * ) SI_UNIT ( .MILLI., .METRE. ) );
#9562 = DIRECTION ( 'NONE',  ( -1.000000000000000000, -0.0000000000000000000, -0.0000000000000000000 ) ) ;
#9563 = ORIENTED_EDGE ( 'NONE', *, *, #10347, .F. ) ;
#9564 =( NAMED_UNIT ( * ) PLANE_ANGLE_UNIT ( ) SI_UNIT ( $, .RADIAN. ) );
#9565 = SURFACE_STYLE_USAGE ( .BOTH. , #9597 ) ;
#9567 = PRESENTATION_LAYER_ASSIGNMENT (  '', '', ( #9995 ) ) ;
#9566 = MECHANICAL_DESIGN_GEOMETRIC_PRESENTATION_REPRESENTATION (  '', ( #7146 ), #10172 ) ;
#9568 = DIRECTION ( 'NONE',  ( 1.000000000000000000, 6.736636305648235200E-017, 1.927470528863119300E-016 ) ) ;
#9569 = FILL_AREA_STYLE ('',( #5243 ) ) ;
#9570 = UNCERTAINTY_MEASURE_WITH_UNIT (LENGTH_MEASURE( 1.000000000000000100E-005 ), #1561, 'distance_accuracy_value', 'NONE');
#9571 = EDGE_CURVE ( 'NONE', #7296, #6115, #4452, .T. ) ;
#9572 = PRESENTATION_STYLE_ASSIGNMENT (( #10660 ) ) ;
#9573 = CARTESIAN_POINT ( 'NONE',  ( -5.120000000000001900, -0.2000000000000015400, 3.850000000000000500 ) ) ;
#9574 =( NAMED_UNIT ( * ) PLANE_ANGLE_UNIT ( ) SI_UNIT ( $, .RADIAN. ) );
#9575 = CARTESIAN_POINT ( 'NONE',  ( 5.050000000000002500, -3.390000000000000600, -1.125000000000000400 ) ) ;
#9576 = VECTOR ( 'NONE', #3116, 1000.000000000000000 ) ;
#9577 = DIRECTION ( 'NONE',  ( 1.000000000000000000, 1.426581805901979400E-016, 1.927470528863119300E-016 ) ) ;
#9578 = MECHANICAL_DESIGN_GEOMETRIC_PRESENTATION_REPRESENTATION (  '', ( #10401 ), #9521 ) ;
#9579 = DIRECTION ( 'NONE',  ( 1.839562244607548300E-016, -2.677174867793767900E-016, -1.000000000000000000 ) ) ;
#9580 =( GEOMETRIC_REPRESENTATION_CONTEXT ( 3 ) GLOBAL_UNCERTAINTY_ASSIGNED_CONTEXT ( ( #4048 ) ) GLOBAL_UNIT_ASSIGNED_CONTEXT ( ( #8411, #8378, #8260 ) ) REPRESENTATION_CONTEXT ( 'NONE', 'WORKASPACE' ) );
#9581 = CIRCLE ( 'NONE', #5675, 0.8000000000000003800 ) ;
#9582 = DIRECTION ( 'NONE',  ( -1.000000000000000000, 3.657902066415302200E-018, -1.927470528863119000E-016 ) ) ;
#9583 = EDGE_CURVE ( 'NONE', #9759, #3109, #9194, .T. ) ;
#9584 = ORIENTED_EDGE ( 'NONE', *, *, #9137, .T. ) ;
#9585 =( NAMED_UNIT ( * ) SI_UNIT ( $, .STERADIAN. ) SOLID_ANGLE_UNIT ( ) );
#9586 = ADVANCED_FACE ( 'NONE', ( #3379 ), #5353, .T. ) ;
#9587 = PRESENTATION_STYLE_ASSIGNMENT (( #10653 ) ) ;
#9588 =( NAMED_UNIT ( * ) SI_UNIT ( $, .STERADIAN. ) SOLID_ANGLE_UNIT ( ) );
#9589 = CIRCLE ( 'NONE', #1853, 0.04999999999999969700 ) ;
#9590 = LINE ( 'NONE', #1271, #4579 ) ;
#9591 = ORIENTED_EDGE ( 'NONE', *, *, #1615, .T. ) ;
#9592 = VECTOR ( 'NONE', #1050, 1000.000000000000000 ) ;
#9593 = PRESENTATION_LAYER_ASSIGNMENT (  '', '', ( #8792 ) ) ;
#9594 =( NAMED_UNIT ( * ) PLANE_ANGLE_UNIT ( ) SI_UNIT ( $, .RADIAN. ) );
#9595 = COLOUR_RGB ( '',0.9098039215686274400, 0.4431372549019607600, 0.03137254901960784300 ) ;
#9596 = STYLED_ITEM ( 'NONE', ( #11381 ), #8044 ) ;
#9597 = SURFACE_SIDE_STYLE ('',( #7562 ) ) ;
#9598 = PRESENTATION_STYLE_ASSIGNMENT (( #6538 ) ) ;
#9599 = COLOUR_RGB ( '',1.000000000000000000, 1.000000000000000000, 1.000000000000000000 ) ;
#9600 = PRESENTATION_STYLE_ASSIGNMENT (( #19 ) ) ;
#9601 = FILL_AREA_STYLE ('',( #7789 ) ) ;
#9602 =( NAMED_UNIT ( * ) SI_UNIT ( $, .STERADIAN. ) SOLID_ANGLE_UNIT ( ) );
#9603 = ORIENTED_EDGE ( 'NONE', *, *, #459, .F. ) ;
#9604 = LINE ( 'NONE', #3425, #5968 ) ;
#9605 = DIRECTION ( 'NONE',  ( 0.0000000000000000000, 0.0000000000000000000, -1.000000000000000000 ) ) ;
#9606 = VECTOR ( 'NONE', #5905, 1000.000000000000000 ) ;
#9607 = SURFACE_STYLE_FILL_AREA ( #1242 ) ;
#9608 = ORIENTED_EDGE ( 'NONE', *, *, #1578, .F. ) ;
#9609 = FILL_AREA_STYLE_COLOUR ( '', #4137 ) ;
#9610 = VERTEX_POINT ( 'NONE', #10701 ) ;
#9611 =( NAMED_UNIT ( * ) PLANE_ANGLE_UNIT ( ) SI_UNIT ( $, .RADIAN. ) );
#9612 = ORIENTED_EDGE ( 'NONE', *, *, #5592, .T. ) ;
#9613 =( GEOMETRIC_REPRESENTATION_CONTEXT ( 3 ) GLOBAL_UNCERTAINTY_ASSIGNED_CONTEXT ( ( #6246 ) ) GLOBAL_UNIT_ASSIGNED_CONTEXT ( ( #2114, #2380, #2806 ) ) REPRESENTATION_CONTEXT ( 'NONE', 'WORKASPACE' ) );
#9614 = CARTESIAN_POINT ( 'NONE',  ( -4.390000000000001500, 0.0000000000000000000, -3.100000000000001000 ) ) ;
#9615 =( NAMED_UNIT ( * ) SI_UNIT ( $, .STERADIAN. ) SOLID_ANGLE_UNIT ( ) );
#9616 = DIRECTION ( 'NONE',  ( 1.000000000000000000, 0.0000000000000000000, 0.0000000000000000000 ) ) ;
#9617 = ORIENTED_EDGE ( 'NONE', *, *, #9431, .T. ) ;
#9618 = EDGE_LOOP ( 'NONE', ( #6956, #11011, #6868, #6127 ) ) ;
#9619 = DIRECTION ( 'NONE',  ( -1.426581805901979600E-016, 1.000000000000000000, 1.426581805901979400E-016 ) ) ;
#9620 = SURFACE_STYLE_USAGE ( .BOTH. , #7955 ) ;
#9621 = COLOUR_RGB ( '',0.5019607843137254800, 0.5019607843137254800, 0.5019607843137254800 ) ;
#9622 =( GEOMETRIC_REPRESENTATION_CONTEXT ( 3 ) GLOBAL_UNCERTAINTY_ASSIGNED_CONTEXT ( ( #750 ) ) GLOBAL_UNIT_ASSIGNED_CONTEXT ( ( #7311, #7229, #7155 ) ) REPRESENTATION_CONTEXT ( 'NONE', 'WORKASPACE' ) );
#9623 = CARTESIAN_POINT ( 'NONE',  ( 4.590000000000002500, -0.2000000000000013700, 3.050000000000000300 ) ) ;
#9624 = VECTOR ( 'NONE', #10508, 1000.000000000000000 ) ;
#9625 = SURFACE_STYLE_USAGE ( .BOTH. , #9664 ) ;
#9626 = SURFACE_STYLE_FILL_AREA ( #350 ) ;
#9627 = EDGE_CURVE ( 'NONE', #11512, #567, #6934, .T. ) ;
#9628 = ORIENTED_EDGE ( 'NONE', *, *, #1131, .T. ) ;
#9629 = EDGE_LOOP ( 'NONE', ( #9454, #10523, #217, #2463 ) ) ;
#9630 = EDGE_CURVE ( 'NONE', #3363, #2799, #4599, .T. ) ;
#9631 = MECHANICAL_DESIGN_GEOMETRIC_PRESENTATION_REPRESENTATION (  '', ( #10072 ), #9613 ) ;
#9632 = SURFACE_STYLE_USAGE ( .BOTH. , #3436 ) ;
#9633 = FILL_AREA_STYLE ('',( #9866 ) ) ;
#9634 = ORIENTED_EDGE ( 'NONE', *, *, #4989, .T. ) ;
#9635 = CARTESIAN_POINT ( 'NONE',  ( -4.025000000000000400, 5.963111948670274400E-016, -0.7500000000000001100 ) ) ;
#9636 = LINE ( 'NONE', #479, #7244 ) ;
#9637 = PLANE ( 'NONE',  #3664 ) ;
#9638 = SURFACE_STYLE_FILL_AREA ( #9950 ) ;
#9639 = SURFACE_SIDE_STYLE ('',( #7005 ) ) ;
#9640 = DIRECTION ( 'NONE',  ( 1.000000000000000000, -3.348823158252936600E-015, 2.014244061477902700E-016 ) ) ;
#9641 = SURFACE_STYLE_FILL_AREA ( #9299 ) ;
#9642 = ADVANCED_FACE ( 'NONE', ( #11409 ), #1108, .T. ) ;
#9643 = ORIENTED_EDGE ( 'NONE', *, *, #6861, .T. ) ;
#9644 = AXIS2_PLACEMENT_3D ( 'NONE', #2261, #7345, #5520 ) ;
#9645 = MECHANICAL_DESIGN_GEOMETRIC_PRESENTATION_REPRESENTATION (  '', ( #8418 ), #10261 ) ;
#9646 = EDGE_CURVE ( 'NONE', #2561, #4064, #3503, .T. ) ;
#9647 = ORIENTED_EDGE ( 'NONE', *, *, #5362, .F. ) ;
#9648 = SURFACE_SIDE_STYLE ('',( #8160 ) ) ;
#9649 = EDGE_CURVE ( 'NONE', #11197, #3739, #5835, .T. ) ;
#9650 = CARTESIAN_POINT ( 'NONE',  ( -6.599166481399134200, -3.764999999999999200, -0.8750000000000005600 ) ) ;
#9651 = FACE_OUTER_BOUND ( 'NONE', #3394, .T. ) ;
#9652 = PLANE ( 'NONE',  #6893 ) ;
#9653 = VERTEX_POINT ( 'NONE', #10735 ) ;
#9654 = CARTESIAN_POINT ( 'NONE',  ( -2.950000000000002800, -3.365000000000000700, 1.800000000000000500 ) ) ;
#9655 = CARTESIAN_POINT ( 'NONE',  ( 4.449999999999998400, 1.985000000000000300, 4.999999999999998200 ) ) ;
#9656 = COLOUR_RGB ( '',1.000000000000000000, 1.000000000000000000, 1.000000000000000000 ) ;
#9657 = ORIENTED_EDGE ( 'NONE', *, *, #6860, .T. ) ;
#9658 = APPLICATION_CONTEXT ( 'automotive_design' ) ;
#9659 = CYLINDRICAL_SURFACE ( 'NONE', #7802, 0.8000000000000003800 ) ;
#9660 = CARTESIAN_POINT ( 'NONE',  ( 4.449999999999997500, 1.985000000000000300, -4.200000000000001100 ) ) ;
#9661 = EDGE_CURVE ( 'NONE', #5305, #8903, #10577, .T. ) ;
#9662 = ORIENTED_EDGE ( 'NONE', *, *, #2401, .T. ) ;
#9663 = SURFACE_STYLE_USAGE ( .BOTH. , #3466 ) ;
#9664 = SURFACE_SIDE_STYLE ('',( #1798 ) ) ;
#9665 = CIRCLE ( 'NONE', #4843, 0.1249999999999996800 ) ;
#9666 = UNCERTAINTY_MEASURE_WITH_UNIT (LENGTH_MEASURE( 1.000000000000000100E-005 ), #6988, 'distance_accuracy_value', 'NONE');
#9667 = CARTESIAN_POINT ( 'NONE',  ( 5.350000000000004100, -3.835000000000000400, -1.125000000000000900 ) ) ;
#9668 = LINE ( 'NONE', #3452, #194 ) ;
#9669 = SURFACE_STYLE_FILL_AREA ( #6736 ) ;
#9670 = DIRECTION ( 'NONE',  ( -1.000000000000000000, 3.348823158252936600E-015, -7.553600721220326000E-017 ) ) ;
#9671 = ORIENTED_EDGE ( 'NONE', *, *, #2884, .T. ) ;
#9672 = FACE_OUTER_BOUND ( 'NONE', #9890, .T. ) ;
#9673 = CARTESIAN_POINT ( 'NONE',  ( 5.350000000000002300, -1.870000000000001400, 3.650000000000000400 ) ) ;
#9674 = ORIENTED_EDGE ( 'NONE', *, *, #8406, .F. ) ;
#9676 = CARTESIAN_POINT ( 'NONE',  ( 5.050000000000003400, -3.865000000000000200, -3.899999999999999900 ) ) ;
#9675 = CARTESIAN_POINT ( 'NONE',  ( -4.390000000000004100, -4.016000000000000900, 3.100000000000001000 ) ) ;
#9677 = CARTESIAN_POINT ( 'NONE',  ( -4.390000000000004100, -4.016000000000000900, 3.100000000000001000 ) ) ;
#9679 = EDGE_CURVE ( 'NONE', #4923, #4343, #7902, .T. ) ;
#9678 = VECTOR ( 'NONE', #8906, 1000.000000000000000 ) ;
#9680 = VERTEX_POINT ( 'NONE', #10817 ) ;
#9681 = MECHANICAL_DESIGN_GEOMETRIC_PRESENTATION_REPRESENTATION (  '', ( #8455 ), #10296 ) ;
#9682 = UNCERTAINTY_MEASURE_WITH_UNIT (LENGTH_MEASURE( 1.000000000000000100E-005 ), #2881, 'distance_accuracy_value', 'NONE');
#9683 = DIRECTION ( 'NONE',  ( 1.000000000000000000, 1.426581805901979400E-016, 1.927470528863119300E-016 ) ) ;
#9684 = CARTESIAN_POINT ( 'NONE',  ( 4.025000000000001200, -0.2500000000000016100, -0.7499999999999980000 ) ) ;
#9685 = LINE ( 'NONE', #2564, #2901 ) ;
#9686 = DIRECTION ( 'NONE',  ( 1.927470528863118800E-016, 1.281360903504770600E-017, -1.000000000000000000 ) ) ;
#9687 = FACE_OUTER_BOUND ( 'NONE', #8554, .T. ) ;
#9688 = AXIS2_PLACEMENT_3D ( 'NONE', #4179, #7870, #5187 ) ;
#9689 = DIRECTION ( 'NONE',  ( 0.0000000000000000000, 0.0000000000000000000, -1.000000000000000000 ) ) ;
#9690 = ORIENTED_EDGE ( 'NONE', *, *, #9583, .F. ) ;
#9691 = PRESENTATION_STYLE_ASSIGNMENT (( #9886 ) ) ;
#9692 = ORIENTED_EDGE ( 'NONE', *, *, #4367, .F. ) ;
#9693 =( NAMED_UNIT ( * ) SI_UNIT ( $, .STERADIAN. ) SOLID_ANGLE_UNIT ( ) );
#9694 = ORIENTED_EDGE ( 'NONE', *, *, #8608, .F. ) ;
#9695 =( LENGTH_UNIT ( ) NAMED_UNIT ( * ) SI_UNIT ( .MILLI., .METRE. ) );
#9696 = SURFACE_STYLE_FILL_AREA ( #4268 ) ;
#9697 = MECHANICAL_DESIGN_GEOMETRIC_PRESENTATION_REPRESENTATION (  '', ( #9783 ), #9622 ) ;
#9698 = CIRCLE ( 'NONE', #4563, 0.8000000000000003800 ) ;
#9699 =( NAMED_UNIT ( * ) PLANE_ANGLE_UNIT ( ) SI_UNIT ( $, .RADIAN. ) );
#9700 = AXIS2_PLACEMENT_3D ( 'NONE', #2163, #8305, #3056 ) ;
#9701 = ADVANCED_FACE ( 'NONE', ( #5539 ), #2885, .F. ) ;
#9702 = PRESENTATION_LAYER_ASSIGNMENT (  '', '', ( #10072 ) ) ;
#9703 = VERTEX_POINT ( 'NONE', #1995 ) ;
#9704 = CARTESIAN_POINT ( 'NONE',  ( -5.170000000000002600, -9.287047556421888000E-016, 3.850000000000001000 ) ) ;
#9705 = UNCERTAINTY_MEASURE_WITH_UNIT (LENGTH_MEASURE( 1.000000000000000100E-005 ), #10885, 'distance_accuracy_value', 'NONE');
#9706 = LINE ( 'NONE', #9214, #518 ) ;
#9707 = CARTESIAN_POINT ( 'NONE',  ( 3.350000000000002300, -1.680000000000001900, 3.850000000000000500 ) ) ;
#9708 = DIRECTION ( 'NONE',  ( 1.000000000000000000, -1.505836350674314900E-016, 0.0000000000000000000 ) ) ;
#9709 = PRESENTATION_LAYER_ASSIGNMENT (  '', '', ( #9783 ) ) ;
#9710 = MECHANICAL_DESIGN_GEOMETRIC_PRESENTATION_REPRESENTATION (  '', ( #7893 ), #10324 ) ;
#9712 =( GEOMETRIC_REPRESENTATION_CONTEXT ( 3 ) GLOBAL_UNCERTAINTY_ASSIGNED_CONTEXT ( ( #4198 ) ) GLOBAL_UNIT_ASSIGNED_CONTEXT ( ( #1049, #767, #693 ) ) REPRESENTATION_CONTEXT ( 'NONE', 'WORKASPACE' ) );
#9711 =( GEOMETRIC_REPRESENTATION_CONTEXT ( 3 ) GLOBAL_UNCERTAINTY_ASSIGNED_CONTEXT ( ( #8990 ) ) GLOBAL_UNIT_ASSIGNED_CONTEXT ( ( #2998, #9168, #3876 ) ) REPRESENTATION_CONTEXT ( 'NONE', 'WORKASPACE' ) );
#9713 = DIRECTION ( 'NONE',  ( -6.736636305648237600E-017, 1.000000000000000000, 1.426581805901979400E-016 ) ) ;
#9714 = DIRECTION ( 'NONE',  ( 0.0000000000000000000, -1.000000000000000000, 0.0000000000000000000 ) ) ;
#9715 = LINE ( 'NONE', #1695, #7323 ) ;
#9716 = ORIENTED_EDGE ( 'NONE', *, *, #10034, .T. ) ;
#9717 = AXIS2_PLACEMENT_3D ( 'NONE', #7158, #11368, #10567 ) ;
#9718 = CARTESIAN_POINT ( 'NONE',  ( -5.344790894541743500, -3.834479089454173800, -1.072641633478910000 ) ) ;
#9719 = EDGE_CURVE ( 'NONE', #8776, #4064, #2411, .T. ) ;
#9720 = PRESENTATION_STYLE_ASSIGNMENT (( #3018 ) ) ;
#9721 = PLANE ( 'NONE',  #4352 ) ;
#9722 = CARTESIAN_POINT ( 'NONE',  ( 3.350000000000003200, -0.2000000000000009000, -0.9250000000000002700 ) ) ;
#9723 = DIRECTION ( 'NONE',  ( -1.000000000000000000, 0.0000000000000000000, 0.0000000000000000000 ) ) ;
#9724 = CARTESIAN_POINT ( 'NONE',  ( -3.350000000000003200, -4.015000000000001500, 3.650000000000000800 ) ) ;
#9725 = SURFACE_STYLE_USAGE ( .BOTH. , #3528 ) ;
#9726 = CARTESIAN_POINT ( 'NONE',  ( -5.350000000000001400, -1.870000000000000600, -3.650000000000001200 ) ) ;
#9727 = CARTESIAN_POINT ( 'NONE',  ( 5.170000000000002600, -3.835000000000000900, 3.849999999999999600 ) ) ;
#9728 = ORIENTED_EDGE ( 'NONE', *, *, #666, .T. ) ;
#9729 = DIRECTION ( 'NONE',  ( 1.000000000000000000, 2.478176394252571900E-015, 0.0000000000000000000 ) ) ;
#9730 = MECHANICAL_DESIGN_GEOMETRIC_PRESENTATION_REPRESENTATION (  '', ( #7908 ), #10342 ) ;
#9731 = MECHANICAL_DESIGN_GEOMETRIC_PRESENTATION_REPRESENTATION (  '', ( #8504 ), #10343 ) ;
#9732 = COLOUR_RGB ( '',1.000000000000000000, 1.000000000000000000, 1.000000000000000000 ) ;
#9733 =( LENGTH_UNIT ( ) NAMED_UNIT ( * ) SI_UNIT ( .MILLI., .METRE. ) );
#9734 = AXIS2_PLACEMENT_3D ( 'NONE', #4666, #1475, #6293 ) ;
#9735 = FACE_OUTER_BOUND ( 'NONE', #5437, .T. ) ;
#9736 = EDGE_CURVE ( 'NONE', #7535, #7633, #11525, .T. ) ;
#9737 = UNCERTAINTY_MEASURE_WITH_UNIT (LENGTH_MEASURE( 1.000000000000000100E-005 ), #720, 'distance_accuracy_value', 'NONE');
#9738 =( LENGTH_UNIT ( ) NAMED_UNIT ( * ) SI_UNIT ( .MILLI., .METRE. ) );
#9739 = SURFACE_STYLE_USAGE ( .BOTH. , #874 ) ;
#9740 = ORIENTED_EDGE ( 'NONE', *, *, #4380, .F. ) ;
#9741 = LINE ( 'NONE', #5627, #2675 ) ;
#9742 = SURFACE_SIDE_STYLE ('',( #11540 ) ) ;
#9743 = DIRECTION ( 'NONE',  ( -1.927470528863118800E-016, -2.725027521453482400E-016, 1.000000000000000000 ) ) ;
#9744 = VECTOR ( 'NONE', #2422, 1000.000000000000000 ) ;
#9745 = CARTESIAN_POINT ( 'NONE',  ( -3.350000000000003200, -3.815000000000000400, 1.174999999999999800 ) ) ;
#9746 = FILL_AREA_STYLE ('',( #9919 ) ) ;
#9747 = ORIENTED_EDGE ( 'NONE', *, *, #4441, .T. ) ;
#9748 = ORIENTED_EDGE ( 'NONE', *, *, #2095, .T. ) ;
#9749 = UNCERTAINTY_MEASURE_WITH_UNIT (LENGTH_MEASURE( 1.000000000000000100E-005 ), #6471, 'distance_accuracy_value', 'NONE');
#9750 = EDGE_CURVE ( 'NONE', #7297, #11135, #9178, .T. ) ;
#9751 = EDGE_LOOP ( 'NONE', ( #10753, #2826, #2868 ) ) ;
#9752 = EDGE_CURVE ( 'NONE', #731, #5149, #4442, .T. ) ;
#9753 = SURFACE_STYLE_USAGE ( .BOTH. , #3542 ) ;
#9754 = COLOUR_RGB ( '',1.000000000000000000, 1.000000000000000000, 1.000000000000000000 ) ;
#9755 = PRESENTATION_LAYER_ASSIGNMENT (  '', '', ( #9152 ) ) ;
#9756 = CARTESIAN_POINT ( 'NONE',  ( 3.350000000000003200, -0.2000000000000016500, 3.850000000000000500 ) ) ;
#9757 = SURFACE_STYLE_FILL_AREA ( #6298 ) ;
#9758 = VECTOR ( 'NONE', #227, 1000.000000000000000 ) ;
#9759 = VERTEX_POINT ( 'NONE', #8229 ) ;
#9760 = SURFACE_STYLE_USAGE ( .BOTH. , #9139 ) ;
#9761 = ORIENTED_EDGE ( 'NONE', *, *, #5424, .F. ) ;
#9762 = EDGE_LOOP ( 'NONE', ( #3728, #838, #7952, #9050 ) ) ;
#9763 = CARTESIAN_POINT ( 'NONE',  ( -5.150000000000002100, -3.390000000000000600, 1.124999999999999600 ) ) ;
#9764 = VECTOR ( 'NONE', #1633, 1000.000000000000000 ) ;
#9765 = CARTESIAN_POINT ( 'NONE',  ( 5.170000000000002600, -4.015000000000000600, 1.124999999999999300 ) ) ;
#9766 = COLOUR_RGB ( '',1.000000000000000000, 1.000000000000000000, 1.000000000000000000 ) ;
#9767 = SURFACE_STYLE_FILL_AREA ( #9300 ) ;
#9768 = FILL_AREA_STYLE ('',( #3593 ) ) ;
#9769 = EDGE_CURVE ( 'NONE', #1954, #728, #2129, .T. ) ;
#9770 =( NAMED_UNIT ( * ) PLANE_ANGLE_UNIT ( ) SI_UNIT ( $, .RADIAN. ) );
#9771 = VERTEX_POINT ( 'NONE', #4711 ) ;
#9772 = ORIENTED_EDGE ( 'NONE', *, *, #8828, .T. ) ;
#9773 =( GEOMETRIC_REPRESENTATION_CONTEXT ( 3 ) GLOBAL_UNCERTAINTY_ASSIGNED_CONTEXT ( ( #1819 ) ) GLOBAL_UNIT_ASSIGNED_CONTEXT ( ( #9412, #4087, #10306 ) ) REPRESENTATION_CONTEXT ( 'NONE', 'WORKASPACE' ) );
#9774 = PLANE ( 'NONE',  #151 ) ;
#9775 = AXIS2_PLACEMENT_3D ( 'NONE', #11169, #11093, #11085 ) ;
#9776 = VERTEX_POINT ( 'NONE', #273 ) ;
#9777 = VECTOR ( 'NONE', #3872, 1000.000000000000000 ) ;
#9778 = LINE ( 'NONE', #7504, #5018 ) ;
#9779 = SURFACE_STYLE_USAGE ( .BOTH. , #9856 ) ;
#9780 = SURFACE_STYLE_FILL_AREA ( #4705 ) ;
#9781 = UNCERTAINTY_MEASURE_WITH_UNIT (LENGTH_MEASURE( 1.000000000000000100E-005 ), #7670, 'distance_accuracy_value', 'NONE');
#9782 = CARTESIAN_POINT ( 'NONE',  ( -3.350000000000002300, -0.2000000000000005400, -3.850000000000000500 ) ) ;
#9783 = STYLED_ITEM ( 'NONE', ( #6215 ), #4421 ) ;
#9784 = CARTESIAN_POINT ( 'NONE',  ( -5.147935749934388700, -0.2186530475746147300, -2.346501866060893600 ) ) ;
#9786 = MECHANICAL_DESIGN_GEOMETRIC_PRESENTATION_REPRESENTATION (  '', ( #9995 ), #9712 ) ;
#9785 =( GEOMETRIC_REPRESENTATION_CONTEXT ( 3 ) GLOBAL_UNCERTAINTY_ASSIGNED_CONTEXT ( ( #7822 ) ) GLOBAL_UNIT_ASSIGNED_CONTEXT ( ( #7644, #2390, #8533 ) ) REPRESENTATION_CONTEXT ( 'NONE', 'WORKASPACE' ) );
#9787 = ORIENTED_EDGE ( 'NONE', *, *, #1646, .F. ) ;
#9788 = COLOUR_RGB ( '',1.000000000000000000, 1.000000000000000000, 1.000000000000000000 ) ;
#9789 = EDGE_CURVE ( 'NONE', #4386, #3176, #11254, .T. ) ;
#9790 = CARTESIAN_POINT ( 'NONE',  ( -4.590000000000002500, -1.268231225446859800E-015, 3.050000000000000700 ) ) ;
#9791 = VERTEX_POINT ( 'NONE', #1177 ) ;
#9792 = DIRECTION ( 'NONE',  ( 2.409338161078898700E-016, -1.426581805901980400E-016, 1.000000000000000000 ) ) ;
#9793 = DIRECTION ( 'NONE',  ( 6.736636305648237600E-017, 1.000000000000000000, 1.426581805901979900E-016 ) ) ;
#9794 = ORIENTED_EDGE ( 'NONE', *, *, #4821, .T. ) ;
#9795 = SURFACE_SIDE_STYLE ('',( #1478 ) ) ;
#9796 = STYLED_ITEM ( 'NONE', ( #438 ), #6931 ) ;
#9797 = CARTESIAN_POINT ( 'NONE',  ( 4.390000000000002300, 0.0000000000000000000, 3.100000000000001000 ) ) ;
#9798 = CARTESIAN_POINT ( 'NONE',  ( -5.100000000000002300, -1.870000000000000600, 1.174999999999999800 ) ) ;
#9799 = DIRECTION ( 'NONE',  ( -1.927470528863119000E-016, -1.426581805901979600E-016, 1.000000000000000000 ) ) ;
#9800 = MECHANICAL_DESIGN_GEOMETRIC_PRESENTATION_REPRESENTATION (  '', ( #8792 ), #9963 ) ;
#9801 = CARTESIAN_POINT ( 'NONE',  ( -4.590000000000002500, -0.2000000000000013700, 2.350000000000001000 ) ) ;
#9802 = PRESENTATION_STYLE_ASSIGNMENT (( #2869 ) ) ;
#9803 = EDGE_CURVE ( 'NONE', #8357, #3509, #4183, .T. ) ;
#9804 = CARTESIAN_POINT ( 'NONE',  ( 5.350000000000003200, -1.870000000000000800, 0.9249999999999998200 ) ) ;
#9805 =( LENGTH_UNIT ( ) NAMED_UNIT ( * ) SI_UNIT ( .MILLI., .METRE. ) );
#9806 = LINE ( 'NONE', #7318, #7419 ) ;
#9807 = ORIENTED_EDGE ( 'NONE', *, *, #8011, .T. ) ;
#9808 = CARTESIAN_POINT ( 'NONE',  ( -5.250000000000002700, 0.0000000000000000000, -4.200000000000000200 ) ) ;
#9809 = FILL_AREA_STYLE ('',( #2850 ) ) ;
#9810 = DIRECTION ( 'NONE',  ( -2.209081482755457800E-016, -1.426581805901979600E-016, 1.000000000000000000 ) ) ;
#9811 = FACE_OUTER_BOUND ( 'NONE', #9053, .T. ) ;
#9812 = EDGE_LOOP ( 'NONE', ( #339, #9617, #6224, #2440 ) ) ;
#9813 = EDGE_LOOP ( 'NONE', ( #2683, #2113, #391, #2265 ) ) ;
#9814 = PRESENTATION_STYLE_ASSIGNMENT (( #7862 ) ) ;
#9815 = DIRECTION ( 'NONE',  ( 1.000000000000000000, 3.634139519433330900E-015, 7.553600721220340800E-017 ) ) ;
#9816 = VECTOR ( 'NONE', #8598, 1000.000000000000000 ) ;
#9817 = EDGE_LOOP ( 'NONE', ( #2968, #9380, #3421, #4238 ) ) ;
#9818 = DIRECTION ( 'NONE',  ( -3.526005099788157400E-016, -1.000000000000000000, -2.853163611803959300E-016 ) ) ;
#9819 = EDGE_CURVE ( 'NONE', #3795, #1954, #6214, .T. ) ;
#9820 = LINE ( 'NONE', #773, #5058 ) ;
#9822 =( GEOMETRIC_REPRESENTATION_CONTEXT ( 3 ) GLOBAL_UNCERTAINTY_ASSIGNED_CONTEXT ( ( #6571 ) ) GLOBAL_UNIT_ASSIGNED_CONTEXT ( ( #1316, #9574, #8327 ) ) REPRESENTATION_CONTEXT ( 'NONE', 'WORKASPACE' ) );
#9821 = COLOUR_RGB ( '',0.5019607843137254800, 0.5019607843137254800, 0.5019607843137254800 ) ;
#9823 = LINE ( 'NONE', #6066, #48 ) ;
#9824 = DIRECTION ( 'NONE',  ( 1.000000000000000000, -1.426581805901979900E-016, 1.927470528863118800E-016 ) ) ;
#9825 = FILL_AREA_STYLE ('',( #9113 ) ) ;
#9826 = EDGE_LOOP ( 'NONE', ( #4880, #6596, #8384, #4645 ) ) ;
#9827 = CIRCLE ( 'NONE', #8116, 0.02999999999999964500 ) ;
#9828 = ORIENTED_EDGE ( 'NONE', *, *, #6040, .T. ) ;
#9829 = SURFACE_STYLE_USAGE ( .BOTH. , #3617 ) ;
#9830 = ORIENTED_EDGE ( 'NONE', *, *, #6399, .T. ) ;
#9831 = CARTESIAN_POINT ( 'NONE',  ( -5.400000000000003000, -3.540000000000001400, 0.7499999999999880100 ) ) ;
#9832 = CARTESIAN_POINT ( 'NONE',  ( -5.170000000000002600, -0.1800000000000013000, 3.850000000000001000 ) ) ;
#9833 = ADVANCED_FACE ( 'NONE', ( #6499 ), #3892, .T. ) ;
#9834 = SURFACE_STYLE_USAGE ( .BOTH. , #6814 ) ;
#9835 = DIRECTION ( 'NONE',  ( 1.000000000000000000, -1.426581805901979100E-016, -2.409338161078899200E-016 ) ) ;
#9836 = FACE_OUTER_BOUND ( 'NONE', #9414, .T. ) ;
#9837 = DIRECTION ( 'NONE',  ( -1.000000000000000000, 1.426581805901979900E-016, -2.209081482755457600E-016 ) ) ;
#9838 = VERTEX_POINT ( 'NONE', #10974 ) ;
#9839 =( NAMED_UNIT ( * ) PLANE_ANGLE_UNIT ( ) SI_UNIT ( $, .RADIAN. ) );
#9840 = EDGE_CURVE ( 'NONE', #3818, #1421, #3096, .T. ) ;
#9841 = MECHANICAL_DESIGN_GEOMETRIC_PRESENTATION_REPRESENTATION (  '', ( #8611 ), #10436 ) ;
#9842 =( NAMED_UNIT ( * ) SI_UNIT ( $, .STERADIAN. ) SOLID_ANGLE_UNIT ( ) );
#9843 =( NAMED_UNIT ( * ) PLANE_ANGLE_UNIT ( ) SI_UNIT ( $, .RADIAN. ) );
#9844 = ORIENTED_EDGE ( 'NONE', *, *, #2655, .T. ) ;
#9845 = DIRECTION ( 'NONE',  ( -1.000000000000000000, 0.0000000000000000000, -1.084202172485506400E-015 ) ) ;
#9846 = AXIS2_PLACEMENT_3D ( 'NONE', #2196, #4804, #324 ) ;
#9847 = FACE_OUTER_BOUND ( 'NONE', #1559, .T. ) ;
#9848 = PRESENTATION_STYLE_ASSIGNMENT (( #11318 ) ) ;
#9849 = CARTESIAN_POINT ( 'NONE',  ( -5.150000000000003000, -1.870000000000000800, 0.9249999999999999300 ) ) ;
#9850 = CARTESIAN_POINT ( 'NONE',  ( 4.590000000000002500, -4.015000000000001500, 3.049999999999999800 ) ) ;
#9851 = CARTESIAN_POINT ( 'NONE',  ( 3.350000000000002800, -1.870000000000001200, 0.9249999999999993800 ) ) ;
#9852 = PRODUCT_DEFINITION_SHAPE ( 'NONE', 'NONE',  #2768 ) ;
#9853 = AXIS2_PLACEMENT_3D ( 'NONE', #8206, #8138, #8005 ) ;
#9854 = CYLINDRICAL_SURFACE ( 'NONE', #5438, 0.4250000000000008800 ) ;
#9855 = ORIENTED_EDGE ( 'NONE', *, *, #5242, .F. ) ;
#9856 = SURFACE_SIDE_STYLE ('',( #7261 ) ) ;
#9857 =( GEOMETRIC_REPRESENTATION_CONTEXT ( 3 ) GLOBAL_UNCERTAINTY_ASSIGNED_CONTEXT ( ( #11332 ) ) GLOBAL_UNIT_ASSIGNED_CONTEXT ( ( #4496, #2053, #7985 ) ) REPRESENTATION_CONTEXT ( 'NONE', 'WORKASPACE' ) );
#9858 = EDGE_CURVE ( 'NONE', #7682, #2052, #5389, .T. ) ;
#9859 = AXIS2_PLACEMENT_3D ( 'NONE', #9727, #7089, #5509 ) ;
#9860 = DIRECTION ( 'NONE',  ( 1.000000000000000000, 3.657902066415252100E-018, 1.927470528863119000E-016 ) ) ;
#9861 = CARTESIAN_POINT ( 'NONE',  ( 5.050000000000003400, -3.665000000000000900, -2.625000000000000000 ) ) ;
#9862 =( NAMED_UNIT ( * ) PLANE_ANGLE_UNIT ( ) SI_UNIT ( $, .RADIAN. ) );
#9863 = ORIENTED_EDGE ( 'NONE', *, *, #5623, .F. ) ;
#9864 = SURFACE_SIDE_STYLE ('',( #7687 ) ) ;
#9865 = SURFACE_SIDE_STYLE ('',( #7614 ) ) ;
#9866 = FILL_AREA_STYLE_COLOUR ( '', #5183 ) ;
#9867 = AXIS2_PLACEMENT_3D ( 'NONE', #3297, #7417, #97 ) ;
#9868 = AXIS2_PLACEMENT_3D ( 'NONE', #2302, #2288, #2250 ) ;
#9869 = AXIS2_PLACEMENT_3D ( 'NONE', #7243, #1979, #8134 ) ;
#9870 =( NAMED_UNIT ( * ) SI_UNIT ( $, .STERADIAN. ) SOLID_ANGLE_UNIT ( ) );
#9871 = CARTESIAN_POINT ( 'NONE',  ( 3.355000000000002200, -3.964999999999994500, -0.7499999999999984500 ) ) ;
#9872 = EDGE_CURVE ( 'NONE', #3688, #11291, #429, .T. ) ;
#9873 = EDGE_CURVE ( 'NONE', #3109, #3434, #5110, .T. ) ;
#9874 = CARTESIAN_POINT ( 'NONE',  ( 4.725000000000003200, -3.515000000000000600, -0.9250000000000008200 ) ) ;
#9875 = ORIENTED_EDGE ( 'NONE', *, *, #7211, .T. ) ;
#9876 = DIRECTION ( 'NONE',  ( -1.000000000000000000, 1.426581805901979900E-016, -1.927470528863118800E-016 ) ) ;
#9877 = DIRECTION ( 'NONE',  ( 3.526005099788157400E-016, -1.000000000000000000, -2.725027521453481400E-016 ) ) ;
#9878 = VECTOR ( 'NONE', #3969, 1000.000000000000000 ) ;
#9879 = LINE ( 'NONE', #7707, #7486 ) ;
#9880 = CARTESIAN_POINT ( 'NONE',  ( 5.170000000000003500, -0.1800000000000004100, -2.350000000000001000 ) ) ;
#9881 = CIRCLE ( 'NONE', #6410, 0.1999999999999996500 ) ;
#9882 =( GEOMETRIC_REPRESENTATION_CONTEXT ( 3 ) GLOBAL_UNCERTAINTY_ASSIGNED_CONTEXT ( ( #1042 ) ) GLOBAL_UNIT_ASSIGNED_CONTEXT ( ( #11184, #11028, #10876 ) ) REPRESENTATION_CONTEXT ( 'NONE', 'WORKASPACE' ) );
#9883 = DIRECTION ( 'NONE',  ( 0.0000000000000000000, 0.0000000000000000000, -1.000000000000000000 ) ) ;
#9884 = ORIENTED_EDGE ( 'NONE', *, *, #7781, .F. ) ;
#9885 =( NAMED_UNIT ( * ) PLANE_ANGLE_UNIT ( ) SI_UNIT ( $, .RADIAN. ) );
#9886 = SURFACE_STYLE_USAGE ( .BOTH. , #9926 ) ;
#9887 = UNCERTAINTY_MEASURE_WITH_UNIT (LENGTH_MEASURE( 1.000000000000000100E-005 ), #2727, 'distance_accuracy_value', 'NONE');
#9888 = CARTESIAN_POINT ( 'NONE',  ( 4.449999999999999300, -3.865000000000000200, -4.200000000000000200 ) ) ;
#9889 = AXIS2_PLACEMENT_3D ( 'NONE', #4185, #4225, #2470 ) ;
#9890 = EDGE_LOOP ( 'NONE', ( #6123, #356, #677, #787 ) ) ;
#9891 = ADVANCED_FACE ( 'NONE', ( #2809 ), #4042, .F. ) ;
#9892 = EDGE_CURVE ( 'NONE', #11324, #6800, #6356, .T. ) ;
#9893 = FACE_OUTER_BOUND ( 'NONE', #942, .T. ) ;
#9894 = COLOUR_RGB ( '',0.9098039215686274400, 0.4431372549019607600, 0.03137254901960784300 ) ;
#9895 = CARTESIAN_POINT ( 'NONE',  ( 4.025000000000001200, -0.1250000000000016400, -0.7499999999999980000 ) ) ;
#9896 = DIRECTION ( 'NONE',  ( 3.526005099788157400E-016, 1.000000000000000000, 2.853163611803958800E-016 ) ) ;
#9897 = FILL_AREA_STYLE ('',( #9980 ) ) ;
#9898 = VERTEX_POINT ( 'NONE', #11126 ) ;
#9899 = SURFACE_STYLE_USAGE ( .BOTH. , #3683 ) ;
#9900 = CARTESIAN_POINT ( 'NONE',  ( -4.025000000000001200, -0.2499999999999994200, -0.7500000000000010000 ) ) ;
#9901 = VERTEX_POINT ( 'NONE', #4888 ) ;
#9902 = ADVANCED_FACE ( 'NONE', ( #10837 ), #9356, .T. ) ;
#9903 = CARTESIAN_POINT ( 'NONE',  ( 5.293808351810058700, -3.958808351810059200, 0.9676668700773980400 ) ) ;
#9904 = CARTESIAN_POINT ( 'NONE',  ( 5.170000000000002600, -7.503820299044412400E-016, 2.004193868745785000E-016 ) ) ;
#9905 = COLOUR_RGB ( '',1.000000000000000000, 1.000000000000000000, 1.000000000000000000 ) ;
#9906 = VECTOR ( 'NONE', #6744, 1000.000000000000000 ) ;
#9907 = VERTEX_POINT ( 'NONE', #11173 ) ;
#9908 = CARTESIAN_POINT ( 'NONE',  ( -5.100000000000003200, -3.390000000000000100, -0.8750000000000001100 ) ) ;
#9909 =( GEOMETRIC_REPRESENTATION_CONTEXT ( 3 ) GLOBAL_UNCERTAINTY_ASSIGNED_CONTEXT ( ( #6112 ) ) GLOBAL_UNIT_ASSIGNED_CONTEXT ( ( #9049, #6279, #6294 ) ) REPRESENTATION_CONTEXT ( 'NONE', 'WORKASPACE' ) );
#9910 = ORIENTED_EDGE ( 'NONE', *, *, #63, .F. ) ;
#9911 = FILL_AREA_STYLE ('',( #5174 ) ) ;
#9912 = ORIENTED_EDGE ( 'NONE', *, *, #5090, .F. ) ;
#9913 = CARTESIAN_POINT ( 'NONE',  ( -4.750000000000001800, -3.865000000000000200, -1.800000000000000300 ) ) ;
#9914 = LINE ( 'NONE', #47, #436 ) ;
#9915 = STYLED_ITEM ( 'NONE', ( #8907 ), #2289 ) ;
#9916 = LINE ( 'NONE', #8386, #2842 ) ;
#9917 = COLOUR_RGB ( '',0.5019607843137254800, 0.5019607843137254800, 0.5019607843137254800 ) ;
#9918 = ORIENTED_EDGE ( 'NONE', *, *, #7663, .T. ) ;
#9919 = FILL_AREA_STYLE_COLOUR ( '', #5922 ) ;
#9920 = SURFACE_SIDE_STYLE ('',( #1807 ) ) ;
#9921 = ORIENTED_EDGE ( 'NONE', *, *, #2639, .T. ) ;
#9922 = DIRECTION ( 'NONE',  ( 0.9397934234884364200, 0.0000000000000000000, 0.3417430630867060400 ) ) ;
#9923 = VECTOR ( 'NONE', #402, 1000.000000000000000 ) ;
#9924 = AXIS2_PLACEMENT_3D ( 'NONE', #8159, #8084, #8123 ) ;
#9925 = SURFACE_SIDE_STYLE ('',( #2949 ) ) ;
#9926 = SURFACE_SIDE_STYLE ('',( #498 ) ) ;
#9927 = LINE ( 'NONE', #11208, #4090 ) ;
#9928 = UNCERTAINTY_MEASURE_WITH_UNIT (LENGTH_MEASURE( 1.000000000000000100E-005 ), #7563, 'distance_accuracy_value', 'NONE');
#9929 = MECHANICAL_DESIGN_GEOMETRIC_PRESENTATION_REPRESENTATION (  '', ( #6907 ), #10512 ) ;
#9930 =( NAMED_UNIT ( * ) SI_UNIT ( $, .STERADIAN. ) SOLID_ANGLE_UNIT ( ) );
#9931 = UNCERTAINTY_MEASURE_WITH_UNIT (LENGTH_MEASURE( 1.000000000000000100E-005 ), #4363, 'distance_accuracy_value', 'NONE');
#9932 = ORIENTED_EDGE ( 'NONE', *, *, #1053, .T. ) ;
#9933 =( NAMED_UNIT ( * ) SI_UNIT ( $, .STERADIAN. ) SOLID_ANGLE_UNIT ( ) );
#9934 = AXIS2_PLACEMENT_3D ( 'NONE', #2524, #1982, #2614 ) ;
#9935 = CARTESIAN_POINT ( 'NONE',  ( 4.725000000000003200, -3.815000000000000800, -1.175000000000000900 ) ) ;
#9936 = VERTEX_POINT ( 'NONE', #7610 ) ;
#9937 = COLOUR_RGB ( '',1.000000000000000000, 1.000000000000000000, 1.000000000000000000 ) ;
#9938 = DIRECTION ( 'NONE',  ( -1.000000000000000000, 1.426581805901979900E-016, -2.209081482755457600E-016 ) ) ;
#9939 =( NAMED_UNIT ( * ) SI_UNIT ( $, .STERADIAN. ) SOLID_ANGLE_UNIT ( ) );
#9940 = AXIS2_PLACEMENT_3D ( 'NONE', #10680, #10530, #10383 ) ;
#9941 = CARTESIAN_POINT ( 'NONE',  ( 5.149999999999998600, -3.815000000000000400, 0.9249999999999991600 ) ) ;
#9942 = MECHANICAL_DESIGN_GEOMETRIC_PRESENTATION_REPRESENTATION (  '', ( #7531 ), #10526 ) ;
#9943 = AXIS2_PLACEMENT_3D ( 'NONE', #1743, #2193, #2315 ) ;
#9944 = DIRECTION ( 'NONE',  ( 1.426581805901980100E-016, -1.000000000000000000, -3.448404038975182000E-016 ) ) ;
#9945 = EDGE_CURVE ( 'NONE', #8279, #8615, #1682, .T. ) ;
#9946 = FACE_OUTER_BOUND ( 'NONE', #6881, .T. ) ;
#9947 = ORIENTED_EDGE ( 'NONE', *, *, #8321, .T. ) ;
#9948 = EDGE_CURVE ( 'NONE', #3509, #3147, #816, .T. ) ;
#9949 =( NAMED_UNIT ( * ) PLANE_ANGLE_UNIT ( ) SI_UNIT ( $, .RADIAN. ) );
#9950 = FILL_AREA_STYLE ('',( #2088 ) ) ;
#9951 = LINE ( 'NONE', #10208, #3164 ) ;
#9952 = ADVANCED_FACE ( 'NONE', ( #2946 ), #4962, .F. ) ;
#9953 = CARTESIAN_POINT ( 'NONE',  ( -4.590000000000001600, -0.2000000000000007000, -2.350000000000000500 ) ) ;
#9954 = ORIENTED_EDGE ( 'NONE', *, *, #235, .T. ) ;
#9955 = SURFACE_STYLE_FILL_AREA ( #8067 ) ;
#9956 = CARTESIAN_POINT ( 'NONE',  ( -4.450000000000001100, -3.865000000000000200, -5.000000000000000000 ) ) ;
#9957 = AXIS2_PLACEMENT_3D ( 'NONE', #3603, #2154, #2110 ) ;
#9958 = STYLED_ITEM ( 'NONE', ( #11245 ), #11209 ) ;
#9959 = FILL_AREA_STYLE_COLOUR ( '', #2003 ) ;
#9960 = ADVANCED_FACE ( 'NONE', ( #9164 ), #4841, .T. ) ;
#9961 = LINE ( 'NONE', #4058, #7567 ) ;
#9962 = DIRECTION ( 'NONE',  ( 0.0000000000000000000, 3.401418580346682800E-016, -1.000000000000000000 ) ) ;
#9963 =( GEOMETRIC_REPRESENTATION_CONTEXT ( 3 ) GLOBAL_UNCERTAINTY_ASSIGNED_CONTEXT ( ( #432 ) ) GLOBAL_UNIT_ASSIGNED_CONTEXT ( ( #4313, #3713, #3541 ) ) REPRESENTATION_CONTEXT ( 'NONE', 'WORKASPACE' ) );
#9964 = EDGE_CURVE ( 'NONE', #9771, #1356, #1240, .T. ) ;
#9965 = ORIENTED_EDGE ( 'NONE', *, *, #9858, .F. ) ;
#9966 = CARTESIAN_POINT ( 'NONE',  ( 5.350000000000003200, -3.835000000000000000, 1.124999999999999300 ) ) ;
#9967 = ORIENTED_EDGE ( 'NONE', *, *, #760, .F. ) ;
#9968 =( LENGTH_UNIT ( ) NAMED_UNIT ( * ) SI_UNIT ( .MILLI., .METRE. ) );
#9969 = ORIENTED_EDGE ( 'NONE', *, *, #8682, .T. ) ;
#9970 = DIRECTION ( 'NONE',  ( -7.228014483236697000E-017, -1.426581805901979900E-016, 1.000000000000000000 ) ) ;
#9971 = ORIENTED_EDGE ( 'NONE', *, *, #5655, .F. ) ;
#9972 = CARTESIAN_POINT ( 'NONE',  ( -4.975000000000001400, 4.038653092508504000E-015, -0.7500000000000001100 ) ) ;
#9973 = ORIENTED_EDGE ( 'NONE', *, *, #793, .T. ) ;
#9974 = LINE ( 'NONE', #2873, #492 ) ;
#9975 = SURFACE_STYLE_FILL_AREA ( #3796 ) ;
#9976 = VECTOR ( 'NONE', #10568, 1000.000000000000000 ) ;
#9977 = DIRECTION ( 'NONE',  ( -1.079575420682579900E-017, 1.000000000000000000, 1.426581805901979400E-016 ) ) ;
#9978 = CARTESIAN_POINT ( 'NONE',  ( 5.150000000000002100, -0.4249999999999984300, 0.7500000000000021100 ) ) ;
#9979 = DIRECTION ( 'NONE',  ( -3.657902066415279900E-018, 1.000000000000000000, 1.426581805901979600E-016 ) ) ;
#9980 = FILL_AREA_STYLE_COLOUR ( '', #9656 ) ;
#9981 = PRESENTATION_LAYER_ASSIGNMENT (  '', '', ( #10401 ) ) ;
#9982 = CIRCLE ( 'NONE', #7976, 0.7999999999999999300 ) ;
#9983 = VERTEX_POINT ( 'NONE', #10468 ) ;
#9984 = DIRECTION ( 'NONE',  ( 1.000000000000000000, 1.426581805901978400E-016, 0.0000000000000000000 ) ) ;
#9985 = EDGE_CURVE ( 'NONE', #5406, #9522, #5950, .T. ) ;
#9986 = EDGE_CURVE ( 'NONE', #5773, #5228, #10424, .T. ) ;
#9987 = ORIENTED_EDGE ( 'NONE', *, *, #6860, .F. ) ;
#9988 = PRESENTATION_LAYER_ASSIGNMENT (  '', '', ( #8753 ) ) ;
#9989 = DIRECTION ( 'NONE',  ( 0.0000000000000000000, 0.0000000000000000000, 1.000000000000000000 ) ) ;
#9990 = VECTOR ( 'NONE', #7306, 1000.000000000000000 ) ;
#9991 = COLOUR_RGB ( '',1.000000000000000000, 1.000000000000000000, 1.000000000000000000 ) ;
#9992 = LINE ( 'NONE', #5193, #7594 ) ;
#9993 = DIRECTION ( 'NONE',  ( -1.839562244607552200E-016, -3.637943737582403400E-015, 1.000000000000000000 ) ) ;
#9994 = DIRECTION ( 'NONE',  ( 0.0000000000000000000, -1.000000000000000000, 0.0000000000000000000 ) ) ;
#9995 = STYLED_ITEM ( 'NONE', ( #6777 ), #3776 ) ;
#9996 = VERTEX_POINT ( 'NONE', #8693 ) ;
#9997 = VECTOR ( 'NONE', #6738, 1000.000000000000100 ) ;
#9998 = CARTESIAN_POINT ( 'NONE',  ( -5.050000000000003400, -3.865000000000000200, -3.899999999999999900 ) ) ;
#9999 = EDGE_CURVE ( 'NONE', #10585, #590, #10159, .T. ) ;
#10000 = CARTESIAN_POINT ( 'NONE',  ( -5.150000000000002100, -1.870000000000000300, 1.174999999999999800 ) ) ;
#10001 = CARTESIAN_POINT ( 'NONE',  ( -3.350000000000003200, -3.814999999999999900, -3.850000000000001000 ) ) ;
#10002 = CONTEXT_DEPENDENT_SHAPE_REPRESENTATION ( #7881, #522 ) ;
#10003 = CARTESIAN_POINT ( 'NONE',  ( 2.950000000000002800, -3.665000000000000500, -3.899999999999999500 ) ) ;
#10004 = SURFACE_SIDE_STYLE ('',( #11243 ) ) ;
#10005 = SURFACE_STYLE_USAGE ( .BOTH. , #10669 ) ;
#10006 = SURFACE_STYLE_FILL_AREA ( #805 ) ;
#10007 = VERTEX_POINT ( 'NONE', #4291 ) ;
#10008 = SURFACE_SIDE_STYLE ('',( #9975 ) ) ;
#10009 = CARTESIAN_POINT ( 'NONE',  ( -4.449999999999999300, 0.0000000000000000000, -5.000000000000000000 ) ) ;
#10010 = ADVANCED_FACE ( 'NONE', ( #934 ), #2257, .F. ) ;
#10011 = LINE ( 'NONE', #2703, #2937 ) ;
#10012 = CARTESIAN_POINT ( 'NONE',  ( 3.350000000000002300, -3.515000000000001000, 1.124999999999999600 ) ) ;
#10013 = ORIENTED_EDGE ( 'NONE', *, *, #5377, .T. ) ;
#10014 = EDGE_CURVE ( 'NONE', #5406, #8072, #4573, .T. ) ;
#10015 = EDGE_CURVE ( 'NONE', #5724, #7821, #9307, .T. ) ;
#10016 = CARTESIAN_POINT ( 'NONE',  ( -3.350000000000003200, -3.815000000000000400, -1.175000000000000500 ) ) ;
#10017 = CARTESIAN_POINT ( 'NONE',  ( 4.850000000000002300, -1.870000000000000100, -1.125000000000000700 ) ) ;
#10018 = ADVANCED_FACE ( 'NONE', ( #6909 ), #3481, .F. ) ;
#10019 = VECTOR ( 'NONE', #9440, 1000.000000000000000 ) ;
#10020 = VECTOR ( 'NONE', #1899, 1000.000000000000000 ) ;
#10021 = PRESENTATION_STYLE_ASSIGNMENT (( #8671 ) ) ;
#10022 = ORIENTED_EDGE ( 'NONE', *, *, #9661, .F. ) ;
#10023 = DIRECTION ( 'NONE',  ( -1.000000000000000000, -4.580624489496172500E-016, -3.504491870660234600E-017 ) ) ;
#10024 = PRESENTATION_LAYER_ASSIGNMENT (  '', '', ( #1540 ) ) ;
#10025 =( GEOMETRIC_REPRESENTATION_CONTEXT ( 3 ) GLOBAL_UNCERTAINTY_ASSIGNED_CONTEXT ( ( #7210 ) ) GLOBAL_UNIT_ASSIGNED_CONTEXT ( ( #8657, #8614, #8583 ) ) REPRESENTATION_CONTEXT ( 'NONE', 'WORKASPACE' ) );
#10026 = STYLED_ITEM ( 'NONE', ( #4311 ), #10865 ) ;
#10027 = COLOUR_RGB ( '',1.000000000000000000, 1.000000000000000000, 1.000000000000000000 ) ;
#10028 = SURFACE_STYLE_USAGE ( .BOTH. , #10127 ) ;
#10029 = PRESENTATION_STYLE_ASSIGNMENT (( #188 ) ) ;
#10030 = CIRCLE ( 'NONE', #10618, 0.2999999999999999300 ) ;
#10031 = VECTOR ( 'NONE', #8797, 1000.000000000000000 ) ;
#10032 = EDGE_CURVE ( 'NONE', #10384, #3818, #5811, .T. ) ;
#10033 = ORIENTED_EDGE ( 'NONE', *, *, #5102, .T. ) ;
#10034 = EDGE_CURVE ( 'NONE', #1636, #3426, #8156, .T. ) ;
#10035 = UNCERTAINTY_MEASURE_WITH_UNIT (LENGTH_MEASURE( 1.000000000000000100E-005 ), #11023, 'distance_accuracy_value', 'NONE');
#10036 = EDGE_LOOP ( 'NONE', ( #2064, #7780, #299, #9973, #7182, #11034, #514, #9354, #6945, #5275, #4610, #7795, #10659 ) ) ;
#10037 = CARTESIAN_POINT ( 'NONE',  ( 5.350000000000004100, -1.870000000000000600, -3.650000000000001200 ) ) ;
#10038 = CARTESIAN_POINT ( 'NONE',  ( -3.350000000000003200, -3.814999999999999900, -3.850000000000001000 ) ) ;
#10039 = ORIENTED_EDGE ( 'NONE', *, *, #10761, .F. ) ;
#10040 = CIRCLE ( 'NONE', #4974, 0.1749999999999998200 ) ;
#10041 = CARTESIAN_POINT ( 'NONE',  ( 5.143025834725624400, -0.2105385864835125600, 2.348943284341092200 ) ) ;
#10042 = COLOUR_RGB ( '',0.9098039215686274400, 0.4431372549019607600, 0.03137254901960784300 ) ;
#10043 = VECTOR ( 'NONE', #1894, 1000.000000000000000 ) ;
#10044 = CARTESIAN_POINT ( 'NONE',  ( 5.249999999999997300, 1.985000000000000300, -5.000000000000001800 ) ) ;
#10045 = FILL_AREA_STYLE ('',( #11305 ) ) ;
#10046 = VERTEX_POINT ( 'NONE', #8816 ) ;
#10047 = CARTESIAN_POINT ( 'NONE',  ( -5.350000000000003200, -3.835000000000000400, 1.124999999999999800 ) ) ;
#10048 = EDGE_LOOP ( 'NONE', ( #2593, #9064, #4384, #9213 ) ) ;
#10049 = UNCERTAINTY_MEASURE_WITH_UNIT (LENGTH_MEASURE( 1.000000000000000100E-005 ), #7723, 'distance_accuracy_value', 'NONE');
#10050 = CARTESIAN_POINT ( 'NONE',  ( 4.690000000000004800, -4.016000000000000000, -3.100000000000001400 ) ) ;
#10051 = VERTEX_POINT ( 'NONE', #9726 ) ;
#10052 = EDGE_CURVE ( 'NONE', #5268, #5643, #7883, .T. ) ;
#10053 = PRESENTATION_STYLE_ASSIGNMENT (( #8431 ) ) ;
#10054 = CARTESIAN_POINT ( 'NONE',  ( 4.590000000000002500, -1.171146550115476400E-015, 3.150000000000000400 ) ) ;
#10055 = CARTESIAN_POINT ( 'NONE',  ( 3.350000000000004100, -3.815000000000000800, 3.850000000000000100 ) ) ;
#10056 = CARTESIAN_POINT ( 'NONE',  ( 5.050000000000002500, 0.0000000000000000000, 2.629999999999999900 ) ) ;
#10057 = CARTESIAN_POINT ( 'NONE',  ( -4.450000000000000200, 1.985000000000000300, 4.999999999999999100 ) ) ;
#10058 = PRESENTATION_STYLE_ASSIGNMENT (( #3212 ) ) ;
#10059 =( NAMED_UNIT ( * ) SI_UNIT ( $, .STERADIAN. ) SOLID_ANGLE_UNIT ( ) );
#10060 = FACE_OUTER_BOUND ( 'NONE', #7172, .T. ) ;
#10061 = ORIENTED_EDGE ( 'NONE', *, *, #612, .T. ) ;
#10062 = DIRECTION ( 'NONE',  ( -1.000000000000000000, -1.505836350674314900E-016, 0.0000000000000000000 ) ) ;
#10063 = CARTESIAN_POINT ( 'NONE',  ( 4.725000000000003200, -3.515000000000000600, -1.125000000000000900 ) ) ;
#10064 = ORIENTED_EDGE ( 'NONE', *, *, #3519, .T. ) ;
#10065 = SURFACE_STYLE_FILL_AREA ( #6047 ) ;
#10066 = SURFACE_STYLE_FILL_AREA ( #2600 ) ;
#10067 = FILL_AREA_STYLE_COLOUR ( '', #8495 ) ;
#10068 = DIRECTION ( 'NONE',  ( -2.014244061477907700E-016, -2.140309255009110000E-017, 1.000000000000000000 ) ) ;
#10069 = MECHANICAL_DESIGN_GEOMETRIC_PRESENTATION_REPRESENTATION (  '', ( #8236 ), #10650 ) ;
#10070 = ADVANCED_FACE ( 'NONE', ( #10295 ), #3558, .T. ) ;
#10071 = CARTESIAN_POINT ( 'NONE',  ( -4.090000000000002500, -0.2000000000000005400, -3.100000000000001000 ) ) ;
#10072 = STYLED_ITEM ( 'NONE', ( #1500 ), #1436 ) ;
#10073 = ORIENTED_EDGE ( 'NONE', *, *, #6601, .F. ) ;
#10074 = SURFACE_STYLE_USAGE ( .BOTH. , #5887 ) ;
#10075 = VECTOR ( 'NONE', #366, 1000.000000000000000 ) ;
#10076 = DIRECTION ( 'NONE',  ( 0.0000000000000000000, 0.0000000000000000000, -1.000000000000000000 ) ) ;
#10077 = UNCERTAINTY_MEASURE_WITH_UNIT (LENGTH_MEASURE( 1.000000000000000100E-005 ), #8004, 'distance_accuracy_value', 'NONE');
#10078 = CARTESIAN_POINT ( 'NONE',  ( -4.725000000000001400, -3.715000000000001600, 0.7499999999999875700 ) ) ;
#10079 = ADVANCED_FACE ( 'NONE', ( #406 ), #11120, .T. ) ;
#10080 = ORIENTED_EDGE ( 'NONE', *, *, #633, .T. ) ;
#10081 = SURFACE_SIDE_STYLE ('',( #11320 ) ) ;
#10082 = DIRECTION ( 'NONE',  ( 0.0000000000000000000, -1.000000000000000000, 0.0000000000000000000 ) ) ;
#10083 =( GEOMETRIC_REPRESENTATION_CONTEXT ( 3 ) GLOBAL_UNCERTAINTY_ASSIGNED_CONTEXT ( ( #4882 ) ) GLOBAL_UNIT_ASSIGNED_CONTEXT ( ( #8293, #8251, #8334 ) ) REPRESENTATION_CONTEXT ( 'NONE', 'WORKASPACE' ) );
#10084 = VECTOR ( 'NONE', #8420, 1000.000000000000000 ) ;
#10085 = ORIENTED_EDGE ( 'NONE', *, *, #2639, .F. ) ;
#10086 = SURFACE_STYLE_USAGE ( .BOTH. , #3878 ) ;
#10087 = PRESENTATION_STYLE_ASSIGNMENT (( #4533 ) ) ;
#10088 = EDGE_CURVE ( 'NONE', #728, #2406, #8734, .T. ) ;
#10089 =( GEOMETRIC_REPRESENTATION_CONTEXT ( 3 ) GLOBAL_UNCERTAINTY_ASSIGNED_CONTEXT ( ( #8325 ) ) GLOBAL_UNIT_ASSIGNED_CONTEXT ( ( #7118, #6318, #6153 ) ) REPRESENTATION_CONTEXT ( 'NONE', 'WORKASPACE' ) );
#10090 = ORIENTED_EDGE ( 'NONE', *, *, #9158, .T. ) ;
#10091 = CARTESIAN_POINT ( 'NONE',  ( 4.725000000000002300, -3.714999999999999400, 0.8749999999999991100 ) ) ;
#10092 = CARTESIAN_POINT ( 'NONE',  ( -3.350000000000001400, -1.870000000000001000, -3.650000000000001200 ) ) ;
#10093 = CARTESIAN_POINT ( 'NONE',  ( -5.050000000000002500, -1.870000000000000600, -0.8750000000000000000 ) ) ;
#10094 = DIRECTION ( 'NONE',  ( 0.0000000000000000000, 0.0000000000000000000, -1.000000000000000000 ) ) ;
#10095 = SURFACE_STYLE_USAGE ( .BOTH. , #9542 ) ;
#10096 = CIRCLE ( 'NONE', #6137, 0.7999999999999999300 ) ;
#10097 = SURFACE_SIDE_STYLE ('',( #8766 ) ) ;
#10098 = ORIENTED_EDGE ( 'NONE', *, *, #2817, .T. ) ;
#10099 =( NAMED_UNIT ( * ) PLANE_ANGLE_UNIT ( ) SI_UNIT ( $, .RADIAN. ) );
#10100 = MECHANICAL_DESIGN_GEOMETRIC_PRESENTATION_REPRESENTATION (  '', ( #10308 ), #10083 ) ;
#10101 =( NAMED_UNIT ( * ) SI_UNIT ( $, .STERADIAN. ) SOLID_ANGLE_UNIT ( ) );
#10102 = AXIS2_PLACEMENT_3D ( 'NONE', #9832, #9792, #9708 ) ;
#10103 = MECHANICAL_DESIGN_GEOMETRIC_PRESENTATION_REPRESENTATION (  '', ( #8872 ), #10678 ) ;
#10104 = ORIENTED_EDGE ( 'NONE', *, *, #1466, .T. ) ;
#10105 = UNCERTAINTY_MEASURE_WITH_UNIT (LENGTH_MEASURE( 1.000000000000000100E-005 ), #5943, 'distance_accuracy_value', 'NONE');
#10106 = MECHANICAL_DESIGN_GEOMETRIC_PRESENTATION_REPRESENTATION (  '', ( #8432 ), #4160 ) ;
#10107 = LINE ( 'NONE', #5620, #5329 ) ;
#10108 = CARTESIAN_POINT ( 'NONE',  ( -4.975000000000001400, -0.1249999999999959600, -0.7500000000000005600 ) ) ;
#10109 = ORIENTED_EDGE ( 'NONE', *, *, #6068, .T. ) ;
#10110 = DIRECTION ( 'NONE',  ( 1.000000000000000000, 4.580624489496172500E-016, 3.504491870660232100E-017 ) ) ;
#10111 = CARTESIAN_POINT ( 'NONE',  ( 5.249999999999999100, 0.0000000000000000000, -4.200000000000000200 ) ) ;
#10112 = VECTOR ( 'NONE', #10128, 1000.000000000000000 ) ;
#10113 = DIRECTION ( 'NONE',  ( 8.673617379884035500E-017, 0.0000000000000000000, 1.000000000000000000 ) ) ;
#10114 = EDGE_LOOP ( 'NONE', ( #741, #4675, #6858, #106, #2568, #5172 ) ) ;
#10115 = CYLINDRICAL_SURFACE ( 'NONE', #9429, 0.02999999999999964500 ) ;
#10116 = VERTEX_POINT ( 'NONE', #3635 ) ;
#10117 = DIRECTION ( 'NONE',  ( 0.0000000000000000000, -1.000000000000000000, 0.0000000000000000000 ) ) ;
#10118 = STYLED_ITEM ( 'NONE', ( #2690 ), #7471 ) ;
#10119 = FACE_OUTER_BOUND ( 'NONE', #9305, .T. ) ;
#10120 = VERTEX_POINT ( 'NONE', #9849 ) ;
#10121 =( NAMED_UNIT ( * ) SI_UNIT ( $, .STERADIAN. ) SOLID_ANGLE_UNIT ( ) );
#10122 = SURFACE_STYLE_FILL_AREA ( #3178 ) ;
#10123 = EDGE_CURVE ( 'NONE', #10717, #26, #6081, .T. ) ;
#10124 = FILL_AREA_STYLE_COLOUR ( '', #116 ) ;
#10125 = VECTOR ( 'NONE', #11499, 1000.000000000000000 ) ;
#10126 = DIRECTION ( 'NONE',  ( -1.000000000000000000, 0.0000000000000000000, 0.0000000000000000000 ) ) ;
#10127 = SURFACE_SIDE_STYLE ('',( #11131 ) ) ;
#10128 = DIRECTION ( 'NONE',  ( 2.209081482755457800E-016, 1.426581805901979600E-016, -1.000000000000000000 ) ) ;
#10129 = PRESENTATION_STYLE_ASSIGNMENT (( #7725 ) ) ;
#10130 = ADVANCED_FACE ( 'NONE', ( #6360 ), #6268, .F. ) ;
#10131 = ORIENTED_EDGE ( 'NONE', *, *, #6151, .F. ) ;
#10132 = FILL_AREA_STYLE_COLOUR ( '', #10454 ) ;
#10133 = PLANE ( 'NONE',  #3837 ) ;
#10134 = FILL_AREA_STYLE_COLOUR ( '', #1266 ) ;
#10135 = SURFACE_STYLE_FILL_AREA ( #6633 ) ;
#10136 = SURFACE_STYLE_USAGE ( .BOTH. , #3928 ) ;
#10137 = EDGE_CURVE ( 'NONE', #1482, #6635, #5250, .T. ) ;
#10138 = CARTESIAN_POINT ( 'NONE',  ( 5.275000000000002100, -0.4249999999999984300, 0.7500000000000022200 ) ) ;
#10139 = ADVANCED_FACE ( 'NONE', ( #9735 ), #8094, .T. ) ;
#10140 =( GEOMETRIC_REPRESENTATION_CONTEXT ( 3 ) GLOBAL_UNCERTAINTY_ASSIGNED_CONTEXT ( ( #4736 ) ) GLOBAL_UNIT_ASSIGNED_CONTEXT ( ( #5978, #669, #6865 ) ) REPRESENTATION_CONTEXT ( 'NONE', 'WORKASPACE' ) );
#10141 =( NAMED_UNIT ( * ) SI_UNIT ( $, .STERADIAN. ) SOLID_ANGLE_UNIT ( ) );
#10142 = ORIENTED_EDGE ( 'NONE', *, *, #473, .T. ) ;
#10143 = VECTOR ( 'NONE', #2203, 1000.000000000000000 ) ;
#10144 = UNCERTAINTY_MEASURE_WITH_UNIT (LENGTH_MEASURE( 1.000000000000000100E-005 ), #6623, 'distance_accuracy_value', 'NONE');
#10145 = FILL_AREA_STYLE_COLOUR ( '', #3801 ) ;
#10146 = DIRECTION ( 'NONE',  ( 0.0000000000000000000, 0.0000000000000000000, -1.000000000000000000 ) ) ;
#10147 = DIRECTION ( 'NONE',  ( -3.770802719384151000E-016, -1.000000000000000000, -1.426581805901979900E-016 ) ) ;
#10148 = VERTEX_POINT ( 'NONE', #7201 ) ;
#10149 = MECHANICAL_DESIGN_GEOMETRIC_PRESENTATION_REPRESENTATION (  '', ( #5727 ), #2233 ) ;
#10150 = LINE ( 'NONE', #1018, #7743 ) ;
#10151 = SURFACE_STYLE_USAGE ( .BOTH. , #5612 ) ;
#10152 =( LENGTH_UNIT ( ) NAMED_UNIT ( * ) SI_UNIT ( .MILLI., .METRE. ) );
#10153 = VECTOR ( 'NONE', #673, 1000.000000000000000 ) ;
#10154 = CARTESIAN_POINT ( 'NONE',  ( -5.150000000000000400, -3.815000000000000800, -0.9250000000000004900 ) ) ;
#10155 = PRESENTATION_LAYER_ASSIGNMENT (  '', '', ( #10308 ) ) ;
#10156 = CARTESIAN_POINT ( 'NONE',  ( -4.450000000000000200, 0.0000000000000000000, 4.199999999999999300 ) ) ;
#10157 = STYLED_ITEM ( 'NONE', ( #3250 ), #9483 ) ;
#10158 = LINE ( 'NONE', #2699, #7752 ) ;
#10159 = LINE ( 'NONE', #11356, #7754 ) ;
#10160 = CARTESIAN_POINT ( 'NONE',  ( 5.150000000000003000, -1.869999999999999900, -1.125000000000000400 ) ) ;
#10161 = MECHANICAL_DESIGN_GEOMETRIC_PRESENTATION_REPRESENTATION (  '', ( #10439 ), #10089 ) ;
#10162 = SURFACE_STYLE_FILL_AREA ( #7364 ) ;
#10163 = DIRECTION ( 'NONE',  ( 0.0000000000000000000, -3.252606517456513300E-015, 1.000000000000000000 ) ) ;
#10164 =( NAMED_UNIT ( * ) SI_UNIT ( $, .STERADIAN. ) SOLID_ANGLE_UNIT ( ) );
#10165 = FILL_AREA_STYLE ('',( #10209 ) ) ;
#10166 = FILL_AREA_STYLE ('',( #9253 ) ) ;
#10167 = VERTEX_POINT ( 'NONE', #9062 ) ;
#10168 = SURFACE_SIDE_STYLE ('',( #9560 ) ) ;
#10169 = PRESENTATION_STYLE_ASSIGNMENT (( #3887 ) ) ;
#10170 = MECHANICAL_DESIGN_GEOMETRIC_PRESENTATION_REPRESENTATION (  '', ( #8043 ), #7373 ) ;
#10171 = DIRECTION ( 'NONE',  ( 0.0000000000000000000, -1.000000000000000000, 0.0000000000000000000 ) ) ;
#10173 = AXIS2_PLACEMENT_3D ( 'NONE', #9262, #9088, #12 ) ;
#10172 =( GEOMETRIC_REPRESENTATION_CONTEXT ( 3 ) GLOBAL_UNCERTAINTY_ASSIGNED_CONTEXT ( ( #2546 ) ) GLOBAL_UNIT_ASSIGNED_CONTEXT ( ( #11467, #6121, #810 ) ) REPRESENTATION_CONTEXT ( 'NONE', 'WORKASPACE' ) );
#10174 = CARTESIAN_POINT ( 'NONE',  ( -5.350000000000003200, -3.835000000000000900, 3.650000000000000800 ) ) ;
#10175 = SURFACE_SIDE_STYLE ('',( #2305 ) ) ;
#10176 =( NAMED_UNIT ( * ) PLANE_ANGLE_UNIT ( ) SI_UNIT ( $, .RADIAN. ) );
#10177 =( LENGTH_UNIT ( ) NAMED_UNIT ( * ) SI_UNIT ( .MILLI., .METRE. ) );
#10178 = ORIENTED_EDGE ( 'NONE', *, *, #7683, .T. ) ;
#10179 = SURFACE_SIDE_STYLE ('',( #845 ) ) ;
#10180 = EDGE_CURVE ( 'NONE', #4456, #10205, #4026, .T. ) ;
#10181 = EDGE_CURVE ( 'NONE', #1114, #10384, #4433, .T. ) ;
#10182 = DIRECTION ( 'NONE',  ( 1.000000000000000000, -1.426581805901979900E-016, 1.927470528863118800E-016 ) ) ;
#10183 = CARTESIAN_POINT ( 'NONE',  ( 5.050000000000002500, -3.390000000000000600, 1.125000000000000200 ) ) ;
#10184 = ORIENTED_EDGE ( 'NONE', *, *, #6775, .T. ) ;
#10185 = FILL_AREA_STYLE_COLOUR ( '', #5652 ) ;
#10186 = SURFACE_STYLE_FILL_AREA ( #28 ) ;
#10187 = CYLINDRICAL_SURFACE ( 'NONE', #1046, 0.7999999999999999300 ) ;
#10188 = ORIENTED_EDGE ( 'NONE', *, *, #3055, .F. ) ;
#10189 = CARTESIAN_POINT ( 'NONE',  ( -5.150000000000002100, -0.4000000000000011900, 0.9249999999999998200 ) ) ;
#10190 = ORIENTED_EDGE ( 'NONE', *, *, #1223, .T. ) ;
#10191 = ADVANCED_FACE ( 'NONE', ( #4178 ), #4628, .F. ) ;
#10192 = STYLED_ITEM ( 'NONE', ( #5244 ), #11040 ) ;
#10193 = ORIENTED_EDGE ( 'NONE', *, *, #4475, .F. ) ;
#10194 = CARTESIAN_POINT ( 'NONE',  ( -5.350000000000002300, -1.870000000000000300, -0.9250000000000002700 ) ) ;
#10195 = VECTOR ( 'NONE', #2679, 1000.000000000000000 ) ;
#10196 = DIRECTION ( 'NONE',  ( 1.000000000000000000, 0.0000000000000000000, 0.0000000000000000000 ) ) ;
#10197 = EDGE_CURVE ( 'NONE', #10205, #10874, #3361, .T. ) ;
#10198 = SURFACE_STYLE_FILL_AREA ( #5952 ) ;
#10199 = FACE_OUTER_BOUND ( 'NONE', #761, .T. ) ;
#10200 = LINE ( 'NONE', #8445, #5414 ) ;
#10201 = VERTEX_POINT ( 'NONE', #9094 ) ;
#10202 = ORIENTED_EDGE ( 'NONE', *, *, #1578, .T. ) ;
#10203 = UNCERTAINTY_MEASURE_WITH_UNIT (LENGTH_MEASURE( 1.000000000000000100E-005 ), #809, 'distance_accuracy_value', 'NONE');
#10204 = DIRECTION ( 'NONE',  ( -1.000000000000000000, 1.426581805901979900E-016, -1.927470528863118800E-016 ) ) ;
#10205 = VERTEX_POINT ( 'NONE', #3829 ) ;
#10206 = CARTESIAN_POINT ( 'NONE',  ( -5.400000000000003000, -0.4250000000000008800, 0.7499999999999983300 ) ) ;
#10207 = PRESENTATION_STYLE_ASSIGNMENT (( #10482 ) ) ;
#10208 = CARTESIAN_POINT ( 'NONE',  ( -3.350000000000001400, -3.515000000000001000, -1.125000000000000400 ) ) ;
#10209 = FILL_AREA_STYLE_COLOUR ( '', #4321 ) ;
#10210 = TOROIDAL_SURFACE ( 'NONE', #9957, 0.3000000000000000400, 0.1250000000000000000 ) ;
#10211 = ORIENTED_EDGE ( 'NONE', *, *, #8452, .T. ) ;
#10212 = ORIENTED_EDGE ( 'NONE', *, *, #2533, .T. ) ;
#10213 =( NAMED_UNIT ( * ) SI_UNIT ( $, .STERADIAN. ) SOLID_ANGLE_UNIT ( ) );
#10214 = PRESENTATION_LAYER_ASSIGNMENT (  '', '', ( #10388 ) ) ;
#10215 = DIRECTION ( 'NONE',  ( 0.0000000000000000000, 2.710505431213759600E-016, -1.000000000000000000 ) ) ;
#10216 = CARTESIAN_POINT ( 'NONE',  ( -3.355000000000001300, -3.964999999999991000, -0.7500000000000129900 ) ) ;
#10217 = ORIENTED_EDGE ( 'NONE', *, *, #4378, .T. ) ;
#10218 = CARTESIAN_POINT ( 'NONE',  ( 3.350000000000002300, -3.515000000000001000, 1.124999999999999600 ) ) ;
#10219 =( LENGTH_UNIT ( ) NAMED_UNIT ( * ) SI_UNIT ( .MILLI., .METRE. ) );
#10220 = FILL_AREA_STYLE ('',( #7625 ) ) ;
#10221 = CARTESIAN_POINT ( 'NONE',  ( -4.975000000000002300, -0.4249999999999975500, -0.2766384493639877900 ) ) ;
#10222 = ORIENTED_EDGE ( 'NONE', *, *, #11072, .T. ) ;
#10223 = DIRECTION ( 'NONE',  ( 0.0000000000000000000, 1.000000000000000000, -0.0000000000000000000 ) ) ;
#10224 = ORIENTED_EDGE ( 'NONE', *, *, #2144, .T. ) ;
#10225 = CARTESIAN_POINT ( 'NONE',  ( -5.170000000000001700, -4.014999999999999700, -3.650000000000001700 ) ) ;
#10226 =( NAMED_UNIT ( * ) SI_UNIT ( $, .STERADIAN. ) SOLID_ANGLE_UNIT ( ) );
#10227 = AXIS2_PLACEMENT_3D ( 'NONE', #7116, #1848, #8007 ) ;
#10228 =( NAMED_UNIT ( * ) PLANE_ANGLE_UNIT ( ) SI_UNIT ( $, .RADIAN. ) );
#10229 =( NAMED_UNIT ( * ) SI_UNIT ( $, .STERADIAN. ) SOLID_ANGLE_UNIT ( ) );
#10230 = ORIENTED_EDGE ( 'NONE', *, *, #6106, .F. ) ;
#10231 =( GEOMETRIC_REPRESENTATION_CONTEXT ( 3 ) GLOBAL_UNCERTAINTY_ASSIGNED_CONTEXT ( ( #7803 ) ) GLOBAL_UNIT_ASSIGNED_CONTEXT ( ( #1444, #10622, #9418 ) ) REPRESENTATION_CONTEXT ( 'NONE', 'WORKASPACE' ) );
#10232 = FILL_AREA_STYLE_COLOUR ( '', #10871 ) ;
#10233 = COLOUR_RGB ( '',1.000000000000000000, 1.000000000000000000, 1.000000000000000000 ) ;
#10234 = ORIENTED_EDGE ( 'NONE', *, *, #678, .T. ) ;
#10235 = FILL_AREA_STYLE_COLOUR ( '', #4983 ) ;
#10236 = ORIENTED_EDGE ( 'NONE', *, *, #869, .F. ) ;
#10237 = CARTESIAN_POINT ( 'NONE',  ( -3.350000000000001400, -4.607859233063393800E-016, -3.850000000000000100 ) ) ;
#10238 = AXIS2_PLACEMENT_3D ( 'NONE', #9756, #9713, #9568 ) ;
#10239 = FACE_OUTER_BOUND ( 'NONE', #8255, .T. ) ;
#10240 =( LENGTH_UNIT ( ) NAMED_UNIT ( * ) SI_UNIT ( .MILLI., .METRE. ) );
#10241 = DIRECTION ( 'NONE',  ( -1.000000000000000000, -1.426581805901979400E-016, -1.927470528863119300E-016 ) ) ;
#10242 = ORIENTED_EDGE ( 'NONE', *, *, #10607, .F. ) ;
#10243 = EDGE_CURVE ( 'NONE', #2142, #9771, #939, .T. ) ;
#10244 =( NAMED_UNIT ( * ) PLANE_ANGLE_UNIT ( ) SI_UNIT ( $, .RADIAN. ) );
#10245 = STYLED_ITEM ( 'NONE', ( #4903 ), #2860 ) ;
#10246 = ADVANCED_FACE ( 'NONE', ( #3090 ), #11388, .T. ) ;
#10247 = VECTOR ( 'NONE', #10241, 1000.000000000000000 ) ;
#10248 = VECTOR ( 'NONE', #2148, 1000.000000000000000 ) ;
#10249 = DIRECTION ( 'NONE',  ( -1.000000000000000000, -3.526005099788157400E-016, 2.409338161078893300E-017 ) ) ;
#10250 =( LENGTH_UNIT ( ) NAMED_UNIT ( * ) SI_UNIT ( .MILLI., .METRE. ) );
#10251 = DIRECTION ( 'NONE',  ( 1.927470528863119000E-016, 1.426581805901979600E-016, -1.000000000000000000 ) ) ;
#10252 = ORIENTED_EDGE ( 'NONE', *, *, #11346, .F. ) ;
#10253 =( LENGTH_UNIT ( ) NAMED_UNIT ( * ) SI_UNIT ( .MILLI., .METRE. ) );
#10254 = ORIENTED_EDGE ( 'NONE', *, *, #473, .F. ) ;
#10255 = UNCERTAINTY_MEASURE_WITH_UNIT (LENGTH_MEASURE( 1.000000000000000100E-005 ), #2563, 'distance_accuracy_value', 'NONE');
#10256 = ORIENTED_EDGE ( 'NONE', *, *, #3435, .T. ) ;
#10257 = DIRECTION ( 'NONE',  ( -1.927470528863118800E-016, -2.725027521453482400E-016, 1.000000000000000000 ) ) ;
#10258 = ORIENTED_EDGE ( 'NONE', *, *, #10034, .F. ) ;
#10259 = DIRECTION ( 'NONE',  ( -1.426581805901980100E-016, -1.000000000000000000, 5.952404271712224500E-017 ) ) ;
#10260 = AXIS2_PLACEMENT_3D ( 'NONE', #10980, #1726, #11486 ) ;
#10261 =( GEOMETRIC_REPRESENTATION_CONTEXT ( 3 ) GLOBAL_UNCERTAINTY_ASSIGNED_CONTEXT ( ( #1078 ) ) GLOBAL_UNIT_ASSIGNED_CONTEXT ( ( #2260, #8402, #3145 ) ) REPRESENTATION_CONTEXT ( 'NONE', 'WORKASPACE' ) );
#10262 = COLOUR_RGB ( '',0.9098039215686274400, 0.4431372549019607600, 0.03137254901960784300 ) ;
#10263 = FILL_AREA_STYLE_COLOUR ( '', #10027 ) ;
#10264 = FACE_OUTER_BOUND ( 'NONE', #2892, .T. ) ;
#10265 = EDGE_CURVE ( 'NONE', #1622, #2092, #4577, .T. ) ;
#10266 = EDGE_CURVE ( 'NONE', #4456, #7836, #2259, .T. ) ;
#10267 = LINE ( 'NONE', #9998, #3456 ) ;
#10268 = PLANE ( 'NONE',  #557 ) ;
#10269 = UNCERTAINTY_MEASURE_WITH_UNIT (LENGTH_MEASURE( 1.000000000000000100E-005 ), #725, 'distance_accuracy_value', 'NONE');
#10270 = ORIENTED_EDGE ( 'NONE', *, *, #1073, .F. ) ;
#10271 = SURFACE_SIDE_STYLE ('',( #11141 ) ) ;
#10272 = SURFACE_SIDE_STYLE ('',( #2055 ) ) ;
#10273 = SURFACE_STYLE_FILL_AREA ( #5455 ) ;
#10274 = PRESENTATION_STYLE_ASSIGNMENT (( #2615 ) ) ;
#10275 = PLANE ( 'NONE',  #6266 ) ;
#10276 = EDGE_LOOP ( 'NONE', ( #9643, #7558, #3783 ) ) ;
#10277 = SURFACE_STYLE_FILL_AREA ( #6335 ) ;
#10278 = ORIENTED_EDGE ( 'NONE', *, *, #7978, .T. ) ;
#10279 = DIRECTION ( 'NONE',  ( 0.0000000000000000000, -1.426581805901979400E-016, 1.000000000000000000 ) ) ;
#10280 = VERTEX_POINT ( 'NONE', #10956 ) ;
#10281 = DIRECTION ( 'NONE',  ( 0.0000000000000000000, 0.0000000000000000000, -1.000000000000000000 ) ) ;
#10282 = CIRCLE ( 'NONE', #7913, 0.1250000000000000000 ) ;
#10283 = PRESENTATION_STYLE_ASSIGNMENT (( #6718 ) ) ;
#10284 = CARTESIAN_POINT ( 'NONE',  ( -5.350000000000001400, -4.014999999999999700, -3.850000000000000500 ) ) ;
#10285 = CARTESIAN_POINT ( 'NONE',  ( 5.150000000000003900, -0.4000000000000010200, -0.9250000000000000400 ) ) ;
#10286 = CARTESIAN_POINT ( 'NONE',  ( 5.150000000000003000, -0.4000000000000009700, -1.125000000000000000 ) ) ;
#10287 = CARTESIAN_POINT ( 'NONE',  ( -3.350000000000002300, -4.015000000000000600, -0.9250000000000003800 ) ) ;
#10288 =( LENGTH_UNIT ( ) NAMED_UNIT ( * ) SI_UNIT ( .MILLI., .METRE. ) );
#10289 = CARTESIAN_POINT ( 'NONE',  ( -5.170000000000000800, -2.011480346321790400E-016, -3.850000000000000100 ) ) ;
#10290 = VERTEX_POINT ( 'NONE', #4767 ) ;
#10291 = UNCERTAINTY_MEASURE_WITH_UNIT (LENGTH_MEASURE( 1.000000000000000100E-005 ), #10152, 'distance_accuracy_value', 'NONE');
#10292 =( NAMED_UNIT ( * ) SI_UNIT ( $, .STERADIAN. ) SOLID_ANGLE_UNIT ( ) );
#10293 = EDGE_CURVE ( 'NONE', #5839, #7791, #6639, .T. ) ;
#10294 = DIRECTION ( 'NONE',  ( 0.0000000000000000000, 5.421010862427519200E-016, -1.000000000000000000 ) ) ;
#10295 = FACE_OUTER_BOUND ( 'NONE', #7080, .T. ) ;
#10296 =( GEOMETRIC_REPRESENTATION_CONTEXT ( 3 ) GLOBAL_UNCERTAINTY_ASSIGNED_CONTEXT ( ( #5507 ) ) GLOBAL_UNIT_ASSIGNED_CONTEXT ( ( #10890, #5534, #223 ) ) REPRESENTATION_CONTEXT ( 'NONE', 'WORKASPACE' ) );
#10297 = ORIENTED_EDGE ( 'NONE', *, *, #4718, .F. ) ;
#10298 = DIRECTION ( 'NONE',  ( -1.000000000000000000, 1.426581805901979900E-016, -1.927470528863118800E-016 ) ) ;
#10299 = VECTOR ( 'NONE', #9288, 1000.000000000000000 ) ;
#10300 = PRESENTATION_LAYER_ASSIGNMENT (  '', '', ( #10439 ) ) ;
#10301 = PLANE ( 'NONE',  #3333 ) ;
#10302 = ADVANCED_FACE ( 'NONE', ( #9021 ), #1207, .T. ) ;
#10303 = COLOUR_RGB ( '',0.9098039215686274400, 0.4431372549019607600, 0.03137254901960784300 ) ;
#10304 = MECHANICAL_DESIGN_GEOMETRIC_PRESENTATION_REPRESENTATION (  '', ( #9089 ), #10369 ) ;
#10305 = DIRECTION ( 'NONE',  ( 7.553600721220374100E-017, 3.348823158252935500E-015, -1.000000000000000000 ) ) ;
#10306 =( NAMED_UNIT ( * ) SI_UNIT ( $, .STERADIAN. ) SOLID_ANGLE_UNIT ( ) );
#10307 = ORIENTED_EDGE ( 'NONE', *, *, #9985, .T. ) ;
#10308 = STYLED_ITEM ( 'NONE', ( #3238 ), #4337 ) ;
#10309 = STYLED_ITEM ( 'NONE', ( #1550 ), #9833 ) ;
#10310 = VERTEX_POINT ( 'NONE', #3038 ) ;
#10311 = DIRECTION ( 'NONE',  ( 0.0000000000000000000, -1.000000000000000000, -2.749694387888392200E-032 ) ) ;
#10312 = AXIS2_PLACEMENT_3D ( 'NONE', #5079, #5668, #5928 ) ;
#10313 = FACE_OUTER_BOUND ( 'NONE', #1913, .T. ) ;
#10314 = FILL_AREA_STYLE_COLOUR ( '', #3633 ) ;
#10315 = VECTOR ( 'NONE', #1958, 1000.000000000000000 ) ;
#10316 = VECTOR ( 'NONE', #3032, 1000.000000000000000 ) ;
#10317 = LINE ( 'NONE', #9459, #10031 ) ;
#10318 = PRESENTATION_STYLE_ASSIGNMENT (( #7519 ) ) ;
#10319 = VERTEX_POINT ( 'NONE', #7481 ) ;
#10320 = CARTESIAN_POINT ( 'NONE',  ( 3.350000000000004100, -3.815000000000000400, 1.174999999999999400 ) ) ;
#10321 = ORIENTED_EDGE ( 'NONE', *, *, #5403, .T. ) ;
#10322 = ORIENTED_EDGE ( 'NONE', *, *, #3732, .T. ) ;
#10323 = LINE ( 'NONE', #9452, #5555 ) ;
#10324 =( GEOMETRIC_REPRESENTATION_CONTEXT ( 3 ) GLOBAL_UNCERTAINTY_ASSIGNED_CONTEXT ( ( #602 ) ) GLOBAL_UNIT_ASSIGNED_CONTEXT ( ( #9143, #8439, #7946 ) ) REPRESENTATION_CONTEXT ( 'NONE', 'WORKASPACE' ) );
#10325 = AXIS2_PLACEMENT_3D ( 'NONE', #6536, #1243, #7446 ) ;
#10326 =( NAMED_UNIT ( * ) PLANE_ANGLE_UNIT ( ) SI_UNIT ( $, .RADIAN. ) );
#10327 = CARTESIAN_POINT ( 'NONE',  ( -3.791564028866436500, -5.047868377768245500E-016, -3.100000000000000500 ) ) ;
#10328 = VECTOR ( 'NONE', #6011, 1000.000000000000000 ) ;
#10329 = VECTOR ( 'NONE', #1032, 1000.000000000000000 ) ;
#10330 = FILL_AREA_STYLE_COLOUR ( '', #10639 ) ;
#10331 = STYLED_ITEM ( 'NONE', ( #1783 ), #765 ) ;
#10332 = ORIENTED_EDGE ( 'NONE', *, *, #4797, .F. ) ;
#10333 = CARTESIAN_POINT ( 'NONE',  ( 5.150000000000003000, -3.539999999999998700, 0.7500000000000020000 ) ) ;
#10334 = ORIENTED_EDGE ( 'NONE', *, *, #6370, .T. ) ;
#10335 = CARTESIAN_POINT ( 'NONE',  ( 4.350000000000003200, -3.815000000000000400, 1.124999999999999100 ) ) ;
#10336 = ORIENTED_EDGE ( 'NONE', *, *, #7001, .T. ) ;
#10337 = LINE ( 'NONE', #10194, #4742 ) ;
#10338 = VECTOR ( 'NONE', #3723, 1000.000000000000000 ) ;
#10339 = DIRECTION ( 'NONE',  ( -1.000000000000000000, -1.426581805901979400E-016, -1.927470528863119300E-016 ) ) ;
#10340 = ORIENTED_EDGE ( 'NONE', *, *, #10861, .T. ) ;
#10341 = ORIENTED_EDGE ( 'NONE', *, *, #3680, .F. ) ;
#10342 =( GEOMETRIC_REPRESENTATION_CONTEXT ( 3 ) GLOBAL_UNCERTAINTY_ASSIGNED_CONTEXT ( ( #7069 ) ) GLOBAL_UNIT_ASSIGNED_CONTEXT ( ( #11042, #11004, #10965 ) ) REPRESENTATION_CONTEXT ( 'NONE', 'WORKASPACE' ) );
#10343 =( GEOMETRIC_REPRESENTATION_CONTEXT ( 3 ) GLOBAL_UNCERTAINTY_ASSIGNED_CONTEXT ( ( #5910 ) ) GLOBAL_UNIT_ASSIGNED_CONTEXT ( ( #477, #6687, #1384 ) ) REPRESENTATION_CONTEXT ( 'NONE', 'WORKASPACE' ) );
#10344 = CARTESIAN_POINT ( 'NONE',  ( 4.390000000000003200, -4.016000000000000900, 3.100000000000001000 ) ) ;
#10345 = FILL_AREA_STYLE ('',( #9453 ) ) ;
#10346 = VERTEX_POINT ( 'NONE', #6577 ) ;
#10347 = EDGE_CURVE ( 'NONE', #1874, #7312, #3486, .T. ) ;
#10348 = EDGE_CURVE ( 'NONE', #3945, #10148, #1088, .T. ) ;
#10349 = DIRECTION ( 'NONE',  ( -1.426581805901979600E-016, -1.000000000000000000, -1.426581805901979900E-016 ) ) ;
#10350 = ORIENTED_EDGE ( 'NONE', *, *, #8648, .F. ) ;
#10351 =( NAMED_UNIT ( * ) SI_UNIT ( $, .STERADIAN. ) SOLID_ANGLE_UNIT ( ) );
#10352 = DIRECTION ( 'NONE',  ( -1.426581805901979900E-016, -1.000000000000000000, -1.281360903504773400E-017 ) ) ;
#10353 = DIRECTION ( 'NONE',  ( -1.000000000000000000, -1.426581805901979600E-016, 2.409338161078900700E-017 ) ) ;
#10354 = ORIENTED_EDGE ( 'NONE', *, *, #4208, .T. ) ;
#10355 = DIRECTION ( 'NONE',  ( -1.000000000000000000, 1.426581805901979900E-016, -1.927470528863118800E-016 ) ) ;
#10356 = CARTESIAN_POINT ( 'NONE',  ( -5.161715728752540100, -3.932157287525381400, 0.9249999999999994900 ) ) ;
#10357 = DIRECTION ( 'NONE',  ( 2.409338161078898200E-017, -1.426581805901979400E-016, 1.000000000000000000 ) ) ;
#10358 = ADVANCED_FACE ( 'NONE', ( #5813 ), #11077, .F. ) ;
#10359 = EDGE_CURVE ( 'NONE', #2124, #7980, #7046, .T. ) ;
#10360 = ORIENTED_EDGE ( 'NONE', *, *, #4357, .F. ) ;
#10361 = MECHANICAL_DESIGN_GEOMETRIC_PRESENTATION_REPRESENTATION (  '', ( #9152 ), #10938 ) ;
#10362 = DIRECTION ( 'NONE',  ( 1.000000000000000000, 0.0000000000000000000, 0.0000000000000000000 ) ) ;
#10363 = SURFACE_STYLE_FILL_AREA ( #8588 ) ;
#10364 = VECTOR ( 'NONE', #9228, 1000.000000000000100 ) ;
#10365 = ORIENTED_EDGE ( 'NONE', *, *, #1525, .F. ) ;
#10366 = DIRECTION ( 'NONE',  ( -1.000000000000000000, 1.426581805901979900E-016, -1.927470528863118800E-016 ) ) ;
#10367 = DIRECTION ( 'NONE',  ( 1.927470528863118800E-016, 2.725027521453482400E-016, -1.000000000000000000 ) ) ;
#10368 = CARTESIAN_POINT ( 'NONE',  ( -5.350000000000001400, -0.1800000000000002200, -3.850000000000000100 ) ) ;
#10369 =( GEOMETRIC_REPRESENTATION_CONTEXT ( 3 ) GLOBAL_UNCERTAINTY_ASSIGNED_CONTEXT ( ( #2663 ) ) GLOBAL_UNIT_ASSIGNED_CONTEXT ( ( #2866, #2497, #2385 ) ) REPRESENTATION_CONTEXT ( 'NONE', 'WORKASPACE' ) );
#10370 = ORIENTED_EDGE ( 'NONE', *, *, #3409, .T. ) ;
#10371 = VECTOR ( 'NONE', #4765, 1000.000000000000000 ) ;
#10372 = SURFACE_STYLE_USAGE ( .BOTH. , #1307 ) ;
#10373 = CARTESIAN_POINT ( 'NONE',  ( 4.449999999999999300, -3.865000000000000200, -5.000000000000000000 ) ) ;
#10374 = SURFACE_STYLE_USAGE ( .BOTH. , #8528 ) ;
#10375 = PRESENTATION_STYLE_ASSIGNMENT (( #10485 ) ) ;
#10376 =( GEOMETRIC_REPRESENTATION_CONTEXT ( 3 ) GLOBAL_UNCERTAINTY_ASSIGNED_CONTEXT ( ( #5742 ) ) GLOBAL_UNIT_ASSIGNED_CONTEXT ( ( #10253, #11088, #3927 ) ) REPRESENTATION_CONTEXT ( 'NONE', 'WORKASPACE' ) );
#10377 = ORIENTED_EDGE ( 'NONE', *, *, #4795, .F. ) ;
#10378 = ORIENTED_EDGE ( 'NONE', *, *, #649, .T. ) ;
#10379 = FACE_OUTER_BOUND ( 'NONE', #5650, .T. ) ;
#10380 =( NAMED_UNIT ( * ) SI_UNIT ( $, .STERADIAN. ) SOLID_ANGLE_UNIT ( ) );
#10381 = LINE ( 'NONE', #7327, #3306 ) ;
#10382 =( GEOMETRIC_REPRESENTATION_CONTEXT ( 3 ) GLOBAL_UNCERTAINTY_ASSIGNED_CONTEXT ( ( #5165 ) ) GLOBAL_UNIT_ASSIGNED_CONTEXT ( ( #10240, #10751, #9870 ) ) REPRESENTATION_CONTEXT ( 'NONE', 'WORKASPACE' ) );
#10383 = DIRECTION ( 'NONE',  ( 0.0000000000000000000, 1.000000000000000000, 0.0000000000000000000 ) ) ;
#10384 = VERTEX_POINT ( 'NONE', #8769 ) ;
#10385 = SURFACE_SIDE_STYLE ('',( #9669 ) ) ;
#10386 = ORIENTED_EDGE ( 'NONE', *, *, #4701, .F. ) ;
#10387 = UNCERTAINTY_MEASURE_WITH_UNIT (LENGTH_MEASURE( 1.000000000000000100E-005 ), #9102, 'distance_accuracy_value', 'NONE');
#10388 = STYLED_ITEM ( 'NONE', ( #6473 ), #1202 ) ;
#10389 = CARTESIAN_POINT ( 'NONE',  ( -5.050000000000002500, -1.870000000000001000, 0.9249999999999999300 ) ) ;
#10390 = CIRCLE ( 'NONE', #10553, 0.4250000000000000400 ) ;
#10391 = VERTEX_POINT ( 'NONE', #7873 ) ;
#10392 = LINE ( 'NONE', #3469, #7718 ) ;
#10393 = FILL_AREA_STYLE_COLOUR ( '', #6960 ) ;
#10394 = CARTESIAN_POINT ( 'NONE',  ( 5.150000000000003000, -0.2000000000000002600, -2.300000000000000700 ) ) ;
#10395 = VECTOR ( 'NONE', #853, 1000.000000000000000 ) ;
#10396 = FILL_AREA_STYLE_COLOUR ( '', #6375 ) ;
#10397 = CARTESIAN_POINT ( 'NONE',  ( 5.155249921937704400, -3.867499219377000600, -0.9250000000000016000 ) ) ;
#10398 = CARTESIAN_POINT ( 'NONE',  ( 3.350000000000002300, -0.2000000000000011800, 0.9249999999999998200 ) ) ;
#10399 = VECTOR ( 'NONE', #5402, 1000.000000000000000 ) ;
#10400 = UNCERTAINTY_MEASURE_WITH_UNIT (LENGTH_MEASURE( 1.000000000000000100E-005 ), #98, 'distance_accuracy_value', 'NONE');
#10401 = STYLED_ITEM ( 'NONE', ( #4979 ), #5118 ) ;
#10402 = FILL_AREA_STYLE ('',( #11234 ) ) ;
#10403 = VERTEX_POINT ( 'NONE', #3488 ) ;
#10404 = STYLED_ITEM ( 'NONE', ( #749 ), #312 ) ;
#10405 = CARTESIAN_POINT ( 'NONE',  ( 3.791564028866437400, -0.2000000000000014800, 3.100000000000000500 ) ) ;
#10406 = EDGE_CURVE ( 'NONE', #2009, #8422, #11509, .T. ) ;
#10407 = LINE ( 'NONE', #10333, #913 ) ;
#10408 = ADVANCED_FACE ( 'NONE', ( #243 ), #2611, .T. ) ;
#10409 = CARTESIAN_POINT ( 'NONE',  ( 3.350000000000003200, -3.815000000000000400, 1.124999999999998900 ) ) ;
#10410 = EDGE_LOOP ( 'NONE', ( #10535, #9690, #7255, #489 ) ) ;
#10411 = VECTOR ( 'NONE', #6559, 1000.000000000000000 ) ;
#10412 = AXIS2_PLACEMENT_3D ( 'NONE', #3665, #3552, #3523 ) ;
#10413 = EDGE_CURVE ( 'NONE', #10205, #7836, #3663, .T. ) ;
#10414 = SURFACE_STYLE_FILL_AREA ( #7086 ) ;
#10415 = VECTOR ( 'NONE', #4572, 1000.000000000000000 ) ;
#10416 = CARTESIAN_POINT ( 'NONE',  ( 5.275000000000003000, -3.539999999999998700, 0.7500000000000021100 ) ) ;
#10417 = AXIS2_PLACEMENT_3D ( 'NONE', #9623, #4303, #10519 ) ;
#10418 = LINE ( 'NONE', #5043, #5940 ) ;
#10419 = CARTESIAN_POINT ( 'NONE',  ( -4.725000000000002300, -3.715000000000000700, 0.9249999999999997100 ) ) ;
#10420 = UNCERTAINTY_MEASURE_WITH_UNIT (LENGTH_MEASURE( 1.000000000000000100E-005 ), #6400, 'distance_accuracy_value', 'NONE');
#10421 = LINE ( 'NONE', #3610, #5666 ) ;
#10422 = DIRECTION ( 'NONE',  ( 0.0000000000000000000, 1.000000000000000000, 2.749694387888392200E-032 ) ) ;
#10423 = UNCERTAINTY_MEASURE_WITH_UNIT (LENGTH_MEASURE( 1.000000000000000100E-005 ), #11223, 'distance_accuracy_value', 'NONE');
#10424 = LINE ( 'NONE', #2535, #3358 ) ;
#10425 = DIRECTION ( 'NONE',  ( 0.0000000000000000000, 0.0000000000000000000, 1.000000000000000000 ) ) ;
#10426 = DIRECTION ( 'NONE',  ( -1.000000000000000000, 2.478176394252571900E-015, 0.0000000000000000000 ) ) ;
#10427 = DIRECTION ( 'NONE',  ( -1.426581805901979600E-016, 1.000000000000000000, 1.426581805901979400E-016 ) ) ;
#10428 = FACE_OUTER_BOUND ( 'NONE', #2415, .T. ) ;
#10429 = DIRECTION ( 'NONE',  ( 4.707476099338773300E-016, 1.426581805901979900E-016, -1.000000000000000000 ) ) ;
#10430 = PRESENTATION_STYLE_ASSIGNMENT (( #2171 ) ) ;
#10431 = CARTESIAN_POINT ( 'NONE',  ( 5.334913704759041600, -3.999913704759036300, -1.029167737981878000 ) ) ;
#10432 = EDGE_CURVE ( 'NONE', #8776, #163, #3901, .T. ) ;
#10433 = CARTESIAN_POINT ( 'NONE',  ( -5.100000000000002300, -1.870000000000000600, -1.175000000000000500 ) ) ;
#10434 = ORIENTED_EDGE ( 'NONE', *, *, #5158, .T. ) ;
#10435 = LINE ( 'NONE', #1006, #9592 ) ;
#10436 =( GEOMETRIC_REPRESENTATION_CONTEXT ( 3 ) GLOBAL_UNCERTAINTY_ASSIGNED_CONTEXT ( ( #7257 ) ) GLOBAL_UNIT_ASSIGNED_CONTEXT ( ( #5134, #11379, #6025 ) ) REPRESENTATION_CONTEXT ( 'NONE', 'WORKASPACE' ) );
#10437 = VECTOR ( 'NONE', #4176, 1000.000000000000000 ) ;
#10438 = SURFACE_STYLE_FILL_AREA ( #552 ) ;
#10439 = STYLED_ITEM ( 'NONE', ( #3199 ), #1367 ) ;
#10440 = CARTESIAN_POINT ( 'NONE',  ( -3.350000000000003200, -3.815000000000000400, -1.175000000000000700 ) ) ;
#10441 = CARTESIAN_POINT ( 'NONE',  ( 3.350000000000003600, -1.870000000000001000, -3.650000000000001200 ) ) ;
#10442 = ORIENTED_EDGE ( 'NONE', *, *, #5102, .F. ) ;
#10443 = FILL_AREA_STYLE_COLOUR ( '', #9058 ) ;
#10444 = FACE_OUTER_BOUND ( 'NONE', #10410, .T. ) ;
#10445 = MECHANICAL_DESIGN_GEOMETRIC_PRESENTATION_REPRESENTATION (  '', ( #10505 ), #10382 ) ;
#10446 = ORIENTED_EDGE ( 'NONE', *, *, #459, .T. ) ;
#10447 = ORIENTED_EDGE ( 'NONE', *, *, #1485, .T. ) ;
#10448 = EDGE_CURVE ( 'NONE', #7071, #9198, #8296, .T. ) ;
#10449 = MECHANICAL_DESIGN_GEOMETRIC_PRESENTATION_REPRESENTATION (  '', ( #11024 ), #8958 ) ;
#10450 = ORIENTED_EDGE ( 'NONE', *, *, #5299, .T. ) ;
#10451 = VECTOR ( 'NONE', #8493, 1000.000000000000000 ) ;
#10452 = DIRECTION ( 'NONE',  ( -2.409338161078900700E-017, 1.836974471256882300E-032, -1.000000000000000000 ) ) ;
#10453 = PLANE ( 'NONE',  #10238 ) ;
#10454 = COLOUR_RGB ( '',1.000000000000000000, 1.000000000000000000, 1.000000000000000000 ) ;
#10455 = CARTESIAN_POINT ( 'NONE',  ( -4.725000000000002300, -3.815000000000000800, 1.174999999999999600 ) ) ;
#10456 = ORIENTED_EDGE ( 'NONE', *, *, #10243, .T. ) ;
#10457 = VERTEX_POINT ( 'NONE', #9801 ) ;
#10458 = ADVANCED_FACE ( 'NONE', ( #1231 ), #7177, .T. ) ;
#10459 = PRESENTATION_LAYER_ASSIGNMENT (  '', '', ( #10505 ) ) ;
#10460 = AXIS2_PLACEMENT_3D ( 'NONE', #3579, #6689, #3183 ) ;
#10462 = STYLED_ITEM ( 'NONE', ( #7890 ), #3729 ) ;
#10461 = AXIS2_PLACEMENT_3D ( 'NONE', #3710, #9922, #4591 ) ;
#10463 = DIRECTION ( 'NONE',  ( -2.209081482755457800E-016, -1.426581805901979600E-016, 1.000000000000000000 ) ) ;
#10464 = CARTESIAN_POINT ( 'NONE',  ( 5.120000000000002800, -0.2300000000000015400, 3.850000000000000500 ) ) ;
#10465 = EDGE_CURVE ( 'NONE', #2066, #2417, #2792, .T. ) ;
#10466 = EDGE_CURVE ( 'NONE', #1434, #5274, #9581, .T. ) ;
#10467 = LINE ( 'NONE', #531, #1288 ) ;
#10468 = CARTESIAN_POINT ( 'NONE',  ( -5.350000000000001400, -0.2000000000000008700, -1.125000000000000400 ) ) ;
#10469 = FILL_AREA_STYLE ('',( #8694 ) ) ;
#10470 = EDGE_LOOP ( 'NONE', ( #2556, #8568 ) ) ;
#10471 = ORIENTED_EDGE ( 'NONE', *, *, #2512, .F. ) ;
#10472 = DIRECTION ( 'NONE',  ( -1.000000000000000000, 4.755272686339941200E-017, -4.095874873834128400E-016 ) ) ;
#10473 = MECHANICAL_DESIGN_GEOMETRIC_PRESENTATION_REPRESENTATION (  '', ( #11067 ), #9882 ) ;
#10474 = PLANE ( 'NONE',  #1488 ) ;
#10475 = CARTESIAN_POINT ( 'NONE',  ( 5.100000000000004100, -3.390000000000000100, -1.175000000000000300 ) ) ;
#10476 = CARTESIAN_POINT ( 'NONE',  ( 0.0000000000000000000, 0.0000000000000000000, 0.0000000000000000000 ) ) ;
#10477 = ORIENTED_EDGE ( 'NONE', *, *, #11492, .F. ) ;
#10478 = DIRECTION ( 'NONE',  ( 0.0000000000000000000, 0.0000000000000000000, -1.000000000000000000 ) ) ;
#10479 = EDGE_CURVE ( 'NONE', #10812, #2989, #1528, .T. ) ;
#10480 = ORIENTED_EDGE ( 'NONE', *, *, #9492, .F. ) ;
#10481 = PRESENTATION_STYLE_ASSIGNMENT (( #5600 ) ) ;
#10482 = SURFACE_STYLE_USAGE ( .BOTH. , #10097 ) ;
#10483 = VERTEX_POINT ( 'NONE', #6267 ) ;
#10484 = CARTESIAN_POINT ( 'NONE',  ( 4.850000000000002300, -1.870000000000001000, 1.125000000000000000 ) ) ;
#10485 = SURFACE_STYLE_USAGE ( .BOTH. , #4278 ) ;
#10486 = CARTESIAN_POINT ( 'NONE',  ( -5.275000000000003000, -3.539999999999996500, -0.7500000000000121000 ) ) ;
#10487 = ORIENTED_EDGE ( 'NONE', *, *, #7213, .T. ) ;
#10488 = SURFACE_SIDE_STYLE ('',( #5769 ) ) ;
#10489 = DIRECTION ( 'NONE',  ( -1.426581805901979900E-016, 1.000000000000000000, 2.725027521453481900E-016 ) ) ;
#10490 = EDGE_CURVE ( 'NONE', #4242, #3426, #9296, .T. ) ;
#10491 = STYLED_ITEM ( 'NONE', ( #900 ), #8502 ) ;
#10492 = CARTESIAN_POINT ( 'NONE',  ( -5.050000000000003400, -3.665000000000000900, 3.899999999999999900 ) ) ;
#10493 =( NAMED_UNIT ( * ) SI_UNIT ( $, .STERADIAN. ) SOLID_ANGLE_UNIT ( ) );
#10494 = ORIENTED_EDGE ( 'NONE', *, *, #107, .T. ) ;
#10495 =( GEOMETRIC_REPRESENTATION_CONTEXT ( 3 ) GLOBAL_UNCERTAINTY_ASSIGNED_CONTEXT ( ( #10950 ) ) GLOBAL_UNIT_ASSIGNED_CONTEXT ( ( #10839, #10802, #10059 ) ) REPRESENTATION_CONTEXT ( 'NONE', 'WORKASPACE' ) );
#10496 = FACE_OUTER_BOUND ( 'NONE', #9290, .T. ) ;
#10497 = DIRECTION ( 'NONE',  ( -1.000000000000000000, 1.426581805901979900E-016, -1.927470528863118800E-016 ) ) ;
#10498 = FILL_AREA_STYLE ('',( #296 ) ) ;
#10499 = ORIENTED_EDGE ( 'NONE', *, *, #8164, .T. ) ;
#10500 = AXIS2_PLACEMENT_3D ( 'NONE', #2236, #2111, #2033 ) ;
#10501 = COLOUR_RGB ( '',0.5019607843137254800, 0.5019607843137254800, 0.5019607843137254800 ) ;
#10502 = FILL_AREA_STYLE_COLOUR ( '', #4657 ) ;
#10503 = CIRCLE ( 'NONE', #3191, 0.7999999999999999300 ) ;
#10504 = DIRECTION ( 'NONE',  ( -0.0000000000000000000, 1.000000000000000000, -0.0000000000000000000 ) ) ;
#10505 = STYLED_ITEM ( 'NONE', ( #8747 ), #4281 ) ;
#10506 = ORIENTED_EDGE ( 'NONE', *, *, #9819, .F. ) ;
#10507 = FACE_OUTER_BOUND ( 'NONE', #1264, .T. ) ;
#10508 = DIRECTION ( 'NONE',  ( 2.209081482755457800E-016, 1.426581805901979600E-016, -1.000000000000000000 ) ) ;
#10509 = DIRECTION ( 'NONE',  ( -3.526005099788157400E-016, 1.000000000000000000, 5.814184788688304800E-032 ) ) ;
#10510 = DIRECTION ( 'NONE',  ( 0.0000000000000000000, 0.0000000000000000000, 1.000000000000000000 ) ) ;
#10511 = ORIENTED_EDGE ( 'NONE', *, *, #2566, .T. ) ;
#10512 =( GEOMETRIC_REPRESENTATION_CONTEXT ( 3 ) GLOBAL_UNCERTAINTY_ASSIGNED_CONTEXT ( ( #6462 ) ) GLOBAL_UNIT_ASSIGNED_CONTEXT ( ( #7139, #1876, #8038 ) ) REPRESENTATION_CONTEXT ( 'NONE', 'WORKASPACE' ) );
#10513 = ADVANCED_FACE ( 'NONE', ( #4562 ), #50, .T. ) ;
#10514 = VECTOR ( 'NONE', #11537, 1000.000000000000000 ) ;
#10515 = EDGE_LOOP ( 'NONE', ( #8125, #4784, #6895, #9918 ) ) ;
#10516 = PRESENTATION_LAYER_ASSIGNMENT (  '', '', ( #11024 ) ) ;
#10517 = CARTESIAN_POINT ( 'NONE',  ( 4.690000000000003100, -0.2000000000000013700, 3.100000000000001000 ) ) ;
#10518 = DIRECTION ( 'NONE',  ( 1.079575420682579900E-017, 1.000000000000000000, 1.426581805901979900E-016 ) ) ;
#10519 = DIRECTION ( 'NONE',  ( 1.000000000000000000, 6.776263578034399000E-017, 1.084202172485503800E-015 ) ) ;
#10520 = DIRECTION ( 'NONE',  ( -0.0000000000000000000, -1.000000000000000000, -2.853163611803958800E-016 ) ) ;
#10521 = EDGE_LOOP ( 'NONE', ( #882, #4480, #3185, #9279 ) ) ;
#10522 = UNCERTAINTY_MEASURE_WITH_UNIT (LENGTH_MEASURE( 1.000000000000000100E-005 ), #2688, 'distance_accuracy_value', 'NONE');
#10523 = ORIENTED_EDGE ( 'NONE', *, *, #2835, .F. ) ;
#10524 =( NAMED_UNIT ( * ) PLANE_ANGLE_UNIT ( ) SI_UNIT ( $, .RADIAN. ) );
#10525 = AXIS2_PLACEMENT_3D ( 'NONE', #10921, #10905, #10791 ) ;
#10526 =( GEOMETRIC_REPRESENTATION_CONTEXT ( 3 ) GLOBAL_UNCERTAINTY_ASSIGNED_CONTEXT ( ( #10255 ) ) GLOBAL_UNIT_ASSIGNED_CONTEXT ( ( #2563, #2606, #2266 ) ) REPRESENTATION_CONTEXT ( 'NONE', 'WORKASPACE' ) );
#10527 = MECHANICAL_DESIGN_GEOMETRIC_PRESENTATION_REPRESENTATION (  '', ( #6922 ), #9343 ) ;
#10529 = AXIS2_PLACEMENT_3D ( 'NONE', #5332, #5303, #5071 ) ;
#10528 = STYLED_ITEM ( 'NONE', ( #7621 ), #10139 ) ;
#10530 = DIRECTION ( 'NONE',  ( -1.000000000000000000, 3.348823158252935900E-015, -2.014244061477902700E-016 ) ) ;
#10531 = EDGE_CURVE ( 'NONE', #4739, #9202, #6060, .T. ) ;
#10532 = EDGE_CURVE ( 'NONE', #9703, #5773, #8427, .T. ) ;
#10534 = DIRECTION ( 'NONE',  ( -1.000000000000000000, 0.0000000000000000000, 8.260587980841940000E-017 ) ) ;
#10533 =( NAMED_UNIT ( * ) SI_UNIT ( $, .STERADIAN. ) SOLID_ANGLE_UNIT ( ) );
#10535 = ORIENTED_EDGE ( 'NONE', *, *, #6108, .F. ) ;
#10536 = FILL_AREA_STYLE ('',( #4478 ) ) ;
#10537 = VECTOR ( 'NONE', #4551, 1000.000000000000000 ) ;
#10538 = UNCERTAINTY_MEASURE_WITH_UNIT (LENGTH_MEASURE( 1.000000000000000100E-005 ), #123, 'distance_accuracy_value', 'NONE');
#10539 = DIRECTION ( 'NONE',  ( 0.0000000000000000000, 6.829619984160659000E-016, -1.000000000000000000 ) ) ;
#10540 =( NAMED_UNIT ( * ) PLANE_ANGLE_UNIT ( ) SI_UNIT ( $, .RADIAN. ) );
#10541 = ORIENTED_EDGE ( 'NONE', *, *, #1102, .F. ) ;
#10542 = CARTESIAN_POINT ( 'NONE',  ( -5.150000000000002100, -0.2000000000000009300, 1.125000000000000000 ) ) ;
#10543 = CYLINDRICAL_SURFACE ( 'NONE', #2035, 0.05000000000000002400 ) ;
#10544 = ORIENTED_EDGE ( 'NONE', *, *, #8936, .T. ) ;
#10545 =( LENGTH_UNIT ( ) NAMED_UNIT ( * ) SI_UNIT ( .MILLI., .METRE. ) );
#10546 = LINE ( 'NONE', #9271, #8148 ) ;
#10547 = CARTESIAN_POINT ( 'NONE',  ( 3.350000000000002300, -4.015000000000001500, 3.849999999999999600 ) ) ;
#10548 = DIRECTION ( 'NONE',  ( -2.465190328815661900E-032, -1.426581805901979400E-016, 1.000000000000000000 ) ) ;
#10549 = PRESENTATION_LAYER_ASSIGNMENT (  '', '', ( #9371 ) ) ;
#10550 = AXIS2_PLACEMENT_3D ( 'NONE', #5518, #4646, #9119 ) ;
#10551 = FACE_OUTER_BOUND ( 'NONE', #5107, .T. ) ;
#10552 = FILL_AREA_STYLE_COLOUR ( '', #363 ) ;
#10553 = AXIS2_PLACEMENT_3D ( 'NONE', #1760, #6957, #3699 ) ;
#10554 = PRODUCT_CONTEXT ( 'NONE', #9658, 'mechanical' ) ;
#10555 = SURFACE_STYLE_FILL_AREA ( #10899 ) ;
#10556 = PRESENTATION_STYLE_ASSIGNMENT (( #11530 ) ) ;
#10557 = CARTESIAN_POINT ( 'NONE',  ( 5.350000000000003200, -3.390000000000000100, -0.9250000000000004900 ) ) ;
#10558 =( NAMED_UNIT ( * ) PLANE_ANGLE_UNIT ( ) SI_UNIT ( $, .RADIAN. ) );
#10559 = FACE_OUTER_BOUND ( 'NONE', #3869, .T. ) ;
#10560 = ORIENTED_EDGE ( 'NONE', *, *, #10181, .T. ) ;
#10561 = UNCERTAINTY_MEASURE_WITH_UNIT (LENGTH_MEASURE( 1.000000000000000100E-005 ), #2026, 'distance_accuracy_value', 'NONE');
#10562 = EDGE_CURVE ( 'NONE', #7778, #831, #3748, .T. ) ;
#10563 = MECHANICAL_DESIGN_GEOMETRIC_PRESENTATION_REPRESENTATION (  '', ( #8753 ), #11164 ) ;
#10564 =( NAMED_UNIT ( * ) SI_UNIT ( $, .STERADIAN. ) SOLID_ANGLE_UNIT ( ) );
#10565 = FACE_OUTER_BOUND ( 'NONE', #7237, .T. ) ;
#10566 = CARTESIAN_POINT ( 'NONE',  ( -5.150000000000002100, -3.390000000000000600, -1.175000000000000900 ) ) ;
#10567 = DIRECTION ( 'NONE',  ( 1.000000000000000000, -1.426581805901979600E-016, 3.504491870660224700E-017 ) ) ;
#10568 = DIRECTION ( 'NONE',  ( -1.426581805901979600E-016, 1.000000000000000000, 1.426581805901979400E-016 ) ) ;
#10569 = DIRECTION ( 'NONE',  ( -1.000000000000000000, -4.580624489496172500E-016, -3.504491870660232100E-017 ) ) ;
#10570 = ADVANCED_FACE ( 'NONE', ( #10551 ), #2659, .F. ) ;
#10571 = ORIENTED_EDGE ( 'NONE', *, *, #8608, .T. ) ;
#10572 = SURFACE_STYLE_FILL_AREA ( #5314 ) ;
#10573 = LINE ( 'NONE', #11323, #1106 ) ;
#10574 = DIRECTION ( 'NONE',  ( 1.000000000000000000, 9.827563551769193000E-017, 1.927470528863119000E-016 ) ) ;
#10575 =( LENGTH_UNIT ( ) NAMED_UNIT ( * ) SI_UNIT ( .MILLI., .METRE. ) );
#10576 = PRESENTATION_LAYER_ASSIGNMENT (  '', '', ( #10462 ) ) ;
#10577 = LINE ( 'NONE', #2848, #3236 ) ;
#10578 = CARTESIAN_POINT ( 'NONE',  ( -5.350000000000002300, -1.870000000000001400, 3.650000000000000400 ) ) ;
#10579 = COLOUR_RGB ( '',0.5019607843137254800, 0.5019607843137254800, 0.5019607843137254800 ) ;
#10580 = LINE ( 'NONE', #10206, #3507 ) ;
#10581 = CARTESIAN_POINT ( 'NONE',  ( 4.390000000000004100, -0.2000000000000005100, -3.100000000000001000 ) ) ;
#10582 = VERTEX_POINT ( 'NONE', #10882 ) ;
#10583 = SURFACE_SIDE_STYLE ('',( #11384 ) ) ;
#10584 =( NAMED_UNIT ( * ) SI_UNIT ( $, .STERADIAN. ) SOLID_ANGLE_UNIT ( ) );
#10585 = VERTEX_POINT ( 'NONE', #5529 ) ;
#10586 = STYLED_ITEM ( 'NONE', ( #7549 ), #9192 ) ;
#10587 = CARTESIAN_POINT ( 'NONE',  ( 0.0000000000000000000, 0.0000000000000000000, 0.0000000000000000000 ) ) ;
#10588 = ORIENTED_EDGE ( 'NONE', *, *, #9840, .F. ) ;
#10589 = CARTESIAN_POINT ( 'NONE',  ( -5.170000000000001700, -7.503820299044412400E-016, -1.938093635819209900E-016 ) ) ;
#10590 = LINE ( 'NONE', #8706, #10328 ) ;
#10591 = SURFACE_STYLE_FILL_AREA ( #138 ) ;
#10592 =( BOUNDED_CURVE ( )  B_SPLINE_CURVE ( 3, ( #2954, #8220, #3832, #10047 ),
 .UNSPECIFIED., .F., .T. ) 
 B_SPLINE_CURVE_WITH_KNOTS ( ( 4, 4 ),
 ( 4.712388980384689700, 6.283185307179586200 ),
 .UNSPECIFIED. ) 
 CURVE ( )  GEOMETRIC_REPRESENTATION_ITEM ( )  RATIONAL_B_SPLINE_CURVE ( ( 1.000000000000000000, 0.8047378541243649400, 0.8047378541243649400, 1.000000000000000000 ) ) 
 REPRESENTATION_ITEM ( '' )  );
#10593 = CARTESIAN_POINT ( 'NONE',  ( 5.050000000000003400, -3.865000000000000200, -2.625000000000000000 ) ) ;
#10594 = ORIENTED_EDGE ( 'NONE', *, *, #811, .F. ) ;
#10595 = VERTEX_POINT ( 'NONE', #10003 ) ;
#10596 = DIRECTION ( 'NONE',  ( -3.526005099788157400E-016, -1.000000000000000000, -1.426581805901980400E-016 ) ) ;
#10597 = DIRECTION ( 'NONE',  ( 0.0000000000000000000, 0.0000000000000000000, -1.000000000000000000 ) ) ;
#10598 = ORIENTED_EDGE ( 'NONE', *, *, #3411, .F. ) ;
#10599 = SURFACE_STYLE_USAGE ( .BOTH. , #8677 ) ;
#10600 = AXIS2_PLACEMENT_3D ( 'NONE', #10419, #10355, #10281 ) ;
#10601 = CARTESIAN_POINT ( 'NONE',  ( -5.100000000000002300, -1.870000000000000600, -0.9250000000000001600 ) ) ;
#10602 = STYLED_ITEM ( 'NONE', ( #7195 ), #9891 ) ;
#10603 = CARTESIAN_POINT ( 'NONE',  ( -3.355000000000002200, -3.964999999999996300, 0.7499999999999870100 ) ) ;
#10604 = CYLINDRICAL_SURFACE ( 'NONE', #6618, 0.1799999999999996000 ) ;
#10605 = SURFACE_STYLE_FILL_AREA ( #9069 ) ;
#10606 = ORIENTED_EDGE ( 'NONE', *, *, #3454, .T. ) ;
#10607 = EDGE_CURVE ( 'NONE', #9838, #9368, #10909, .T. ) ;
#10608 = ORIENTED_EDGE ( 'NONE', *, *, #760, .T. ) ;
#10609 = VERTEX_POINT ( 'NONE', #9057 ) ;
#10610 = UNCERTAINTY_MEASURE_WITH_UNIT (LENGTH_MEASURE( 1.000000000000000100E-005 ), #8948, 'distance_accuracy_value', 'NONE');
#10611 = DIRECTION ( 'NONE',  ( 2.379972492887966100E-016, -0.6887494619146930000, -0.7249994335944138800 ) ) ;
#10612 =( NAMED_UNIT ( * ) PLANE_ANGLE_UNIT ( ) SI_UNIT ( $, .RADIAN. ) );
#10613 = ORIENTED_EDGE ( 'NONE', *, *, #8738, .T. ) ;
#10614 = CARTESIAN_POINT ( 'NONE',  ( -5.150000000000003000, -0.4250000000000009300, 0.7499999999999984500 ) ) ;
#10615 = FILL_AREA_STYLE ('',( #7897 ) ) ;
#10616 = DIRECTION ( 'NONE',  ( -0.0000000000000000000, -0.0000000000000000000, 1.000000000000000000 ) ) ;
#10617 = COLOUR_RGB ( '',0.5019607843137254800, 0.5019607843137254800, 0.5019607843137254800 ) ;
#10618 = AXIS2_PLACEMENT_3D ( 'NONE', #2789, #2678, #2649 ) ;
#10619 = AXIS2_PLACEMENT_3D ( 'NONE', #10416, #5057, #11301 ) ;
#10620 = CARTESIAN_POINT ( 'NONE',  ( 4.975000000000003200, -3.539999999999998700, -1.479060086872150600 ) ) ;
#10621 = DIRECTION ( 'NONE',  ( 1.000000000000000000, 3.657902066415252100E-018, 1.927470528863119000E-016 ) ) ;
#10622 =( NAMED_UNIT ( * ) PLANE_ANGLE_UNIT ( ) SI_UNIT ( $, .RADIAN. ) );
#10623 = EDGE_CURVE ( 'NONE', #2955, #4169, #4954, .T. ) ;
#10624 =( NAMED_UNIT ( * ) PLANE_ANGLE_UNIT ( ) SI_UNIT ( $, .RADIAN. ) );
#10625 = CARTESIAN_POINT ( 'NONE',  ( 4.725000000000003200, -3.764999999999999700, -0.8750000000000008900 ) ) ;
#10626 = CARTESIAN_POINT ( 'NONE',  ( 3.350000000000002300, -4.015000000000001500, 3.650000000000000800 ) ) ;
#10627 = PLANE ( 'NONE',  #11090 ) ;
#10628 = VERTEX_POINT ( 'NONE', #9167 ) ;
#10629 = DIRECTION ( 'NONE',  ( -2.209081482755457800E-016, -1.426581805901979600E-016, 1.000000000000000000 ) ) ;
#10630 = DIRECTION ( 'NONE',  ( 0.0000000000000000000, 0.0000000000000000000, -1.000000000000000000 ) ) ;
#10631 = VERTEX_POINT ( 'NONE', #8246 ) ;
#10632 = MANIFOLD_SOLID_BREP ( 'Eコア_□10_2R5-1-solid1', #8901 ) ;
#10633 =( LENGTH_UNIT ( ) NAMED_UNIT ( * ) SI_UNIT ( .MILLI., .METRE. ) );
#10634 = EDGE_CURVE ( 'NONE', #9936, #3945, #9706, .T. ) ;
#10635 = VERTEX_POINT ( 'NONE', #3036 ) ;
#10636 = MECHANICAL_DESIGN_GEOMETRIC_PRESENTATION_REPRESENTATION (  '', ( #9284 ), #11217 ) ;
#10637 = DIRECTION ( 'NONE',  ( 1.426581805901979900E-016, 1.000000000000000000, 1.281360903504773400E-017 ) ) ;
#10638 = LINE ( 'NONE', #8474, #10371 ) ;
#10639 = COLOUR_RGB ( '',0.9098039215686274400, 0.4431372549019607600, 0.03137254901960784300 ) ;
#10640 =( NAMED_UNIT ( * ) PLANE_ANGLE_UNIT ( ) SI_UNIT ( $, .RADIAN. ) );
#10641 = FACE_OUTER_BOUND ( 'NONE', #4162, .T. ) ;
#10642 = LINE ( 'NONE', #10455, #5889 ) ;
#10643 = VECTOR ( 'NONE', #7169, 1000.000000000000000 ) ;
#10644 = DIRECTION ( 'NONE',  ( -3.526005099788156900E-016, -1.000000000000000000, -1.426581805901980400E-016 ) ) ;
#10645 = DIRECTION ( 'NONE',  ( 1.000000000000000000, 1.426581805901979400E-016, 1.927470528863119300E-016 ) ) ;
#10646 = ORIENTED_EDGE ( 'NONE', *, *, #2712, .T. ) ;
#10647 = PRESENTATION_STYLE_ASSIGNMENT (( #8952 ) ) ;
#10648 = LINE ( 'NONE', #4630, #8253 ) ;
#10649 = ORIENTED_EDGE ( 'NONE', *, *, #3028, .T. ) ;
#10650 =( GEOMETRIC_REPRESENTATION_CONTEXT ( 3 ) GLOBAL_UNCERTAINTY_ASSIGNED_CONTEXT ( ( #10766 ) ) GLOBAL_UNIT_ASSIGNED_CONTEXT ( ( #456, #6664, #1365 ) ) REPRESENTATION_CONTEXT ( 'NONE', 'WORKASPACE' ) );
#10651 = CYLINDRICAL_SURFACE ( 'NONE', #7142, 0.1999999999999999800 ) ;
#10652 = DIRECTION ( 'NONE',  ( 0.0000000000000000000, 0.0000000000000000000, -1.000000000000000000 ) ) ;
#10653 = SURFACE_STYLE_USAGE ( .BOTH. , #10758 ) ;
#10654 = SURFACE_STYLE_FILL_AREA ( #468 ) ;
#10655 = DIRECTION ( 'NONE',  ( 0.0000000000000000000, -1.000000000000000000, 0.0000000000000000000 ) ) ;
#10656 = LINE ( 'NONE', #4702, #8259 ) ;
#10657 =( GEOMETRIC_REPRESENTATION_CONTEXT ( 3 ) GLOBAL_UNCERTAINTY_ASSIGNED_CONTEXT ( ( #8902 ) ) GLOBAL_UNIT_ASSIGNED_CONTEXT ( ( #3810, #4387, #4508 ) ) REPRESENTATION_CONTEXT ( 'NONE', 'WORKASPACE' ) );
#10658 = FILL_AREA_STYLE ('',( #2685 ) ) ;
#10659 = ORIENTED_EDGE ( 'NONE', *, *, #3847, .T. ) ;
#10660 = SURFACE_STYLE_USAGE ( .BOTH. , #10919 ) ;
#10661 = DIRECTION ( 'NONE',  ( -1.927470528863119000E-016, -1.426581805901979900E-016, 1.000000000000000000 ) ) ;
#10662 = ORIENTED_EDGE ( 'NONE', *, *, #247, .T. ) ;
#10663 = FILL_AREA_STYLE ('',( #8026 ) ) ;
#10664 = VECTOR ( 'NONE', #11449, 1000.000000000000000 ) ;
#10665 = DIRECTION ( 'NONE',  ( 1.000000000000000000, -1.426581805901979900E-016, 1.927470528863118800E-016 ) ) ;
#10666 = CIRCLE ( 'NONE', #4890, 0.8000000000000003800 ) ;
#10667 = MECHANICAL_DESIGN_GEOMETRIC_PRESENTATION_REPRESENTATION (  '', ( #11039 ), #10657 ) ;
#10668 = CARTESIAN_POINT ( 'NONE',  ( 5.350000000000003200, -0.2000000000000008700, -1.125000000000000000 ) ) ;
#10669 = SURFACE_SIDE_STYLE ('',( #8989 ) ) ;
#10670 = FILL_AREA_STYLE_COLOUR ( '', #7565 ) ;
#10671 = EDGE_LOOP ( 'NONE', ( #5266, #6280, #4708, #10104 ) ) ;
#10672 = CARTESIAN_POINT ( 'NONE',  ( -5.144719580289782700, -0.2130016956640661500, -2.348279974211458400 ) ) ;
#10673 = LINE ( 'NONE', #10037, #8280 ) ;
#10674 = SURFACE_STYLE_FILL_AREA ( #10402 ) ;
#10675 = DIRECTION ( 'NONE',  ( -1.000000000000000000, 1.426581805901978400E-016, 0.0000000000000000000 ) ) ;
#10676 =( GEOMETRIC_REPRESENTATION_CONTEXT ( 3 ) GLOBAL_UNCERTAINTY_ASSIGNED_CONTEXT ( ( #2321 ) ) GLOBAL_UNIT_ASSIGNED_CONTEXT ( ( #11303, #11219, #10960 ) ) REPRESENTATION_CONTEXT ( 'NONE', 'WORKASPACE' ) );
#10677 = AXIS2_PLACEMENT_3D ( 'NONE', #10484, #10452, #10353 ) ;
#10679 = MECHANICAL_DESIGN_GEOMETRIC_PRESENTATION_REPRESENTATION (  '', ( #10462 ), #11029 ) ;
#10678 =( GEOMETRIC_REPRESENTATION_CONTEXT ( 3 ) GLOBAL_UNCERTAINTY_ASSIGNED_CONTEXT ( ( #4420 ) ) GLOBAL_UNIT_ASSIGNED_CONTEXT ( ( #4393, #10624, #5263 ) ) REPRESENTATION_CONTEXT ( 'NONE', 'WORKASPACE' ) );
#10680 = CARTESIAN_POINT ( 'NONE',  ( 4.975000000000002300, -3.839999999999999400, 0.7500000000000018900 ) ) ;
#10681 = DIRECTION ( 'NONE',  ( -1.426581805901979600E-016, -1.000000000000000000, -1.426581805901979900E-016 ) ) ;
#10682 = EDGE_CURVE ( 'NONE', #4631, #8775, #4860, .T. ) ;
#10683 =( LENGTH_UNIT ( ) NAMED_UNIT ( * ) SI_UNIT ( .MILLI., .METRE. ) );
#10684 = DIRECTION ( 'NONE',  ( 9.827563551769195500E-017, -1.000000000000000000, -1.426581805901979900E-016 ) ) ;
#10685 = CARTESIAN_POINT ( 'NONE',  ( 5.150000000000003000, -1.870000000000000800, 0.9249999999999997100 ) ) ;
#10686 = LINE ( 'NONE', #4969, #3903 ) ;
#10687 = SURFACE_SIDE_STYLE ('',( #10414 ) ) ;
#10688 = ORIENTED_EDGE ( 'NONE', *, *, #1680, .F. ) ;
#10689 = VECTOR ( 'NONE', #4375, 1000.000000000000000 ) ;
#10690 =( GEOMETRIC_REPRESENTATION_CONTEXT ( 3 ) GLOBAL_UNCERTAINTY_ASSIGNED_CONTEXT ( ( #6212 ) ) GLOBAL_UNIT_ASSIGNED_CONTEXT ( ( #3885, #3840, #3824 ) ) REPRESENTATION_CONTEXT ( 'NONE', 'WORKASPACE' ) );
#10691 = SURFACE_SIDE_STYLE ('',( #3317 ) ) ;
#10692 = AXIS2_PLACEMENT_3D ( 'NONE', #7330, #8340, #5503 ) ;
#10693 = AXIS2_PLACEMENT_3D ( 'NONE', #7771, #3427, #9616 ) ;
#10694 = SURFACE_STYLE_FILL_AREA ( #306 ) ;
#10695 = DIRECTION ( 'NONE',  ( 7.553600721220332200E-017, 2.140309255009064700E-017, -1.000000000000000000 ) ) ;
#10696 = ADVANCED_FACE ( 'NONE', ( #7209 ), #6095, .T. ) ;
#10697 = EDGE_CURVE ( 'NONE', #11157, #8913, #4056, .T. ) ;
#10698 = CARTESIAN_POINT ( 'NONE',  ( -4.725000000000002300, -3.764999999999999700, 0.8749999999999997800 ) ) ;
#10699 = ORIENTED_EDGE ( 'NONE', *, *, #4986, .F. ) ;
#10700 = LINE ( 'NONE', #1669, #3917 ) ;
#10701 = CARTESIAN_POINT ( 'NONE',  ( 3.355000000000001300, -3.964999999999994500, 0.7500000000000015500 ) ) ;
#10702 =( NAMED_UNIT ( * ) PLANE_ANGLE_UNIT ( ) SI_UNIT ( $, .RADIAN. ) );
#10703 = COLOUR_RGB ( '',0.7921568627450980000, 0.8196078431372548800, 0.9333333333333333500 ) ;
#10704 = PRESENTATION_STYLE_ASSIGNMENT (( #5006 ) ) ;
#10705 = PRESENTATION_STYLE_ASSIGNMENT (( #529 ) ) ;
#10706 = CARTESIAN_POINT ( 'NONE',  ( 4.975000000000001400, -0.1249999999999981800, -0.7499999999999980000 ) ) ;
#10707 = ORIENTED_EDGE ( 'NONE', *, *, #10465, .T. ) ;
#10708 =( NAMED_UNIT ( * ) PLANE_ANGLE_UNIT ( ) SI_UNIT ( $, .RADIAN. ) );
#10709 = EDGE_CURVE ( 'NONE', #7134, #6605, #1699, .T. ) ;
#10710 = DIRECTION ( 'NONE',  ( 1.426581805901975000E-016, 1.000000000000000000, 3.348823158252935900E-015 ) ) ;
#10711 = PRESENTATION_STYLE_ASSIGNMENT (( #559 ) ) ;
#10712 = VECTOR ( 'NONE', #3803, 1000.000000000000000 ) ;
#10713 = DIRECTION ( 'NONE',  ( 1.000000000000000000, 0.0000000000000000000, -0.0000000000000000000 ) ) ;
#10714 = LINE ( 'NONE', #11400, #6231 ) ;
#10715 = FILL_AREA_STYLE_COLOUR ( '', #8511 ) ;
#10716 = SURFACE_STYLE_USAGE ( .BOTH. , #9532 ) ;
#10717 = VERTEX_POINT ( 'NONE', #7480 ) ;
#10718 = EDGE_LOOP ( 'NONE', ( #7716, #7219, #4371, #8887, #6558 ) ) ;
#10719 = DIRECTION ( 'NONE',  ( -1.000000000000000000, -0.0000000000000000000, -0.0000000000000000000 ) ) ;
#10720 = EDGE_LOOP ( 'NONE', ( #813, #3462, #7727, #8606 ) ) ;
#10721 =( NAMED_UNIT ( * ) PLANE_ANGLE_UNIT ( ) SI_UNIT ( $, .RADIAN. ) );
#10722 = DIRECTION ( 'NONE',  ( 0.0000000000000000000, 0.0000000000000000000, -1.000000000000000000 ) ) ;
#10723 = CARTESIAN_POINT ( 'NONE',  ( -2.950000000000002800, -3.865000000000000200, 3.900000000000000400 ) ) ;
#10724 = CARTESIAN_POINT ( 'NONE',  ( 5.050000000000003400, -1.870000000000001000, 0.8749999999999995600 ) ) ;
#10725 = UNCERTAINTY_MEASURE_WITH_UNIT (LENGTH_MEASURE( 1.000000000000000100E-005 ), #982, 'distance_accuracy_value', 'NONE');
#10726 = ORIENTED_EDGE ( 'NONE', *, *, #10180, .F. ) ;
#10727 = AXIS2_PLACEMENT_3D ( 'NONE', #3429, #9619, #4299 ) ;
#10728 = CARTESIAN_POINT ( 'NONE',  ( 5.170000000000002600, -3.835000000000000900, 3.650000000000000800 ) ) ;
#10729 = AXIS2_PLACEMENT_3D ( 'NONE', #2442, #3272, #4778 ) ;
#10730 = FACE_OUTER_BOUND ( 'NONE', #7986, .T. ) ;
#10731 = FILL_AREA_STYLE ('',( #8444 ) ) ;
#10732 = PLANE ( 'NONE',  #2650 ) ;
#10733 = ORIENTED_EDGE ( 'NONE', *, *, #1451, .F. ) ;
#10734 = ORIENTED_EDGE ( 'NONE', *, *, #8751, .F. ) ;
#10735 = CARTESIAN_POINT ( 'NONE',  ( -3.355000000000002600, -3.714999999999999000, -0.7500000000000125500 ) ) ;
#10736 = DIRECTION ( 'NONE',  ( 1.000000000000000000, -1.426581805901979900E-016, 1.927470528863118800E-016 ) ) ;
#10737 = DIRECTION ( 'NONE',  ( -1.000000000000000000, 0.0000000000000000000, 8.673617379884035500E-017 ) ) ;
#10738 = MECHANICAL_DESIGN_GEOMETRIC_PRESENTATION_REPRESENTATION (  '', ( #10964 ), #10676 ) ;
#10740 = PRESENTATION_LAYER_ASSIGNMENT (  '', '', ( #9089 ) ) ;
#10739 = AXIS2_PLACEMENT_3D ( 'NONE', #7051, #1779, #7940 ) ;
#10741 = ORIENTED_EDGE ( 'NONE', *, *, #1612, .T. ) ;
#10742 = PRESENTATION_STYLE_ASSIGNMENT (( #1604 ) ) ;
#10743 = CARTESIAN_POINT ( 'NONE',  ( -5.120000000000001900, -0.2000000000000007000, -2.350000000000000500 ) ) ;
#10744 = FACE_OUTER_BOUND ( 'NONE', #5445, .T. ) ;
#10745 = EDGE_CURVE ( 'NONE', #9482, #3715, #8459, .T. ) ;
#10746 = EDGE_CURVE ( 'NONE', #5062, #6468, #10580, .T. ) ;
#10747 =( LENGTH_UNIT ( ) NAMED_UNIT ( * ) SI_UNIT ( .MILLI., .METRE. ) );
#10748 =( LENGTH_UNIT ( ) NAMED_UNIT ( * ) SI_UNIT ( .MILLI., .METRE. ) );
#10749 = ORIENTED_EDGE ( 'NONE', *, *, #8543, .F. ) ;
#10750 = ADVANCED_FACE ( 'NONE', ( #8190 ), #7067, .T. ) ;
#10751 =( NAMED_UNIT ( * ) PLANE_ANGLE_UNIT ( ) SI_UNIT ( $, .RADIAN. ) );
#10752 = DIRECTION ( 'NONE',  ( -1.000000000000000000, 1.426581805901979900E-016, -1.927470528863118800E-016 ) ) ;
#10753 = ORIENTED_EDGE ( 'NONE', *, *, #8961, .F. ) ;
#10754 = MECHANICAL_DESIGN_GEOMETRIC_PRESENTATION_REPRESENTATION (  '', ( #11137 ), #10690 ) ;
#10755 = STYLED_ITEM ( 'NONE', ( #8219 ), #7170 ) ;
#10756 = AXIS2_PLACEMENT_3D ( 'NONE', #9831, #4484, #10710 ) ;
#10757 = CARTESIAN_POINT ( 'NONE',  ( -3.350000000000003200, -3.814999999999999900, -3.850000000000001000 ) ) ;
#10758 = SURFACE_SIDE_STYLE ('',( #8307 ) ) ;
#10759 = ADVANCED_FACE ( 'NONE', ( #2682 ), #5782, .T. ) ;
#10760 = ORIENTED_EDGE ( 'NONE', *, *, #542, .T. ) ;
#10761 = EDGE_CURVE ( 'NONE', #3574, #7910, #8595, .T. ) ;
#10762 = DIRECTION ( 'NONE',  ( 9.637352644315596500E-017, 1.426581805901979900E-016, -1.000000000000000000 ) ) ;
#10763 = EDGE_CURVE ( 'NONE', #4967, #6043, #6219, .T. ) ;
#10764 = CIRCLE ( 'NONE', #9559, 0.05000000000000002400 ) ;
#10765 = ORIENTED_EDGE ( 'NONE', *, *, #762, .F. ) ;
#10766 = UNCERTAINTY_MEASURE_WITH_UNIT (LENGTH_MEASURE( 1.000000000000000100E-005 ), #456, 'distance_accuracy_value', 'NONE');
#10767 = CARTESIAN_POINT ( 'NONE',  ( -4.025000000000001200, -0.1250000000000041600, 0.7499999999999994400 ) ) ;
#10768 = UNCERTAINTY_MEASURE_WITH_UNIT (LENGTH_MEASURE( 1.000000000000000100E-005 ), #7459, 'distance_accuracy_value', 'NONE');
#10769 = DIRECTION ( 'NONE',  ( -6.736636305648237600E-017, -1.000000000000000000, -1.426581805901979900E-016 ) ) ;
#10770 = VECTOR ( 'NONE', #5218, 1000.000000000000000 ) ;
#10771 = FILL_AREA_STYLE ('',( #10552 ) ) ;
#10772 = FACE_OUTER_BOUND ( 'NONE', #5237, .T. ) ;
#10773 = ORIENTED_EDGE ( 'NONE', *, *, #9048, .T. ) ;
#10774 = FILL_AREA_STYLE ('',( #10836 ) ) ;
#10775 = DIRECTION ( 'NONE',  ( 0.0000000000000000000, -1.000000000000000000, 0.0000000000000000000 ) ) ;
#10776 = VECTOR ( 'NONE', #9562, 1000.000000000000000 ) ;
#10777 = PRESENTATION_STYLE_ASSIGNMENT (( #10599 ) ) ;
#10778 = ORIENTED_EDGE ( 'NONE', *, *, #6570, .F. ) ;
#10779 =( NAMED_UNIT ( * ) PLANE_ANGLE_UNIT ( ) SI_UNIT ( $, .RADIAN. ) );
#10780 = AXIS2_PLACEMENT_3D ( 'NONE', #10433, #9818, #3268 ) ;
#10781 = LINE ( 'NONE', #9438, #8393 ) ;
#10782 = CARTESIAN_POINT ( 'NONE',  ( 5.165992822668254500, -3.974928226682516600, 1.002085514207897300 ) ) ;
#10783 = CARTESIAN_POINT ( 'NONE',  ( 4.975000000000002300, -3.714999999999999400, 0.7500000000000018900 ) ) ;
#10784 = ORIENTED_EDGE ( 'NONE', *, *, #543, .F. ) ;
#10785 = VECTOR ( 'NONE', #10957, 1000.000000000000000 ) ;
#10786 = VERTEX_POINT ( 'NONE', #11150 ) ;
#10787 = DIRECTION ( 'NONE',  ( -1.000000000000000000, 0.0000000000000000000, 0.0000000000000000000 ) ) ;
#10788 = ORIENTED_EDGE ( 'NONE', *, *, #4079, .T. ) ;
#10789 = DIRECTION ( 'NONE',  ( 1.426581805901979900E-016, -1.000000000000000000, -2.725027521453481900E-016 ) ) ;
#10790 = CARTESIAN_POINT ( 'NONE',  ( -3.350000000000002300, -0.2000000000000011800, 0.9250000000000002700 ) ) ;
#10791 = DIRECTION ( 'NONE',  ( -1.426581805901975000E-016, -1.000000000000000000, -3.348823158252935900E-015 ) ) ;
#10792 = CARTESIAN_POINT ( 'NONE',  ( 2.950000000000002800, -3.665000000000000000, 2.629999999999999900 ) ) ;
#10793 = VECTOR ( 'NONE', #1380, 1000.000000000000000 ) ;
#10794 = SURFACE_STYLE_FILL_AREA ( #10925 ) ;
#10795 = VERTEX_POINT ( 'NONE', #4873 ) ;
#10796 =( NAMED_UNIT ( * ) PLANE_ANGLE_UNIT ( ) SI_UNIT ( $, .RADIAN. ) );
#10797 = EDGE_CURVE ( 'NONE', #1769, #10290, #8318, .T. ) ;
#10798 = DIRECTION ( 'NONE',  ( -1.000000000000000000, 0.0000000000000000000, 0.0000000000000000000 ) ) ;
#10799 = AXIS2_PLACEMENT_3D ( 'NONE', #3581, #9793, #4454 ) ;
#10800 = DIRECTION ( 'NONE',  ( 3.504491870660227800E-017, 1.426581805901979600E-016, -1.000000000000000000 ) ) ;
#10801 = ORIENTED_EDGE ( 'NONE', *, *, #7384, .T. ) ;
#10802 =( NAMED_UNIT ( * ) PLANE_ANGLE_UNIT ( ) SI_UNIT ( $, .RADIAN. ) );
#10803 = PRESENTATION_LAYER_ASSIGNMENT (  '', '', ( #11039 ) ) ;
#10804 = SURFACE_STYLE_FILL_AREA ( #7238 ) ;
#10805 =( LENGTH_UNIT ( ) NAMED_UNIT ( * ) SI_UNIT ( .MILLI., .METRE. ) );
#10806 = DIRECTION ( 'NONE',  ( 0.0000000000000000000, -1.000000000000000000, 0.0000000000000000000 ) ) ;
#10807 = DIRECTION ( 'NONE',  ( 0.0000000000000000000, 0.0000000000000000000, 1.000000000000000000 ) ) ;
#10808 = LINE ( 'NONE', #3849, #4020 ) ;
#10809 = SURFACE_STYLE_USAGE ( .BOTH. , #9033 ) ;
#10810 = ADVANCED_FACE ( 'NONE', ( #3925 ), #4946, .F. ) ;
#10811 = ORIENTED_EDGE ( 'NONE', *, *, #2025, .T. ) ;
#10812 = VERTEX_POINT ( 'NONE', #9420 ) ;
#10813 =( NAMED_UNIT ( * ) SI_UNIT ( $, .STERADIAN. ) SOLID_ANGLE_UNIT ( ) );
#10814 = DIRECTION ( 'NONE',  ( 2.014244061477911900E-016, 3.348823158252935100E-015, -1.000000000000000000 ) ) ;
#10815 = EDGE_CURVE ( 'NONE', #10822, #216, #9881, .T. ) ;
#10816 = PRESENTATION_LAYER_ASSIGNMENT (  '', '', ( #136 ) ) ;
#10817 = CARTESIAN_POINT ( 'NONE',  ( 5.050000000000003400, -3.665000000000000900, 3.899999999999999900 ) ) ;
#10818 = DIRECTION ( 'NONE',  ( 1.426581805901975000E-016, -1.000000000000000000, -2.140309255008997200E-017 ) ) ;
#10819 = CARTESIAN_POINT ( 'NONE',  ( -5.275000000000003000, -0.4250000000000009300, 0.7499999999999983300 ) ) ;
#10820 = SURFACE_STYLE_FILL_AREA ( #6378 ) ;
#10821 = ADVANCED_FACE ( 'NONE', ( #5112 ), #8735, .T. ) ;
#10822 = VERTEX_POINT ( 'NONE', #606 ) ;
#10823 = DIRECTION ( 'NONE',  ( 0.0000000000000000000, -1.000000000000000000, 0.0000000000000000000 ) ) ;
#10824 = ORIENTED_EDGE ( 'NONE', *, *, #9661, .T. ) ;
#10825 = AXIS2_PLACEMENT_3D ( 'NONE', #936, #1650, #2412 ) ;
#10826 = PRESENTATION_LAYER_ASSIGNMENT (  '', '', ( #11431 ) ) ;
#10827 = CARTESIAN_POINT ( 'NONE',  ( -4.725000000000002300, -3.815000000000000800, 1.124999999999999800 ) ) ;
#10828 = VECTOR ( 'NONE', #1802, 1000.000000000000000 ) ;
#10829 =( NAMED_UNIT ( * ) PLANE_ANGLE_UNIT ( ) SI_UNIT ( $, .RADIAN. ) );
#10830 = EDGE_CURVE ( 'NONE', #7515, #7682, #1978, .T. ) ;
#10831 =( NAMED_UNIT ( * ) SI_UNIT ( $, .STERADIAN. ) SOLID_ANGLE_UNIT ( ) );
#10832 = EDGE_CURVE ( 'NONE', #10148, #5186, #6650, .T. ) ;
#10833 = DIRECTION ( 'NONE',  ( -2.209081482755457800E-016, -1.426581805901979600E-016, 1.000000000000000000 ) ) ;
#10834 = ORIENTED_EDGE ( 'NONE', *, *, #4290, .T. ) ;
#10835 =( NAMED_UNIT ( * ) SI_UNIT ( $, .STERADIAN. ) SOLID_ANGLE_UNIT ( ) );
#10836 = FILL_AREA_STYLE_COLOUR ( '', #2525 ) ;
#10837 = FACE_OUTER_BOUND ( 'NONE', #5977, .T. ) ;
#10838 = LINE ( 'NONE', #5533, #1683 ) ;
#10839 =( LENGTH_UNIT ( ) NAMED_UNIT ( * ) SI_UNIT ( .MILLI., .METRE. ) );
#10840 = VECTOR ( 'NONE', #651, 1000.000000000000000 ) ;
#10841 = AXIS2_PLACEMENT_3D ( 'NONE', #5648, #6977, #11005 ) ;
#10842 = CARTESIAN_POINT ( 'NONE',  ( -5.120000000000002800, -3.785000000000000100, -3.650000000000001700 ) ) ;
#10843 = ORIENTED_EDGE ( 'NONE', *, *, #2833, .F. ) ;
#10844 = CARTESIAN_POINT ( 'NONE',  ( 5.267157287525381400, -3.826715728752538800, 0.9249999999999993800 ) ) ;
#10845 = PRESENTATION_LAYER_ASSIGNMENT (  '', '', ( #11137 ) ) ;
#10846 = DIRECTION ( 'NONE',  ( 1.426581805901979900E-016, 1.000000000000000000, 1.281360903504773500E-017 ) ) ;
#10847 = ORIENTED_EDGE ( 'NONE', *, *, #2122, .T. ) ;
#10848 = CARTESIAN_POINT ( 'NONE',  ( 3.350000000000004100, -3.814999999999999900, -3.650000000000001700 ) ) ;
#10849 = LINE ( 'NONE', #2394, #3779 ) ;
#10850 = CARTESIAN_POINT ( 'NONE',  ( 5.350000000000002300, -0.1800000000000013300, 3.850000000000000100 ) ) ;
#10851 = CARTESIAN_POINT ( 'NONE',  ( -4.975000000000003200, -3.540000000000003600, 1.479060086872140600 ) ) ;
#10852 = VECTOR ( 'NONE', #1286, 1000.000000000000000 ) ;
#10853 = EDGE_LOOP ( 'NONE', ( #416, #1397, #2906, #9227 ) ) ;
#10854 = ORIENTED_EDGE ( 'NONE', *, *, #2324, .T. ) ;
#10855 = FILL_AREA_STYLE ('',( #4640 ) ) ;
#10856 = FILL_AREA_STYLE ('',( #4150 ) ) ;
#10857 = ORIENTED_EDGE ( 'NONE', *, *, #8566, .F. ) ;
#10858 = SURFACE_SIDE_STYLE ('',( #6908 ) ) ;
#10859 = PRESENTATION_STYLE_ASSIGNMENT (( #9297 ) ) ;
#10860 = VERTEX_POINT ( 'NONE', #3327 ) ;
#10861 = EDGE_CURVE ( 'NONE', #7922, #9526, #1686, .T. ) ;
#10862 = CARTESIAN_POINT ( 'NONE',  ( 5.350000000000002300, -0.2000000000000012000, 1.125000000000000400 ) ) ;
#10863 = ORIENTED_EDGE ( 'NONE', *, *, #2027, .T. ) ;
#10864 = SHAPE_REPRESENTATION ( 'M1060-2R5YLC', ( #6489 ), #5911 ) ;
#10865 = ADVANCED_FACE ( 'NONE', ( #4047 ), #5251, .F. ) ;
#10866 = ORIENTED_EDGE ( 'NONE', *, *, #4639, .F. ) ;
#10867 = CARTESIAN_POINT ( 'NONE',  ( 4.390000000000002300, 0.0000000000000000000, 3.100000000000001000 ) ) ;
#10868 = AXIS2_PLACEMENT_3D ( 'NONE', #8161, #3009, #846 ) ;
#10869 = LINE ( 'NONE', #10441, #8477 ) ;
#10870 = CARTESIAN_POINT ( 'NONE',  ( -5.170000000000001700, -4.015000000000000600, -1.125000000000000900 ) ) ;
#10871 = COLOUR_RGB ( '',1.000000000000000000, 1.000000000000000000, 1.000000000000000000 ) ;
#10872 = VECTOR ( 'NONE', #9541, 1000.000000000000000 ) ;
#10873 = UNCERTAINTY_MEASURE_WITH_UNIT (LENGTH_MEASURE( 1.000000000000000100E-005 ), #5938, 'distance_accuracy_value', 'NONE');
#10874 = VERTEX_POINT ( 'NONE', #681 ) ;
#10875 = ORIENTED_EDGE ( 'NONE', *, *, #4080, .F. ) ;
#10876 =( NAMED_UNIT ( * ) SI_UNIT ( $, .STERADIAN. ) SOLID_ANGLE_UNIT ( ) );
#10877 = ORIENTED_EDGE ( 'NONE', *, *, #2335, .F. ) ;
#10878 = AXIS2_PLACEMENT_3D ( 'NONE', #3706, #4104, #3413 ) ;
#10879 = ADVANCED_FACE ( 'NONE', ( #3231 ), #2120, .F. ) ;
#10880 =( NAMED_UNIT ( * ) SI_UNIT ( $, .STERADIAN. ) SOLID_ANGLE_UNIT ( ) );
#10881 = ORIENTED_EDGE ( 'NONE', *, *, #2168, .F. ) ;
#10882 = CARTESIAN_POINT ( 'NONE',  ( 4.590000000000002500, -0.2000000000000015700, 3.850000000000000500 ) ) ;
#10883 = PRESENTATION_STYLE_ASSIGNMENT (( #11250 ) ) ;
#10884 = PRESENTATION_LAYER_ASSIGNMENT (  '', '', ( #10964 ) ) ;
#10885 =( LENGTH_UNIT ( ) NAMED_UNIT ( * ) SI_UNIT ( .MILLI., .METRE. ) );
#10886 = VECTOR ( 'NONE', #6617, 1000.000000000000000 ) ;
#10887 = PRESENTATION_LAYER_ASSIGNMENT (  '', '', ( #10309 ) ) ;
#10888 = FACE_OUTER_BOUND ( 'NONE', #10853, .T. ) ;
#10889 = LINE ( 'NONE', #7488, #4093 ) ;
#10890 =( LENGTH_UNIT ( ) NAMED_UNIT ( * ) SI_UNIT ( .MILLI., .METRE. ) );
#10891 = ORIENTED_EDGE ( 'NONE', *, *, #8208, .F. ) ;
#10892 = UNCERTAINTY_MEASURE_WITH_UNIT (LENGTH_MEASURE( 1.000000000000000100E-005 ), #11403, 'distance_accuracy_value', 'NONE');
#10893 = FILL_AREA_STYLE ('',( #5996 ) ) ;
#10894 = DIRECTION ( 'NONE',  ( 1.000000000000000000, 3.657902066415252100E-018, 1.927470528863118800E-016 ) ) ;
#10895 = CARTESIAN_POINT ( 'NONE',  ( 5.150000000000003000, -0.2000000000000007300, 0.9250000000000001600 ) ) ;
#10896 = DIRECTION ( 'NONE',  ( 1.000000000000000000, 9.827563551769193000E-017, 1.927470528863119500E-016 ) ) ;
#10897 = FACE_OUTER_BOUND ( 'NONE', #10988, .T. ) ;
#10898 = ORIENTED_EDGE ( 'NONE', *, *, #1151, .T. ) ;
#10899 = FILL_AREA_STYLE ('',( #9109 ) ) ;
#10900 = STYLED_ITEM ( 'NONE', ( #5891 ), #6346 ) ;
#10901 = AXIS2_PLACEMENT_3D ( 'NONE', #9215, #3912, #10126 ) ;
#10902 = ORIENTED_EDGE ( 'NONE', *, *, #373, .F. ) ;
#10903 = DIRECTION ( 'NONE',  ( 1.426581805901975000E-016, 1.000000000000000000, 3.348823158252935900E-015 ) ) ;
#10904 = CIRCLE ( 'NONE', #444, 0.8000000000000003800 ) ;
#10905 = DIRECTION ( 'NONE',  ( -1.000000000000000000, 1.426581805901982300E-016, -2.200962968769371900E-016 ) ) ;
#10906 = SURFACE_STYLE_USAGE ( .BOTH. , #4940 ) ;
#10907 = ORIENTED_EDGE ( 'NONE', *, *, #7603, .F. ) ;
#10908 = CARTESIAN_POINT ( 'NONE',  ( -5.150000000000002100, -1.870000000000000300, -0.9250000000000001600 ) ) ;
#10909 = B_SPLINE_CURVE_WITH_KNOTS ( 'NONE', 3,
 ( #1121, #4659, #2059, #8216, #2950, #9136, #3828, #10041, #4696, #10916, #5580, #257, #6456, #1165, #7361, #2100 ),
 .UNSPECIFIED., .F., .F.,
 ( 4, 3, 3, 3, 3, 4 ),
 ( 8.131516293641283300E-020, 9.945150033156654900E-006, 1.995980716743904800E-005, 2.914137236304400800E-005, 3.846080366517527600E-005, 4.899246867068630700E-005 ),
 .UNSPECIFIED. ) ;
#10910 = PRESENTATION_LAYER_ASSIGNMENT (  '', '', ( #11500 ) ) ;
#10911 =( NAMED_UNIT ( * ) PLANE_ANGLE_UNIT ( ) SI_UNIT ( $, .RADIAN. ) );
#10912 = VECTOR ( 'NONE', #4095, 1000.000000000000000 ) ;
#10913 = LINE ( 'NONE', #3371, #3852 ) ;
#10914 = SURFACE_STYLE_USAGE ( .BOTH. , #8016 ) ;
#10915 = LINE ( 'NONE', #6776, #10643 ) ;
#10916 = CARTESIAN_POINT ( 'NONE',  ( 5.138492385099676000, -0.2063773055447660200, 2.349591632096441600 ) ) ;
#10917 = EDGE_CURVE ( 'NONE', #4071, #6796, #6781, .T. ) ;
#10918 = ORIENTED_EDGE ( 'NONE', *, *, #3791, .T. ) ;
#10919 = SURFACE_SIDE_STYLE ('',( #376 ) ) ;
#10920 = CYLINDRICAL_SURFACE ( 'NONE', #8581, 0.2000000000000000900 ) ;
#10921 = CARTESIAN_POINT ( 'NONE',  ( -5.150000000000003000, -3.539999999999996500, -0.7500000000000119900 ) ) ;
#10922 = FACE_OUTER_BOUND ( 'NONE', #7999, .T. ) ;
#10923 = VECTOR ( 'NONE', #6423, 1000.000000000000100 ) ;
#10924 = EDGE_LOOP ( 'NONE', ( #7624, #11122, #2667, #11529 ) ) ;
#10925 = FILL_AREA_STYLE ('',( #8098 ) ) ;
#10926 = ADVANCED_FACE ( 'NONE', ( #11517 ), #2557, .T. ) ;
#10927 = FACE_OUTER_BOUND ( 'NONE', #3990, .T. ) ;
#10928 = CYLINDRICAL_SURFACE ( 'NONE', #8712, 0.1999999999999999800 ) ;
#10929 = DIRECTION ( 'NONE',  ( -1.426581805901979600E-016, 1.000000000000000000, 2.725027521453481900E-016 ) ) ;
#10930 =( LENGTH_UNIT ( ) NAMED_UNIT ( * ) SI_UNIT ( .MILLI., .METRE. ) );
#10931 = CARTESIAN_POINT ( 'NONE',  ( -5.350000000000003200, -3.835000000000000400, 3.650000000000000800 ) ) ;
#10932 = CARTESIAN_POINT ( 'NONE',  ( -4.725000000000001400, -3.714999999999996300, -0.7500000000000124300 ) ) ;
#10933 = ORIENTED_EDGE ( 'NONE', *, *, #6797, .T. ) ;
#10934 = ORIENTED_EDGE ( 'NONE', *, *, #5820, .F. ) ;
#10935 = EDGE_CURVE ( 'NONE', #11291, #8192, #6107, .T. ) ;
#10936 = ORIENTED_EDGE ( 'NONE', *, *, #3070, .F. ) ;
#10937 = ADVANCED_FACE ( 'NONE', ( #10428 ), #11451, .T. ) ;
#10938 =( GEOMETRIC_REPRESENTATION_CONTEXT ( 3 ) GLOBAL_UNCERTAINTY_ASSIGNED_CONTEXT ( ( #3844 ) ) GLOBAL_UNIT_ASSIGNED_CONTEXT ( ( #1424, #7611, #2356 ) ) REPRESENTATION_CONTEXT ( 'NONE', 'WORKASPACE' ) );
#10939 = PLANE ( 'NONE',  #9390 ) ;
#10940 = VECTOR ( 'NONE', #2062, 1000.000000000000000 ) ;
#10941 = TOROIDAL_SURFACE ( 'NONE', #8713, 0.3000000000000003800, 0.1250000000000000000 ) ;
#10942 = SURFACE_SIDE_STYLE ('',( #2121 ) ) ;
#10943 = DIRECTION ( 'NONE',  ( -1.927470528863118800E-016, -1.281360903504770600E-017, 1.000000000000000000 ) ) ;
#10944 = ORIENTED_EDGE ( 'NONE', *, *, #8684, .T. ) ;
#10945 = DIRECTION ( 'NONE',  ( 0.0000000000000000000, 0.0000000000000000000, -1.000000000000000000 ) ) ;
#10946 = PRESENTATION_STYLE_ASSIGNMENT (( #9625 ) ) ;
#10947 = LINE ( 'NONE', #4151, #1800 ) ;
#10948 = DIRECTION ( 'NONE',  ( -3.348823158252937800E-015, 1.000000000000000000, 3.348823158252935100E-015 ) ) ;
#10949 = STYLED_ITEM ( 'NONE', ( #1860 ), #9370 ) ;
#10950 = UNCERTAINTY_MEASURE_WITH_UNIT (LENGTH_MEASURE( 1.000000000000000100E-005 ), #10839, 'distance_accuracy_value', 'NONE');
#10951 = SURFACE_STYLE_USAGE ( .BOTH. , #10990 ) ;
#10952 = DIRECTION ( 'NONE',  ( 1.000000000000000000, 3.348823158252935900E-015, 2.014244061478019600E-016 ) ) ;
#10953 = PRESENTATION_LAYER_ASSIGNMENT (  '', '', ( #3539 ) ) ;
#10954 = FILL_AREA_STYLE ('',( #4732 ) ) ;
#10955 = PRODUCT_DEFINITION_CONTEXT ( 'detailed design', #6992, 'design' ) ;
#10956 = CARTESIAN_POINT ( 'NONE',  ( -5.350000000000003200, -3.835000000000000400, 1.124999999999999800 ) ) ;
#10957 = DIRECTION ( 'NONE',  ( 1.000000000000000000, 3.634139519433330900E-015, 7.553600721220340800E-017 ) ) ;
#10958 = VECTOR ( 'NONE', #10719, 1000.000000000000000 ) ;
#10959 = ORIENTED_EDGE ( 'NONE', *, *, #9029, .F. ) ;
#10960 =( NAMED_UNIT ( * ) SI_UNIT ( $, .STERADIAN. ) SOLID_ANGLE_UNIT ( ) );
#10961 =( NAMED_UNIT ( * ) PLANE_ANGLE_UNIT ( ) SI_UNIT ( $, .RADIAN. ) );
#10962 = CARTESIAN_POINT ( 'NONE',  ( 5.100000000000004100, -3.390000000000000600, 1.125000000000000200 ) ) ;
#10963 = CARTESIAN_POINT ( 'NONE',  ( -3.350000000000001400, -4.014999999999999700, -3.650000000000001700 ) ) ;
#10964 = STYLED_ITEM ( 'NONE', ( #2822 ), #4230 ) ;
#10965 =( NAMED_UNIT ( * ) SI_UNIT ( $, .STERADIAN. ) SOLID_ANGLE_UNIT ( ) );
#10967 = MECHANICAL_DESIGN_GEOMETRIC_PRESENTATION_REPRESENTATION (  '', ( #6979 ), #11241 ) ;
#10966 = STYLED_ITEM ( 'NONE', ( #6778 ), #9960 ) ;
#10968 = DIRECTION ( 'NONE',  ( -1.426581805901979900E-016, -1.000000000000000000, -1.281360903504773400E-017 ) ) ;
#10969 = FILL_AREA_STYLE ('',( #25 ) ) ;
#10970 = EDGE_LOOP ( 'NONE', ( #4868, #4568, #6829, #11533 ) ) ;
#10971 = MECHANICAL_DESIGN_GEOMETRIC_PRESENTATION_REPRESENTATION (  '', ( #10388 ), #11142 ) ;
#10972 = EDGE_CURVE ( 'NONE', #7970, #4509, #9589, .T. ) ;
#10973 = VECTOR ( 'NONE', #8830, 1000.000000000000000 ) ;
#10974 = CARTESIAN_POINT ( 'NONE',  ( 5.150000000000002100, -0.2300000000000013100, 2.340000000000000700 ) ) ;
#10975 = CARTESIAN_POINT ( 'NONE',  ( -4.350000000000003200, -4.015000000000000600, -5.854372770656183800E-016 ) ) ;
#10976 = UNCERTAINTY_MEASURE_WITH_UNIT (LENGTH_MEASURE( 1.000000000000000100E-005 ), #3464, 'distance_accuracy_value', 'NONE');
#10977 = CARTESIAN_POINT ( 'NONE',  ( -4.390000000000003200, -1.303895770594409400E-015, 3.100000000000001000 ) ) ;
#10978 = ORIENTED_EDGE ( 'NONE', *, *, #5460, .F. ) ;
#10979 = DIRECTION ( 'NONE',  ( 1.000000000000000000, -4.755272686339933800E-017, -2.409338161078898200E-017 ) ) ;
#10980 = CARTESIAN_POINT ( 'NONE',  ( 3.350000000000003200, -0.2000000000000016500, 3.850000000000000500 ) ) ;
#10981 = ADVANCED_FACE ( 'NONE', ( #4833 ), #7854, .T. ) ;
#10982 = PRESENTATION_LAYER_ASSIGNMENT (  '', '', ( #8579 ) ) ;
#10983 = DIRECTION ( 'NONE',  ( -4.580624489496172500E-016, -1.000000000000000000, -1.426581805901979900E-016 ) ) ;
#10984 = SURFACE_STYLE_FILL_AREA ( #9230 ) ;
#10985 = VECTOR ( 'NONE', #9095, 1000.000000000000000 ) ;
#10986 = EDGE_CURVE ( 'NONE', #4014, #674, #4034, .T. ) ;
#10987 = SURFACE_STYLE_FILL_AREA ( #11186 ) ;
#10988 = EDGE_LOOP ( 'NONE', ( #6995, #1148, #5049, #10749 ) ) ;
#10989 = EDGE_CURVE ( 'NONE', #7869, #466, #1675, .T. ) ;
#10990 = SURFACE_SIDE_STYLE ('',( #5413 ) ) ;
#10991 = ORIENTED_EDGE ( 'NONE', *, *, #6198, .T. ) ;
#10992 = ADVANCED_FACE ( 'NONE', ( #8723 ), #6206, .F. ) ;
#10993 = LINE ( 'NONE', #9493, #8600 ) ;
#10994 =( LENGTH_UNIT ( ) NAMED_UNIT ( * ) SI_UNIT ( .MILLI., .METRE. ) );
#10995 = LINE ( 'NONE', #307, #3639 ) ;
#10996 = CARTESIAN_POINT ( 'NONE',  ( 5.249999999999998200, 1.985000000000000300, 4.199999999999998400 ) ) ;
#10997 = VECTOR ( 'NONE', #9507, 1000.000000000000000 ) ;
#10998 = ORIENTED_EDGE ( 'NONE', *, *, #10265, .T. ) ;
#10999 = DIRECTION ( 'NONE',  ( -1.000000000000000000, -0.0000000000000000000, -0.0000000000000000000 ) ) ;
#11000 = ORIENTED_EDGE ( 'NONE', *, *, #9448, .T. ) ;
#11001 = VERTEX_POINT ( 'NONE', #6248 ) ;
#11002 =( GEOMETRIC_REPRESENTATION_CONTEXT ( 3 ) GLOBAL_UNCERTAINTY_ASSIGNED_CONTEXT ( ( #1524 ) ) GLOBAL_UNIT_ASSIGNED_CONTEXT ( ( #7167, #3445, #6476 ) ) REPRESENTATION_CONTEXT ( 'NONE', 'WORKASPACE' ) );
#11003 = AXIS2_PLACEMENT_3D ( 'NONE', #10977, #4944, #7135 ) ;
#11004 =( NAMED_UNIT ( * ) PLANE_ANGLE_UNIT ( ) SI_UNIT ( $, .RADIAN. ) );
#11005 = DIRECTION ( 'NONE',  ( 1.000000000000000000, 1.079575420682576900E-017, 0.0000000000000000000 ) ) ;
#11006 = CARTESIAN_POINT ( 'NONE',  ( -4.750000000000001800, 0.0000000000000000000, 1.799999999999999800 ) ) ;
#11007 = DIRECTION ( 'NONE',  ( 0.0000000000000000000, -3.252606517456513300E-015, 1.000000000000000000 ) ) ;
#11008 = CIRCLE ( 'NONE', #6168, 0.1799999999999996000 ) ;
#11009 = PRESENTATION_STYLE_ASSIGNMENT (( #7639 ) ) ;
#11010 = EDGE_LOOP ( 'NONE', ( #1705, #1454, #10857, #9114, #8811 ) ) ;
#11011 = ORIENTED_EDGE ( 'NONE', *, *, #8862, .T. ) ;
#11012 =( NAMED_UNIT ( * ) PLANE_ANGLE_UNIT ( ) SI_UNIT ( $, .RADIAN. ) );
#11013 = CARTESIAN_POINT ( 'NONE',  ( -5.050000000000003400, -3.865000000000000200, -2.625000000000000000 ) ) ;
#11014 = VERTEX_POINT ( 'NONE', #5364 ) ;
#11015 = CYLINDRICAL_SURFACE ( 'NONE', #1346, 0.2000000000000000900 ) ;
#11016 = LINE ( 'NONE', #5159, #6257 ) ;
#11017 = COLOUR_RGB ( '',0.9098039215686274400, 0.4431372549019607600, 0.03137254901960784300 ) ;
#11018 = EDGE_CURVE ( 'NONE', #11157, #8596, #10011, .T. ) ;
#11019 = DIRECTION ( 'NONE',  ( 7.553600721220266900E-017, 2.021034546310080300E-016, -1.000000000000000000 ) ) ;
#11020 = ORIENTED_EDGE ( 'NONE', *, *, #2668, .T. ) ;
#11021 = ORIENTED_EDGE ( 'NONE', *, *, #3972, .F. ) ;
#11022 = PRESENTATION_LAYER_ASSIGNMENT (  '', '', ( #44 ) ) ;
#11023 =( LENGTH_UNIT ( ) NAMED_UNIT ( * ) SI_UNIT ( .MILLI., .METRE. ) );
#11024 = STYLED_ITEM ( 'NONE', ( #4904 ), #3044 ) ;
#11025 =( NAMED_UNIT ( * ) SI_UNIT ( $, .STERADIAN. ) SOLID_ANGLE_UNIT ( ) );
#11026 = VERTEX_POINT ( 'NONE', #2783 ) ;
#11027 = SURFACE_STYLE_FILL_AREA ( #2644 ) ;
#11028 =( NAMED_UNIT ( * ) PLANE_ANGLE_UNIT ( ) SI_UNIT ( $, .RADIAN. ) );
#11029 =( GEOMETRIC_REPRESENTATION_CONTEXT ( 3 ) GLOBAL_UNCERTAINTY_ASSIGNED_CONTEXT ( ( #9682 ) ) GLOBAL_UNIT_ASSIGNED_CONTEXT ( ( #2881, #2423, #1956 ) ) REPRESENTATION_CONTEXT ( 'NONE', 'WORKASPACE' ) );
#11030 = ORIENTED_EDGE ( 'NONE', *, *, #1963, .F. ) ;
#11031 = CARTESIAN_POINT ( 'NONE',  ( -4.590000000000001600, -0.2000000000000004000, -3.850000000000000100 ) ) ;
#11032 = CARTESIAN_POINT ( 'NONE',  ( 3.350000000000002300, -4.015000000000001500, 3.849999999999999600 ) ) ;
#11033 = FACE_OUTER_BOUND ( 'NONE', #4651, .T. ) ;
#11034 = ORIENTED_EDGE ( 'NONE', *, *, #321, .F. ) ;
#11035 = SURFACE_STYLE_USAGE ( .BOTH. , #4807 ) ;
#11036 = PRESENTATION_LAYER_ASSIGNMENT (  '', '', ( #9187 ) ) ;
#11037 = FACE_BOUND ( 'NONE', #3535, .T. ) ;
#11038 = PLANE ( 'NONE',  #7074 ) ;
#11039 = STYLED_ITEM ( 'NONE', ( #3071 ), #1309 ) ;
#11040 = ADVANCED_FACE ( 'NONE', ( #528 ), #11553, .F. ) ;
#11041 = ORIENTED_EDGE ( 'NONE', *, *, #4925, .F. ) ;
#11042 =( LENGTH_UNIT ( ) NAMED_UNIT ( * ) SI_UNIT ( .MILLI., .METRE. ) );
#11043 = CARTESIAN_POINT ( 'NONE',  ( 4.590000000000003400, -0.2000000000000004800, -3.850000000000000500 ) ) ;
#11044 = DIRECTION ( 'NONE',  ( 1.079575420682579900E-017, -1.000000000000000000, -1.426581805901979400E-016 ) ) ;
#11045 = CARTESIAN_POINT ( 'NONE',  ( -3.350000000000003200, -3.814999999999999900, -3.650000000000001700 ) ) ;
#11046 = PRESENTATION_STYLE_ASSIGNMENT (( #4086 ) ) ;
#11047 = FILL_AREA_STYLE_COLOUR ( '', #6385 ) ;
#11048 = ORIENTED_EDGE ( 'NONE', *, *, #439, .F. ) ;
#11049 = CARTESIAN_POINT ( 'NONE',  ( 5.170000000000003500, -4.015000000000000600, -1.125000000000000900 ) ) ;
#11050 = CARTESIAN_POINT ( 'NONE',  ( -5.350000000000003200, -4.015000000000001500, 3.850000000000000500 ) ) ;
#11051 = PRESENTATION_STYLE_ASSIGNMENT (( #11062 ) ) ;
#11052 = SURFACE_SIDE_STYLE ('',( #921 ) ) ;
#11053 = PRESENTATION_LAYER_ASSIGNMENT (  '', '', ( #9272 ) ) ;
#11055 = STYLED_ITEM ( 'NONE', ( #3390 ), #4011 ) ;
#11054 = AXIS2_PLACEMENT_3D ( 'NONE', #10842, #5491, #175 ) ;
#11056 = FACE_OUTER_BOUND ( 'NONE', #7149, .T. ) ;
#11057 = CYLINDRICAL_SURFACE ( 'NONE', #2240, 0.8000000000000003800 ) ;
#11058 = CARTESIAN_POINT ( 'NONE',  ( -5.350000000000002300, -3.835000000000000400, 1.124999999999998200 ) ) ;
#11059 = VERTEX_POINT ( 'NONE', #9002 ) ;
#11060 = CARTESIAN_POINT ( 'NONE',  ( 5.150000000000002100, -0.4249999999999984300, 0.7500000000000021100 ) ) ;
#11061 = UNCERTAINTY_MEASURE_WITH_UNIT (LENGTH_MEASURE( 1.000000000000000100E-005 ), #6732, 'distance_accuracy_value', 'NONE');
#11062 = SURFACE_STYLE_USAGE ( .BOTH. , #11076 ) ;
#11063 = DIRECTION ( 'NONE',  ( 1.000000000000000000, 9.827563551769193000E-017, 1.927470528863119000E-016 ) ) ;
#11064 = VECTOR ( 'NONE', #3749, 1000.000000000000000 ) ;
#11065 = FACE_OUTER_BOUND ( 'NONE', #2376, .T. ) ;
#11066 = DIRECTION ( 'NONE',  ( -1.000000000000000000, -4.755272686339931300E-017, -4.095874873834128400E-016 ) ) ;
#11067 = STYLED_ITEM ( 'NONE', ( #7034 ), #5429 ) ;
#11068 = VERTEX_POINT ( 'NONE', #3689 ) ;
#11069 = ORIENTED_EDGE ( 'NONE', *, *, #811, .T. ) ;
#11070 = ORIENTED_EDGE ( 'NONE', *, *, #7816, .F. ) ;
#11071 = FACE_OUTER_BOUND ( 'NONE', #1591, .T. ) ;
#11072 = EDGE_CURVE ( 'NONE', #8514, #6026, #4426, .T. ) ;
#11073 = DIRECTION ( 'NONE',  ( 2.562363692931211300E-016, 3.348823158252935500E-015, -1.000000000000000000 ) ) ;
#11074 = LINE ( 'NONE', #1577, #4008 ) ;
#11075 = VECTOR ( 'NONE', #3675, 1000.000000000000000 ) ;
#11076 = SURFACE_SIDE_STYLE ('',( #6289 ) ) ;
#11077 = PLANE ( 'NONE',  #8271 ) ;
#11078 = SURFACE_STYLE_USAGE ( .BOTH. , #4982 ) ;
#11079 = ORIENTED_EDGE ( 'NONE', *, *, #2485, .F. ) ;
#11080 = COLOUR_RGB ( '',0.9098039215686274400, 0.4431372549019607600, 0.03137254901960784300 ) ;
#11081 = ORIENTED_EDGE ( 'NONE', *, *, #7683, .F. ) ;
#11082 = LINE ( 'NONE', #7559, #8997 ) ;
#11083 = DIRECTION ( 'NONE',  ( 0.0000000000000000000, 0.0000000000000000000, -1.000000000000000000 ) ) ;
#11084 = DIRECTION ( 'NONE',  ( -1.000000000000000000, 3.634139519433330100E-015, -7.553600721219157500E-017 ) ) ;
#11085 = DIRECTION ( 'NONE',  ( -1.000000000000000000, 9.827563551769197900E-017, -1.927470528863119000E-016 ) ) ;
#11086 = FACE_OUTER_BOUND ( 'NONE', #8352, .T. ) ;
#11087 = VECTOR ( 'NONE', #11359, 1000.000000000000100 ) ;
#11088 =( NAMED_UNIT ( * ) PLANE_ANGLE_UNIT ( ) SI_UNIT ( $, .RADIAN. ) );
#11089 = EDGE_CURVE ( 'NONE', #8962, #10205, #11235, .T. ) ;
#11090 = AXIS2_PLACEMENT_3D ( 'NONE', #4430, #10661, #5308 ) ;
#11091 = DIRECTION ( 'NONE',  ( -0.0000000000000000000, 1.000000000000000000, -0.0000000000000000000 ) ) ;
#11092 = ORIENTED_EDGE ( 'NONE', *, *, #7151, .T. ) ;
#11093 = DIRECTION ( 'NONE',  ( -9.827563551769195500E-017, -1.000000000000000000, -1.426581805901979400E-016 ) ) ;
#11094 = AXIS2_PLACEMENT_3D ( 'NONE', #7671, #6110, #10294 ) ;
#11095 = ORIENTED_EDGE ( 'NONE', *, *, #2621, .T. ) ;
#11096 = DIRECTION ( 'NONE',  ( -8.673617379884035500E-017, -0.0000000000000000000, -1.000000000000000000 ) ) ;
#11097 = CARTESIAN_POINT ( 'NONE',  ( 2.950000000000002800, -3.665000000000000900, -2.625000000000000000 ) ) ;
#11098 = FILL_AREA_STYLE ('',( #11177 ) ) ;
#11099 = UNCERTAINTY_MEASURE_WITH_UNIT (LENGTH_MEASURE( 1.000000000000000100E-005 ), #10288, 'distance_accuracy_value', 'NONE');
#11100 = ADVANCED_FACE ( 'NONE', ( #2107 ), #7221, .T. ) ;
#11101 = AXIS2_PLACEMENT_3D ( 'NONE', #8261, #8013, #7334 ) ;
#11102 =( NAMED_UNIT ( * ) SI_UNIT ( $, .STERADIAN. ) SOLID_ANGLE_UNIT ( ) );
#11103 = FILL_AREA_STYLE ('',( #10232 ) ) ;
#11104 = EDGE_LOOP ( 'NONE', ( #4085, #7768, #9360, #4024 ) ) ;
#11105 = DIRECTION ( 'NONE',  ( 0.0000000000000000000, 0.9397934234884372000, -0.3417430630867041000 ) ) ;
#11106 = AXIS2_PLACEMENT_3D ( 'NONE', #4292, #5203, #6306 ) ;
#11107 = DIRECTION ( 'NONE',  ( 1.426581805901979900E-016, 1.000000000000000000, 1.281360903504773400E-017 ) ) ;
#11108 = SURFACE_SIDE_STYLE ('',( #6587 ) ) ;
#11109 = FILL_AREA_STYLE ('',( #6193 ) ) ;
#11110 = CARTESIAN_POINT ( 'NONE',  ( 5.249999999999998200, 1.985000000000000300, 4.999999999999998200 ) ) ;
#11111 = PRESENTATION_STYLE_ASSIGNMENT (( #1459 ) ) ;
#11112 = LINE ( 'NONE', #6175, #1976 ) ;
#11113 = PRESENTATION_LAYER_ASSIGNMENT (  '', '', ( #150 ) ) ;
#11114 = PRESENTATION_LAYER_ASSIGNMENT (  '', '', ( #6922 ) ) ;
#11115 = AXIS2_PLACEMENT_3D ( 'NONE', #5415, #89, #6304 ) ;
#11116 = PLANE ( 'NONE',  #5510 ) ;
#11117 = DIRECTION ( 'NONE',  ( 0.0000000000000000000, -3.252606517456513300E-015, 1.000000000000000000 ) ) ;
#11118 = CARTESIAN_POINT ( 'NONE',  ( -4.975000000000001400, -0.1250000000000006900, 0.7499999999999994400 ) ) ;
#11119 =( NAMED_UNIT ( * ) SI_UNIT ( $, .STERADIAN. ) SOLID_ANGLE_UNIT ( ) );
#11120 = TOROIDAL_SURFACE ( 'NONE', #7533, 0.3000000000000003800, 0.1250000000000000000 ) ;
#11121 = SURFACE_STYLE_FILL_AREA ( #7745 ) ;
#11122 = ORIENTED_EDGE ( 'NONE', *, *, #5965, .F. ) ;
#11123 = DIRECTION ( 'NONE',  ( 0.0000000000000000000, -1.000000000000000000, 0.0000000000000000000 ) ) ;
#11124 = EDGE_CURVE ( 'NONE', #5762, #10717, #5658, .T. ) ;
#11125 = UNCERTAINTY_MEASURE_WITH_UNIT (LENGTH_MEASURE( 1.000000000000000100E-005 ), #7834, 'distance_accuracy_value', 'NONE');
#11126 = CARTESIAN_POINT ( 'NONE',  ( -5.050000000000002500, 0.0000000000000000000, 3.899999999999999900 ) ) ;
#11127 = DIRECTION ( 'NONE',  ( 1.000000000000000000, 3.348823158252935900E-015, 2.014244061478019600E-016 ) ) ;
#11128 = ORIENTED_EDGE ( 'NONE', *, *, #10697, .T. ) ;
#11129 = PLANE ( 'NONE',  #1181 ) ;
#11130 = VECTOR ( 'NONE', #4956, 1000.000000000000000 ) ;
#11131 = SURFACE_STYLE_FILL_AREA ( #10165 ) ;
#11132 = ORIENTED_EDGE ( 'NONE', *, *, #6399, .F. ) ;
#11133 = PLANE ( 'NONE',  #241 ) ;
#11134 = SURFACE_SIDE_STYLE ('',( #5815 ) ) ;
#11135 = VERTEX_POINT ( 'NONE', #9081 ) ;
#11136 = DIRECTION ( 'NONE',  ( -1.000000000000000000, 9.827563551769197900E-017, -1.927470528863118600E-016 ) ) ;
#11137 = STYLED_ITEM ( 'NONE', ( #4053 ), #5066 ) ;
#11138 = MECHANICAL_DESIGN_GEOMETRIC_PRESENTATION_REPRESENTATION (  '', ( #9371 ), #168 ) ;
#11139 = MECHANICAL_DESIGN_GEOMETRIC_PRESENTATION_REPRESENTATION (  '', ( #9958 ), #169 ) ;
#11140 = EDGE_LOOP ( 'NONE', ( #9591, #7448, #5355, #4247, #5315 ) ) ;
#11141 = SURFACE_STYLE_FILL_AREA ( #2747 ) ;
#11142 =( GEOMETRIC_REPRESENTATION_CONTEXT ( 3 ) GLOBAL_UNCERTAINTY_ASSIGNED_CONTEXT ( ( #9931 ) ) GLOBAL_UNIT_ASSIGNED_CONTEXT ( ( #4363, #4457, #6826 ) ) REPRESENTATION_CONTEXT ( 'NONE', 'WORKASPACE' ) );
#11143 = EDGE_CURVE ( 'NONE', #9653, #3153, #10150, .T. ) ;
#11144 = VECTOR ( 'NONE', #10463, 1000.000000000000000 ) ;
#11145 = COLOUR_RGB ( '',1.000000000000000000, 1.000000000000000000, 1.000000000000000000 ) ;
#11146 =( NAMED_UNIT ( * ) SI_UNIT ( $, .STERADIAN. ) SOLID_ANGLE_UNIT ( ) );
#11147 = ORIENTED_EDGE ( 'NONE', *, *, #678, .F. ) ;
#11148 = ORIENTED_EDGE ( 'NONE', *, *, #4079, .F. ) ;
#11149 = DIRECTION ( 'NONE',  ( 1.000000000000000000, 0.0000000000000000000, 0.0000000000000000000 ) ) ;
#11150 = CARTESIAN_POINT ( 'NONE',  ( -5.170000000000002600, -4.015000000000000600, 1.124999999999999800 ) ) ;
#11151 = FACE_OUTER_BOUND ( 'NONE', #11345, .T. ) ;
#11152 = SURFACE_STYLE_FILL_AREA ( #7426 ) ;
#11153 = DIRECTION ( 'NONE',  ( 1.000000000000000000, -1.426581805901979900E-016, 2.209081482755457600E-016 ) ) ;
#11154 = LINE ( 'NONE', #3099, #8770 ) ;
#11155 = VECTOR ( 'NONE', #8299, 1000.000000000000000 ) ;
#11156 = AXIS2_PLACEMENT_3D ( 'NONE', #6070, #6114, #5331 ) ;
#11157 = VERTEX_POINT ( 'NONE', #10862 ) ;
#11158 =( LENGTH_UNIT ( ) NAMED_UNIT ( * ) SI_UNIT ( .MILLI., .METRE. ) );
#11159 = ORIENTED_EDGE ( 'NONE', *, *, #7751, .T. ) ;
#11160 = DIRECTION ( 'NONE',  ( 0.0000000000000000000, 0.0000000000000000000, -1.000000000000000000 ) ) ;
#11161 = DIRECTION ( 'NONE',  ( -1.927470528863119000E-016, -1.426581805901979600E-016, 1.000000000000000000 ) ) ;
#11162 = ADVANCED_FACE ( 'NONE', ( #5374 ), #2402, .T. ) ;
#11163 = AXIS2_PLACEMENT_3D ( 'NONE', #7899, #8021, #129 ) ;
#11164 =( GEOMETRIC_REPRESENTATION_CONTEXT ( 3 ) GLOBAL_UNCERTAINTY_ASSIGNED_CONTEXT ( ( #8137 ) ) GLOBAL_UNIT_ASSIGNED_CONTEXT ( ( #9232, #3932, #10141 ) ) REPRESENTATION_CONTEXT ( 'NONE', 'WORKASPACE' ) );
#11165 = SURFACE_SIDE_STYLE ('',( #6896 ) ) ;
#11166 = DIRECTION ( 'NONE',  ( -1.000000000000000000, 3.634139519433330100E-015, -7.553600721219157500E-017 ) ) ;
#11167 = ORIENTED_EDGE ( 'NONE', *, *, #5036, .T. ) ;
#11168 = CARTESIAN_POINT ( 'NONE',  ( -4.725000000000002300, -3.515000000000000600, 0.9249999999999997100 ) ) ;
#11169 = CARTESIAN_POINT ( 'NONE',  ( 3.350000000000004100, -3.815000000000000800, 3.850000000000000100 ) ) ;
#11170 = CARTESIAN_POINT ( 'NONE',  ( -3.350000000000002300, -3.764999999999999700, 0.8750000000000001100 ) ) ;
#11171 = LINE ( 'NONE', #11238, #2028 ) ;
#11172 = COLOUR_RGB ( '',0.5019607843137254800, 0.5019607843137254800, 0.5019607843137254800 ) ;
#11173 = CARTESIAN_POINT ( 'NONE',  ( 5.170000000000001700, -7.147174847568918700E-016, 2.350000000000000500 ) ) ;
#11174 =( LENGTH_UNIT ( ) NAMED_UNIT ( * ) SI_UNIT ( .MILLI., .METRE. ) );
#11175 = DIRECTION ( 'NONE',  ( 1.000000000000000000, 1.426581805901979400E-016, 1.927470528863119300E-016 ) ) ;
#11176 = AXIS2_PLACEMENT_3D ( 'NONE', #4611, #10823, #5473 ) ;
#11177 = FILL_AREA_STYLE_COLOUR ( '', #1620 ) ;
#11178 = CARTESIAN_POINT ( 'NONE',  ( 5.249999999999999100, -3.865000000000000200, 4.200000000000000200 ) ) ;
#11179 = ORIENTED_EDGE ( 'NONE', *, *, #666, .F. ) ;
#11180 =( GEOMETRIC_REPRESENTATION_CONTEXT ( 3 ) GLOBAL_UNCERTAINTY_ASSIGNED_CONTEXT ( ( #7451 ) ) GLOBAL_UNIT_ASSIGNED_CONTEXT ( ( #11300, #6574, #3910 ) ) REPRESENTATION_CONTEXT ( 'NONE', 'WORKASPACE' ) );
#11181 = CARTESIAN_POINT ( 'NONE',  ( -3.350000000000001400, -4.014999999999999700, -3.850000000000000500 ) ) ;
#11182 = VECTOR ( 'NONE', #2531, 1000.000000000000000 ) ;
#11183 = EDGE_LOOP ( 'NONE', ( #3385, #3868, #68, #6012 ) ) ;
#11184 =( LENGTH_UNIT ( ) NAMED_UNIT ( * ) SI_UNIT ( .MILLI., .METRE. ) );
#11185 = CIRCLE ( 'NONE', #2743, 0.04999999999999969700 ) ;
#11186 = FILL_AREA_STYLE ('',( #10314 ) ) ;
#11187 = ORIENTED_EDGE ( 'NONE', *, *, #7125, .T. ) ;
#11188 = DIRECTION ( 'NONE',  ( -1.000000000000000000, -3.348823158252936600E-015, -2.014244061478019600E-016 ) ) ;
#11189 = AXIS2_PLACEMENT_3D ( 'NONE', #6556, #1262, #7458 ) ;
#11190 = CARTESIAN_POINT ( 'NONE',  ( 5.150000000000003000, -0.2000000000000011500, 1.125000000000000400 ) ) ;
#11191 = VECTOR ( 'NONE', #5499, 1000.000000000000000 ) ;
#11192 = EDGE_CURVE ( 'NONE', #93, #4726, #7059, .T. ) ;
#11193 = DIRECTION ( 'NONE',  ( 1.000000000000000000, 6.776263578034399000E-017, 0.0000000000000000000 ) ) ;
#11194 = SURFACE_STYLE_USAGE ( .BOTH. , #11165 ) ;
#11195 = CARTESIAN_POINT ( 'NONE',  ( -5.120000000000001900, -0.2000000000000004600, -3.850000000000000500 ) ) ;
#11196 = ORIENTED_EDGE ( 'NONE', *, *, #5680, .T. ) ;
#11197 = VERTEX_POINT ( 'NONE', #3774 ) ;
#11198 = FILL_AREA_STYLE_COLOUR ( '', #5247 ) ;
#11199 = CARTESIAN_POINT ( 'NONE',  ( -5.350000000000002300, -1.870000000000001400, 3.650000000000000400 ) ) ;
#11200 = VERTEX_POINT ( 'NONE', #6441 ) ;
#11201 = AXIS2_PLACEMENT_3D ( 'NONE', #7732, #7692, #7651 ) ;
#11202 = AXIS2_PLACEMENT_3D ( 'NONE', #570, #4131, #11253 ) ;
#11203 = FACE_OUTER_BOUND ( 'NONE', #5197, .T. ) ;
#11204 = EDGE_CURVE ( 'NONE', #8008, #6468, #6784, .T. ) ;
#11205 = EDGE_CURVE ( 'NONE', #4064, #5629, #4716, .T. ) ;
#11206 = ORIENTED_EDGE ( 'NONE', *, *, #9649, .F. ) ;
#11207 = FACE_OUTER_BOUND ( 'NONE', #1851, .T. ) ;
#11208 = CARTESIAN_POINT ( 'NONE',  ( 4.975000000000002300, -0.2499999999999985000, 0.7500000000000021100 ) ) ;
#11209 = ADVANCED_FACE ( 'NONE', ( #11518 ), #8030, .F. ) ;
#11210 = VERTEX_POINT ( 'NONE', #3022 ) ;
#11211 = CIRCLE ( 'NONE', #1709, 0.2999999999999999300 ) ;
#11212 = LINE ( 'NONE', #4750, #11490 ) ;
#11213 = SURFACE_STYLE_FILL_AREA ( #7055 ) ;
#11214 = DIRECTION ( 'NONE',  ( 1.000000000000000000, -1.426581805901979900E-016, 1.927470528863118800E-016 ) ) ;
#11215 = PRESENTATION_LAYER_ASSIGNMENT (  '', '', ( #5717 ) ) ;
#11216 = ORIENTED_EDGE ( 'NONE', *, *, #904, .T. ) ;
#11217 =( GEOMETRIC_REPRESENTATION_CONTEXT ( 3 ) GLOBAL_UNCERTAINTY_ASSIGNED_CONTEXT ( ( #1101 ) ) GLOBAL_UNIT_ASSIGNED_CONTEXT ( ( #5005, #3459, #7806 ) ) REPRESENTATION_CONTEXT ( 'NONE', 'WORKASPACE' ) );
#11218 = CARTESIAN_POINT ( 'NONE',  ( 3.350000000000005900, -3.814999999999999900, -3.650000000000001200 ) ) ;
#11219 =( NAMED_UNIT ( * ) PLANE_ANGLE_UNIT ( ) SI_UNIT ( $, .RADIAN. ) );
#11220 = CYLINDRICAL_SURFACE ( 'NONE', #10780, 0.04999999999999969700 ) ;
#11221 = UNCERTAINTY_MEASURE_WITH_UNIT (LENGTH_MEASURE( 1.000000000000000100E-005 ), #4597, 'distance_accuracy_value', 'NONE');
#11222 = PLANE ( 'NONE',  #1072 ) ;
#11223 =( LENGTH_UNIT ( ) NAMED_UNIT ( * ) SI_UNIT ( .MILLI., .METRE. ) );
#11224 = DIRECTION ( 'NONE',  ( 1.000000000000000000, 0.0000000000000000000, 0.0000000000000000000 ) ) ;
#11225 = SURFACE_STYLE_USAGE ( .BOTH. , #7936 ) ;
#11226 = DIRECTION ( 'NONE',  ( -2.409338161078898200E-017, 1.426581805901979900E-016, -1.000000000000000000 ) ) ;
#11227 = DIRECTION ( 'NONE',  ( 1.927470528863119000E-016, 1.426581805901979400E-016, -1.000000000000000000 ) ) ;
#11228 = FACE_OUTER_BOUND ( 'NONE', #360, .T. ) ;
#11229 = ORIENTED_EDGE ( 'NONE', *, *, #5801, .F. ) ;
#11230 = PRESENTATION_STYLE_ASSIGNMENT (( #3061 ) ) ;
#11231 = CARTESIAN_POINT ( 'NONE',  ( 3.350000000000004100, -4.014999999999999700, -3.650000000000001700 ) ) ;
#11232 = DIRECTION ( 'NONE',  ( 7.553600721220374100E-017, 3.348823158252935500E-015, -1.000000000000000000 ) ) ;
#11233 = UNCERTAINTY_MEASURE_WITH_UNIT (LENGTH_MEASURE( 1.000000000000000100E-005 ), #5258, 'distance_accuracy_value', 'NONE');
#11234 = FILL_AREA_STYLE_COLOUR ( '', #8282 ) ;
#11235 = LINE ( 'NONE', #7154, #8866 ) ;
#11236 = AXIS2_PLACEMENT_3D ( 'NONE', #8132, #8548, #910 ) ;
#11237 = DIRECTION ( 'NONE',  ( 0.0000000000000000000, 0.0000000000000000000, -1.000000000000000000 ) ) ;
#11238 = CARTESIAN_POINT ( 'NONE',  ( 5.249999999999997300, 0.0000000000000000000, -5.000000000000001800 ) ) ;
#11239 = ORIENTED_EDGE ( 'NONE', *, *, #4535, .F. ) ;
#11240 = CARTESIAN_POINT ( 'NONE',  ( 5.249999999999997300, 1.985000000000000300, -4.200000000000001100 ) ) ;
#11241 =( GEOMETRIC_REPRESENTATION_CONTEXT ( 3 ) GLOBAL_UNCERTAINTY_ASSIGNED_CONTEXT ( ( #399 ) ) GLOBAL_UNIT_ASSIGNED_CONTEXT ( ( #8987, #8722, #8688 ) ) REPRESENTATION_CONTEXT ( 'NONE', 'WORKASPACE' ) );
#11242 = CARTESIAN_POINT ( 'NONE',  ( -4.350000000000004100, -3.515000000000000600, -5.141081867705195300E-016 ) ) ;
#11243 = SURFACE_STYLE_FILL_AREA ( #3793 ) ;
#11244 = COLOUR_RGB ( '',0.5019607843137254800, 0.5019607843137254800, 0.5019607843137254800 ) ;
#11245 = PRESENTATION_STYLE_ASSIGNMENT (( #5599 ) ) ;
#11246 = DIRECTION ( 'NONE',  ( -1.000000000000000000, -4.755272686339933800E-017, 2.409338161078898200E-017 ) ) ;
#11247 = SURFACE_SIDE_STYLE ('',( #1044 ) ) ;
#11248 = VERTEX_POINT ( 'NONE', #8277 ) ;
#11249 = EDGE_CURVE ( 'NONE', #216, #7970, #1244, .T. ) ;
#11250 = SURFACE_STYLE_USAGE ( .BOTH. , #4548 ) ;
#11251 =( GEOMETRIC_REPRESENTATION_CONTEXT ( 3 ) GLOBAL_UNCERTAINTY_ASSIGNED_CONTEXT ( ( #10423 ) ) GLOBAL_UNIT_ASSIGNED_CONTEXT ( ( #11223, #9546, #9231 ) ) REPRESENTATION_CONTEXT ( 'NONE', 'WORKASPACE' ) );
#11252 = FACE_OUTER_BOUND ( 'NONE', #3458, .T. ) ;
#11253 = DIRECTION ( 'NONE',  ( -1.000000000000000000, 3.571489509364014100E-015, -1.275531967630005000E-016 ) ) ;
#11254 = LINE ( 'NONE', #7385, #8590 ) ;
#11255 = CARTESIAN_POINT ( 'NONE',  ( -3.355000000000002200, -3.714999999999991400, -0.7500000000000122100 ) ) ;
#11256 = CIRCLE ( 'NONE', #9940, 0.1250000000000001100 ) ;
#11257 = CARTESIAN_POINT ( 'NONE',  ( -5.350000000000001400, -1.680000000000000400, -3.850000000000001400 ) ) ;
#11258 = VERTEX_POINT ( 'NONE', #3860 ) ;
#11259 =( LENGTH_UNIT ( ) NAMED_UNIT ( * ) SI_UNIT ( .MILLI., .METRE. ) );
#11260 = ORIENTED_EDGE ( 'NONE', *, *, #301, .F. ) ;
#11261 = UNCERTAINTY_MEASURE_WITH_UNIT (LENGTH_MEASURE( 1.000000000000000100E-005 ), #8664, 'distance_accuracy_value', 'NONE');
#11262 = DIRECTION ( 'NONE',  ( -1.000000000000000000, 3.571489509364014900E-015, -7.553600721219178500E-017 ) ) ;
#11263 = ADVANCED_FACE ( 'NONE', ( #3624 ), #95, .T. ) ;
#11264 = UNCERTAINTY_MEASURE_WITH_UNIT (LENGTH_MEASURE( 1.000000000000000100E-005 ), #2536, 'distance_accuracy_value', 'NONE');
#11265 = ORIENTED_EDGE ( 'NONE', *, *, #1149, .F. ) ;
#11266 = VECTOR ( 'NONE', #5015, 1000.000000000000000 ) ;
#11267 = STYLED_ITEM ( 'NONE', ( #470 ), #6417 ) ;
#11268 = STYLED_ITEM ( 'NONE', ( #8757 ), #4063 ) ;
#11269 =( NAMED_UNIT ( * ) SI_UNIT ( $, .STERADIAN. ) SOLID_ANGLE_UNIT ( ) );
#11270 = VECTOR ( 'NONE', #1758, 1000.000000000000000 ) ;
#11271 = VECTOR ( 'NONE', #8721, 1000.000000000000000 ) ;
#11272 = LINE ( 'NONE', #10218, #8605 ) ;
#11273 = DIRECTION ( 'NONE',  ( 0.0000000000000000000, 0.3417430630867041000, 0.9397934234884372000 ) ) ;
#11274 = EDGE_CURVE ( 'NONE', #455, #3400, #2532, .T. ) ;
#11275 = VERTEX_POINT ( 'NONE', #5684 ) ;
#11276 = EDGE_CURVE ( 'NONE', #6693, #4758, #9590, .T. ) ;
#11277 = CARTESIAN_POINT ( 'NONE',  ( 5.202499219376997900, -3.820249921937698600, -0.9249999999999996000 ) ) ;
#11278 = DIRECTION ( 'NONE',  ( 1.000000000000000000, 4.580624489496172500E-016, 3.504491870660234600E-017 ) ) ;
#11279 = EDGE_LOOP ( 'NONE', ( #7356, #11505, #878, #5615 ) ) ;
#11280 = SURFACE_STYLE_USAGE ( .BOTH. , #5039 ) ;
#11281 = VERTEX_POINT ( 'NONE', #7469 ) ;
#11282 = COLOUR_RGB ( '',1.000000000000000000, 1.000000000000000000, 1.000000000000000000 ) ;
#11283 = CARTESIAN_POINT ( 'NONE',  ( -5.250000000000000900, -3.865000000000000200, 5.000000000000000000 ) ) ;
#11284 = SURFACE_STYLE_FILL_AREA ( #10345 ) ;
#11285 = CIRCLE ( 'NONE', #3128, 0.2999999999999999300 ) ;
#11286 = SURFACE_STYLE_FILL_AREA ( #10731 ) ;
#11287 = DIRECTION ( 'NONE',  ( -1.000000000000000000, 1.426581805901979900E-016, -1.927470528863118800E-016 ) ) ;
#11288 = ORIENTED_EDGE ( 'NONE', *, *, #4670, .F. ) ;
#11289 =( NAMED_UNIT ( * ) PLANE_ANGLE_UNIT ( ) SI_UNIT ( $, .RADIAN. ) );
#11290 = CARTESIAN_POINT ( 'NONE',  ( 4.750000000000001800, -3.365000000000000700, 1.800000000000000500 ) ) ;
#11291 = VERTEX_POINT ( 'NONE', #2208 ) ;
#11292 = AXIS2_PLACEMENT_3D ( 'NONE', #4461, #4424, #4389 ) ;
#11293 = PRESENTATION_LAYER_ASSIGNMENT (  '', '', ( #10118 ) ) ;
#11294 = AXIS2_PLACEMENT_3D ( 'NONE', #4298, #10510, #5162 ) ;
#11295 = DIRECTION ( 'NONE',  ( 0.0000000000000000000, 0.0000000000000000000, 1.000000000000000000 ) ) ;
#11296 = EDGE_LOOP ( 'NONE', ( #3243, #6271, #10073 ) ) ;
#11297 = COLOUR_RGB ( '',0.5019607843137254800, 0.5019607843137254800, 0.5019607843137254800 ) ;
#11298 = ORIENTED_EDGE ( 'NONE', *, *, #4925, .T. ) ;
#11299 = EDGE_LOOP ( 'NONE', ( #3431, #4272, #8180, #4968, #7831 ) ) ;
#11300 =( LENGTH_UNIT ( ) NAMED_UNIT ( * ) SI_UNIT ( .MILLI., .METRE. ) );
#11301 = DIRECTION ( 'NONE',  ( -1.000000000000000000, 0.0000000000000000000, 0.0000000000000000000 ) ) ;
#11302 = CARTESIAN_POINT ( 'NONE',  ( 5.150000000000003000, -3.815000000000000400, 0.9249999999999991600 ) ) ;
#11303 =( LENGTH_UNIT ( ) NAMED_UNIT ( * ) SI_UNIT ( .MILLI., .METRE. ) );
#11304 = CARTESIAN_POINT ( 'NONE',  ( -5.170000000000002600, -4.015000000000000600, -1.125000000000000700 ) ) ;
#11305 = FILL_AREA_STYLE_COLOUR ( '', #7168 ) ;
#11306 = EDGE_CURVE ( 'NONE', #6017, #4108, #9312, .T. ) ;
#11307 = STYLED_ITEM ( 'NONE', ( #6327 ), #8337 ) ;
#11308 = DIRECTION ( 'NONE',  ( 1.000000000000000000, 4.081702296416008100E-015, 2.551063935260005100E-016 ) ) ;
#11309 = CARTESIAN_POINT ( 'NONE',  ( -3.350000000000002300, -3.815000000000000400, 0.9250000000000001600 ) ) ;
#11310 =( NAMED_UNIT ( * ) SI_UNIT ( $, .STERADIAN. ) SOLID_ANGLE_UNIT ( ) );
#11311 = SURFACE_STYLE_FILL_AREA ( #9543 ) ;
#11312 = CARTESIAN_POINT ( 'NONE',  ( -5.170000000000001700, -4.014999999999999700, -3.650000000000001700 ) ) ;
#11313 = SURFACE_STYLE_FILL_AREA ( #6629 ) ;
#11314 = EDGE_LOOP ( 'NONE', ( #10598, #4661, #8653, #14 ) ) ;
#11315 = CARTESIAN_POINT ( 'NONE',  ( 5.169999918295681100, -4.015000000000000600, -1.098821942543510400 ) ) ;
#11316 = DIRECTION ( 'NONE',  ( 3.526005099788157400E-016, -1.000000000000000000, -3.348994459872642300E-032 ) ) ;
#11317 = CYLINDRICAL_SURFACE ( 'NONE', #7586, 0.1799999999999996000 ) ;
#11318 = SURFACE_STYLE_USAGE ( .BOTH. , #5080 ) ;
#11319 = CARTESIAN_POINT ( 'NONE',  ( -4.725000000000002300, -3.815000000000000800, -1.175000000000000500 ) ) ;
#11320 = SURFACE_STYLE_FILL_AREA ( #8050 ) ;
#11321 = EDGE_CURVE ( 'NONE', #7104, #2553, #6912, .T. ) ;
#11322 = CARTESIAN_POINT ( 'NONE',  ( 3.350000000000003600, -3.764999999999999700, -0.9250000000000012700 ) ) ;
#11323 = CARTESIAN_POINT ( 'NONE',  ( 5.350000000000002300, -1.680000000000001500, 3.850000000000000500 ) ) ;
#11324 = VERTEX_POINT ( 'NONE', #10189 ) ;
#11325 = DIRECTION ( 'NONE',  ( 1.079575420682579900E-017, -1.000000000000000000, -1.426581805901979400E-016 ) ) ;
#11326 = AXIS2_PLACEMENT_3D ( 'NONE', #675, #4191, #10478 ) ;
#11327 = ADVANCED_FACE ( 'NONE', ( #4304 ), #5722, .T. ) ;
#11328 = MECHANICAL_DESIGN_GEOMETRIC_PRESENTATION_REPRESENTATION (  '', ( #11478 ), #11251 ) ;
#11329 = ORIENTED_EDGE ( 'NONE', *, *, #1963, .T. ) ;
#11330 = VECTOR ( 'NONE', #5582, 1000.000000000000000 ) ;
#11331 = CARTESIAN_POINT ( 'NONE',  ( 4.025000000000001200, -0.1249999999999998900, -0.8749999999999980000 ) ) ;
#11332 = UNCERTAINTY_MEASURE_WITH_UNIT (LENGTH_MEASURE( 1.000000000000000100E-005 ), #4496, 'distance_accuracy_value', 'NONE');
#11333 = ORIENTED_EDGE ( 'NONE', *, *, #10180, .T. ) ;
#11334 = FILL_AREA_STYLE_COLOUR ( '', #610 ) ;
#11335 = MECHANICAL_DESIGN_GEOMETRIC_PRESENTATION_REPRESENTATION (  '', ( #3045 ), #1605 ) ;
#11336 = DIRECTION ( 'NONE',  ( -1.426581805901979600E-016, 1.000000000000000000, 1.426581805901979400E-016 ) ) ;
#11337 = LINE ( 'NONE', #7524, #6301 ) ;
#11338 = PLANE ( 'NONE',  #10677 ) ;
#11339 = COLOUR_RGB ( '',1.000000000000000000, 1.000000000000000000, 1.000000000000000000 ) ;
#11341 = PRESENTATION_LAYER_ASSIGNMENT (  '', '', ( #11055 ) ) ;
#11340 = AXIS2_PLACEMENT_3D ( 'NONE', #10625, #5265, #11498 ) ;
#11342 = ORIENTED_EDGE ( 'NONE', *, *, #4148, .F. ) ;
#11343 = DIRECTION ( 'NONE',  ( -1.000000000000000000, -9.827563551769193000E-017, -3.504491870660224700E-017 ) ) ;
#11344 = ORIENTED_EDGE ( 'NONE', *, *, #1395, .F. ) ;
#11345 = EDGE_LOOP ( 'NONE', ( #7283, #698, #2077, #2351 ) ) ;
#11346 = EDGE_CURVE ( 'NONE', #10116, #2693, #8162, .T. ) ;
#11347 =( NAMED_UNIT ( * ) SI_UNIT ( $, .STERADIAN. ) SOLID_ANGLE_UNIT ( ) );
#11348 = CARTESIAN_POINT ( 'NONE',  ( -4.450000000000000200, 0.0000000000000000000, 4.999999999999999100 ) ) ;
#11349 = PRESENTATION_STYLE_ASSIGNMENT (( #837 ) ) ;
#11350 = ORIENTED_EDGE ( 'NONE', *, *, #5361, .T. ) ;
#11351 = LINE ( 'NONE', #1642, #9273 ) ;
#11352 = DIRECTION ( 'NONE',  ( -2.014244061477907700E-016, -2.140309255009110000E-017, 1.000000000000000000 ) ) ;
#11353 =( NAMED_UNIT ( * ) SI_UNIT ( $, .STERADIAN. ) SOLID_ANGLE_UNIT ( ) );
#11354 = LINE ( 'NONE', #4510, #8986 ) ;
#11355 = VERTEX_POINT ( 'NONE', #3978 ) ;
#11356 = CARTESIAN_POINT ( 'NONE',  ( -4.725000000000001400, -1.280119407162710600E-015, 0.9250000000000013800 ) ) ;
#11357 = SURFACE_STYLE_USAGE ( .BOTH. , #5301 ) ;
#11358 = VECTOR ( 'NONE', #2633, 1000.000000000000000 ) ;
#11359 = DIRECTION ( 'NONE',  ( 2.253857234975596600E-016, -0.6887494619146930000, -0.7249994335944138800 ) ) ;
#11360 = AXIS2_PLACEMENT_3D ( 'NONE', #7992, #7605, #7569 ) ;
#11361 = PRESENTATION_LAYER_ASSIGNMENT (  '', '', ( #10192 ) ) ;
#11362 = ORIENTED_EDGE ( 'NONE', *, *, #10531, .F. ) ;
#11363 = MECHANICAL_DESIGN_GEOMETRIC_PRESENTATION_REPRESENTATION (  '', ( #3952 ), #3769 ) ;
#11364 = CYLINDRICAL_SURFACE ( 'NONE', #11094, 0.05000000000000002400 ) ;
#11365 = DIRECTION ( 'NONE',  ( 1.927470528863119000E-016, 1.426581805901979600E-016, -1.000000000000000000 ) ) ;
#11366 =( NAMED_UNIT ( * ) PLANE_ANGLE_UNIT ( ) SI_UNIT ( $, .RADIAN. ) );
#11367 = DIRECTION ( 'NONE',  ( 1.000000000000000000, 0.0000000000000000000, 0.0000000000000000000 ) ) ;
#11368 = DIRECTION ( 'NONE',  ( -3.504491870660226600E-017, -1.426581805901979600E-016, 1.000000000000000000 ) ) ;
#11369 = ORIENTED_EDGE ( 'NONE', *, *, #7264, .T. ) ;
#11370 = ORIENTED_EDGE ( 'NONE', *, *, #7479, .T. ) ;
#11371 = PRESENTATION_STYLE_ASSIGNMENT (( #1344 ) ) ;
#11372 = UNCERTAINTY_MEASURE_WITH_UNIT (LENGTH_MEASURE( 1.000000000000000100E-005 ), #3030, 'distance_accuracy_value', 'NONE');
#11373 = FILL_AREA_STYLE ('',( #11334 ) ) ;
#11374 = EDGE_LOOP ( 'NONE', ( #2766, #9517, #2624, #8547 ) ) ;
#11375 = FILL_AREA_STYLE_COLOUR ( '', #11244 ) ;
#11376 = PRESENTATION_LAYER_ASSIGNMENT (  '', '', ( #9596 ) ) ;
#11377 = CARTESIAN_POINT ( 'NONE',  ( -5.250000000000000000, 0.0000000000000000000, 4.200000000000000200 ) ) ;
#11378 = SURFACE_STYLE_USAGE ( .BOTH. , #11420 ) ;
#11379 =( NAMED_UNIT ( * ) PLANE_ANGLE_UNIT ( ) SI_UNIT ( $, .RADIAN. ) );
#11380 = ORIENTED_EDGE ( 'NONE', *, *, #4226, .F. ) ;
#11381 = PRESENTATION_STYLE_ASSIGNMENT (( #5511 ) ) ;
#11382 = DIRECTION ( 'NONE',  ( -2.209081482755457800E-016, -1.426581805901979600E-016, 1.000000000000000000 ) ) ;
#11383 = ADVANCED_FACE ( 'NONE', ( #10559 ), #10268, .T. ) ;
#11384 = SURFACE_STYLE_FILL_AREA ( #4362 ) ;
#11385 = UNCERTAINTY_MEASURE_WITH_UNIT (LENGTH_MEASURE( 1.000000000000000100E-005 ), #5543, 'distance_accuracy_value', 'NONE');
#11386 = CARTESIAN_POINT ( 'NONE',  ( 4.975000000000003200, -3.539999999999998700, -0.7499999999999982200 ) ) ;
#11387 =( NAMED_UNIT ( * ) SI_UNIT ( $, .STERADIAN. ) SOLID_ANGLE_UNIT ( ) );
#11388 = CYLINDRICAL_SURFACE ( 'NONE', #11488, 0.1250000000000000000 ) ;
#11389 = DIRECTION ( 'NONE',  ( -1.000000000000000000, 0.0000000000000000000, 0.0000000000000000000 ) ) ;
#11390 = SURFACE_STYLE_FILL_AREA ( #2249 ) ;
#11391 = FILL_AREA_STYLE_COLOUR ( '', #5383 ) ;
#11392 = EDGE_CURVE ( 'NONE', #7454, #2982, #2666, .T. ) ;
#11393 = DIRECTION ( 'NONE',  ( 0.0000000000000000000, 0.0000000000000000000, -1.000000000000000000 ) ) ;
#11394 = ORIENTED_EDGE ( 'NONE', *, *, #9008, .F. ) ;
#11395 = AXIS2_PLACEMENT_3D ( 'NONE', #3623, #9837, #4493 ) ;
#11396 = CARTESIAN_POINT ( 'NONE',  ( -5.150000000000002100, -0.2000000000000015400, 3.850000000000000500 ) ) ;
#11397 = LINE ( 'NONE', #4587, #9032 ) ;
#11398 = DIRECTION ( 'NONE',  ( 1.426581805901979900E-016, 1.000000000000000000, 1.281360903504773400E-017 ) ) ;
#11399 = PRESENTATION_LAYER_ASSIGNMENT (  '', '', ( #11478 ) ) ;
#11400 = CARTESIAN_POINT ( 'NONE',  ( -3.790000000000002300, -0.2000000000000007000, -2.350000000000000500 ) ) ;
#11401 = ORIENTED_EDGE ( 'NONE', *, *, #2500, .T. ) ;
#11402 = CARTESIAN_POINT ( 'NONE',  ( -3.350000000000001400, -4.014999999999999700, -3.850000000000000500 ) ) ;
#11403 =( LENGTH_UNIT ( ) NAMED_UNIT ( * ) SI_UNIT ( .MILLI., .METRE. ) );
#11404 =( LENGTH_UNIT ( ) NAMED_UNIT ( * ) SI_UNIT ( .MILLI., .METRE. ) );
#11405 = VERTEX_POINT ( 'NONE', #9405 ) ;
#11406 = FILL_AREA_STYLE_COLOUR ( '', #5558 ) ;
#11407 = CARTESIAN_POINT ( 'NONE',  ( 3.350000000000004100, -1.680000000000000800, -3.850000000000001400 ) ) ;
#11408 = PRESENTATION_STYLE_ASSIGNMENT (( #10095 ) ) ;
#11409 = FACE_OUTER_BOUND ( 'NONE', #1296, .T. ) ;
#11410 = CIRCLE ( 'NONE', #11292, 0.04999999999999991300 ) ;
#11411 = CARTESIAN_POINT ( 'NONE',  ( 3.350000000000004100, -3.765000000000000100, -1.125000000000000900 ) ) ;
#11412 = SURFACE_STYLE_USAGE ( .BOTH. , #11482 ) ;
#11413 = EDGE_CURVE ( 'NONE', #7980, #2124, #244, .T. ) ;
#11414 = EDGE_LOOP ( 'NONE', ( #6991, #6848, #8510, #905 ) ) ;
#11415 = UNCERTAINTY_MEASURE_WITH_UNIT (LENGTH_MEASURE( 1.000000000000000100E-005 ), #280, 'distance_accuracy_value', 'NONE');
#11416 = EDGE_CURVE ( 'NONE', #3053, #3531, #7332, .T. ) ;
#11417 = PRESENTATION_LAYER_ASSIGNMENT (  '', '', ( #10245 ) ) ;
#11418 = VERTEX_POINT ( 'NONE', #4083 ) ;
#11419 = VECTOR ( 'NONE', #9091, 1000.000000000000000 ) ;
#11420 = SURFACE_SIDE_STYLE ('',( #5401 ) ) ;
#11421 = VECTOR ( 'NONE', #5986, 1000.000000000000000 ) ;
#11422 = FACE_OUTER_BOUND ( 'NONE', #2117, .T. ) ;
#11423 = VECTOR ( 'NONE', #5709, 1000.000000000000000 ) ;
#11424 = COLOUR_RGB ( '',1.000000000000000000, 1.000000000000000000, 1.000000000000000000 ) ;
#11425 = FILL_AREA_STYLE ('',( #4312 ) ) ;
#11426 = ORIENTED_EDGE ( 'NONE', *, *, #4638, .T. ) ;
#11427 = DIRECTION ( 'NONE',  ( -1.927470528863118800E-016, -1.281360903504770600E-017, 1.000000000000000000 ) ) ;
#11428 = CARTESIAN_POINT ( 'NONE',  ( 4.350000000000005000, -3.715000000000000700, 0.9249999999999994900 ) ) ;
#11429 = EDGE_LOOP ( 'NONE', ( #199, #8292, #6850, #7553 ) ) ;
#11430 = STYLED_ITEM ( 'NONE', ( #4228 ), #6647 ) ;
#11431 = STYLED_ITEM ( 'NONE', ( #269 ), #10759 ) ;
#11432 = AXIS2_PLACEMENT_3D ( 'NONE', #9513, #4428, #1340 ) ;
#11433 =( NAMED_UNIT ( * ) SI_UNIT ( $, .STERADIAN. ) SOLID_ANGLE_UNIT ( ) );
#11434 = VECTOR ( 'NONE', #305, 1000.000000000000000 ) ;
#11435 = ORIENTED_EDGE ( 'NONE', *, *, #3634, .F. ) ;
#11436 = EDGE_LOOP ( 'NONE', ( #6703, #6842, #2638, #873 ) ) ;
#11437 = ORIENTED_EDGE ( 'NONE', *, *, #10466, .T. ) ;
#11438 = PLANE ( 'NONE',  #8486 ) ;
#11439 =( GEOMETRIC_REPRESENTATION_CONTEXT ( 3 ) GLOBAL_UNCERTAINTY_ASSIGNED_CONTEXT ( ( #2514 ) ) GLOBAL_UNIT_ASSIGNED_CONTEXT ( ( #3229, #7416, #3870 ) ) REPRESENTATION_CONTEXT ( 'NONE', 'WORKASPACE' ) );
#11440 = DIRECTION ( 'NONE',  ( -2.409338161078898200E-017, 1.426581805901979400E-016, -1.000000000000000000 ) ) ;
#11441 = UNCERTAINTY_MEASURE_WITH_UNIT (LENGTH_MEASURE( 1.000000000000000100E-005 ), #6057, 'distance_accuracy_value', 'NONE');
#11442 = SURFACE_STYLE_USAGE ( .BOTH. , #11506 ) ;
#11443 = APPLICATION_PROTOCOL_DEFINITION ( 'draft international standard', 'automotive_design', 1998, #5199 ) ;
#11444 = AXIS2_PLACEMENT_3D ( 'NONE', #4144, #4103, #4066 ) ;
#11445 = ADVANCED_FACE ( 'NONE', ( #4704 ), #2361, .F. ) ;
#11446 = CARTESIAN_POINT ( 'NONE',  ( -5.350000000000002300, -3.835000000000000400, -1.007842712474619700 ) ) ;
#11447 = DIRECTION ( 'NONE',  ( 1.000000000000000000, 1.426581805901979400E-016, 1.927470528863119300E-016 ) ) ;
#11448 = EDGE_CURVE ( 'NONE', #2799, #3786, #1531, .T. ) ;
#11449 = DIRECTION ( 'NONE',  ( 0.0000000000000000000, 1.000000000000000000, 0.0000000000000000000 ) ) ;
#11450 =( BOUNDED_CURVE ( )  B_SPLINE_CURVE ( 3, ( #1992, #8300, #9348, #4993 ),
 .UNSPECIFIED., .F., .F. ) 
 B_SPLINE_CURVE_WITH_KNOTS ( ( 4, 4 ),
 ( 3.141592653589793600, 4.712388980384689700 ),
 .UNSPECIFIED. ) 
 CURVE ( )  GEOMETRIC_REPRESENTATION_ITEM ( )  RATIONAL_B_SPLINE_CURVE ( ( 1.000000000000000000, 0.8047378541243650500, 0.8047378541243650500, 1.000000000000000000 ) ) 
 REPRESENTATION_ITEM ( '' )  );
#11451 = PLANE ( 'NONE',  #2467 ) ;
#11452 = EDGE_LOOP ( 'NONE', ( #8335, #5739, #11187, #10131 ) ) ;
#11453 = CARTESIAN_POINT ( 'NONE',  ( -4.590000000000001600, -0.2000000000000004800, -3.850000000000000500 ) ) ;
#11454 = CARTESIAN_POINT ( 'NONE',  ( 3.355000000000002600, -3.714999999999994500, -0.7499999999999984500 ) ) ;
#11455 = LINE ( 'NONE', #2900, #6711 ) ;
#11456 = CARTESIAN_POINT ( 'NONE',  ( 4.025000000000001200, -0.1250000000000016400, -0.8749999999999980000 ) ) ;
#11457 = ORIENTED_EDGE ( 'NONE', *, *, #7965, .F. ) ;
#11458 = DIRECTION ( 'NONE',  ( 2.014244061477911900E-016, 3.348823158252935100E-015, -1.000000000000000000 ) ) ;
#11459 = PRESENTATION_LAYER_ASSIGNMENT (  '', '', ( #7928 ) ) ;
#11460 = AXIS2_PLACEMENT_3D ( 'NONE', #2104, #8252, #3003 ) ;
#11461 = CARTESIAN_POINT ( 'NONE',  ( 5.050000000000003400, 0.0000000000000000000, -3.899999999999999900 ) ) ;
#11462 = DIRECTION ( 'NONE',  ( 0.0000000000000000000, 0.0000000000000000000, -1.000000000000000000 ) ) ;
#11463 = EDGE_LOOP ( 'NONE', ( #8715, #714, #11132, #381, #5471 ) ) ;
#11464 = AXIS2_PLACEMENT_3D ( 'NONE', #6191, #9357, #4595 ) ;
#11465 = DIRECTION ( 'NONE',  ( 1.000000000000000000, 9.035018104045871900E-017, 0.0000000000000000000 ) ) ;
#11466 = PRESENTATION_STYLE_ASSIGNMENT (( #3366 ) ) ;
#11467 =( LENGTH_UNIT ( ) NAMED_UNIT ( * ) SI_UNIT ( .MILLI., .METRE. ) );
#11468 = DIRECTION ( 'NONE',  ( 0.0000000000000000000, 1.000000000000000000, 0.0000000000000000000 ) ) ;
#11469 = LINE ( 'NONE', #3637, #11191 ) ;
#11470 = DIRECTION ( 'NONE',  ( 0.0000000000000000000, -0.0000000000000000000, -1.000000000000000000 ) ) ;
#11471 =( GEOMETRIC_REPRESENTATION_CONTEXT ( 3 ) GLOBAL_UNCERTAINTY_ASSIGNED_CONTEXT ( ( #7081 ) ) GLOBAL_UNIT_ASSIGNED_CONTEXT ( ( #3747, #3724, #3378 ) ) REPRESENTATION_CONTEXT ( 'NONE', 'WORKASPACE' ) );
#11472 = CARTESIAN_POINT ( 'NONE',  ( -3.350000000000002300, -0.2000000000000011800, 0.9250000000000002700 ) ) ;
#11473 = VERTEX_POINT ( 'NONE', #11240 ) ;
#11474 =( NAMED_UNIT ( * ) SI_UNIT ( $, .STERADIAN. ) SOLID_ANGLE_UNIT ( ) );
#11475 = VERTEX_POINT ( 'NONE', #6799 ) ;
#11476 =( BOUNDED_CURVE ( )  B_SPLINE_CURVE ( 3, ( #1448, #2378, #10356, #4985 ),
 .UNSPECIFIED., .F., .F. ) 
 B_SPLINE_CURVE_WITH_KNOTS ( ( 4, 4 ),
 ( 0.0000000000000000000, 1.570796326794896600 ),
 .UNSPECIFIED. ) 
 CURVE ( )  GEOMETRIC_REPRESENTATION_ITEM ( )  RATIONAL_B_SPLINE_CURVE ( ( 1.000000000000000000, 0.8047378541243649400, 0.8047378541243649400, 1.000000000000000000 ) ) 
 REPRESENTATION_ITEM ( '' )  );
#11477 = ORIENTED_EDGE ( 'NONE', *, *, #5362, .T. ) ;
#11478 = STYLED_ITEM ( 'NONE', ( #655 ), #1251 ) ;
#11479 = DIRECTION ( 'NONE',  ( -1.000000000000000000, -1.426581805901979400E-016, -1.927470528863119300E-016 ) ) ;
#11480 = FACE_OUTER_BOUND ( 'NONE', #179, .T. ) ;
#11481 = CARTESIAN_POINT ( 'NONE',  ( 4.850000000000002300, -3.390000000000000600, -0.9250000000000004900 ) ) ;
#11482 = SURFACE_SIDE_STYLE ('',( #4947 ) ) ;
#11483 = EDGE_LOOP ( 'NONE', ( #6448, #5614, #7576, #6261 ) ) ;
#11484 = ORIENTED_EDGE ( 'NONE', *, *, #2389, .F. ) ;
#11485 = ORIENTED_EDGE ( 'NONE', *, *, #1579, .F. ) ;
#11486 = DIRECTION ( 'NONE',  ( 1.000000000000000000, 6.736636305648235200E-017, 1.927470528863119300E-016 ) ) ;
#11487 = AXIS2_PLACEMENT_3D ( 'NONE', #5656, #5500, #5347 ) ;
#11488 = AXIS2_PLACEMENT_3D ( 'NONE', #2951, #258, #4735 ) ;
#11489 = FILL_AREA_STYLE ('',( #6037 ) ) ;
#11490 = VECTOR ( 'NONE', #2941, 1000.000000000000000 ) ;
#11491 = SURFACE_STYLE_USAGE ( .BOTH. , #5252 ) ;
#11492 = EDGE_CURVE ( 'NONE', #10346, #2693, #10686, .T. ) ;
#11493 = VERTEX_POINT ( 'NONE', #5012 ) ;
#11494 = CARTESIAN_POINT ( 'NONE',  ( -5.050000000000002500, 0.0000000000000000000, 3.899999999999999900 ) ) ;
#11495 = FACE_OUTER_BOUND ( 'NONE', #9533, .T. ) ;
#11496 = ORIENTED_EDGE ( 'NONE', *, *, #6624, .F. ) ;
#11497 = CARTESIAN_POINT ( 'NONE',  ( 4.725000000000003200, -3.714999999999998500, 0.7500000000000018900 ) ) ;
#11498 = DIRECTION ( 'NONE',  ( 0.0000000000000000000, 0.0000000000000000000, 1.000000000000000000 ) ) ;
#11499 = DIRECTION ( 'NONE',  ( -3.526005099788157400E-016, -1.000000000000000000, -2.853163611803959300E-016 ) ) ;
#11500 = STYLED_ITEM ( 'NONE', ( #3391 ), #7357 ) ;
#11501 = AXIS2_PLACEMENT_3D ( 'NONE', #5841, #517, #6722 ) ;
#11502 = CARTESIAN_POINT ( 'NONE',  ( 2.950000000000002800, -3.665000000000000900, -2.625000000000000000 ) ) ;
#11503 = EDGE_CURVE ( 'NONE', #1383, #10116, #8580, .T. ) ;
#11504 = EDGE_CURVE ( 'NONE', #4406, #9901, #8298, .T. ) ;
#11505 = ORIENTED_EDGE ( 'NONE', *, *, #9046, .T. ) ;
#11506 = SURFACE_SIDE_STYLE ('',( #3983 ) ) ;
#11507 =( NAMED_UNIT ( * ) SI_UNIT ( $, .STERADIAN. ) SOLID_ANGLE_UNIT ( ) );
#11508 = FILL_AREA_STYLE_COLOUR ( '', #11080 ) ;
#11509 = LINE ( 'NONE', #6118, #9156 ) ;
#11510 = CARTESIAN_POINT ( 'NONE',  ( -5.350000000000002300, -0.2000000000000012000, 1.125000000000000000 ) ) ;
#11511 = FILL_AREA_STYLE ('',( #3630 ) ) ;
#11512 = VERTEX_POINT ( 'NONE', #11290 ) ;
#11513 = EDGE_CURVE ( 'NONE', #4306, #5724, #8018, .T. ) ;
#11514 = SURFACE_STYLE_FILL_AREA ( #872 ) ;
#11515 = EDGE_CURVE ( 'NONE', #3795, #10310, #10418, .T. ) ;
#11516 = DIRECTION ( 'NONE',  ( -1.000000000000000000, 6.776263578034399000E-017, 0.0000000000000000000 ) ) ;
#11517 = FACE_OUTER_BOUND ( 'NONE', #7931, .T. ) ;
#11518 = FACE_OUTER_BOUND ( 'NONE', #6821, .T. ) ;
#11519 = CARTESIAN_POINT ( 'NONE',  ( 5.150000000000003900, -3.390000000000000600, 1.175000000000000000 ) ) ;
#11520 = PRESENTATION_LAYER_ASSIGNMENT (  '', '', ( #3288 ) ) ;
#11521 = VERTEX_POINT ( 'NONE', #7733 ) ;
#11522 = COLOUR_RGB ( '',1.000000000000000000, 1.000000000000000000, 1.000000000000000000 ) ;
#11523 = LINE ( 'NONE', #3998, #4722 ) ;
#11524 = DIRECTION ( 'NONE',  ( -0.0000000000000000000, 1.000000000000000000, -0.0000000000000000000 ) ) ;
#11525 = LINE ( 'NONE', #10016, #4724 ) ;
#11526 = FILL_AREA_STYLE_COLOUR ( '', #9525 ) ;
#11527 = COLOUR_RGB ( '',0.9098039215686274400, 0.4431372549019607600, 0.03137254901960784300 ) ;
#11528 = DIRECTION ( 'NONE',  ( -1.079575420682579900E-017, 1.000000000000000000, 1.426581805901979100E-016 ) ) ;
#11529 = ORIENTED_EDGE ( 'NONE', *, *, #2712, .F. ) ;
#11530 = SURFACE_STYLE_USAGE ( .BOTH. , #5306 ) ;
#11531 = EDGE_CURVE ( 'NONE', #290, #7518, #3612, .T. ) ;
#11532 =( NAMED_UNIT ( * ) SI_UNIT ( $, .STERADIAN. ) SOLID_ANGLE_UNIT ( ) );
#11533 = ORIENTED_EDGE ( 'NONE', *, *, #7339, .F. ) ;
#11534 = AXIS2_PLACEMENT_3D ( 'NONE', #11181, #5846, #520 ) ;
#11535 = CARTESIAN_POINT ( 'NONE',  ( 5.050000000000002500, -3.865000000000000200, 2.629999999999999900 ) ) ;
#11536 = EDGE_LOOP ( 'NONE', ( #2805, #11435, #10242, #3915 ) ) ;
#11537 = DIRECTION ( 'NONE',  ( -1.000000000000000000, 3.657902066415302200E-018, -1.927470528863119000E-016 ) ) ;
#11538 = SURFACE_STYLE_USAGE ( .BOTH. , #7410 ) ;
#11539 = AXIS2_PLACEMENT_3D ( 'NONE', #10475, #10427, #10362 ) ;
#11540 = SURFACE_STYLE_FILL_AREA ( #3540 ) ;
#11541 = SURFACE_STYLE_FILL_AREA ( #7239 ) ;
#11542 = FACE_OUTER_BOUND ( 'NONE', #2428, .T. ) ;
#11543 = CARTESIAN_POINT ( 'NONE',  ( 3.791564028866438700, -0.1000000000000004500, -3.100000000000001000 ) ) ;
#11544 = ORIENTED_EDGE ( 'NONE', *, *, #475, .F. ) ;
#11545 = SURFACE_SIDE_STYLE ('',( #4932 ) ) ;
#11546 = ORIENTED_EDGE ( 'NONE', *, *, #10623, .T. ) ;
#11547 = CIRCLE ( 'NONE', #1757, 0.2999999999999999300 ) ;
#11548 = CARTESIAN_POINT ( 'NONE',  ( -5.140895911831524500, -0.2082588412013752200, -2.349349673377433500 ) ) ;
#11550 = AXIS2_PLACEMENT_3D ( 'NONE', #7018, #6978, #6856 ) ;
#11549 = AXIS2_PLACEMENT_3D ( 'NONE', #9468, #4149, #10366 ) ;
#11551 = VECTOR ( 'NONE', #7252, 1000.000000000000000 ) ;
#11552 = ORIENTED_EDGE ( 'NONE', *, *, #5965, .T. ) ;
#11553 = PLANE ( 'NONE',  #2829 ) ;
#11554 = NEXT_ASSEMBLY_USAGE_OCCURRENCE ( 'NAUO1', ' ', ' ', #2768, #1558, $ ) ;
ENDSEC;
END-ISO-10303-21;
