ISO-10303-21;
HEADER;
FILE_DESCRIPTION (( 'STEP AP214' ),
    '1' );
FILE_NAME ('CD14538BNSR.STEP',
    '2026-05-11T09:11:32',
    ( 'LENOVO' ),
    ( '' ),
    'SwSTEP 2.0',
    'SolidWorks 2021',
    '' );
FILE_SCHEMA (( 'AUTOMOTIVE_DESIGN' ));
ENDSEC;

DATA;
#1 = VECTOR ( 'NONE', #2812, 1000.000000000000114 ) ;
#2 = CARTESIAN_POINT ( 'NONE',  ( -2.649999999999999911, 1.075000000000001288, -1.690000000000000169 ) ) ;
#3 = FILL_AREA_STYLE_COLOUR ( '', #4940 ) ;
#4 = CARTESIAN_POINT ( 'NONE',  ( -2.410687842433212769, 1.850000000000001199, 4.860687842433216943 ) ) ;
#5 = DIRECTION ( 'NONE',  ( 0.000000000000000000, 0.000000000000000000, 1.000000000000000000 ) ) ;
#6 = CARTESIAN_POINT ( 'NONE',  ( -2.650000000000001243, 1.225000000000001199, -5.099999999999995204 ) ) ;
#7 = DIRECTION ( 'NONE',  ( 1.000000000000000000, 0.000000000000000000, 0.000000000000000000 ) ) ;
#8 = ADVANCED_FACE ( 'NONE', ( #3717 ), #1846, .F. ) ;
#9 = EDGE_LOOP ( 'NONE', ( #6732, #3326, #774, #3518 ) ) ;
#10 = ORIENTED_EDGE ( 'NONE', *, *, #8313, .T. ) ;
#11 = VECTOR ( 'NONE', #6595, 1000.000000000000000 ) ;
#12 = ORIENTED_EDGE ( 'NONE', *, *, #2896, .T. ) ;
#13 = CARTESIAN_POINT ( 'NONE',  ( 2.649999999999999911, 1.075000000000001288, -0.4200000000000002620 ) ) ;
#14 = DIRECTION ( 'NONE',  ( 1.000000000000000000, 0.000000000000000000, -0.000000000000000000 ) ) ;
#15 = PLANE ( 'NONE',  #1003 ) ;
#16 = LINE ( 'NONE', #6799, #5723 ) ;
#17 = EDGE_CURVE ( 'NONE', #3304, #1621, #3732, .T. ) ;
#18 = CARTESIAN_POINT ( 'NONE',  ( -3.364923542069633289, 0.3209860491535506677, -0.4200000000000002620 ) ) ;
#19 = DIRECTION ( 'NONE',  ( -0.08715574274765759688, 0.9961946980917455452, 0.000000000000000000 ) ) ;
#20 = LINE ( 'NONE', #3737, #5711 ) ;
#21 = CARTESIAN_POINT ( 'NONE',  ( 3.899999999999999467, 0.1494292047137622814, -3.389999999999999680 ) ) ;
#22 = VERTEX_POINT ( 'NONE', #5678 ) ;
#23 = EDGE_LOOP ( 'NONE', ( #861, #3831, #3629, #4537 ) ) ;
#24 = PLANE ( 'NONE',  #1350 ) ;
#25 = CARTESIAN_POINT ( 'NONE',  ( -2.783586933657053564, 0.9507309672654410404, -2.959999999999999964 ) ) ;
#26 = LINE ( 'NONE', #6500, #180 ) ;
#27 = AXIS2_PLACEMENT_3D ( 'NONE', #430, #7544, #8139 ) ;
#28 = ORIENTED_EDGE ( 'NONE', *, *, #231, .T. ) ;
#29 =( BOUNDED_CURVE ( )  B_SPLINE_CURVE ( 3, ( #6742, #7379, #7433, #7972 ),
 .UNSPECIFIED., .F., .F. ) 
 B_SPLINE_CURVE_WITH_KNOTS ( ( 4, 4 ),
 ( 3.141592653589793116, 3.151277835258262439 ),
 .UNSPECIFIED. ) 
 CURVE ( )  GEOMETRIC_REPRESENTATION_ITEM ( )  RATIONAL_B_SPLINE_CURVE ( ( 1.000000000000000000, 0.9999921831199466427, 0.9999921831199466427, 1.000000000000000000 ) ) 
 REPRESENTATION_ITEM ( '' )  );
#30 = EDGE_CURVE ( 'NONE', #1868, #1269, #6760, .T. ) ;
#31 = DIRECTION ( 'NONE',  ( 0.000000000000000000, 1.000000000000000000, 0.000000000000000000 ) ) ;
#32 = AXIS2_PLACEMENT_3D ( 'NONE', #3057, #3684, #5079 ) ;
#33 = DIRECTION ( 'NONE',  ( 1.623215898148971339E-15, 1.000000000000000000, 0.000000000000000000 ) ) ;
#34 = LINE ( 'NONE', #7540, #5738 ) ;
#35 = EDGE_CURVE ( 'NONE', #3182, #290, #1051, .T. ) ;
#36 = LINE ( 'NONE', #2408, #2827 ) ;
#37 = VERTEX_POINT ( 'NONE', #2444 ) ;
#38 = VERTEX_POINT ( 'NONE', #5790 ) ;
#39 = FACE_OUTER_BOUND ( 'NONE', #4628, .T. ) ;
#40 = ORIENTED_EDGE ( 'NONE', *, *, #2687, .T. ) ;
#41 = CARTESIAN_POINT ( 'NONE',  ( -3.341019420808970963, 0.04776069289263019935, -4.230000000000000426 ) ) ;
#42 = CARTESIAN_POINT ( 'NONE',  ( 2.783586933657053564, 1.075000000000001066, 3.389999999999999680 ) ) ;
#43 = CARTESIAN_POINT ( 'NONE',  ( -3.899999999999999467, 0.1494292047137622814, -2.959999999999999964 ) ) ;
#44 = ADVANCED_FACE ( 'NONE', ( #6704 ), #4487, .F. ) ;
#45 = AXIS2_PLACEMENT_3D ( 'NONE', #8384, #3203, #5730 ) ;
#46 = LINE ( 'NONE', #428, #5693 ) ;
#47 = LINE ( 'NONE', #4769, #5725 ) ;
#48 = CARTESIAN_POINT ( 'NONE',  ( 3.341019420808970963, 0.04776069289263030343, 1.690000000000000613 ) ) ;
#49 = CARTESIAN_POINT ( 'NONE',  ( -3.364923542069633289, 0.3209860491535506677, 4.660000000000000142 ) ) ;
#50 = EDGE_CURVE ( 'NONE', #6724, #4830, #1098, .T. ) ;
#51 = EDGE_CURVE ( 'NONE', #6109, #6845, #6748, .T. ) ;
#52 = ORIENTED_EDGE ( 'NONE', *, *, #6822, .T. ) ;
#53 = ORIENTED_EDGE ( 'NONE', *, *, #2701, .F. ) ;
#54 = ORIENTED_EDGE ( 'NONE', *, *, #2103, .T. ) ;
#55 = PLANE ( 'NONE',  #7856 ) ;
#56 = EDGE_CURVE ( 'NONE', #1543, #3627, #3633, .T. ) ;
#57 = PRESENTATION_LAYER_ASSIGNMENT (  '', '', ( #2630 ) ) ;
#58 = CARTESIAN_POINT ( 'NONE',  ( -2.903621601783326067, 0.9828941596536137082, 0.8500000000000000888 ) ) ;
#59 = DIRECTION ( 'NONE',  ( 0.000000000000000000, -0.000000000000000000, -1.000000000000000000 ) ) ;
#60 = CIRCLE ( 'NONE', #4694, 0.2999999999999999334 ) ;
#61 = CARTESIAN_POINT ( 'NONE',  ( -2.650000000000001243, 1.225000000000000755, -4.950484260976129036 ) ) ;
#62 = CARTESIAN_POINT ( 'NONE',  ( -2.783586933657053564, 0.9507309672654410404, -0.4200000000000002620 ) ) ;
#63 = CARTESIAN_POINT ( 'NONE',  ( 2.903621601783326067, 0.9828941596536137082, 1.690000000000000613 ) ) ;
#64 = SURFACE_STYLE_FILL_AREA ( #1661 ) ;
#65 = ADVANCED_FACE ( 'NONE', ( #6488 ), #6523, .F. ) ;
#66 = ORIENTED_EDGE ( 'NONE', *, *, #6991, .T. ) ;
#67 = EDGE_LOOP ( 'NONE', ( #6541, #4858, #1281, #6848, #4107, #3888, #7949, #6662, #930, #971, #3771, #6968 ) ) ;
#68 = DIRECTION ( 'NONE',  ( 0.2588190451025219607, -0.9659258262890678681, 0.000000000000000000 ) ) ;
#69 = LINE ( 'NONE', #3124, #5673 ) ;
#70 = ORIENTED_EDGE ( 'NONE', *, *, #4870, .T. ) ;
#71 = DIRECTION ( 'NONE',  ( 0.000000000000000000, -1.000000000000000000, 0.000000000000000000 ) ) ;
#72 = COLOUR_RGB ( '',0.8000000000000000444, 0.8196078431372548767, 0.9333333333333333481 ) ;
#73 = AXIS2_PLACEMENT_3D ( 'NONE', #2092, #3321, #3533 ) ;
#74 = CARTESIAN_POINT ( 'NONE',  ( 2.649999999999999911, 1.225000000000001199, -2.959999999999999964 ) ) ;
#75 = EDGE_CURVE ( 'NONE', #331, #3196, #885, .T. ) ;
#76 = EDGE_CURVE ( 'NONE', #464, #2025, #7142, .T. ) ;
#77 = DIRECTION ( 'NONE',  ( 1.000000000000000000, 0.000000000000000000, 0.000000000000000000 ) ) ;
#78 = DIRECTION ( 'NONE',  ( -0.9961946980917455452, -0.08715574274765840179, 0.000000000000000000 ) ) ;
#79 = CARTESIAN_POINT ( 'NONE',  ( -2.903621601783326067, 0.9828941596536137082, 4.660000000000000142 ) ) ;
#80 = EDGE_LOOP ( 'NONE', ( #1735, #1460, #6923, #5417 ) ) ;
#81 = VERTEX_POINT ( 'NONE', #2490 ) ;
#82 = FACE_OUTER_BOUND ( 'NONE', #2551, .T. ) ;
#83 = ORIENTED_EDGE ( 'NONE', *, *, #2481, .F. ) ;
#84 = VECTOR ( 'NONE', #3766, 1000.000000000000114 ) ;
#85 = DIRECTION ( 'NONE',  ( 1.623215898148971339E-15, 1.000000000000000000, 0.000000000000000000 ) ) ;
#86 = AXIS2_PLACEMENT_3D ( 'NONE', #3767, #97, #1275 ) ;
#87 = LINE ( 'NONE', #1030, #2640 ) ;
#88 = VECTOR ( 'NONE', #7703, 1000.000000000000227 ) ;
#89 = EDGE_CURVE ( 'NONE', #1420, #5453, #4314, .T. ) ;
#90 = CLOSED_SHELL ( 'NONE', ( #780, #8082, #4025, #4601, #8332, #2952, #1380, #3062, #7276, #4043, #118, #3749, #2015, #4136 ) ) ;
#91 = ORIENTED_EDGE ( 'NONE', *, *, #2446, .T. ) ;
#92 = VERTEX_POINT ( 'NONE', #4600 ) ;
#93 = DIRECTION ( 'NONE',  ( -0.000000000000000000, 0.000000000000000000, 1.000000000000000000 ) ) ;
#94 = LINE ( 'NONE', #6074, #2852 ) ;
#95 = CARTESIAN_POINT ( 'NONE',  ( 3.341019420808970963, 0.04776069289263019935, -1.690000000000000169 ) ) ;
#96 = EDGE_LOOP ( 'NONE', ( #5820, #473, #3284 ) ) ;
#97 = DIRECTION ( 'NONE',  ( -1.623215898148971339E-15, 1.000000000000000000, 0.000000000000000000 ) ) ;
#98 = DIRECTION ( 'NONE',  ( -0.08715574274765838791, -0.9961946980917455452, 0.000000000000000000 ) ) ;
#99 = CARTESIAN_POINT ( 'NONE',  ( -3.341019420808970963, 0.04776069289263019935, 3.389999999999999680 ) ) ;
#100 = CARTESIAN_POINT ( 'NONE',  ( 3.244888873943359897, 0.2888228567653777779, 2.959999999999999964 ) ) ;
#101 = DIRECTION ( 'NONE',  ( 0.9659258262890679791, 0.2588190451025220717, 0.000000000000000000 ) ) ;
#102 = ORIENTED_EDGE ( 'NONE', *, *, #5119, .T. ) ;
#103 = ORIENTED_EDGE ( 'NONE', *, *, #4718, .T. ) ;
#104 = EDGE_CURVE ( 'NONE', #7448, #6004, #4103, .T. ) ;
#105 = ORIENTED_EDGE ( 'NONE', *, *, #8261, .T. ) ;
#106 = DIRECTION ( 'NONE',  ( -1.000000000000000000, 0.000000000000000000, 0.000000000000000000 ) ) ;
#107 = CARTESIAN_POINT ( 'NONE',  ( -3.099999999999999645, 0.2499999999999996392, -1.690000000000000169 ) ) ;
#108 = ADVANCED_FACE ( 'NONE', ( #1145 ), #1200, .T. ) ;
#109 = AXIS2_PLACEMENT_3D ( 'NONE', #6989, #2470, #1369 ) ;
#110 = CARTESIAN_POINT ( 'NONE',  ( 3.341019420808970963, 0.04776069289263019935, 0.8500000000000000888 ) ) ;
#111 = CYLINDRICAL_SURFACE ( 'NONE', #8150, 0.1242690327345600532 ) ;
#112 = PLANE ( 'NONE',  #820 ) ;
#113 = DIRECTION ( 'NONE',  ( -0.2588190451025220717, 0.9659258262890678681, 0.000000000000000000 ) ) ;
#114 = CARTESIAN_POINT ( 'NONE',  ( 2.559228052744447979, 0.4291240348559910989, 4.860687842433215167 ) ) ;
#115 = CARTESIAN_POINT ( 'NONE',  ( -3.899999999999999467, 0.1494292047137622814, -4.660000000000000142 ) ) ;
#116 = PLANE ( 'NONE',  #8289 ) ;
#117 = COLOUR_RGB ( '',0.8000000000000000444, 0.8196078431372548767, 0.9333333333333333481 ) ;
#118 = ADVANCED_FACE ( 'NONE', ( #3928 ), #7166, .F. ) ;
#119 = ORIENTED_EDGE ( 'NONE', *, *, #4387, .F. ) ;
#120 = ORIENTED_EDGE ( 'NONE', *, *, #6510, .T. ) ;
#121 = CARTESIAN_POINT ( 'NONE',  ( 2.649999999999999911, 1.225000000000001199, -1.690000000000000169 ) ) ;
#122 = LINE ( 'NONE', #6120, #2878 ) ;
#123 = VERTEX_POINT ( 'NONE', #100 ) ;
#124 = DIRECTION ( 'NONE',  ( 0.9961946980917456562, 0.08715574274765761076, -0.000000000000000000 ) ) ;
#125 = VECTOR ( 'NONE', #5306, 1000.000000000000000 ) ;
#126 = PLANE ( 'NONE',  #3272 ) ;
#127 = EDGE_CURVE ( 'NONE', #650, #2943, #6977, .T. ) ;
#128 = CARTESIAN_POINT ( 'NONE',  ( -2.783586933657053564, 1.075000000000001066, -0.4200000000000002620 ) ) ;
#129 = STYLED_ITEM ( 'NONE', ( #2037 ), #4564 ) ;
#130 = DIRECTION ( 'NONE',  ( 0.000000000000000000, -0.000000000000000000, -1.000000000000000000 ) ) ;
#131 = CARTESIAN_POINT ( 'NONE',  ( -2.500000000000000000, 1.225000000000001199, 5.100000000000004086 ) ) ;
#132 = LINE ( 'NONE', #3343, #5525 ) ;
#133 = ADVANCED_FACE ( 'NONE', ( #1277 ), #3960, .F. ) ;
#134 = DIRECTION ( 'NONE',  ( 1.000000000000000000, 0.000000000000000000, 0.000000000000000000 ) ) ;
#135 = EDGE_LOOP ( 'NONE', ( #6144, #1355, #6204, #6317, #3635, #6148, #7227, #6301, #1075, #683, #6082, #758 ) ) ;
#136 = VERTEX_POINT ( 'NONE', #6749 ) ;
#137 = DIRECTION ( 'NONE',  ( 0.9961946980917456562, 0.08715574274765761076, -0.000000000000000000 ) ) ;
#138 = CARTESIAN_POINT ( 'NONE',  ( 3.244888873943359897, 0.2888228567653777779, -3.389999999999999680 ) ) ;
#139 = LINE ( 'NONE', #1478, #2891 ) ;
#140 = AXIS2_PLACEMENT_3D ( 'NONE', #8232, #3035, #2979 ) ;
#141 = ORIENTED_EDGE ( 'NONE', *, *, #7096, .F. ) ;
#142 = DIRECTION ( 'NONE',  ( -0.2588190451025220717, 0.9659258262890678681, 0.000000000000000000 ) ) ;
#143 = AXIS2_PLACEMENT_3D ( 'NONE', #4617, #124, #1971 ) ;
#144 = FACE_OUTER_BOUND ( 'NONE', #763, .T. ) ;
#145 = EDGE_CURVE ( 'NONE', #2995, #8005, #3977, .T. ) ;
#146 = PRESENTATION_LAYER_ASSIGNMENT (  '', '', ( #6151 ) ) ;
#147 = CARTESIAN_POINT ( 'NONE',  ( 2.649999999999999911, 1.225000000000001199, 0.4200000000000002620 ) ) ;
#148 = VECTOR ( 'NONE', #8086, 1000.000000000000000 ) ;
#149 = AXIS2_PLACEMENT_3D ( 'NONE', #4430, #6197, #4263 ) ;
#150 = LINE ( 'NONE', #5754, #2897 ) ;
#151 = ORIENTED_EDGE ( 'NONE', *, *, #3640, .T. ) ;
#152 = ORIENTED_EDGE ( 'NONE', *, *, #4815, .F. ) ;
#153 = ORIENTED_EDGE ( 'NONE', *, *, #3360, .F. ) ;
#154 = FILL_AREA_STYLE ('',( #4703 ) ) ;
#155 = DIRECTION ( 'NONE',  ( -0.000000000000000000, 0.000000000000000000, 1.000000000000000000 ) ) ;
#156 = DIRECTION ( 'NONE',  ( 0.000000000000000000, -0.000000000000000000, -1.000000000000000000 ) ) ;
#157 = SURFACE_SIDE_STYLE ('',( #1812 ) ) ;
#158 = DIRECTION ( 'NONE',  ( -0.000000000000000000, -0.000000000000000000, -1.000000000000000000 ) ) ;
#159 = EDGE_CURVE ( 'NONE', #5022, #3470, #1327, .T. ) ;
#160 = VECTOR ( 'NONE', #2985, 1000.000000000000000 ) ;
#161 = VECTOR ( 'NONE', #937, 1000.000000000000000 ) ;
#162 = DIRECTION ( 'NONE',  ( -1.000000000000000000, 0.000000000000000000, 0.000000000000000000 ) ) ;
#163 = DIRECTION ( 'NONE',  ( -0.000000000000000000, -0.000000000000000000, -1.000000000000000000 ) ) ;
#164 = ORIENTED_EDGE ( 'NONE', *, *, #2578, .F. ) ;
#165 = ORIENTED_EDGE ( 'NONE', *, *, #5035, .F. ) ;
#166 = MECHANICAL_DESIGN_GEOMETRIC_PRESENTATION_REPRESENTATION (  '', ( #5722 ), #7420 ) ;
#167 = VECTOR ( 'NONE', #5806, 1000.000000000000000 ) ;
#168 = ORIENTED_EDGE ( 'NONE', *, *, #8026, .F. ) ;
#169 = DIRECTION ( 'NONE',  ( 0.000000000000000000, -0.000000000000000000, -1.000000000000000000 ) ) ;
#170 = MANIFOLD_SOLID_BREP ( 'LPattern1[14]', #6035 ) ;
#171 = CARTESIAN_POINT ( 'NONE',  ( -2.903621601783326067, 0.9828941596536137082, -4.230000000000000426 ) ) ;
#172 = ADVANCED_FACE ( 'NONE', ( #1492 ), #1037, .F. ) ;
#173 = LINE ( 'NONE', #6076, #2811 ) ;
#174 = CARTESIAN_POINT ( 'NONE',  ( -3.341019420808970963, 0.04776069289263030343, 0.4200000000000002620 ) ) ;
#175 = CARTESIAN_POINT ( 'NONE',  ( -3.354092782221119506, 0.1971898976063921616, 4.660000000000000142 ) ) ;
#176 = AXIS2_PLACEMENT_3D ( 'NONE', #3914, #7210, #19 ) ;
#177 = LINE ( 'NONE', #8303, #5795 ) ;
#178 = ORIENTED_EDGE ( 'NONE', *, *, #2043, .F. ) ;
#179 = ORIENTED_EDGE ( 'NONE', *, *, #5539, .T. ) ;
#180 = VECTOR ( 'NONE', #7561, 1000.000000000000227 ) ;
#181 = EDGE_LOOP ( 'NONE', ( #457, #1463, #369, #6100, #7133, #4350, #6086, #7041, #7189, #3214, #1305, #4191 ) ) ;
#182 = DIRECTION ( 'NONE',  ( -1.000000000000000000, 0.000000000000000000, 0.000000000000000000 ) ) ;
#183 = EDGE_CURVE ( 'NONE', #510, #2943, #6946, .T. ) ;
#184 = ADVANCED_FACE ( 'NONE', ( #1221 ), #4767, .F. ) ;
#185 = CARTESIAN_POINT ( 'NONE',  ( -3.899999999999999467, 0.1494292047137622814, 3.389999999999999680 ) ) ;
#186 = CARTESIAN_POINT ( 'NONE',  ( -2.903621601783326067, 0.9828941596536137082, -2.959999999999999964 ) ) ;
#187 = FACE_OUTER_BOUND ( 'NONE', #7169, .T. ) ;
#188 = ORIENTED_EDGE ( 'NONE', *, *, #3237, .F. ) ;
#189 = ORIENTED_EDGE ( 'NONE', *, *, #817, .F. ) ;
#190 = DIRECTION ( 'NONE',  ( -0.000000000000000000, -0.000000000000000000, -1.000000000000000000 ) ) ;
#191 = CARTESIAN_POINT ( 'NONE',  ( -1.650000000000001243, 2.000000000000000888, -4.399999999999995914 ) ) ;
#192 = LINE ( 'NONE', #1645, #389 ) ;
#193 = VERTEX_POINT ( 'NONE', #5481 ) ;
#194 = DIRECTION ( 'NONE',  ( 1.000000000000000000, -2.891205793294679411E-15, 1.671814187836143479E-29 ) ) ;
#195 = AXIS2_PLACEMENT_3D ( 'NONE', #3012, #3762, #2898 ) ;
#196 = VECTOR ( 'NONE', #6471, 1000.000000000000000 ) ;
#197 = EDGE_CURVE ( 'NONE', #7738, #3763, #4326, .T. ) ;
#198 = CARTESIAN_POINT ( 'NONE',  ( 2.649999999999997691, 1.225000000000001199, -4.949999999999995737 ) ) ;
#199 = CIRCLE ( 'NONE', #8164, 0.1499999999999999667 ) ;
#200 = CARTESIAN_POINT ( 'NONE',  ( 2.783586933657053564, 0.9507309672654410404, -2.959999999999999964 ) ) ;
#201 = FACE_OUTER_BOUND ( 'NONE', #4654, .T. ) ;
#202 = ORIENTED_EDGE ( 'NONE', *, *, #4130, .T. ) ;
#203 = ORIENTED_EDGE ( 'NONE', *, *, #4258, .F. ) ;
#204 = FACE_OUTER_BOUND ( 'NONE', #916, .T. ) ;
#205 = VERTEX_POINT ( 'NONE', #7391 ) ;
#206 = CARTESIAN_POINT ( 'NONE',  ( -2.410687842433212769, 2.000000000000000888, 4.860687842433216055 ) ) ;
#207 = LINE ( 'NONE', #95, #294 ) ;
#208 = CARTESIAN_POINT ( 'NONE',  ( -2.783586933657053564, 1.075000000000001066, 0.8500000000000000888 ) ) ;
#209 = CARTESIAN_POINT ( 'NONE',  ( 3.354092782221119506, 0.1971898976063921616, -0.8500000000000000888 ) ) ;
#210 = ORIENTED_EDGE ( 'NONE', *, *, #8339, .F. ) ;
#211 =( NAMED_UNIT ( * ) SI_UNIT ( $, .STERADIAN. ) SOLID_ANGLE_UNIT ( ) );
#212 = ORIENTED_EDGE ( 'NONE', *, *, #4702, .T. ) ;
#213 = CYLINDRICAL_SURFACE ( 'NONE', #4042, 0.2742690327345599921 ) ;
#214 = EDGE_CURVE ( 'NONE', #550, #4296, #6878, .T. ) ;
#215 = CARTESIAN_POINT ( 'NONE',  ( -2.903621601783326067, 0.9828941596536137082, 2.120000000000000551 ) ) ;
#216 = DIRECTION ( 'NONE',  ( -0.000000000000000000, 1.000000000000000000, -0.000000000000000000 ) ) ;
#217 = ORIENTED_EDGE ( 'NONE', *, *, #5713, .T. ) ;
#218 = ORIENTED_EDGE ( 'NONE', *, *, #2896, .F. ) ;
#219 = CIRCLE ( 'NONE', #3924, 0.1242690327345600532 ) ;
#220 = ORIENTED_EDGE ( 'NONE', *, *, #1026, .F. ) ;
#221 = CARTESIAN_POINT ( 'NONE',  ( 2.783586933657053564, 0.9507309672654410404, 0.4200000000000002620 ) ) ;
#222 = LINE ( 'NONE', #1454, #3019 ) ;
#223 = ORIENTED_EDGE ( 'NONE', *, *, #6883, .T. ) ;
#224 = CARTESIAN_POINT ( 'NONE',  ( -2.783586933657053564, 0.9507309672654410404, -4.230000000000000426 ) ) ;
#225 = ORIENTED_EDGE ( 'NONE', *, *, #8165, .F. ) ;
#226 = CARTESIAN_POINT ( 'NONE',  ( -2.783586933657053564, 1.075000000000001066, 4.660000000000000142 ) ) ;
#227 = VECTOR ( 'NONE', #7234, 1000.000000000000000 ) ;
#228 = DIRECTION ( 'NONE',  ( 0.08715574274765838791, -0.9961946980917455452, 0.000000000000000000 ) ) ;
#229 = DIRECTION ( 'NONE',  ( 0.08715574274765831853, 0.9961946980917455452, 0.000000000000000000 ) ) ;
#230 = PLANE ( 'NONE',  #6756 ) ;
#231 = EDGE_CURVE ( 'NONE', #6206, #7035, #1289, .T. ) ;
#232 = ORIENTED_EDGE ( 'NONE', *, *, #6434, .T. ) ;
#233 = ORIENTED_EDGE ( 'NONE', *, *, #7605, .T. ) ;
#234 = LINE ( 'NONE', #2800, #5905 ) ;
#235 = ORIENTED_EDGE ( 'NONE', *, *, #4254, .T. ) ;
#236 = FACE_OUTER_BOUND ( 'NONE', #6582, .T. ) ;
#237 = CLOSED_SHELL ( 'NONE', ( #6737, #2441, #2962, #3974, #5080, #4891, #526, #7123, #5171, #6489, #5342, #4118, #4825, #6322 ) ) ;
#238 = CARTESIAN_POINT ( 'NONE',  ( 2.903621601783326067, 0.9828941596536137082, -0.4200000000000002620 ) ) ;
#239 = EDGE_CURVE ( 'NONE', #2541, #3639, #4072, .T. ) ;
#240 = DIRECTION ( 'NONE',  ( -1.000000000000000000, 0.000000000000000000, 0.000000000000000000 ) ) ;
#241 = DIRECTION ( 'NONE',  ( 1.000000000000000000, 0.000000000000000000, -0.000000000000000000 ) ) ;
#242 = ORIENTED_EDGE ( 'NONE', *, *, #1430, .T. ) ;
#243 = CARTESIAN_POINT ( 'NONE',  ( -2.783586933657053564, 1.225000000000001199, 4.660000000000000142 ) ) ;
#244 = EDGE_CURVE ( 'NONE', #4657, #2995, #4343, .T. ) ;
#245 = ORIENTED_EDGE ( 'NONE', *, *, #6624, .F. ) ;
#246 = ORIENTED_EDGE ( 'NONE', *, *, #1504, .T. ) ;
#247 = DIRECTION ( 'NONE',  ( -0.000000000000000000, 0.000000000000000000, 1.000000000000000000 ) ) ;
#248 = FACE_OUTER_BOUND ( 'NONE', #3348, .T. ) ;
#249 = CARTESIAN_POINT ( 'NONE',  ( -2.459011041377409779, 2.583957053492868639, 4.760470831066180075 ) ) ;
#250 = ORIENTED_EDGE ( 'NONE', *, *, #6661, .F. ) ;
#251 = CYLINDRICAL_SURFACE ( 'NONE', #4882, 0.2742690327345599921 ) ;
#252 =( GEOMETRIC_REPRESENTATION_CONTEXT ( 3 ) GLOBAL_UNCERTAINTY_ASSIGNED_CONTEXT ( ( #2576 ) ) GLOBAL_UNIT_ASSIGNED_CONTEXT ( ( #2986, #1188, #4392 ) ) REPRESENTATION_CONTEXT ( 'NONE', 'WORKASPACE' ) );
#253 = DIRECTION ( 'NONE',  ( -1.000000000000000000, 0.000000000000000000, 0.000000000000000000 ) ) ;
#254 = VERTEX_POINT ( 'NONE', #3422 ) ;
#255 = PLANE ( 'NONE',  #6498 ) ;
#256 = AXIS2_PLACEMENT_3D ( 'NONE', #307, #1532, #5462 ) ;
#257 = VECTOR ( 'NONE', #3879, 1000.000000000000114 ) ;
#258 = DIRECTION ( 'NONE',  ( 2.891205793294679017E-15, -1.000000000000000000, 0.000000000000000000 ) ) ;
#259 = VERTEX_POINT ( 'NONE', #5372 ) ;
#260 = VERTEX_POINT ( 'NONE', #6024 ) ;
#261 = LINE ( 'NONE', #7422, #3015 ) ;
#262 = EDGE_CURVE ( 'NONE', #7785, #1903, #6868, .T. ) ;
#263 = ORIENTED_EDGE ( 'NONE', *, *, #5341, .F. ) ;
#264 = LINE ( 'NONE', #5959, #5891 ) ;
#265 = CARTESIAN_POINT ( 'NONE',  ( 2.783586933657053564, 0.9507309672654410404, -0.8500000000000000888 ) ) ;
#266 = AXIS2_PLACEMENT_3D ( 'NONE', #6607, #1364, #2510 ) ;
#267 = DIRECTION ( 'NONE',  ( -0.000000000000000000, -0.000000000000000000, -1.000000000000000000 ) ) ;
#268 = ORIENTED_EDGE ( 'NONE', *, *, #1467, .F. ) ;
#269 = AXIS2_PLACEMENT_3D ( 'NONE', #7452, #3566, #3499 ) ;
#270 = DIRECTION ( 'NONE',  ( -0.9961946980917455452, 0.08715574274765838791, 0.000000000000000000 ) ) ;
#271 = DIRECTION ( 'NONE',  ( 0.000000000000000000, -0.000000000000000000, -1.000000000000000000 ) ) ;
#272 = EDGE_CURVE ( 'NONE', #2025, #3678, #4089, .T. ) ;
#273 = VECTOR ( 'NONE', #3086, 1000.000000000000000 ) ;
#274 = DIRECTION ( 'NONE',  ( 0.2588190451025219607, -0.9659258262890678681, 0.000000000000000000 ) ) ;
#275 = CARTESIAN_POINT ( 'NONE',  ( 3.244888873943359897, 0.2888228567653777779, 4.230000000000000426 ) ) ;
#276 = ORIENTED_EDGE ( 'NONE', *, *, #2330, .T. ) ;
#277 = VERTEX_POINT ( 'NONE', #2155 ) ;
#278 = LINE ( 'NONE', #4321, #346 ) ;
#279 = ORIENTED_EDGE ( 'NONE', *, *, #2716, .T. ) ;
#280 = DIRECTION ( 'NONE',  ( -0.9961946980917455452, 0.08715574274765838791, 0.000000000000000000 ) ) ;
#281 = LINE ( 'NONE', #7333, #3036 ) ;
#282 = CARTESIAN_POINT ( 'NONE',  ( 2.783586933657053564, 0.9507309672654410404, -4.230000000000000426 ) ) ;
#283 =( BOUNDED_CURVE ( )  B_SPLINE_CURVE ( 3, ( #5066, #2458, #5537, #1239 ),
 .UNSPECIFIED., .F., .F. ) 
 B_SPLINE_CURVE_WITH_KNOTS ( ( 4, 4 ),
 ( 0.000000000000000000, 0.009685181668469048516 ),
 .UNSPECIFIED. ) 
 CURVE ( )  GEOMETRIC_REPRESENTATION_ITEM ( )  RATIONAL_B_SPLINE_CURVE ( ( 1.000000000000000000, 0.9999921831199466427, 0.9999921831199466427, 1.000000000000000000 ) ) 
 REPRESENTATION_ITEM ( '' )  );
#284 = CARTESIAN_POINT ( 'NONE',  ( 3.354092782221119506, 0.1971898976063921616, -2.959999999999999964 ) ) ;
#285 = CIRCLE ( 'NONE', #3070, 0.1242690327345600532 ) ;
#286 = CARTESIAN_POINT ( 'NONE',  ( 2.783586933657053564, 1.075000000000001066, 4.660000000000000142 ) ) ;
#287 = AXIS2_PLACEMENT_3D ( 'NONE', #7675, #3082, #5148 ) ;
#288 = EDGE_CURVE ( 'NONE', #639, #6720, #6919, .T. ) ;
#289 = ORIENTED_EDGE ( 'NONE', *, *, #3774, .T. ) ;
#290 = VERTEX_POINT ( 'NONE', #1142 ) ;
#291 = CARTESIAN_POINT ( 'NONE',  ( 3.048510475726686764, 1.021717016418992152, -0.4200000000000002620 ) ) ;
#292 = LINE ( 'NONE', #3777, #3166 ) ;
#293 = ORIENTED_EDGE ( 'NONE', *, *, #8084, .F. ) ;
#294 = VECTOR ( 'NONE', #925, 1000.000000000000000 ) ;
#295 = ORIENTED_EDGE ( 'NONE', *, *, #8297, .T. ) ;
#296 = DIRECTION ( 'NONE',  ( -1.000000000000000000, 0.000000000000000000, 0.000000000000000000 ) ) ;
#297 = CIRCLE ( 'NONE', #3863, 0.1242690327345600532 ) ;
#298 = DIRECTION ( 'NONE',  ( 0.08715574274765759688, -0.9961946980917455452, 0.000000000000000000 ) ) ;
#299 = DIRECTION ( 'NONE',  ( 0.000000000000000000, 0.000000000000000000, 1.000000000000000000 ) ) ;
#300 = ORIENTED_EDGE ( 'NONE', *, *, #3830, .F. ) ;
#301 = ORIENTED_EDGE ( 'NONE', *, *, #6072, .T. ) ;
#302 = CARTESIAN_POINT ( 'NONE',  ( 3.341019420808970963, 0.04776069289263019935, 1.690000000000000613 ) ) ;
#303 = LINE ( 'NONE', #6674, #423 ) ;
#304 = DIRECTION ( 'NONE',  ( -0.000000000000000000, -0.000000000000000000, -1.000000000000000000 ) ) ;
#305 = EDGE_CURVE ( 'NONE', #3875, #344, #4121, .T. ) ;
#306 = EDGE_LOOP ( 'NONE', ( #8080, #2397, #6106, #7985 ) ) ;
#307 = CARTESIAN_POINT ( 'NONE',  ( 2.649999999999999911, 1.075000000000001288, 5.100000000000003197 ) ) ;
#308 = VECTOR ( 'NONE', #1029, 1000.000000000000000 ) ;
#309 = DIRECTION ( 'NONE',  ( -0.000000000000000000, 0.000000000000000000, 1.000000000000000000 ) ) ;
#310 = CLOSED_SHELL ( 'NONE', ( #3810, #4774, #7180, #5811, #2583, #7573, #5733, #7860, #1344, #5093, #5359, #4368, #1606, #1397 ) ) ;
#311 = CARTESIAN_POINT ( 'NONE',  ( 2.649999999999999911, 1.075000000000001288, -4.230000000000000426 ) ) ;
#312 = FACE_OUTER_BOUND ( 'NONE', #1360, .T. ) ;
#313 = CARTESIAN_POINT ( 'NONE',  ( 0.000000000000000000, 2.000000000000000888, 0.000000000000000000 ) ) ;
#314 = VERTEX_POINT ( 'NONE', #3680 ) ;
#315 = ORIENTED_EDGE ( 'NONE', *, *, #5868, .T. ) ;
#316 = VERTEX_POINT ( 'NONE', #2882 ) ;
#317 = EDGE_CURVE ( 'NONE', #6629, #5656, #1157, .T. ) ;
#318 = VECTOR ( 'NONE', #3660, 1000.000000000000114 ) ;
#319 = ORIENTED_EDGE ( 'NONE', *, *, #7081, .T. ) ;
#320 = CARTESIAN_POINT ( 'NONE',  ( -3.099999999999999645, 0.2499999999999996392, 0.4200000000000002620 ) ) ;
#321 = VECTOR ( 'NONE', #3610, 1000.000000000000000 ) ;
#322 = DIRECTION ( 'NONE',  ( -0.08715574274765759688, 0.9961946980917455452, 0.000000000000000000 ) ) ;
#323 = EDGE_CURVE ( 'NONE', #432, #2428, #1506, .T. ) ;
#324 = DIRECTION ( 'NONE',  ( -1.000000000000000000, 0.000000000000000000, 0.000000000000000000 ) ) ;
#325 = ORIENTED_EDGE ( 'NONE', *, *, #7510, .F. ) ;
#326 = DIRECTION ( 'NONE',  ( 0.1378445374916289490, 0.9808148484639890308, 0.1378445374916288935 ) ) ;
#327 = ADVANCED_FACE ( 'NONE', ( #3989 ), #3623, .T. ) ;
#328 = VECTOR ( 'NONE', #6333, 1000.000000000000000 ) ;
#329 = DIRECTION ( 'NONE',  ( 0.08715574274765838791, -0.9961946980917455452, 0.000000000000000000 ) ) ;
#330 = ORIENTED_EDGE ( 'NONE', *, *, #3374, .F. ) ;
#331 = VERTEX_POINT ( 'NONE', #2360 ) ;
#332 = CARTESIAN_POINT ( 'NONE',  ( -2.783586933657053564, 1.225000000000001199, 2.959999999999999964 ) ) ;
#333 = FACE_OUTER_BOUND ( 'NONE', #3668, .T. ) ;
#334 = ORIENTED_EDGE ( 'NONE', *, *, #7893, .T. ) ;
#335 = CARTESIAN_POINT ( 'NONE',  ( 2.501452754537962342, 1.074949942300991168, 5.099992964849200838 ) ) ;
#336 = AXIS2_PLACEMENT_3D ( 'NONE', #5074, #5694, #8252 ) ;
#337 = ORIENTED_EDGE ( 'NONE', *, *, #2305, .F. ) ;
#338 = EDGE_CURVE ( 'NONE', #6739, #3210, #4060, .T. ) ;
#339 = PLANE ( 'NONE',  #5627 ) ;
#340 = DIRECTION ( 'NONE',  ( -0.000000000000000000, -0.000000000000000000, -1.000000000000000000 ) ) ;
#341 = VECTOR ( 'NONE', #6575, 1000.000000000000000 ) ;
#342 = CARTESIAN_POINT ( 'NONE',  ( -2.410687842433214101, 1.850000000000000977, -4.860687842433207173 ) ) ;
#343 = ADVANCED_FACE ( 'NONE', ( #4168 ), #4300, .T. ) ;
#344 = VERTEX_POINT ( 'NONE', #4285 ) ;
#345 = ORIENTED_EDGE ( 'NONE', *, *, #7858, .F. ) ;
#346 = VECTOR ( 'NONE', #2757, 1000.000000000000000 ) ;
#347 = ORIENTED_EDGE ( 'NONE', *, *, #6243, .F. ) ;
#348 = LINE ( 'NONE', #1600, #5847 ) ;
#349 = AXIS2_PLACEMENT_3D ( 'NONE', #5511, #2133, #7423 ) ;
#350 = VERTEX_POINT ( 'NONE', #2256 ) ;
#351 = CARTESIAN_POINT ( 'NONE',  ( 2.649999999999999911, 1.225000000000001199, 4.950000000000003730 ) ) ;
#352 = LINE ( 'NONE', #7726, #227 ) ;
#353 = AXIS2_PLACEMENT_3D ( 'NONE', #3955, #7832, #5218 ) ;
#354 = CARTESIAN_POINT ( 'NONE',  ( 3.886926638587850924, 4.743384504624081899E-16, 3.389999999999999680 ) ) ;
#355 = AXIS2_PLACEMENT_3D ( 'NONE', #5227, #2609, #1968 ) ;
#356 = DIRECTION ( 'NONE',  ( -0.000000000000000000, -0.000000000000000000, -1.000000000000000000 ) ) ;
#357 = ORIENTED_EDGE ( 'NONE', *, *, #4529, .T. ) ;
#358 = EDGE_CURVE ( 'NONE', #3182, #4033, #7432, .T. ) ;
#359 = ORIENTED_EDGE ( 'NONE', *, *, #972, .F. ) ;
#360 = MECHANICAL_DESIGN_GEOMETRIC_PRESENTATION_REPRESENTATION (  '', ( #4163 ), #1989 ) ;
#361 = CIRCLE ( 'NONE', #6912, 0.1242690327345600532 ) ;
#362 = DIRECTION ( 'NONE',  ( -1.000000000000000000, 0.000000000000000000, 0.000000000000000000 ) ) ;
#363 = ORIENTED_EDGE ( 'NONE', *, *, #2035, .T. ) ;
#364 = CARTESIAN_POINT ( 'NONE',  ( 2.903621601783326067, 0.9828941596536137082, 2.959999999999999964 ) ) ;
#365 = CARTESIAN_POINT ( 'NONE',  ( -3.341019420808970963, 0.04776069289263019935, 0.4200000000000002620 ) ) ;
#366 = CYLINDRICAL_SURFACE ( 'NONE', #1048, 0.1242690327345600532 ) ;
#367 = CARTESIAN_POINT ( 'NONE',  ( 2.500000000000000000, 1.075000000000001288, 5.100000000000003197 ) ) ;
#368 = EDGE_CURVE ( 'NONE', #3295, #7785, #4415, .T. ) ;
#369 = ORIENTED_EDGE ( 'NONE', *, *, #89, .T. ) ;
#370 = DIRECTION ( 'NONE',  ( 0.000000000000000000, 0.000000000000000000, 1.000000000000000000 ) ) ;
#371 = FACE_OUTER_BOUND ( 'NONE', #2832, .T. ) ;
#372 = EDGE_CURVE ( 'NONE', #8146, #5419, #1754, .T. ) ;
#373 =( NAMED_UNIT ( * ) SI_UNIT ( $, .STERADIAN. ) SOLID_ANGLE_UNIT ( ) );
#374 = AXIS2_PLACEMENT_3D ( 'NONE', #2014, #2719, #5859 ) ;
#375 = VERTEX_POINT ( 'NONE', #6295 ) ;
#376 = ORIENTED_EDGE ( 'NONE', *, *, #7778, .T. ) ;
#377 = VECTOR ( 'NONE', #964, 1000.000000000000114 ) ;
#378 = VERTEX_POINT ( 'NONE', #8147 ) ;
#379 = CARTESIAN_POINT ( 'NONE',  ( -1.650000000000001243, 2.000000000000000888, -4.099999999999996092 ) ) ;
#380 = EDGE_CURVE ( 'NONE', #1941, #378, #1694, .T. ) ;
#381 = CIRCLE ( 'NONE', #4867, 0.2742690327345604362 ) ;
#382 = DIRECTION ( 'NONE',  ( 0.000000000000000000, -0.000000000000000000, -1.000000000000000000 ) ) ;
#383 = ORIENTED_EDGE ( 'NONE', *, *, #4078, .F. ) ;
#384 = DIRECTION ( 'NONE',  ( 0.000000000000000000, 0.000000000000000000, -1.000000000000000000 ) ) ;
#385 = DIRECTION ( 'NONE',  ( 1.000000000000000000, 1.623215898148971142E-15, -0.000000000000000000 ) ) ;
#386 = DIRECTION ( 'NONE',  ( 0.000000000000000000, 1.000000000000000000, 0.000000000000000000 ) ) ;
#387 = ORIENTED_EDGE ( 'NONE', *, *, #3803, .F. ) ;
#388 = ORIENTED_EDGE ( 'NONE', *, *, #2992, .T. ) ;
#389 = VECTOR ( 'NONE', #4999, 1000.000000000000000 ) ;
#390 = VERTEX_POINT ( 'NONE', #7087 ) ;
#391 = DIRECTION ( 'NONE',  ( -0.2588190451025219607, -0.9659258262890678681, 0.000000000000000000 ) ) ;
#392 = LINE ( 'NONE', #7080, #5833 ) ;
#393 = STYLED_ITEM ( 'NONE', ( #5772 ), #7262 ) ;
#394 = CARTESIAN_POINT ( 'NONE',  ( 2.903621601783326067, 0.9828941596536137082, 3.389999999999999680 ) ) ;
#395 = EDGE_CURVE ( 'NONE', #375, #3367, #7252, .T. ) ;
#396 = SURFACE_STYLE_USAGE ( .BOTH. , #8047 ) ;
#397 = VECTOR ( 'NONE', #7816, 1000.000000000000114 ) ;
#398 = CARTESIAN_POINT ( 'NONE',  ( -3.354092782221119506, 0.1971898976063921616, 0.8500000000000000888 ) ) ;
#399 = ORIENTED_EDGE ( 'NONE', *, *, #6562, .T. ) ;
#400 = VERTEX_POINT ( 'NONE', #5753 ) ;
#401 = LINE ( 'NONE', #6777, #5858 ) ;
#402 = ORIENTED_EDGE ( 'NONE', *, *, #4913, .T. ) ;
#403 = VECTOR ( 'NONE', #5920, 1000.000000000000114 ) ;
#404 = EDGE_CURVE ( 'NONE', #5634, #1438, #1779, .T. ) ;
#405 = CARTESIAN_POINT ( 'NONE',  ( 2.783586933657053564, 1.075000000000001066, -2.959999999999999964 ) ) ;
#406 = CARTESIAN_POINT ( 'NONE',  ( 3.354092782221119506, 0.1971898976063921616, -4.230000000000000426 ) ) ;
#407 = ORIENTED_EDGE ( 'NONE', *, *, #2395, .T. ) ;
#408 = EDGE_LOOP ( 'NONE', ( #6832, #1282, #3132, #5921 ) ) ;
#409 = CARTESIAN_POINT ( 'NONE',  ( 2.410687842433212325, 0.4500000000000009548, 4.860687842433216055 ) ) ;
#410 = LINE ( 'NONE', #5049, #3180 ) ;
#411 = VERTEX_POINT ( 'NONE', #6225 ) ;
#412 = CARTESIAN_POINT ( 'NONE',  ( -2.649999999999999911, 1.075000000000001288, 4.660000000000000142 ) ) ;
#413 = CIRCLE ( 'NONE', #3755, 0.2742690327345599921 ) ;
#414 = CARTESIAN_POINT ( 'NONE',  ( -3.364923542069633289, 0.3209860491535506677, 3.389999999999999680 ) ) ;
#415 = ORIENTED_EDGE ( 'NONE', *, *, #899, .F. ) ;
#416 = EDGE_CURVE ( 'NONE', #7936, #4553, #4375, .T. ) ;
#417 = CARTESIAN_POINT ( 'NONE',  ( 2.783586933657053564, 0.9507309672654410404, -0.8500000000000000888 ) ) ;
#418 = LINE ( 'NONE', #5204, #5836 ) ;
#419 = EDGE_CURVE ( 'NONE', #707, #809, #4595, .T. ) ;
#420 = CARTESIAN_POINT ( 'NONE',  ( 3.341019420808970963, 0.04776069289263019935, -4.230000000000000426 ) ) ;
#421 = VERTEX_POINT ( 'NONE', #4340 ) ;
#422 = ORIENTED_EDGE ( 'NONE', *, *, #1265, .F. ) ;
#423 = VECTOR ( 'NONE', #7906, 1000.000000000000000 ) ;
#424 = VERTEX_POINT ( 'NONE', #7702 ) ;
#425 = LINE ( 'NONE', #4719, #403 ) ;
#426 = AXIS2_PLACEMENT_3D ( 'NONE', #3334, #7870, #7439 ) ;
#427 = ORIENTED_EDGE ( 'NONE', *, *, #6416, .F. ) ;
#428 = CARTESIAN_POINT ( 'NONE',  ( -3.354092782221119506, 0.1971898976063921616, 3.389999999999999680 ) ) ;
#429 = CARTESIAN_POINT ( 'NONE',  ( -2.783586933657053564, 0.9507309672654410404, 2.120000000000000551 ) ) ;
#430 = CARTESIAN_POINT ( 'NONE',  ( 2.410687842433212325, 1.850000000000001199, 4.860687842433216055 ) ) ;
#431 = DIRECTION ( 'NONE',  ( -0.000000000000000000, -0.000000000000000000, -1.000000000000000000 ) ) ;
#432 = VERTEX_POINT ( 'NONE', #1813 ) ;
#433 = CIRCLE ( 'NONE', #1326, 0.2742690327345599921 ) ;
#434 = DIRECTION ( 'NONE',  ( 0.000000000000000000, -0.000000000000000000, -1.000000000000000000 ) ) ;
#435 = AXIS2_PLACEMENT_3D ( 'NONE', #8228, #3775, #6858 ) ;
#436 = DIRECTION ( 'NONE',  ( 0.000000000000000000, -0.000000000000000000, -1.000000000000000000 ) ) ;
#437 = EDGE_CURVE ( 'NONE', #6183, #3702, #1604, .T. ) ;
#438 = ORIENTED_EDGE ( 'NONE', *, *, #2162, .T. ) ;
#439 = ORIENTED_EDGE ( 'NONE', *, *, #2869, .F. ) ;
#440 = LINE ( 'NONE', #4801, #3208 ) ;
#441 = VERTEX_POINT ( 'NONE', #4400 ) ;
#442 = CARTESIAN_POINT ( 'NONE',  ( -2.649999999999999911, 1.225000000000001199, 4.660000000000000142 ) ) ;
#443 = LINE ( 'NONE', #6650, #3211 ) ;
#444 = ORIENTED_EDGE ( 'NONE', *, *, #6745, .T. ) ;
#445 = AXIS2_PLACEMENT_3D ( 'NONE', #2435, #7770, #3142 ) ;
#446 = DIRECTION ( 'NONE',  ( 1.000000000000000000, 0.000000000000000000, 0.000000000000000000 ) ) ;
#447 = DIRECTION ( 'NONE',  ( 1.000000000000000000, 0.000000000000000000, 0.000000000000000000 ) ) ;
#448 = CYLINDRICAL_SURFACE ( 'NONE', #6182, 0.1499999999999998834 ) ;
#449 = CARTESIAN_POINT ( 'NONE',  ( -3.048510475726686764, 1.021717016418992152, 0.4200000000000002620 ) ) ;
#450 = CARTESIAN_POINT ( 'NONE',  ( 2.649999999999997691, 1.225000000000001199, -4.950484260976130813 ) ) ;
#451 = ORIENTED_EDGE ( 'NONE', *, *, #305, .F. ) ;
#452 = VERTEX_POINT ( 'NONE', #1307 ) ;
#453 = EDGE_CURVE ( 'NONE', #3257, #1635, #7445, .T. ) ;
#454 = EDGE_CURVE ( 'NONE', #6628, #411, #7183, .T. ) ;
#455 = ORIENTED_EDGE ( 'NONE', *, *, #6828, .T. ) ;
#456 = LINE ( 'NONE', #4646, #5938 ) ;
#457 = ORIENTED_EDGE ( 'NONE', *, *, #2904, .T. ) ;
#458 = CARTESIAN_POINT ( 'NONE',  ( -2.649999999999999911, 1.225000000000001199, -2.959999999999999964 ) ) ;
#459 = AXIS2_PLACEMENT_3D ( 'NONE', #1807, #625, #4331 ) ;
#460 = AXIS2_PLACEMENT_3D ( 'NONE', #1560, #228, #4829 ) ;
#461 = FACE_OUTER_BOUND ( 'NONE', #5212, .T. ) ;
#462 = CARTESIAN_POINT ( 'NONE',  ( 2.504282219532239395, 1.204917368148173740, -5.102822429843472563 ) ) ;
#463 = DIRECTION ( 'NONE',  ( 0.000000000000000000, -0.000000000000000000, -1.000000000000000000 ) ) ;
#464 = VERTEX_POINT ( 'NONE', #2407 ) ;
#465 = ORIENTED_EDGE ( 'NONE', *, *, #6331, .T. ) ;
#466 = CARTESIAN_POINT ( 'NONE',  ( 3.354092782221119506, 0.1971898976063921616, -4.230000000000000426 ) ) ;
#467 = VECTOR ( 'NONE', #3465, 1000.000000000000114 ) ;
#468 = ORIENTED_EDGE ( 'NONE', *, *, #2003, .T. ) ;
#469 = DIRECTION ( 'NONE',  ( -1.000000000000000000, 0.000000000000000000, 0.000000000000000000 ) ) ;
#470 = DIRECTION ( 'NONE',  ( -0.000000000000000000, -0.000000000000000000, -1.000000000000000000 ) ) ;
#471 = VECTOR ( 'NONE', #2067, 1000.000000000000000 ) ;
#472 = DIRECTION ( 'NONE',  ( 1.000000000000000000, 0.000000000000000000, 0.000000000000000000 ) ) ;
#473 = ORIENTED_EDGE ( 'NONE', *, *, #4761, .T. ) ;
#474 = ORIENTED_EDGE ( 'NONE', *, *, #4469, .F. ) ;
#475 = PRESENTATION_LAYER_ASSIGNMENT (  '', '', ( #7431 ) ) ;
#476 = CARTESIAN_POINT ( 'NONE',  ( -2.783586933657053564, 0.9507309672654410404, -4.660000000000000142 ) ) ;
#477 = CARTESIAN_POINT ( 'NONE',  ( 2.783586933657053564, 0.9507309672654410404, 2.120000000000000551 ) ) ;
#478 = LINE ( 'NONE', #6217, #6227 ) ;
#479 = EDGE_CURVE ( 'NONE', #2590, #1317, #1790, .T. ) ;
#480 = PLANE ( 'NONE',  #2818 ) ;
#481 = EDGE_CURVE ( 'NONE', #2478, #1019, #4405, .T. ) ;
#482 = ORIENTED_EDGE ( 'NONE', *, *, #7519, .T. ) ;
#483 = EDGE_LOOP ( 'NONE', ( #6764, #3711, #1020, #889 ) ) ;
#484 = VECTOR ( 'NONE', #5548, 1000.000000000000114 ) ;
#485 = ORIENTED_EDGE ( 'NONE', *, *, #8113, .T. ) ;
#486 = VECTOR ( 'NONE', #725, 1000.000000000000000 ) ;
#487 = DIRECTION ( 'NONE',  ( 0.08715574274765838791, -0.9961946980917455452, 0.000000000000000000 ) ) ;
#488 = EDGE_LOOP ( 'NONE', ( #2803, #2554, #218, #5546, #141, #6444, #6519, #6369, #153, #1147, #4005, #2651 ) ) ;
#489 = CARTESIAN_POINT ( 'NONE',  ( 2.649999999999999911, 1.225000000000001199, 4.660000000000000142 ) ) ;
#490 = DIRECTION ( 'NONE',  ( -1.000000000000000000, -0.000000000000000000, -2.919619327894516855E-15 ) ) ;
#491 = DIRECTION ( 'NONE',  ( 0.000000000000000000, 0.000000000000000000, 1.000000000000000000 ) ) ;
#492 = CARTESIAN_POINT ( 'NONE',  ( 3.048510475726686764, 1.021717016418992152, -4.230000000000000426 ) ) ;
#493 =( NAMED_UNIT ( * ) PLANE_ANGLE_UNIT ( ) SI_UNIT ( $, .RADIAN. ) );
#494 = VECTOR ( 'NONE', #1361, 1000.000000000000000 ) ;
#495 = DIRECTION ( 'NONE',  ( -0.9961946980917455452, 0.08715574274765838791, 0.000000000000000000 ) ) ;
#496 = AXIS2_PLACEMENT_3D ( 'NONE', #466, #7421, #3587 ) ;
#497 = FACE_OUTER_BOUND ( 'NONE', #2466, .T. ) ;
#498 = ADVANCED_FACE ( 'NONE', ( #7370 ), #7240, .T. ) ;
#500 = ADVANCED_FACE ( 'NONE', ( #7289 ), #2509, .F. ) ;
#499 = CARTESIAN_POINT ( 'NONE',  ( -1.650000000000001243, 2.000000000000000888, -4.099999999999996092 ) ) ;
#501 = PRESENTATION_LAYER_ASSIGNMENT (  '', '', ( #4401 ) ) ;
#502 = CARTESIAN_POINT ( 'NONE',  ( 3.244888873943359897, 0.2888228567653777779, 0.8500000000000000888 ) ) ;
#503 = ORIENTED_EDGE ( 'NONE', *, *, #2972, .F. ) ;
#504 = ORIENTED_EDGE ( 'NONE', *, *, #5021, .F. ) ;
#505 = CYLINDRICAL_SURFACE ( 'NONE', #4337, 0.1499999999999998834 ) ;
#506 = EDGE_CURVE ( 'NONE', #978, #8391, #4634, .T. ) ;
#507 = ORIENTED_EDGE ( 'NONE', *, *, #1001, .T. ) ;
#508 = FILL_AREA_STYLE ('',( #2409 ) ) ;
#509 = FACE_OUTER_BOUND ( 'NONE', #2916, .T. ) ;
#510 = VERTEX_POINT ( 'NONE', #5177 ) ;
#511 = ORIENTED_EDGE ( 'NONE', *, *, #3260, .F. ) ;
#512 = VECTOR ( 'NONE', #5893, 1000.000000000000000 ) ;
#513 = CARTESIAN_POINT ( 'NONE',  ( -3.899999999999999467, 0.1494292047137622814, -1.690000000000000169 ) ) ;
#514 = LINE ( 'NONE', #7302, #3303 ) ;
#515 = CARTESIAN_POINT ( 'NONE',  ( -2.501452754537962786, 1.074949942300984729, -5.099992964849191956 ) ) ;
#516 = ORIENTED_EDGE ( 'NONE', *, *, #380, .F. ) ;
#517 = VERTEX_POINT ( 'NONE', #6877 ) ;
#518 = FACE_OUTER_BOUND ( 'NONE', #483, .T. ) ;
#519 = EDGE_LOOP ( 'NONE', ( #5589, #5059, #2778, #1886 ) ) ;
#520 = VECTOR ( 'NONE', #4241, 1000.000000000000000 ) ;
#521 = ORIENTED_EDGE ( 'NONE', *, *, #3130, .T. ) ;
#522 = EDGE_CURVE ( 'NONE', #7060, #2327, #1618, .T. ) ;
#523 = ORIENTED_EDGE ( 'NONE', *, *, #3066, .T. ) ;
#524 = VECTOR ( 'NONE', #7862, 1000.000000000000227 ) ;
#525 = CARTESIAN_POINT ( 'NONE',  ( 3.354092782221119506, 0.1971898976063921616, 3.389999999999999680 ) ) ;
#526 = ADVANCED_FACE ( 'NONE', ( #4481 ), #2559, .F. ) ;
#527 = LINE ( 'NONE', #4934, #3580 ) ;
#528 =( GEOMETRIC_REPRESENTATION_CONTEXT ( 3 ) GLOBAL_UNCERTAINTY_ASSIGNED_CONTEXT ( ( #5340 ) ) GLOBAL_UNIT_ASSIGNED_CONTEXT ( ( #5082, #7708, #1258 ) ) REPRESENTATION_CONTEXT ( 'NONE', 'WORKASPACE' ) );
#529 = CIRCLE ( 'NONE', #1883, 0.2742690327345604362 ) ;
#530 =( NAMED_UNIT ( * ) PLANE_ANGLE_UNIT ( ) SI_UNIT ( $, .RADIAN. ) );
#531 = ORIENTED_EDGE ( 'NONE', *, *, #3549, .T. ) ;
#532 = ORIENTED_EDGE ( 'NONE', *, *, #2712, .T. ) ;
#533 = CARTESIAN_POINT ( 'NONE',  ( -2.903621601783326067, 0.9828941596536137082, 1.690000000000000613 ) ) ;
#534 = VECTOR ( 'NONE', #4384, 1000.000000000000000 ) ;
#535 = ORIENTED_EDGE ( 'NONE', *, *, #4247, .T. ) ;
#536 = CARTESIAN_POINT ( 'NONE',  ( 3.899999999999999467, 0.1494292047137622814, -4.230000000000000426 ) ) ;
#537 = FACE_OUTER_BOUND ( 'NONE', #5296, .T. ) ;
#538 = DIRECTION ( 'NONE',  ( 1.000000000000000000, 0.000000000000000000, 0.000000000000000000 ) ) ;
#539 = EDGE_LOOP ( 'NONE', ( #5996, #6525, #4410, #3545 ) ) ;
#540 = ORIENTED_EDGE ( 'NONE', *, *, #4428, .F. ) ;
#541 = VECTOR ( 'NONE', #2636, 1000.000000000000000 ) ;
#542 = DIRECTION ( 'NONE',  ( 2.125886612716675573E-16, -9.653835304267001465E-33, 1.000000000000000000 ) ) ;
#543 = VECTOR ( 'NONE', #271, 1000.000000000000000 ) ;
#544 = DIRECTION ( 'NONE',  ( -0.000000000000000000, -0.000000000000000000, -1.000000000000000000 ) ) ;
#545 = LINE ( 'NONE', #115, #3619 ) ;
#546 = EDGE_LOOP ( 'NONE', ( #1445, #7199, #7037, #4065 ) ) ;
#547 = ORIENTED_EDGE ( 'NONE', *, *, #1215, .T. ) ;
#548 = ORIENTED_EDGE ( 'NONE', *, *, #3260, .T. ) ;
#549 = LINE ( 'NONE', #2941, #6338 ) ;
#550 = VERTEX_POINT ( 'NONE', #6664 ) ;
#551 = DIRECTION ( 'NONE',  ( -0.000000000000000000, -0.000000000000000000, -1.000000000000000000 ) ) ;
#552 = AXIS2_PLACEMENT_3D ( 'NONE', #6060, #3391, #6889 ) ;
#553 = EDGE_LOOP ( 'NONE', ( #1040, #746, #3573, #3663 ) ) ;
#554 = EDGE_CURVE ( 'NONE', #5601, #3895, #4490, .T. ) ;
#555 = DIRECTION ( 'NONE',  ( -0.9961946980917455452, -0.08715574274765831853, 0.000000000000000000 ) ) ;
#556 = CIRCLE ( 'NONE', #266, 0.1242690327345600532 ) ;
#557 = UNCERTAINTY_MEASURE_WITH_UNIT (LENGTH_MEASURE( 1.000000000000000082E-05 ), #3898, 'distance_accuracy_value', 'NONE');
#558 = CARTESIAN_POINT ( 'NONE',  ( 2.649999999999999911, 1.075000000000001288, -2.120000000000000107 ) ) ;
#559 = EDGE_CURVE ( 'NONE', #8115, #7599, #7457, .T. ) ;
#560 = ADVANCED_FACE ( 'NONE', ( #4389 ), #7516, .T. ) ;
#561 = CYLINDRICAL_SURFACE ( 'NONE', #3736, 0.2742690327345604362 ) ;
#562 = DIRECTION ( 'NONE',  ( 1.000000000000000000, 0.000000000000000000, -1.275531967630005245E-16 ) ) ;
#563 = LINE ( 'NONE', #175, #3449 ) ;
#564 = CARTESIAN_POINT ( 'NONE',  ( 3.899999999999999467, 0.1494292047137622814, -1.690000000000000169 ) ) ;
#565 = DIRECTION ( 'NONE',  ( -0.000000000000000000, -0.000000000000000000, -1.000000000000000000 ) ) ;
#566 =( BOUNDED_CURVE ( )  B_SPLINE_CURVE ( 3, ( #1688, #4901, #2134, #2906 ),
 .UNSPECIFIED., .F., .F. ) 
 B_SPLINE_CURVE_WITH_KNOTS ( ( 4, 4 ),
 ( 3.131907471921324237, 3.141592653589793116 ),
 .UNSPECIFIED. ) 
 CURVE ( )  GEOMETRIC_REPRESENTATION_ITEM ( )  RATIONAL_B_SPLINE_CURVE ( ( 1.000000000000000000, 0.9999921831199466427, 0.9999921831199466427, 1.000000000000000000 ) ) 
 REPRESENTATION_ITEM ( '' )  );
#567 = VERTEX_POINT ( 'NONE', #5500 ) ;
#568 = ORIENTED_EDGE ( 'NONE', *, *, #4055, .T. ) ;
#569 = FACE_OUTER_BOUND ( 'NONE', #2277, .T. ) ;
#570 = ORIENTED_EDGE ( 'NONE', *, *, #1965, .F. ) ;
#571 = DIRECTION ( 'NONE',  ( 0.2588190451025219052, 0.9659258262890678681, 0.000000000000000000 ) ) ;
#572 = LINE ( 'NONE', #4153, #3846 ) ;
#573 = ORIENTED_EDGE ( 'NONE', *, *, #1279, .T. ) ;
#574 = ORIENTED_EDGE ( 'NONE', *, *, #1700, .F. ) ;
#575 = LINE ( 'NONE', #797, #6294 ) ;
#576 = UNCERTAINTY_MEASURE_WITH_UNIT (LENGTH_MEASURE( 1.000000000000000082E-05 ), #6992, 'distance_accuracy_value', 'NONE');
#577 = CARTESIAN_POINT ( 'NONE',  ( 2.649999999999999911, 1.225000000000001199, 2.959999999999999964 ) ) ;
#578 = CARTESIAN_POINT ( 'NONE',  ( -3.364923542069633289, 0.3209860491535506677, -2.959999999999999964 ) ) ;
#579 = FACE_OUTER_BOUND ( 'NONE', #6833, .T. ) ;
#580 = EDGE_CURVE ( 'NONE', #4920, #7704, #1589, .T. ) ;
#581 = CARTESIAN_POINT ( 'NONE',  ( 3.048510475726686764, 1.021717016418992152, -1.690000000000000169 ) ) ;
#582 = CIRCLE ( 'NONE', #2531, 0.1242690327345600532 ) ;
#583 = CARTESIAN_POINT ( 'NONE',  ( 2.649992964849197108, 1.225050057699017092, 4.951452754537964296 ) ) ;
#584 = ORIENTED_EDGE ( 'NONE', *, *, #6312, .T. ) ;
#585 = ORIENTED_EDGE ( 'NONE', *, *, #6918, .T. ) ;
#586 = CYLINDRICAL_SURFACE ( 'NONE', #7947, 0.1499999999999998834 ) ;
#587 = ORIENTED_EDGE ( 'NONE', *, *, #7925, .T. ) ;
#588 = EDGE_CURVE ( 'NONE', #5557, #1396, #4404, .T. ) ;
#589 = LINE ( 'NONE', #5186, #6422 ) ;
#590 = ORIENTED_EDGE ( 'NONE', *, *, #7304, .T. ) ;
#591 = EDGE_LOOP ( 'NONE', ( #2276, #245, #7899, #7657 ) ) ;
#592 = VECTOR ( 'NONE', #5986, 1000.000000000000000 ) ;
#593 = PLANE ( 'NONE',  #195 ) ;
#594 = VECTOR ( 'NONE', #5965, 1000.000000000000000 ) ;
#595 = CARTESIAN_POINT ( 'NONE',  ( -3.364923542069633289, 0.3209860491535506677, 0.8500000000000000888 ) ) ;
#596 = LINE ( 'NONE', #1708, #662 ) ;
#597 = SURFACE_SIDE_STYLE ('',( #2565 ) ) ;
#598 = ORIENTED_EDGE ( 'NONE', *, *, #3385, .F. ) ;
#599 = AXIS2_PLACEMENT_3D ( 'NONE', #7911, #6008, #7223 ) ;
#600 = ORIENTED_EDGE ( 'NONE', *, *, #7810, .T. ) ;
#601 = PLANE ( 'NONE',  #86 ) ;
#602 = ORIENTED_EDGE ( 'NONE', *, *, #2790, .F. ) ;
#603 = VECTOR ( 'NONE', #6094, 1000.000000000000000 ) ;
#604 = DIRECTION ( 'NONE',  ( -0.2588190451025219607, -0.9659258262890678681, 0.000000000000000000 ) ) ;
#605 = ORIENTED_EDGE ( 'NONE', *, *, #1922, .T. ) ;
#606 = ORIENTED_EDGE ( 'NONE', *, *, #6486, .T. ) ;
#607 = ADVANCED_FACE ( 'NONE', ( #1657 ), #4443, .T. ) ;
#608 = VECTOR ( 'NONE', #4676, 1000.000000000000000 ) ;
#609 = EDGE_CURVE ( 'NONE', #6809, #1593, #1559, .T. ) ;
#610 = DIRECTION ( 'NONE',  ( 0.000000000000000000, -1.000000000000000000, 0.000000000000000000 ) ) ;
#611 = DIRECTION ( 'NONE',  ( 0.2588190451025219607, -0.9659258262890678681, 0.000000000000000000 ) ) ;
#612 = DIRECTION ( 'NONE',  ( 1.000000000000000000, 0.000000000000000000, 0.000000000000000000 ) ) ;
#613 = VERTEX_POINT ( 'NONE', #771 ) ;
#614 = ORIENTED_EDGE ( 'NONE', *, *, #2081, .F. ) ;
#615 = LINE ( 'NONE', #3054, #6356 ) ;
#616 = CLOSED_SHELL ( 'NONE', ( #720, #65, #3074, #5662, #6448, #7683, #7710, #4575, #2769, #7375, #7601, #2653, #7178, #814 ) ) ;
#617 = VERTEX_POINT ( 'NONE', #4675 ) ;
#618 = DIRECTION ( 'NONE',  ( 0.9961946980917456562, 0.08715574274765761076, -0.000000000000000000 ) ) ;
#619 = ORIENTED_EDGE ( 'NONE', *, *, #5789, .F. ) ;
#620 = AXIS2_PLACEMENT_3D ( 'NONE', #5661, #6386, #3700 ) ;
#621 = CARTESIAN_POINT ( 'NONE',  ( -2.783586933657053564, 0.9507309672654410404, -4.230000000000000426 ) ) ;
#622 = VECTOR ( 'NONE', #7307, 1000.000000000000000 ) ;
#623 = DIRECTION ( 'NONE',  ( -1.000000000000000000, 0.000000000000000000, 0.000000000000000000 ) ) ;
#624 = CARTESIAN_POINT ( 'NONE',  ( -3.048510475726686764, 1.021717016418992152, -2.120000000000000107 ) ) ;
#625 = DIRECTION ( 'NONE',  ( -0.000000000000000000, -0.000000000000000000, -1.000000000000000000 ) ) ;
#626 = DIRECTION ( 'NONE',  ( 1.000000000000000000, 0.000000000000000000, -0.000000000000000000 ) ) ;
#627 = ADVANCED_FACE ( 'NONE', ( #1629 ), #5985, .F. ) ;
#628 = VECTOR ( 'NONE', #7791, 1000.000000000000000 ) ;
#629 = EDGE_CURVE ( 'NONE', #2264, #2478, #7321, .T. ) ;
#630 = CARTESIAN_POINT ( 'NONE',  ( -3.244888873943359897, 0.2888228567653777779, 0.8500000000000000888 ) ) ;
#631 = FACE_OUTER_BOUND ( 'NONE', #917, .T. ) ;
#632 = CARTESIAN_POINT ( 'NONE',  ( 3.886926638587850924, 4.743384504624081899E-16, 0.8500000000000000888 ) ) ;
#633 = DIRECTION ( 'NONE',  ( 0.000000000000000000, -0.000000000000000000, -1.000000000000000000 ) ) ;
#634 = ORIENTED_EDGE ( 'NONE', *, *, #817, .T. ) ;
#635 = VERTEX_POINT ( 'NONE', #1727 ) ;
#636 = ORIENTED_EDGE ( 'NONE', *, *, #3913, .T. ) ;
#637 = CARTESIAN_POINT ( 'NONE',  ( 3.899999999999999467, 0.1494292047137622814, 2.120000000000000551 ) ) ;
#638 = ORIENTED_EDGE ( 'NONE', *, *, #911, .F. ) ;
#639 = VERTEX_POINT ( 'NONE', #8163 ) ;
#640 = FACE_OUTER_BOUND ( 'NONE', #1876, .T. ) ;
#641 = CARTESIAN_POINT ( 'NONE',  ( -3.354092782221119506, 0.1971898976063921616, -0.4200000000000002620 ) ) ;
#642 = CARTESIAN_POINT ( 'NONE',  ( -3.364923542069633289, 0.3209860491535506677, -2.120000000000000107 ) ) ;
#643 = EDGE_CURVE ( 'NONE', #1891, #8093, #7198, .T. ) ;
#644 = CARTESIAN_POINT ( 'NONE',  ( -2.649999999999999911, 1.225000000000001199, -3.389999999999999680 ) ) ;
#645 = LINE ( 'NONE', #3365, #6173 ) ;
#646 = CARTESIAN_POINT ( 'NONE',  ( 2.649999999999999911, 1.225000000000001199, 4.660000000000000142 ) ) ;
#647 = EDGE_CURVE ( 'NONE', #2161, #2541, #1644, .T. ) ;
#648 = LINE ( 'NONE', #7887, #6246 ) ;
#649 = CARTESIAN_POINT ( 'NONE',  ( 2.649992964849194887, 1.225050057699017758, -4.951452754537959855 ) ) ;
#650 = VERTEX_POINT ( 'NONE', #5142 ) ;
#651 = ORIENTED_EDGE ( 'NONE', *, *, #6468, .T. ) ;
#652 = VECTOR ( 'NONE', #2997, 1000.000000000000000 ) ;
#653 = CLOSED_SHELL ( 'NONE', ( #44, #6524, #343, #7795, #3021, #1558, #2383, #6990, #6758, #6545, #6578, #6769, #5225, #2106 ) ) ;
#654 = FACE_OUTER_BOUND ( 'NONE', #4008, .T. ) ;
#655 = ORIENTED_EDGE ( 'NONE', *, *, #3112, .T. ) ;
#656 = VERTEX_POINT ( 'NONE', #2957 ) ;
#657 = LINE ( 'NONE', #4997, #6136 ) ;
#658 = PLANE ( 'NONE',  #1831 ) ;
#659 = VECTOR ( 'NONE', #3230, 1000.000000000000000 ) ;
#660 = EDGE_CURVE ( 'NONE', #2040, #1986, #4472, .T. ) ;
#661 = DIRECTION ( 'NONE',  ( 0.000000000000000000, -0.000000000000000000, -1.000000000000000000 ) ) ;
#662 = VECTOR ( 'NONE', #5121, 1000.000000000000000 ) ;
#663 = ADVANCED_FACE ( 'NONE', ( #1669 ), #4507, .F. ) ;
#664 = EDGE_CURVE ( 'NONE', #3196, #3656, #4517, .T. ) ;
#665 = ORIENTED_EDGE ( 'NONE', *, *, #305, .T. ) ;
#666 = ORIENTED_EDGE ( 'NONE', *, *, #8026, .T. ) ;
#667 = VECTOR ( 'NONE', #3213, 1000.000000000000000 ) ;
#668 = ORIENTED_EDGE ( 'NONE', *, *, #5285, .T. ) ;
#669 = DIRECTION ( 'NONE',  ( -0.000000000000000000, 1.000000000000000000, -0.000000000000000000 ) ) ;
#670 = CYLINDRICAL_SURFACE ( 'NONE', #4569, 0.2742690327345604362 ) ;
#671 = DIRECTION ( 'NONE',  ( 1.000000000000000000, 2.891205793294679411E-15, -1.671814187836143479E-29 ) ) ;
#672 = ORIENTED_EDGE ( 'NONE', *, *, #6719, .F. ) ;
#673 = ORIENTED_EDGE ( 'NONE', *, *, #7381, .F. ) ;
#674 = AXIS2_PLACEMENT_3D ( 'NONE', #6876, #2844, #4837 ) ;
#675 = VECTOR ( 'NONE', #7036, 1000.000000000000000 ) ;
#676 = DIRECTION ( 'NONE',  ( -0.000000000000000000, 0.000000000000000000, 1.000000000000000000 ) ) ;
#677 = LINE ( 'NONE', #2814, #6158 ) ;
#678 = AXIS2_PLACEMENT_3D ( 'NONE', #4855, #2696, #7480 ) ;
#679 = CARTESIAN_POINT ( 'NONE',  ( 2.903621601783326067, 0.9828941596536137082, -1.690000000000000169 ) ) ;
#680 = FACE_OUTER_BOUND ( 'NONE', #7120, .T. ) ;
#681 = ADVANCED_BREP_SHAPE_REPRESENTATION ( 'CD14538BNSR', ( #4918, #8211, #6589, #4864, #3894, #5775, #5193, #4564, #2836, #7262, #1533, #8269, #4212, #6892, #828, #170, #6256, #6175, #1755 ), #2310 ) ;
#682 = ORIENTED_EDGE ( 'NONE', *, *, #4529, .F. ) ;
#683 = ORIENTED_EDGE ( 'NONE', *, *, #5606, .F. ) ;
#684 = LINE ( 'NONE', #6413, #3471 ) ;
#685 = EDGE_CURVE ( 'NONE', #8265, #259, #7407, .T. ) ;
#686 = ORIENTED_EDGE ( 'NONE', *, *, #7609, .F. ) ;
#687 = VECTOR ( 'NONE', #7781, 1000.000000000000000 ) ;
#688 = ORIENTED_EDGE ( 'NONE', *, *, #1301, .F. ) ;
#689 = CARTESIAN_POINT ( 'NONE',  ( -2.649992964849197552, 1.225050057699017758, 4.951452754537967849 ) ) ;
#690 = ORIENTED_EDGE ( 'NONE', *, *, #6486, .F. ) ;
#691 = ADVANCED_FACE ( 'NONE', ( #4533 ), #658, .F. ) ;
#692 = CARTESIAN_POINT ( 'NONE',  ( -2.649154974055154099, 1.231012672022581356, 5.037973030627478366 ) ) ;
#693 = CIRCLE ( 'NONE', #1997, 0.1242690327345600532 ) ;
#694 = CARTESIAN_POINT ( 'NONE',  ( 3.354092782221119506, 0.1971898976063921616, -3.389999999999999680 ) ) ;
#695 = FILL_AREA_STYLE ('',( #3 ) ) ;
#696 = PLANE ( 'NONE',  #5798 ) ;
#697 = DIRECTION ( 'NONE',  ( -1.000000000000000000, 0.000000000000000000, 0.000000000000000000 ) ) ;
#698 = CARTESIAN_POINT ( 'NONE',  ( -3.048510475726686764, 1.021717016418992152, 4.660000000000000142 ) ) ;
#699 = AXIS2_PLACEMENT_3D ( 'NONE', #7680, #2537, #808 ) ;
#700 = DIRECTION ( 'NONE',  ( -0.08715574274765759688, -0.9961946980917455452, 0.000000000000000000 ) ) ;
#701 = EDGE_CURVE ( 'NONE', #6460, #5676, #4545, .T. ) ;
#702 = AXIS2_PLACEMENT_3D ( 'NONE', #2822, #6983, #4972 ) ;
#703 = EDGE_CURVE ( 'NONE', #5555, #6109, #1728, .T. ) ;
#704 = LINE ( 'NONE', #3787, #3483 ) ;
#705 = CARTESIAN_POINT ( 'NONE',  ( -2.410687842433212325, 0.4500000000000009548, 4.860687842433216943 ) ) ;
#706 = CARTESIAN_POINT ( 'NONE',  ( 2.783586933657053564, 1.225000000000001199, -4.230000000000000426 ) ) ;
#707 = VERTEX_POINT ( 'NONE', #3811 ) ;
#708 = VERTEX_POINT ( 'NONE', #4473 ) ;
#709 = FACE_OUTER_BOUND ( 'NONE', #3323, .T. ) ;
#710 = EDGE_LOOP ( 'NONE', ( #1256, #902, #3849, #4080 ) ) ;
#711 = PLANE ( 'NONE',  #6012 ) ;
#712 = FACE_OUTER_BOUND ( 'NONE', #8299, .T. ) ;
#713 = ORIENTED_EDGE ( 'NONE', *, *, #2469, .T. ) ;
#714 = EDGE_CURVE ( 'NONE', #6508, #4810, #1742, .T. ) ;
#715 = ORIENTED_EDGE ( 'NONE', *, *, #159, .F. ) ;
#716 = LINE ( 'NONE', #1181, #3529 ) ;
#717 = AXIS2_PLACEMENT_3D ( 'NONE', #1680, #2279, #2903 ) ;
#718 = CARTESIAN_POINT ( 'NONE',  ( -2.650000000000001243, 1.225000000000001199, -4.949999999999994849 ) ) ;
#719 = CARTESIAN_POINT ( 'NONE',  ( -3.364923542069633289, 0.3209860491535506677, 4.660000000000000142 ) ) ;
#720 = ADVANCED_FACE ( 'NONE', ( #4581 ), #1159, .F. ) ;
#721 = DIRECTION ( 'NONE',  ( 0.000000000000000000, 0.000000000000000000, 1.000000000000000000 ) ) ;
#722 = LINE ( 'NONE', #1514, #6345 ) ;
#723 = EDGE_CURVE ( 'NONE', #5670, #3592, #4649, .T. ) ;
#724 = DIRECTION ( 'NONE',  ( -0.1378445374916288935, -0.9808148484639890308, 0.1378445374916289490 ) ) ;
#725 = DIRECTION ( 'NONE',  ( 0.000000000000000000, -0.000000000000000000, -1.000000000000000000 ) ) ;
#726 = VECTOR ( 'NONE', #7697, 1000.000000000000000 ) ;
#727 = DIRECTION ( 'NONE',  ( 1.000000000000000000, 0.000000000000000000, 0.000000000000000000 ) ) ;
#728 = ORIENTED_EDGE ( 'NONE', *, *, #6280, .T. ) ;
#729 = ORIENTED_EDGE ( 'NONE', *, *, #3496, .T. ) ;
#730 = VECTOR ( 'NONE', #8179, 1000.000000000000000 ) ;
#731 = ORIENTED_EDGE ( 'NONE', *, *, #145, .T. ) ;
#732 = ORIENTED_EDGE ( 'NONE', *, *, #4558, .F. ) ;
#733 = ORIENTED_EDGE ( 'NONE', *, *, #1149, .T. ) ;
#734 = CARTESIAN_POINT ( 'NONE',  ( -2.783586933657053564, 0.9507309672654410404, 0.8500000000000000888 ) ) ;
#735 = CIRCLE ( 'NONE', #840, 0.1242690327345600532 ) ;
#736 = ADVANCED_FACE ( 'NONE', ( #4903 ), #593, .F. ) ;
#737 = LINE ( 'NONE', #291, #3512 ) ;
#738 = CARTESIAN_POINT ( 'NONE',  ( -2.501452754537961454, 1.225050057699017314, 5.099992964849200838 ) ) ;
#739 = VECTOR ( 'NONE', #7030, 1000.000000000000000 ) ;
#740 = CARTESIAN_POINT ( 'NONE',  ( 2.783586933657053564, 0.9507309672654410404, 1.690000000000000613 ) ) ;
#741 = VERTEX_POINT ( 'NONE', #525 ) ;
#742 = VERTEX_POINT ( 'NONE', #2429 ) ;
#743 = PLANE ( 'NONE',  #6443 ) ;
#744 = CIRCLE ( 'NONE', #5113, 0.1242690327345600532 ) ;
#745 = EDGE_CURVE ( 'NONE', #5973, #6628, #4693, .T. ) ;
#746 = ORIENTED_EDGE ( 'NONE', *, *, #6883, .F. ) ;
#747 = LINE ( 'NONE', #7754, #3327 ) ;
#748 = DIRECTION ( 'NONE',  ( 0.000000000000000000, 0.000000000000000000, 1.000000000000000000 ) ) ;
#749 = ORIENTED_EDGE ( 'NONE', *, *, #6174, .T. ) ;
#750 = ORIENTED_EDGE ( 'NONE', *, *, #3699, .F. ) ;
#751 = VECTOR ( 'NONE', #975, 1000.000000000000000 ) ;
#752 = CARTESIAN_POINT ( 'NONE',  ( 2.783586933657053564, 0.9507309672654410404, 4.230000000000000426 ) ) ;
#753 = LINE ( 'NONE', #2839, #800 ) ;
#754 = CARTESIAN_POINT ( 'NONE',  ( 3.899999999999999467, 0.1494292047137622814, 2.959999999999999964 ) ) ;
#755 = VECTOR ( 'NONE', #7665, 1000.000000000000000 ) ;
#756 = AXIS2_PLACEMENT_3D ( 'NONE', #3025, #2967, #4849 ) ;
#757 = ORIENTED_EDGE ( 'NONE', *, *, #972, .T. ) ;
#758 = ORIENTED_EDGE ( 'NONE', *, *, #6331, .F. ) ;
#759 = FACE_OUTER_BOUND ( 'NONE', #2378, .T. ) ;
#760 = VERTEX_POINT ( 'NONE', #7108 ) ;
#761 = ORIENTED_EDGE ( 'NONE', *, *, #7958, .T. ) ;
#762 = EDGE_CURVE ( 'NONE', #3328, #3409, #4827, .T. ) ;
#763 = EDGE_LOOP ( 'NONE', ( #7103, #5513, #4225, #2013 ) ) ;
#764 = PLANE ( 'NONE',  #3834 ) ;
#765 = VECTOR ( 'NONE', #565, 1000.000000000000000 ) ;
#766 = DIRECTION ( 'NONE',  ( 0.08715574274765759688, -0.9961946980917455452, 0.000000000000000000 ) ) ;
#767 = CARTESIAN_POINT ( 'NONE',  ( -3.048510475726686764, 1.021717016418992152, 0.8500000000000000888 ) ) ;
#768 = PLANE ( 'NONE',  #2111 ) ;
#769 = CYLINDRICAL_SURFACE ( 'NONE', #5611, 0.1499999999999999667 ) ;
#770 = CIRCLE ( 'NONE', #7962, 0.2742690327345604362 ) ;
#771 = CARTESIAN_POINT ( 'NONE',  ( -2.649999999999999911, 1.075000000000001288, -0.8500000000000000888 ) ) ;
#772 = DIRECTION ( 'NONE',  ( 0.000000000000000000, 0.000000000000000000, 1.000000000000000000 ) ) ;
#773 = ORIENTED_EDGE ( 'NONE', *, *, #2599, .T. ) ;
#774 = ORIENTED_EDGE ( 'NONE', *, *, #3408, .F. ) ;
#775 = ORIENTED_EDGE ( 'NONE', *, *, #5899, .T. ) ;
#776 = DIRECTION ( 'NONE',  ( -0.000000000000000000, -0.000000000000000000, -1.000000000000000000 ) ) ;
#777 = FACE_OUTER_BOUND ( 'NONE', #1108, .T. ) ;
#778 = EDGE_LOOP ( 'NONE', ( #5201, #6231, #7969, #839 ) ) ;
#779 = ORIENTED_EDGE ( 'NONE', *, *, #1861, .T. ) ;
#780 = ADVANCED_FACE ( 'NONE', ( #7525 ), #3129, .F. ) ;
#781 = VECTOR ( 'NONE', #6733, 1000.000000000000000 ) ;
#782 = EDGE_CURVE ( 'NONE', #2805, #5214, #7689, .T. ) ;
#783 = CARTESIAN_POINT ( 'NONE',  ( 2.410687842433210548, 2.000000000000000888, -4.991080853105641424 ) ) ;
#784 = CARTESIAN_POINT ( 'NONE',  ( 3.048510475726686764, 1.021717016418992152, 0.8500000000000000888 ) ) ;
#785 = ADVANCED_FACE ( 'NONE', ( #7470 ), #5750, .F. ) ;
#786 = DIRECTION ( 'NONE',  ( -0.000000000000000000, -0.000000000000000000, -1.000000000000000000 ) ) ;
#787 = LINE ( 'NONE', #5424, #6264 ) ;
#788 = CARTESIAN_POINT ( 'NONE',  ( -7.954669160060322906E-16, 1.850000000000000977, -4.860687842433207173 ) ) ;
#789 = DIRECTION ( 'NONE',  ( -0.000000000000000000, -0.000000000000000000, -1.000000000000000000 ) ) ;
#790 = FACE_OUTER_BOUND ( 'NONE', #4955, .T. ) ;
#791 = ORIENTED_EDGE ( 'NONE', *, *, #2373, .F. ) ;
#792 = VERTEX_POINT ( 'NONE', #3730 ) ;
#793 = LINE ( 'NONE', #5547, #3460 ) ;
#794 = ORIENTED_EDGE ( 'NONE', *, *, #3024, .T. ) ;
#795 = ORIENTED_EDGE ( 'NONE', *, *, #1684, .T. ) ;
#796 = AXIS2_PLACEMENT_3D ( 'NONE', #1758, #7602, #1087 ) ;
#797 = CARTESIAN_POINT ( 'NONE',  ( 2.649999999999999911, 1.075000000000001288, -1.690000000000000169 ) ) ;
#798 = LINE ( 'NONE', #5251, #524 ) ;
#799 = EDGE_CURVE ( 'NONE', #5760, #4249, #7552, .T. ) ;
#800 = VECTOR ( 'NONE', #5599, 1000.000000000000000 ) ;
#801 = CARTESIAN_POINT ( 'NONE',  ( 3.899999999999999467, 0.1494292047137622814, -2.959999999999999964 ) ) ;
#802 = DIRECTION ( 'NONE',  ( -2.125886612716675573E-16, -9.653835304267001465E-33, -1.000000000000000000 ) ) ;
#803 = EDGE_LOOP ( 'NONE', ( #6491, #3791, #6135, #223 ) ) ;
#804 = ORIENTED_EDGE ( 'NONE', *, *, #810, .T. ) ;
#805 = DIRECTION ( 'NONE',  ( 0.000000000000000000, -0.000000000000000000, -1.000000000000000000 ) ) ;
#806 = CARTESIAN_POINT ( 'NONE',  ( -3.899999999999999467, 0.1494292047137622814, -0.8500000000000000888 ) ) ;
#807 = FACE_OUTER_BOUND ( 'NONE', #710, .T. ) ;
#808 = DIRECTION ( 'NONE',  ( -0.9961946980917455452, -0.08715574274765831853, 0.000000000000000000 ) ) ;
#809 = VERTEX_POINT ( 'NONE', #7139 ) ;
#810 = EDGE_CURVE ( 'NONE', #1982, #1829, #4803, .T. ) ;
#811 = ORIENTED_EDGE ( 'NONE', *, *, #7841, .T. ) ;
#812 = FACE_OUTER_BOUND ( 'NONE', #7492, .T. ) ;
#814 = ADVANCED_FACE ( 'NONE', ( #1900 ), #7196, .F. ) ;
#813 = CARTESIAN_POINT ( 'NONE',  ( -3.364923542069633289, 0.3209860491535506677, -4.230000000000000426 ) ) ;
#815 = CARTESIAN_POINT ( 'NONE',  ( -3.341019420808970963, 0.04776069289263019935, -1.690000000000000169 ) ) ;
#816 = FACE_OUTER_BOUND ( 'NONE', #4853, .T. ) ;
#817 = EDGE_CURVE ( 'NONE', #6342, #4159, #7509, .T. ) ;
#818 = CARTESIAN_POINT ( 'NONE',  ( -3.048510475726686764, 1.021717016418992152, 2.959999999999999964 ) ) ;
#819 = VECTOR ( 'NONE', #7508, 1000.000000000000000 ) ;
#820 = AXIS2_PLACEMENT_3D ( 'NONE', #5925, #1456, #4011 ) ;
#821 = VERTEX_POINT ( 'NONE', #558 ) ;
#822 = ORIENTED_EDGE ( 'NONE', *, *, #5135, .T. ) ;
#823 = AXIS2_PLACEMENT_3D ( 'NONE', #1296, #229, #3289 ) ;
#824 = AXIS2_PLACEMENT_3D ( 'NONE', #7424, #1062, #1479 ) ;
#825 = VERTEX_POINT ( 'NONE', #8244 ) ;
#826 = CARTESIAN_POINT ( 'NONE',  ( -3.354092782221119506, 0.1971898976063921616, -2.959999999999999964 ) ) ;
#827 = VERTEX_POINT ( 'NONE', #8345 ) ;
#828 = MANIFOLD_SOLID_BREP ( 'LPattern1[13]', #5573 ) ;
#829 = EDGE_CURVE ( 'NONE', #6068, #3123, #7642, .T. ) ;
#830 = DIRECTION ( 'NONE',  ( -1.000000000000000000, 0.000000000000000000, 0.000000000000000000 ) ) ;
#831 = CIRCLE ( 'NONE', #599, 0.2742690327345604362 ) ;
#832 = DIRECTION ( 'NONE',  ( 0.000000000000000000, 0.000000000000000000, 1.000000000000000000 ) ) ;
#833 = DIRECTION ( 'NONE',  ( 1.000000000000000000, 0.000000000000000000, 0.000000000000000000 ) ) ;
#834 = DIRECTION ( 'NONE',  ( 0.000000000000000000, -0.000000000000000000, -1.000000000000000000 ) ) ;
#835 = CARTESIAN_POINT ( 'NONE',  ( -2.649999999999999911, 1.225000000000001199, 0.4200000000000002620 ) ) ;
#836 = CIRCLE ( 'NONE', #8064, 0.1499999999999998557 ) ;
#837 = CYLINDRICAL_SURFACE ( 'NONE', #7603, 0.2742690327345604362 ) ;
#838 = DIRECTION ( 'NONE',  ( 0.9659258262890679791, 0.2588190451025220717, 0.000000000000000000 ) ) ;
#839 = ORIENTED_EDGE ( 'NONE', *, *, #2170, .T. ) ;
#840 = AXIS2_PLACEMENT_3D ( 'NONE', #6627, #7330, #2190 ) ;
#841 = ORIENTED_EDGE ( 'NONE', *, *, #7297, .T. ) ;
#842 = DIRECTION ( 'NONE',  ( -0.000000000000000000, -0.000000000000000000, -1.000000000000000000 ) ) ;
#843 = VERTEX_POINT ( 'NONE', #6288 ) ;
#844 = EDGE_CURVE ( 'NONE', #5828, #5018, #4751, .T. ) ;
#845 = EDGE_LOOP ( 'NONE', ( #757, #3468, #5729, #6403 ) ) ;
#846 = ADVANCED_FACE ( 'NONE', ( #7563 ), #1824, .F. ) ;
#847 = LINE ( 'NONE', #3794, #6452 ) ;
#848 = EDGE_CURVE ( 'NONE', #741, #6563, #1936, .T. ) ;
#849 = CARTESIAN_POINT ( 'NONE',  ( -3.341019420808970963, 0.04776069289263030343, 0.8500000000000000888 ) ) ;
#850 = DIRECTION ( 'NONE',  ( -0.000000000000000000, 1.000000000000000000, -0.000000000000000000 ) ) ;
#851 = DIRECTION ( 'NONE',  ( -0.9961946980917455452, -0.08715574274765831853, 0.000000000000000000 ) ) ;
#852 = VECTOR ( 'NONE', #434, 1000.000000000000000 ) ;
#853 = CARTESIAN_POINT ( 'NONE',  ( 2.649999999999999911, 1.075000000000001288, -4.230000000000000426 ) ) ;
#854 = CARTESIAN_POINT ( 'NONE',  ( 3.354092782221119506, 0.1971898976063921616, -0.4200000000000002620 ) ) ;
#855 = DIRECTION ( 'NONE',  ( 0.08715574274765831853, 0.9961946980917455452, 0.000000000000000000 ) ) ;
#856 = CARTESIAN_POINT ( 'NONE',  ( -3.341019420808970963, 0.04776069289263019935, -4.660000000000000142 ) ) ;
#857 = VERTEX_POINT ( 'NONE', #3163 ) ;
#858 = EDGE_LOOP ( 'NONE', ( #7788, #1920, #8319, #7691 ) ) ;
#859 = ORIENTED_EDGE ( 'NONE', *, *, #2388, .F. ) ;
#860 = PLANE ( 'NONE',  #3376 ) ;
#861 = ORIENTED_EDGE ( 'NONE', *, *, #323, .T. ) ;
#862 = VERTEX_POINT ( 'NONE', #4450 ) ;
#863 = ADVANCED_FACE ( 'NONE', ( #1980 ), #5169, .F. ) ;
#864 = CARTESIAN_POINT ( 'NONE',  ( -3.364923542069633289, 0.3209860491535506677, 0.8500000000000000888 ) ) ;
#865 = LINE ( 'NONE', #6114, #6698 ) ;
#866 = AXIS2_PLACEMENT_3D ( 'NONE', #4298, #5438, #2317 ) ;
#867 = VECTOR ( 'NONE', #6080, 1000.000000000000000 ) ;
#868 = EDGE_CURVE ( 'NONE', #7636, #1224, #2007, .T. ) ;
#869 = SURFACE_STYLE_USAGE ( .BOTH. , #6851 ) ;
#870 = ORIENTED_EDGE ( 'NONE', *, *, #7980, .T. ) ;
#871 = DIRECTION ( 'NONE',  ( 1.000000000000000000, -0.000000000000000000, -1.636531581110195409E-16 ) ) ;
#872 = VERTEX_POINT ( 'NONE', #698 ) ;
#873 = EDGE_LOOP ( 'NONE', ( #7358, #7256, #1672, #7571 ) ) ;
#874 = CARTESIAN_POINT ( 'NONE',  ( -2.783586933657053564, 1.225000000000001199, 4.660000000000000142 ) ) ;
#875 = CARTESIAN_POINT ( 'NONE',  ( -3.341019420808970963, 0.04776069289263019935, -2.120000000000000107 ) ) ;
#876 = DIRECTION ( 'NONE',  ( 1.000000000000000000, 0.000000000000000000, 0.000000000000000000 ) ) ;
#877 = EDGE_LOOP ( 'NONE', ( #6334, #8006, #232, #6419 ) ) ;
#878 = EDGE_LOOP ( 'NONE', ( #926, #979, #5701, #6031 ) ) ;
#879 = CYLINDRICAL_SURFACE ( 'NONE', #5839, 0.2742690327345599921 ) ;
#880 = CARTESIAN_POINT ( 'NONE',  ( 3.899999999999999467, 0.1494292047137622814, -2.959999999999999964 ) ) ;
#881 = CARTESIAN_POINT ( 'NONE',  ( -3.048510475726686764, 1.021717016418992152, 3.389999999999999680 ) ) ;
#882 = LINE ( 'NONE', #6979, #6487 ) ;
#883 = EDGE_CURVE ( 'NONE', #7011, #4474, #7666, .T. ) ;
#884 = CARTESIAN_POINT ( 'NONE',  ( -2.649999999999999911, 1.075000000000001288, -4.230000000000000426 ) ) ;
#885 = LINE ( 'NONE', #48, #6502 ) ;
#886 = ORIENTED_EDGE ( 'NONE', *, *, #7690, .T. ) ;
#887 = ORIENTED_EDGE ( 'NONE', *, *, #5410, .T. ) ;
#888 = VECTOR ( 'NONE', #6552, 1000.000000000000000 ) ;
#889 = ORIENTED_EDGE ( 'NONE', *, *, #1301, .T. ) ;
#890 = CARTESIAN_POINT ( 'NONE',  ( 2.783586933657053564, 0.9507309672654410404, -4.660000000000000142 ) ) ;
#891 = EDGE_LOOP ( 'NONE', ( #8322, #2862, #3921, #5590 ) ) ;
#892 = PRESENTATION_LAYER_ASSIGNMENT (  '', '', ( #5484 ) ) ;
#893 = CARTESIAN_POINT ( 'NONE',  ( 2.783586933657053564, 0.9507309672654410404, -0.4200000000000002620 ) ) ;
#894 = CARTESIAN_POINT ( 'NONE',  ( -2.783586933657053564, 0.9507309672654410404, -4.230000000000000426 ) ) ;
#895 = ADVANCED_FACE ( 'NONE', ( #4869 ), #768, .F. ) ;
#896 = DIRECTION ( 'NONE',  ( -0.2588190451025219607, -0.9659258262890678681, 0.000000000000000000 ) ) ;
#897 = EDGE_CURVE ( 'NONE', #5110, #4805, #7678, .T. ) ;
#898 = ORIENTED_EDGE ( 'NONE', *, *, #1232, .T. ) ;
#899 = EDGE_CURVE ( 'NONE', #825, #7053, #2042, .T. ) ;
#900 = ORIENTED_EDGE ( 'NONE', *, *, #1801, .F. ) ;
#901 = ORIENTED_EDGE ( 'NONE', *, *, #1642, .T. ) ;
#902 = ORIENTED_EDGE ( 'NONE', *, *, #7220, .F. ) ;
#903 = LINE ( 'NONE', #7641, #3910 ) ;
#904 = DIRECTION ( 'NONE',  ( 1.000000000000000000, 0.000000000000000000, -0.000000000000000000 ) ) ;
#905 = EDGE_CURVE ( 'NONE', #4550, #5909, #1874, .T. ) ;
#906 = DIRECTION ( 'NONE',  ( -1.000000000000000000, 0.000000000000000000, 0.000000000000000000 ) ) ;
#907 = DIRECTION ( 'NONE',  ( 0.000000000000000000, -1.000000000000000000, -0.000000000000000000 ) ) ;
#908 = AXIS2_PLACEMENT_3D ( 'NONE', #3827, #6344, #3887 ) ;
#909 = DIRECTION ( 'NONE',  ( 0.000000000000000000, 5.782411586589358822E-15, 1.000000000000000000 ) ) ;
#910 = ORIENTED_EDGE ( 'NONE', *, *, #262, .T. ) ;
#911 = EDGE_CURVE ( 'NONE', #7599, #821, #4916, .T. ) ;
#912 = ORIENTED_EDGE ( 'NONE', *, *, #3812, .T. ) ;
#913 = DIRECTION ( 'NONE',  ( 0.000000000000000000, 0.000000000000000000, 1.000000000000000000 ) ) ;
#914 = EDGE_CURVE ( 'NONE', #5555, #1726, #4663, .T. ) ;
#915 = LINE ( 'NONE', #5399, #3768 ) ;
#916 = EDGE_LOOP ( 'NONE', ( #7440, #7215, #1816, #2487, #1447, #6995, #5057, #5269, #188, #2189, #7517, #7538 ) ) ;
#917 = EDGE_LOOP ( 'NONE', ( #521, #6910, #6253, #1513, #573, #749 ) ) ;
#918 = FACE_OUTER_BOUND ( 'NONE', #4436, .T. ) ;
#919 = CARTESIAN_POINT ( 'NONE',  ( 2.649999999999999911, 1.225000000000001199, 4.660000000000000142 ) ) ;
#920 = STYLED_ITEM ( 'NONE', ( #4612 ), #4212 ) ;
#921 = DIRECTION ( 'NONE',  ( 0.000000000000000000, -0.000000000000000000, -1.000000000000000000 ) ) ;
#922 = EDGE_CURVE ( 'NONE', #1897, #7818, #7483, .T. ) ;
#923 = DIRECTION ( 'NONE',  ( -0.08715574274765759688, -0.9961946980917455452, 0.000000000000000000 ) ) ;
#924 = VERTEX_POINT ( 'NONE', #5866 ) ;
#925 = DIRECTION ( 'NONE',  ( 0.000000000000000000, -0.000000000000000000, -1.000000000000000000 ) ) ;
#926 = ORIENTED_EDGE ( 'NONE', *, *, #1820, .T. ) ;
#927 = CARTESIAN_POINT ( 'NONE',  ( -3.099999999999999645, 0.2499999999999996392, -4.230000000000000426 ) ) ;
#928 = CARTESIAN_POINT ( 'NONE',  ( 3.899999999999999467, 0.1494292047137622814, -3.389999999999999680 ) ) ;
#929 = DIRECTION ( 'NONE',  ( 0.000000000000000000, 1.000000000000000000, 0.000000000000000000 ) ) ;
#930 = ORIENTED_EDGE ( 'NONE', *, *, #3859, .F. ) ;
#931 = EDGE_CURVE ( 'NONE', #5600, #550, #1834, .T. ) ;
#932 = ORIENTED_EDGE ( 'NONE', *, *, #7287, .F. ) ;
#933 = ADVANCED_FACE ( 'NONE', ( #1849 ), #230, .F. ) ;
#934 = CYLINDRICAL_SURFACE ( 'NONE', #7974, 0.2742690327345604362 ) ;
#935 = DIRECTION ( 'NONE',  ( 0.2588190451025220717, 0.9659258262890678681, -0.000000000000000000 ) ) ;
#936 = AXIS2_PLACEMENT_3D ( 'NONE', #4356, #2271, #1675 ) ;
#937 = DIRECTION ( 'NONE',  ( 0.000000000000000000, -0.000000000000000000, -1.000000000000000000 ) ) ;
#938 = EDGE_CURVE ( 'NONE', #4391, #6170, #7536, .T. ) ;
#939 = CARTESIAN_POINT ( 'NONE',  ( 3.364923542069633289, 0.3209860491535506677, 3.389999999999999680 ) ) ;
#940 = VERTEX_POINT ( 'NONE', #2073 ) ;
#941 = ORIENTED_EDGE ( 'NONE', *, *, #6072, .F. ) ;
#942 = ORIENTED_EDGE ( 'NONE', *, *, #5789, .T. ) ;
#943 = DIRECTION ( 'NONE',  ( -1.000000000000000000, -1.623215898148971339E-15, 0.000000000000000000 ) ) ;
#944 = ORIENTED_EDGE ( 'NONE', *, *, #1210, .T. ) ;
#945 = LINE ( 'NONE', #7069, #6146 ) ;
#946 = CARTESIAN_POINT ( 'NONE',  ( 3.048510475726686764, 1.021717016418992152, 0.8500000000000000888 ) ) ;
#947 = VECTOR ( 'NONE', #8009, 1000.000000000000114 ) ;
#948 = DIRECTION ( 'NONE',  ( 1.000000000000000000, 1.623215898148971142E-15, -0.000000000000000000 ) ) ;
#949 = AXIS2_PLACEMENT_3D ( 'NONE', #3380, #4087, #6722 ) ;
#950 = ADVANCED_FACE ( 'NONE', ( #4773 ), #1457, .F. ) ;
#951 = VERTEX_POINT ( 'NONE', #6658 ) ;
#952 = ORIENTED_EDGE ( 'NONE', *, *, #6908, .T. ) ;
#953 = EDGE_CURVE ( 'NONE', #8144, #7450, #4733, .T. ) ;
#954 = CARTESIAN_POINT ( 'NONE',  ( 3.341019420808970963, 0.04776069289263030343, 2.120000000000000551 ) ) ;
#955 = VERTEX_POINT ( 'NONE', #4725 ) ;
#956 = ORIENTED_EDGE ( 'NONE', *, *, #5001, .T. ) ;
#957 = VECTOR ( 'NONE', #2977, 1000.000000000000000 ) ;
#958 = ORIENTED_EDGE ( 'NONE', *, *, #588, .F. ) ;
#959 = DIRECTION ( 'NONE',  ( -2.125886612716676067E-16, 0.000000000000000000, -1.000000000000000000 ) ) ;
#960 = CARTESIAN_POINT ( 'NONE',  ( -2.650000000000001243, 1.075000000000001732, -4.950484260976129924 ) ) ;
#961 = ADVANCED_FACE ( 'NONE', ( #2219 ), #116, .F. ) ;
#962 = CARTESIAN_POINT ( 'NONE',  ( -3.886926638587850924, 4.743384504624081899E-16, 2.120000000000000551 ) ) ;
#963 = CARTESIAN_POINT ( 'NONE',  ( 2.783586933657053564, 1.225000000000001199, -0.4200000000000002620 ) ) ;
#964 = DIRECTION ( 'NONE',  ( 0.1378445374916288935, 0.9808148484639890308, -0.1378445374916289212 ) ) ;
#965 = DIRECTION ( 'NONE',  ( -0.000000000000000000, 0.000000000000000000, 1.000000000000000000 ) ) ;
#966 = ORIENTED_EDGE ( 'NONE', *, *, #1801, .T. ) ;
#967 = AXIS2_PLACEMENT_3D ( 'NONE', #4426, #5900, #3265 ) ;
#968 = DIRECTION ( 'NONE',  ( -0.1378445374916289490, 0.9808148484639891418, -0.1378445374916288935 ) ) ;
#969 = ORIENTED_EDGE ( 'NONE', *, *, #8313, .F. ) ;
#970 = AXIS2_PLACEMENT_3D ( 'NONE', #5823, #4468, #5241 ) ;
#971 = ORIENTED_EDGE ( 'NONE', *, *, #1455, .F. ) ;
#972 = EDGE_CURVE ( 'NONE', #4553, #3592, #2231, .T. ) ;
#973 = ORIENTED_EDGE ( 'NONE', *, *, #829, .T. ) ;
#974 = LINE ( 'NONE', #3561, #987 ) ;
#975 = DIRECTION ( 'NONE',  ( 0.000000000000000000, -0.000000000000000000, -1.000000000000000000 ) ) ;
#976 = PRESENTATION_STYLE_ASSIGNMENT (( #3973 ) ) ;
#977 = CARTESIAN_POINT ( 'NONE',  ( -3.354092782221119506, 0.1971898976063921616, -2.120000000000000107 ) ) ;
#978 = VERTEX_POINT ( 'NONE', #4831 ) ;
#979 = ORIENTED_EDGE ( 'NONE', *, *, #799, .F. ) ;
#980 = ADVANCED_FACE ( 'NONE', ( #7857 ), #5081, .F. ) ;
#981 = DIRECTION ( 'NONE',  ( 1.000000000000000000, 0.000000000000000000, 0.000000000000000000 ) ) ;
#982 = CARTESIAN_POINT ( 'NONE',  ( 3.048510475726686764, 1.021717016418992152, -0.4200000000000002620 ) ) ;
#983 = FACE_OUTER_BOUND ( 'NONE', #1300, .T. ) ;
#984 = CARTESIAN_POINT ( 'NONE',  ( -2.649999999999999911, 1.075000000000001288, 3.389999999999999680 ) ) ;
#985 = EDGE_LOOP ( 'NONE', ( #2367, #516, #7632, #407 ) ) ;
#986 = ORIENTED_EDGE ( 'NONE', *, *, #7494, .F. ) ;
#987 = VECTOR ( 'NONE', #2885, 1000.000000000000000 ) ;
#988 = LINE ( 'NONE', #5053, #957 ) ;
#989 = EDGE_CURVE ( 'NONE', #4574, #2767, #2180, .T. ) ;
#990 = CARTESIAN_POINT ( 'NONE',  ( 3.048510475726686764, 1.021717016418992152, -2.959999999999999964 ) ) ;
#991 = VERTEX_POINT ( 'NONE', #2784 ) ;
#992 = ORIENTED_EDGE ( 'NONE', *, *, #4434, .T. ) ;
#993 = CARTESIAN_POINT ( 'NONE',  ( 3.899999999999999467, 0.1494292047137622814, -0.4200000000000002620 ) ) ;
#994 = ORIENTED_EDGE ( 'NONE', *, *, #1881, .T. ) ;
#995 = CIRCLE ( 'NONE', #1581, 0.1242690327345600532 ) ;
#996 = CARTESIAN_POINT ( 'NONE',  ( 2.649999999999999911, 1.225000000000001199, 4.950000000000003730 ) ) ;
#997 = FACE_OUTER_BOUND ( 'NONE', #5841, .T. ) ;
#998 = SURFACE_SIDE_STYLE ('',( #5185 ) ) ;
#999 = CARTESIAN_POINT ( 'NONE',  ( -2.649992964849198440, 1.074949942300985173, -4.951452754537958967 ) ) ;
#1000 = DIRECTION ( 'NONE',  ( 1.000000000000000000, 0.000000000000000000, -0.000000000000000000 ) ) ;
#1001 = EDGE_CURVE ( 'NONE', #3106, #3344, #2169, .T. ) ;
#1002 = ORIENTED_EDGE ( 'NONE', *, *, #1210, .F. ) ;
#1003 = AXIS2_PLACEMENT_3D ( 'NONE', #238, #6718, #5933 ) ;
#1004 = DIRECTION ( 'NONE',  ( -0.2588190451025219052, 0.9659258262890678681, 0.000000000000000000 ) ) ;
#1005 = LINE ( 'NONE', #577, #6478 ) ;
#1006 = ORIENTED_EDGE ( 'NONE', *, *, #3759, .F. ) ;
#1007 = VERTEX_POINT ( 'NONE', #7837 ) ;
#1008 = AXIS2_PLACEMENT_3D ( 'NONE', #6648, #5378, #6699 ) ;
#1009 = VECTOR ( 'NONE', #5240, 1000.000000000000000 ) ;
#1010 = FILL_AREA_STYLE_COLOUR ( '', #3694 ) ;
#1011 = CARTESIAN_POINT ( 'NONE',  ( 2.649999999999999911, 1.225000000000001199, 5.100000000000003197 ) ) ;
#1012 = CARTESIAN_POINT ( 'NONE',  ( -2.541080853105645243, 1.870875965144010999, 5.009228052744452597 ) ) ;
#1013 = EDGE_CURVE ( 'NONE', #3656, #7226, #5013, .T. ) ;
#1014 = DIRECTION ( 'NONE',  ( -0.000000000000000000, -0.000000000000000000, -1.000000000000000000 ) ) ;
#1015 = CARTESIAN_POINT ( 'NONE',  ( -2.783586933657053564, 0.9507309672654410404, -1.690000000000000169 ) ) ;
#1016 = VERTEX_POINT ( 'NONE', #2020 ) ;
#1017 = AXIS2_PLACEMENT_3D ( 'NONE', #1909, #6418, #5636 ) ;
#1018 = DIRECTION ( 'NONE',  ( -0.000000000000000000, 0.000000000000000000, 1.000000000000000000 ) ) ;
#1019 = VERTEX_POINT ( 'NONE', #5440 ) ;
#1020 = ORIENTED_EDGE ( 'NONE', *, *, #506, .T. ) ;
#1021 = LINE ( 'NONE', #7395, #6849 ) ;
#1022 = DIRECTION ( 'NONE',  ( -0.000000000000000000, -0.000000000000000000, -1.000000000000000000 ) ) ;
#1023 = LINE ( 'NONE', #5763, #6482 ) ;
#1024 = DIRECTION ( 'NONE',  ( 0.9961946980917455452, -0.08715574274765840179, 0.000000000000000000 ) ) ;
#1025 = CARTESIAN_POINT ( 'NONE',  ( 2.903621601783326067, 0.9828941596536137082, -2.959999999999999964 ) ) ;
#1026 = EDGE_CURVE ( 'NONE', #991, #7413, #4983, .T. ) ;
#1027 = DIRECTION ( 'NONE',  ( -2.891205793294679017E-15, 0.000000000000000000, 1.000000000000000000 ) ) ;
#1028 = ORIENTED_EDGE ( 'NONE', *, *, #1792, .F. ) ;
#1029 = DIRECTION ( 'NONE',  ( 1.000000000000000000, -3.111476739543301837E-33, -1.636531581110195409E-16 ) ) ;
#1030 = CARTESIAN_POINT ( 'NONE',  ( 3.099999999999999645, 0.2499999999999996392, 4.660000000000000142 ) ) ;
#1031 = CARTESIAN_POINT ( 'NONE',  ( -3.364923542069633289, 0.3209860491535506677, -2.959999999999999964 ) ) ;
#1032 = VECTOR ( 'NONE', #3855, 1000.000000000000000 ) ;
#1033 = EDGE_LOOP ( 'NONE', ( #1493, #2413, #2452, #1551 ) ) ;
#1034 = EDGE_CURVE ( 'NONE', #4004, #4157, #5068, .T. ) ;
#1035 = ORIENTED_EDGE ( 'NONE', *, *, #4923, .T. ) ;
#1036 = LINE ( 'NONE', #7747, #6583 ) ;
#1037 = PLANE ( 'NONE',  #3018 ) ;
#1038 = DIRECTION ( 'NONE',  ( 0.9961946980917455452, 0.08715574274765838791, 0.000000000000000000 ) ) ;
#1039 = CARTESIAN_POINT ( 'NONE',  ( 3.099999999999999645, 0.2499999999999996392, 4.660000000000000142 ) ) ;
#1040 = ORIENTED_EDGE ( 'NONE', *, *, #3625, .T. ) ;
#1041 = CIRCLE ( 'NONE', #4423, 0.2742690327345599921 ) ;
#1042 = EDGE_LOOP ( 'NONE', ( #202, #7382, #7554, #4611 ) ) ;
#1043 = DIRECTION ( 'NONE',  ( 0.08715574274765831853, 0.9961946980917455452, 0.000000000000000000 ) ) ;
#1044 = VERTEX_POINT ( 'NONE', #6241 ) ;
#1045 = CARTESIAN_POINT ( 'NONE',  ( -2.783586933657053564, 1.075000000000001066, -4.660000000000000142 ) ) ;
#1046 = CIRCLE ( 'NONE', #6300, 0.1242690327345600532 ) ;
#1047 = DIRECTION ( 'NONE',  ( -1.000000000000000000, 0.000000000000000000, -2.919619327894516855E-15 ) ) ;
#1048 = AXIS2_PLACEMENT_3D ( 'NONE', #1076, #3783, #4441 ) ;
#1049 = EDGE_CURVE ( 'NONE', #7833, #2805, #7869, .T. ) ;
#1050 = PLANE ( 'NONE',  #2627 ) ;
#1051 = LINE ( 'NONE', #6407, #3843 ) ;
#1052 = DIRECTION ( 'NONE',  ( 0.000000000000000000, 1.156482317317871764E-14, -1.000000000000000000 ) ) ;
#1053 = LINE ( 'NONE', #1768, #3818 ) ;
#1054 = ORIENTED_EDGE ( 'NONE', *, *, #5209, .T. ) ;
#1055 = ORIENTED_EDGE ( 'NONE', *, *, #8227, .T. ) ;
#1056 = LINE ( 'NONE', #7852, #3800 ) ;
#1057 = AXIS2_PLACEMENT_3D ( 'NONE', #7119, #3201, #1842 ) ;
#1058 = DIRECTION ( 'NONE',  ( 0.000000000000000000, -0.000000000000000000, -1.000000000000000000 ) ) ;
#1059 = CARTESIAN_POINT ( 'NONE',  ( -2.649999999999999911, 1.225000000000001199, 5.100000000000004086 ) ) ;
#1060 = CARTESIAN_POINT ( 'NONE',  ( -3.244888873943359897, 0.2888228567653777779, 2.120000000000000551 ) ) ;
#1061 = EDGE_CURVE ( 'NONE', #2480, #6016, #5180, .T. ) ;
#1062 = DIRECTION ( 'NONE',  ( 0.000000000000000000, -0.000000000000000000, -1.000000000000000000 ) ) ;
#1063 = ORIENTED_EDGE ( 'NONE', *, *, #1279, .F. ) ;
#1064 = DIRECTION ( 'NONE',  ( -1.000000000000000000, 0.000000000000000000, 0.000000000000000000 ) ) ;
#1065 =( BOUNDED_CURVE ( )  B_SPLINE_CURVE ( 3, ( #6591, #5165, #692, #1505 ),
 .UNSPECIFIED., .F., .F. ) 
 B_SPLINE_CURVE_WITH_KNOTS ( ( 4, 4 ),
 ( 2.365879671860811495, 3.917305635318754753 ),
 .UNSPECIFIED. ) 
 CURVE ( )  GEOMETRIC_REPRESENTATION_ITEM ( )  RATIONAL_B_SPLINE_CURVE ( ( 1.000000000000000000, 0.8092813118237134340, 0.8092813118237134340, 1.000000000000000000 ) ) 
 REPRESENTATION_ITEM ( '' )  );
#1066 = CARTESIAN_POINT ( 'NONE',  ( 2.649999999999997691, 1.225000000000001199, -5.099999999999996092 ) ) ;
#1067 = LINE ( 'NONE', #641, #6540 ) ;
#1068 = ORIENTED_EDGE ( 'NONE', *, *, #2716, .F. ) ;
#1069 = ORIENTED_EDGE ( 'NONE', *, *, #938, .T. ) ;
#1070 = LINE ( 'NONE', #884, #6713 ) ;
#1071 = ADVANCED_FACE ( 'NONE', ( #7814 ), #2194, .T. ) ;
#1072 = LINE ( 'NONE', #3453, #3866 ) ;
#1073 = CARTESIAN_POINT ( 'NONE',  ( -2.783586933657053564, 0.9507309672654410404, -0.4200000000000002620 ) ) ;
#1074 = DIRECTION ( 'NONE',  ( -0.9659258262890679791, 0.2588190451025220717, 0.000000000000000000 ) ) ;
#1075 = ORIENTED_EDGE ( 'NONE', *, *, #8057, .F. ) ;
#1076 = CARTESIAN_POINT ( 'NONE',  ( -2.783586933657053564, 0.9507309672654410404, -1.690000000000000169 ) ) ;
#1077 = EDGE_CURVE ( 'NONE', #3606, #991, #5154, .T. ) ;
#1078 = DIRECTION ( 'NONE',  ( -1.000000000000000000, 0.000000000000000000, 0.000000000000000000 ) ) ;
#1079 = CARTESIAN_POINT ( 'NONE',  ( 2.649992964849197108, 1.225050057699017092, 4.951452754537964296 ) ) ;
#1080 = FACE_OUTER_BOUND ( 'NONE', #2289, .T. ) ;
#1081 = DIRECTION ( 'NONE',  ( 1.000000000000000000, 0.000000000000000000, 0.000000000000000000 ) ) ;
#1082 = ORIENTED_EDGE ( 'NONE', *, *, #437, .T. ) ;
#1083 = ORIENTED_EDGE ( 'NONE', *, *, #76, .T. ) ;
#1084 = LINE ( 'NONE', #2463, #3832 ) ;
#1085 = COLOUR_RGB ( '',0.8000000000000000444, 0.8196078431372548767, 0.9333333333333333481 ) ;
#1086 = DIRECTION ( 'NONE',  ( -0.000000000000000000, -0.000000000000000000, -1.000000000000000000 ) ) ;
#1087 = DIRECTION ( 'NONE',  ( -1.000000000000000000, 0.000000000000000000, 0.000000000000000000 ) ) ;
#1088 = FILL_AREA_STYLE_COLOUR ( '', #117 ) ;
#1089 = ORIENTED_EDGE ( 'NONE', *, *, #2904, .F. ) ;
#1090 = EDGE_CURVE ( 'NONE', #5617, #1591, #7881, .T. ) ;
#1091 = EDGE_LOOP ( 'NONE', ( #2930, #2726, #40, #6806 ) ) ;
#1092 = VERTEX_POINT ( 'NONE', #5549 ) ;
#1093 = VERTEX_POINT ( 'NONE', #1097 ) ;
#1094 = VECTOR ( 'NONE', #3628, 1000.000000000000000 ) ;
#1095 = PLANE ( 'NONE',  #5516 ) ;
#1096 = VECTOR ( 'NONE', #5880, 1000.000000000000114 ) ;
#1097 = CARTESIAN_POINT ( 'NONE',  ( 3.886926638587850924, 4.743384504624081899E-16, 4.660000000000000142 ) ) ;
#1098 = LINE ( 'NONE', #7017, #3902 ) ;
#1099 = AXIS2_PLACEMENT_3D ( 'NONE', #1115, #3709, #4372 ) ;
#1100 = DIRECTION ( 'NONE',  ( 0.000000000000000000, -0.000000000000000000, -1.000000000000000000 ) ) ;
#1101 = LINE ( 'NONE', #3001, #3626 ) ;
#1102 = ORIENTED_EDGE ( 'NONE', *, *, #2562, .T. ) ;
#1103 = ORIENTED_EDGE ( 'NONE', *, *, #3478, .T. ) ;
#1104 = EDGE_CURVE ( 'NONE', #7704, #6420, #4976, .T. ) ;
#1105 = ORIENTED_EDGE ( 'NONE', *, *, #7562, .T. ) ;
#1106 = LINE ( 'NONE', #679, #6696 ) ;
#1107 = AXIS2_PLACEMENT_3D ( 'NONE', #7278, #1544, #6796 ) ;
#1108 = EDGE_LOOP ( 'NONE', ( #1451, #4284, #523, #1974, #3760, #944, #3443, #942, #973, #3153, #5437, #6321 ) ) ;
#1109 = DIRECTION ( 'NONE',  ( -0.9961946980917455452, -0.08715574274765840179, 0.000000000000000000 ) ) ;
#1110 = AXIS2_PLACEMENT_3D ( 'NONE', #1859, #4549, #7835 ) ;
#1111 = DIRECTION ( 'NONE',  ( -0.000000000000000000, 0.000000000000000000, 1.000000000000000000 ) ) ;
#1112 = EDGE_CURVE ( 'NONE', #6773, #6503, #5132, .T. ) ;
#1113 = AXIS2_PLACEMENT_3D ( 'NONE', #5791, #7823, #1285 ) ;
#1114 = DIRECTION ( 'NONE',  ( -1.000000000000000000, 2.891205793294674678E-15, 4.063324754860245854E-16 ) ) ;
#1115 = CARTESIAN_POINT ( 'NONE',  ( 3.354092782221119506, 0.1971898976063921616, -0.4200000000000002620 ) ) ;
#1116 = PLANE ( 'NONE',  #1972 ) ;
#1117 = CLOSED_SHELL ( 'NONE', ( #5301, #691, #7981, #2154, #4708, #4501, #7443, #172, #2168, #5895, #663, #6825, #5373, #3119 ) ) ;
#1118 = DIRECTION ( 'NONE',  ( -0.000000000000000000, -0.000000000000000000, -1.000000000000000000 ) ) ;
#1119 = VERTEX_POINT ( 'NONE', #1770 ) ;
#1120 = ORIENTED_EDGE ( 'NONE', *, *, #2126, .F. ) ;
#1121 = EDGE_LOOP ( 'NONE', ( #2791, #2710, #8377, #2819 ) ) ;
#1122 = VECTOR ( 'NONE', #2546, 1000.000000000000114 ) ;
#1123 = ADVANCED_FACE ( 'NONE', ( #5092 ), #7842, .T. ) ;
#1124 = CARTESIAN_POINT ( 'NONE',  ( -2.649999999999999911, 1.075000000000001288, -3.389999999999999680 ) ) ;
#1125 = FACE_OUTER_BOUND ( 'NONE', #3688, .T. ) ;
#1126 = EDGE_CURVE ( 'NONE', #2428, #3967, #7894, .T. ) ;
#1127 = ORIENTED_EDGE ( 'NONE', *, *, #714, .F. ) ;
#1128 = SURFACE_SIDE_STYLE ('',( #1648 ) ) ;
#1129 = AXIS2_PLACEMENT_3D ( 'NONE', #2431, #2533, #1274 ) ;
#1130 = AXIS2_PLACEMENT_3D ( 'NONE', #4579, #2624, #5883 ) ;
#1131 = UNCERTAINTY_MEASURE_WITH_UNIT (LENGTH_MEASURE( 1.000000000000000082E-05 ), #1679, 'distance_accuracy_value', 'NONE');
#1132 = ORIENTED_EDGE ( 'NONE', *, *, #1965, .T. ) ;
#1133 = EDGE_CURVE ( 'NONE', #6200, #5022, #2257, .T. ) ;
#1134 = CARTESIAN_POINT ( 'NONE',  ( -2.649999999999999911, 1.075000000000001288, -4.230000000000000426 ) ) ;
#1135 = CARTESIAN_POINT ( 'NONE',  ( -3.364923542069633289, 0.3209860491535506677, -4.230000000000000426 ) ) ;
#1136 = CARTESIAN_POINT ( 'NONE',  ( 3.354092782221119506, 0.1971898976063921616, 2.959999999999999964 ) ) ;
#1137 = ORIENTED_EDGE ( 'NONE', *, *, #3300, .T. ) ;
#1138 = ORIENTED_EDGE ( 'NONE', *, *, #6944, .T. ) ;
#1139 = ORIENTED_EDGE ( 'NONE', *, *, #5585, .T. ) ;
#1140 = LINE ( 'NONE', #4603, #3799 ) ;
#1141 = LINE ( 'NONE', #3929, #6874 ) ;
#1142 = CARTESIAN_POINT ( 'NONE',  ( -2.783586933657053564, 1.225000000000001199, -1.690000000000000169 ) ) ;
#1143 = DIRECTION ( 'NONE',  ( 0.000000000000000000, -1.000000000000000000, -0.000000000000000000 ) ) ;
#1144 =( NAMED_UNIT ( * ) SI_UNIT ( $, .STERADIAN. ) SOLID_ANGLE_UNIT ( ) );
#1145 = FACE_OUTER_BOUND ( 'NONE', #7808, .T. ) ;
#1146 = ORIENTED_EDGE ( 'NONE', *, *, #3320, .T. ) ;
#1147 = ORIENTED_EDGE ( 'NONE', *, *, #6899, .F. ) ;
#1148 = PLANE ( 'NONE',  #4174 ) ;
#1149 = EDGE_CURVE ( 'NONE', #5250, #821, #2335, .T. ) ;
#1150 = DIRECTION ( 'NONE',  ( 0.000000000000000000, 0.000000000000000000, 1.000000000000000000 ) ) ;
#1151 = ORIENTED_EDGE ( 'NONE', *, *, #8185, .F. ) ;
#1152 = LINE ( 'NONE', #7446, #1094 ) ;
#1153 = CARTESIAN_POINT ( 'NONE',  ( 3.048510475726686764, 1.021717016418992152, 0.8500000000000000888 ) ) ;
#1154 = DIRECTION ( 'NONE',  ( 0.2588190451025220717, 0.9659258262890678681, -0.000000000000000000 ) ) ;
#1155 = ADVANCED_FACE ( 'NONE', ( #2129 ), #5025, .T. ) ;
#1156 = CARTESIAN_POINT ( 'NONE',  ( 2.649999999999999911, 1.225000000000001199, -1.690000000000000169 ) ) ;
#1157 = CIRCLE ( 'NONE', #796, 0.2742690327345599921 ) ;
#1158 = AXIS2_PLACEMENT_3D ( 'NONE', #2418, #3067, #3806 ) ;
#1159 = PLANE ( 'NONE',  #2479 ) ;
#1160 = LINE ( 'NONE', #3305, #1255 ) ;
#1161 = ORIENTED_EDGE ( 'NONE', *, *, #7354, .F. ) ;
#1162 = ORIENTED_EDGE ( 'NONE', *, *, #3988, .T. ) ;
#1163 = ORIENTED_EDGE ( 'NONE', *, *, #7749, .F. ) ;
#1164 = FACE_OUTER_BOUND ( 'NONE', #546, .T. ) ;
#1165 = LINE ( 'NONE', #8378, #4231 ) ;
#1166 = EDGE_CURVE ( 'NONE', #5974, #3257, #7989, .T. ) ;
#1167 = CARTESIAN_POINT ( 'NONE',  ( -2.903621601783326067, 0.9828941596536137082, 1.690000000000000613 ) ) ;
#1168 = CARTESIAN_POINT ( 'NONE',  ( 2.783586933657053564, 0.9507309672654410404, -0.4200000000000002620 ) ) ;
#1169 = DIRECTION ( 'NONE',  ( 0.000000000000000000, 0.000000000000000000, 1.000000000000000000 ) ) ;
#1170 = DIRECTION ( 'NONE',  ( 0.2588190451025220717, 0.9659258262890678681, -0.000000000000000000 ) ) ;
#1171 = VECTOR ( 'NONE', #7821, 1000.000000000000000 ) ;
#1172 = DIRECTION ( 'NONE',  ( 0.1378445374916289490, -0.9808148484639891418, 0.1378445374916288935 ) ) ;
#1173 = DIRECTION ( 'NONE',  ( 1.000000000000000000, 0.000000000000000000, 0.000000000000000000 ) ) ;
#1174 = ADVANCED_FACE ( 'NONE', ( #2346 ), #2521, .F. ) ;
#1175 = EDGE_LOOP ( 'NONE', ( #5337, #5393, #3029, #886 ) ) ;
#1176 = ORIENTED_EDGE ( 'NONE', *, *, #5539, .F. ) ;
#1177 = VERTEX_POINT ( 'NONE', #6672 ) ;
#1178 = EDGE_CURVE ( 'NONE', #3592, #5617, #4995, .T. ) ;
#1179 = ADVANCED_FACE ( 'NONE', ( #7918 ), #7213, .F. ) ;
#1180 = DIRECTION ( 'NONE',  ( 0.000000000000000000, -0.000000000000000000, -1.000000000000000000 ) ) ;
#1181 = CARTESIAN_POINT ( 'NONE',  ( -3.899999999999999467, 0.1494292047137622814, -2.959999999999999964 ) ) ;
#1182 = VECTOR ( 'NONE', #4526, 1000.000000000000000 ) ;
#1183 = EDGE_LOOP ( 'NONE', ( #2632, #4969, #3890, #4276, #7128, #4599, #2396, #1540, #4327, #3997, #7091, #2498 ) ) ;
#1184 = EDGE_CURVE ( 'NONE', #1520, #7448, #7804, .T. ) ;
#1185 = VECTOR ( 'NONE', #4119, 1000.000000000000000 ) ;
#1186 = CARTESIAN_POINT ( 'NONE',  ( 2.649999999999999911, 1.225000000000001199, -0.4200000000000002620 ) ) ;
#1187 = DIRECTION ( 'NONE',  ( 1.000000000000000000, 0.000000000000000000, -0.000000000000000000 ) ) ;
#1188 =( NAMED_UNIT ( * ) PLANE_ANGLE_UNIT ( ) SI_UNIT ( $, .RADIAN. ) );
#1189 = DIRECTION ( 'NONE',  ( 0.08715574274765759688, 0.9961946980917455452, 0.000000000000000000 ) ) ;
#1190 = CARTESIAN_POINT ( 'NONE',  ( 2.649999999999999911, 1.225000000000001199, 3.389999999999999680 ) ) ;
#1191 = DIRECTION ( 'NONE',  ( 0.000000000000000000, -0.000000000000000000, -1.000000000000000000 ) ) ;
#1192 = ORIENTED_EDGE ( 'NONE', *, *, #183, .T. ) ;
#1193 = VERTEX_POINT ( 'NONE', #2573 ) ;
#1194 = ORIENTED_EDGE ( 'NONE', *, *, #6784, .F. ) ;
#1195 = DIRECTION ( 'NONE',  ( 1.000000000000000000, 0.000000000000000000, 0.000000000000000000 ) ) ;
#1196 = ORIENTED_EDGE ( 'NONE', *, *, #5188, .T. ) ;
#1197 = CARTESIAN_POINT ( 'NONE',  ( -2.783586933657053564, 0.9507309672654410404, 2.120000000000000551 ) ) ;
#1198 = CARTESIAN_POINT ( 'NONE',  ( -3.341019420808970963, 0.04776069289263030343, -3.389999999999999680 ) ) ;
#1199 = CARTESIAN_POINT ( 'NONE',  ( 3.341019420808970963, 0.04776069289263030343, 3.389999999999999680 ) ) ;
#1200 = SPHERICAL_SURFACE ( 'NONE', #435, 0.1499999999999999944 ) ;
#1201 = ORIENTED_EDGE ( 'NONE', *, *, #5060, .T. ) ;
#1202 = ORIENTED_EDGE ( 'NONE', *, *, #2992, .F. ) ;
#1203 = DIRECTION ( 'NONE',  ( -0.000000000000000000, -0.000000000000000000, -1.000000000000000000 ) ) ;
#1204 = EDGE_LOOP ( 'NONE', ( #3199, #3429, #6041, #4270 ) ) ;
#1205 = LINE ( 'NONE', #818, #3761 ) ;
#1206 = DIRECTION ( 'NONE',  ( -0.9961946980917455452, 0.08715574274765838791, 0.000000000000000000 ) ) ;
#1207 = VECTOR ( 'NONE', #5043, 1000.000000000000114 ) ;
#1208 = DIRECTION ( 'NONE',  ( 0.000000000000000000, -0.000000000000000000, -1.000000000000000000 ) ) ;
#1209 = FILL_AREA_STYLE ('',( #2954 ) ) ;
#1210 = EDGE_CURVE ( 'NONE', #5124, #1635, #4928, .T. ) ;
#1211 = EDGE_CURVE ( 'NONE', #5495, #4920, #7931, .T. ) ;
#1212 = DIRECTION ( 'NONE',  ( -1.000000000000000000, 0.000000000000000000, 0.000000000000000000 ) ) ;
#1213 = ORIENTED_EDGE ( 'NONE', *, *, #5314, .T. ) ;
#1214 = ORIENTED_EDGE ( 'NONE', *, *, #7318, .F. ) ;
#1215 = EDGE_CURVE ( 'NONE', #1568, #2995, #7827, .T. ) ;
#1216 = VERTEX_POINT ( 'NONE', #7854 ) ;
#1217 = CIRCLE ( 'NONE', #1500, 0.1242690327345600532 ) ;
#1218 = DIRECTION ( 'NONE',  ( -1.000000000000000000, 0.000000000000000000, 0.000000000000000000 ) ) ;
#1219 = CARTESIAN_POINT ( 'NONE',  ( -2.649999999999999911, 1.225000000000001199, -4.230000000000000426 ) ) ;
#1220 = DIRECTION ( 'NONE',  ( 0.000000000000000000, -0.000000000000000000, -1.000000000000000000 ) ) ;
#1221 = FACE_OUTER_BOUND ( 'NONE', #3718, .T. ) ;
#1222 = AXIS2_PLACEMENT_3D ( 'NONE', #734, #5413, #1382 ) ;
#1223 = VECTOR ( 'NONE', #2031, 1000.000000000000000 ) ;
#1224 = VERTEX_POINT ( 'NONE', #3312 ) ;
#1225 = ORIENTED_EDGE ( 'NONE', *, *, #3195, .F. ) ;
#1226 = ORIENTED_EDGE ( 'NONE', *, *, #1112, .T. ) ;
#1227 = VECTOR ( 'NONE', #391, 1000.000000000000227 ) ;
#1228 = CARTESIAN_POINT ( 'NONE',  ( 3.341019420808970963, 0.04776069289263030343, 4.660000000000000142 ) ) ;
#1229 = DIRECTION ( 'NONE',  ( 1.000000000000000000, 1.623215898148971142E-15, -0.000000000000000000 ) ) ;
#1230 = EDGE_CURVE ( 'NONE', #193, #2662, #5143, .T. ) ;
#1231 = CARTESIAN_POINT ( 'NONE',  ( -2.783586933657053564, 1.075000000000001066, 1.690000000000000613 ) ) ;
#1232 = EDGE_CURVE ( 'NONE', #1903, #6051, #7780, .T. ) ;
#1233 = VECTOR ( 'NONE', #274, 1000.000000000000227 ) ;
#1234 = ADVANCED_FACE ( 'NONE', ( #2121 ), #2108, .T. ) ;
#1235 = DIRECTION ( 'NONE',  ( 1.000000000000000000, 0.000000000000000000, 0.000000000000000000 ) ) ;
#1236 = CARTESIAN_POINT ( 'NONE',  ( 2.783586933657053564, 1.075000000000001066, 4.660000000000000142 ) ) ;
#1237 = CARTESIAN_POINT ( 'NONE',  ( 3.048510475726686764, 1.021717016418992152, -2.959999999999999964 ) ) ;
#1238 = DIRECTION ( 'NONE',  ( 0.000000000000000000, 0.000000000000000000, 1.000000000000000000 ) ) ;
#1239 = CARTESIAN_POINT ( 'NONE',  ( -2.501452754537962786, 1.225050057699017536, -5.099992964849191956 ) ) ;
#1240 = FACE_OUTER_BOUND ( 'NONE', #1436, .T. ) ;
#1241 = ORIENTED_EDGE ( 'NONE', *, *, #2928, .F. ) ;
#1242 = ORIENTED_EDGE ( 'NONE', *, *, #4307, .T. ) ;
#1243 = ORIENTED_EDGE ( 'NONE', *, *, #4352, .F. ) ;
#1244 = CYLINDRICAL_SURFACE ( 'NONE', #674, 0.1499999999999999667 ) ;
#1245 = FACE_OUTER_BOUND ( 'NONE', #7584, .T. ) ;
#1246 = AXIS2_PLACEMENT_3D ( 'NONE', #1546, #2762, #6212 ) ;
#1247 = ORIENTED_EDGE ( 'NONE', *, *, #1598, .F. ) ;
#1248 = CARTESIAN_POINT ( 'NONE',  ( 2.649999999999999911, 1.225000000000001199, 3.389999999999999680 ) ) ;
#1249 = AXIS2_PLACEMENT_3D ( 'NONE', #578, #721, #2520 ) ;
#1250 = CARTESIAN_POINT ( 'NONE',  ( -2.783586933657053564, 0.9507309672654410404, -4.230000000000000426 ) ) ;
#1251 = DIRECTION ( 'NONE',  ( 0.000000000000000000, 0.000000000000000000, -1.000000000000000000 ) ) ;
#1252 = EDGE_CURVE ( 'NONE', #940, #7968, #4949, .T. ) ;
#1253 = CARTESIAN_POINT ( 'NONE',  ( 3.099999999999999645, 0.2499999999999996392, 2.120000000000000551 ) ) ;
#1254 = VECTOR ( 'NONE', #3277, 1000.000000000000000 ) ;
#1255 = VECTOR ( 'NONE', #5344, 1000.000000000000000 ) ;
#1256 = ORIENTED_EDGE ( 'NONE', *, *, #51, .T. ) ;
#1257 = ORIENTED_EDGE ( 'NONE', *, *, #7297, .F. ) ;
#1258 =( NAMED_UNIT ( * ) SI_UNIT ( $, .STERADIAN. ) SOLID_ANGLE_UNIT ( ) );
#1259 = ORIENTED_EDGE ( 'NONE', *, *, #1766, .T. ) ;
#1260 = VECTOR ( 'NONE', #1539, 1000.000000000000000 ) ;
#1261 = ADVANCED_FACE ( 'NONE', ( #7756 ), #1323, .F. ) ;
#1262 = CARTESIAN_POINT ( 'NONE',  ( 3.354092782221119506, 0.1971898976063921616, 0.4200000000000002620 ) ) ;
#1263 = LINE ( 'NONE', #7112, #4146 ) ;
#1264 = CARTESIAN_POINT ( 'NONE',  ( 2.501452754537962342, 1.225050057699011319, 5.099992964849200838 ) ) ;
#1265 = EDGE_CURVE ( 'NONE', #4614, #7226, #5357, .T. ) ;
#1266 = DIRECTION ( 'NONE',  ( -1.000000000000000000, 1.623215898148971142E-15, 0.000000000000000000 ) ) ;
#1267 = VERTEX_POINT ( 'NONE', #854 ) ;
#1268 = ORIENTED_EDGE ( 'NONE', *, *, #8113, .F. ) ;
#1269 = VERTEX_POINT ( 'NONE', #5765 ) ;
#1270 = VECTOR ( 'NONE', #7514, 1000.000000000000000 ) ;
#1271 = ADVANCED_FACE ( 'NONE', ( #2586 ), #24, .F. ) ;
#1272 = EDGE_LOOP ( 'NONE', ( #1367, #8128, #6819, #2137 ) ) ;
#1273 = MECHANICAL_DESIGN_GEOMETRIC_PRESENTATION_REPRESENTATION (  '', ( #5484 ), #6229 ) ;
#1274 = DIRECTION ( 'NONE',  ( 0.000000000000000000, 0.000000000000000000, 1.000000000000000000 ) ) ;
#1275 = DIRECTION ( 'NONE',  ( -1.000000000000000000, -1.623215898148971339E-15, 0.000000000000000000 ) ) ;
#1276 = CARTESIAN_POINT ( 'NONE',  ( 2.783586933657053564, 0.9507309672654410404, 3.389999999999999680 ) ) ;
#1277 = FACE_OUTER_BOUND ( 'NONE', #7741, .T. ) ;
#1278 = DIRECTION ( 'NONE',  ( 0.000000000000000000, 0.000000000000000000, 1.000000000000000000 ) ) ;
#1279 = EDGE_CURVE ( 'NONE', #2172, #3444, #2524, .T. ) ;
#1280 = FACE_OUTER_BOUND ( 'NONE', #3276, .T. ) ;
#1281 = ORIENTED_EDGE ( 'NONE', *, *, #51, .F. ) ;
#1282 = ORIENTED_EDGE ( 'NONE', *, *, #3418, .F. ) ;
#1283 = ORIENTED_EDGE ( 'NONE', *, *, #272, .T. ) ;
#1284 = VECTOR ( 'NONE', #3578, 1000.000000000000114 ) ;
#1285 = DIRECTION ( 'NONE',  ( -1.000000000000000000, 0.000000000000000000, 0.000000000000000000 ) ) ;
#1286 = CIRCLE ( 'NONE', #6046, 0.2742690327345599921 ) ;
#1287 = CARTESIAN_POINT ( 'NONE',  ( 3.899999999999999467, 0.1494292047137622814, 3.389999999999999680 ) ) ;
#1288 = EDGE_CURVE ( 'NONE', #3604, #7504, #8125, .T. ) ;
#1289 = LINE ( 'NONE', #880, #6815 ) ;
#1290 = CARTESIAN_POINT ( 'NONE',  ( -3.364923542069633289, 0.3209860491535506677, 0.4200000000000002620 ) ) ;
#1291 = AXIS2_PLACEMENT_3D ( 'NONE', #4123, #5317, #4771 ) ;
#1292 = DIRECTION ( 'NONE',  ( 0.000000000000000000, 0.000000000000000000, 1.000000000000000000 ) ) ;
#1293 = CARTESIAN_POINT ( 'NONE',  ( 3.364923542069633289, 0.3209860491535506677, -2.959999999999999964 ) ) ;
#1294 = DIRECTION ( 'NONE',  ( 0.2588190451025220162, -0.9659258262890678681, 0.000000000000000000 ) ) ;
#1295 = DIRECTION ( 'NONE',  ( -0.2588190451025219607, -0.9659258262890678681, 0.000000000000000000 ) ) ;
#1296 = CARTESIAN_POINT ( 'NONE',  ( 3.341019420808970963, 0.04776069289263030343, 3.389999999999999680 ) ) ;
#1297 = CIRCLE ( 'NONE', #7742, 0.2742690327345604362 ) ;
#1298 = SURFACE_STYLE_USAGE ( .BOTH. , #6477 ) ;
#1299 = VERTEX_POINT ( 'NONE', #4744 ) ;
#1300 = EDGE_LOOP ( 'NONE', ( #1247, #6666, #6680, #7706, #7232, #6601 ) ) ;
#1301 = EDGE_CURVE ( 'NONE', #8391, #314, #5441, .T. ) ;
#1302 = ORIENTED_EDGE ( 'NONE', *, *, #2790, .T. ) ;
#1303 = CYLINDRICAL_SURFACE ( 'NONE', #1870, 0.2742690327345599921 ) ;
#1304 = CYLINDRICAL_SURFACE ( 'NONE', #5150, 0.1242690327345600532 ) ;
#1305 = ORIENTED_EDGE ( 'NONE', *, *, #3125, .T. ) ;
#1306 = CARTESIAN_POINT ( 'NONE',  ( 2.903621601783326067, 0.9828941596536137082, -4.660000000000000142 ) ) ;
#1307 = CARTESIAN_POINT ( 'NONE',  ( -3.048510475726686764, 1.021717016418992152, 0.8500000000000000888 ) ) ;
#1308 = AXIS2_PLACEMENT_3D ( 'NONE', #4171, #267, #981 ) ;
#1309 = CARTESIAN_POINT ( 'NONE',  ( -2.783586933657053564, 0.9507309672654410404, -2.959999999999999964 ) ) ;
#1310 = CARTESIAN_POINT ( 'NONE',  ( -2.410687842433213657, 1.870875965144010999, -5.009228052744443715 ) ) ;
#1311 = VECTOR ( 'NONE', #4656, 1000.000000000000114 ) ;
#1312 = DIRECTION ( 'NONE',  ( 1.000000000000000000, 0.000000000000000000, 0.000000000000000000 ) ) ;
#1313 = VERTEX_POINT ( 'NONE', #3523 ) ;
#1314 = VERTEX_POINT ( 'NONE', #6057 ) ;
#1315 = DIRECTION ( 'NONE',  ( 0.000000000000000000, -0.1391731009600661872, 0.9902680687415701399 ) ) ;
#1316 = CARTESIAN_POINT ( 'NONE',  ( 3.048510475726686764, 1.021717016418992152, 3.389999999999999680 ) ) ;
#1317 = VERTEX_POINT ( 'NONE', #8068 ) ;
#1318 = CIRCLE ( 'NONE', #6380, 0.1499999999999999667 ) ;
#1319 = ADVANCED_FACE ( 'NONE', ( #2511 ), #2535, .T. ) ;
#1320 = DIRECTION ( 'NONE',  ( -0.000000000000000000, -0.000000000000000000, -1.000000000000000000 ) ) ;
#1321 = VECTOR ( 'NONE', #8275, 1000.000000000000114 ) ;
#1322 = ORIENTED_EDGE ( 'NONE', *, *, #7453, .F. ) ;
#1323 = PLANE ( 'NONE',  #3563 ) ;
#1324 = DIRECTION ( 'NONE',  ( -0.2588190451025219607, -0.9659258262890678681, 0.000000000000000000 ) ) ;
#1325 = VERTEX_POINT ( 'NONE', #6776 ) ;
#1326 = AXIS2_PLACEMENT_3D ( 'NONE', #6457, #1278, #2437 ) ;
#1327 = LINE ( 'NONE', #6804, #1254 ) ;
#1328 = LINE ( 'NONE', #4738, #7032 ) ;
#1329 = ORIENTED_EDGE ( 'NONE', *, *, #5333, .F. ) ;
#1330 = EDGE_LOOP ( 'NONE', ( #619, #337, #6251, #3916 ) ) ;
#1331 = VERTEX_POINT ( 'NONE', #2337 ) ;
#1332 = LINE ( 'NONE', #7553, #4144 ) ;
#1333 = ADVANCED_FACE ( 'NONE', ( #5264 ), #4899, .F. ) ;
#1334 = VERTEX_POINT ( 'NONE', #6328 ) ;
#1335 = DIRECTION ( 'NONE',  ( 1.000000000000000000, 0.000000000000000000, 0.000000000000000000 ) ) ;
#1336 = CARTESIAN_POINT ( 'NONE',  ( -3.354092782221119506, 0.1971898976063921616, 1.690000000000000613 ) ) ;
#1337 = DIRECTION ( 'NONE',  ( 0.000000000000000000, 5.782411586589358822E-15, 1.000000000000000000 ) ) ;
#1338 = ORIENTED_EDGE ( 'NONE', *, *, #3715, .T. ) ;
#1339 = ORIENTED_EDGE ( 'NONE', *, *, #4019, .T. ) ;
#1340 = EDGE_CURVE ( 'NONE', #1969, #617, #5278, .T. ) ;
#1341 = ORIENTED_EDGE ( 'NONE', *, *, #104, .T. ) ;
#1342 = VECTOR ( 'NONE', #4561, 1000.000000000000227 ) ;
#1344 = ADVANCED_FACE ( 'NONE', ( #2598 ), #2494, .T. ) ;
#1343 = DIRECTION ( 'NONE',  ( 0.000000000000000000, 0.000000000000000000, 1.000000000000000000 ) ) ;
#1345 = VECTOR ( 'NONE', #5610, 1000.000000000000114 ) ;
#1346 = VERTEX_POINT ( 'NONE', #2232 ) ;
#1347 = CARTESIAN_POINT ( 'NONE',  ( -2.559228052744447979, 0.4291240348559910989, 4.860687842433216055 ) ) ;
#1348 = VECTOR ( 'NONE', #3487, 1000.000000000000000 ) ;
#1349 = DIRECTION ( 'NONE',  ( 0.000000000000000000, 0.000000000000000000, 1.000000000000000000 ) ) ;
#1350 = AXIS2_PLACEMENT_3D ( 'NONE', #1476, #2085, #2684 ) ;
#1351 = CARTESIAN_POINT ( 'NONE',  ( -3.899999999999999467, 0.1494292047137622814, -3.389999999999999680 ) ) ;
#1352 = PLANE ( 'NONE',  #3048 ) ;
#1353 = VERTEX_POINT ( 'NONE', #1686 ) ;
#1354 = AXIS2_PLACEMENT_3D ( 'NONE', #5475, #3546, #322 ) ;
#1355 = ORIENTED_EDGE ( 'NONE', *, *, #1288, .F. ) ;
#1356 = ORIENTED_EDGE ( 'NONE', *, *, #5630, .T. ) ;
#1357 = LINE ( 'NONE', #1253, #4333 ) ;
#1358 = LINE ( 'NONE', #462, #1345 ) ;
#1359 = EDGE_CURVE ( 'NONE', #1469, #5909, #8002, .T. ) ;
#1360 = EDGE_LOOP ( 'NONE', ( #8284, #8368, #5395, #791 ) ) ;
#1361 = DIRECTION ( 'NONE',  ( 0.000000000000000000, -0.000000000000000000, -1.000000000000000000 ) ) ;
#1362 = ADVANCED_FACE ( 'NONE', ( #8073 ), #8223, .F. ) ;
#1363 = DIRECTION ( 'NONE',  ( -0.9961946980917455452, -0.08715574274765840179, 0.000000000000000000 ) ) ;
#1364 = DIRECTION ( 'NONE',  ( -0.000000000000000000, 0.000000000000000000, 1.000000000000000000 ) ) ;
#1365 = CARTESIAN_POINT ( 'NONE',  ( -2.501452754537961454, 1.074949942300985395, 5.099992964849200838 ) ) ;
#1366 = CYLINDRICAL_SURFACE ( 'NONE', #3218, 0.1242690327345600532 ) ;
#1367 = ORIENTED_EDGE ( 'NONE', *, *, #1104, .T. ) ;
#1368 = VERTEX_POINT ( 'NONE', #1636 ) ;
#1369 = DIRECTION ( 'NONE',  ( -1.000000000000000000, 0.000000000000000000, 0.000000000000000000 ) ) ;
#1370 = DIRECTION ( 'NONE',  ( -1.000000000000000000, 0.000000000000000000, 0.000000000000000000 ) ) ;
#1371 = ORIENTED_EDGE ( 'NONE', *, *, #7341, .T. ) ;
#1372 = CIRCLE ( 'NONE', #2908, 0.1242690327345600532 ) ;
#1373 = CARTESIAN_POINT ( 'NONE',  ( 3.244888873943359897, 0.2888228567653777779, 1.690000000000000613 ) ) ;
#1374 = ORIENTED_EDGE ( 'NONE', *, *, #643, .F. ) ;
#1375 = CARTESIAN_POINT ( 'NONE',  ( -2.649999999999999911, 1.075000000000001288, 1.690000000000000613 ) ) ;
#1376 = CARTESIAN_POINT ( 'NONE',  ( -3.899999999999999467, 0.1494292047137622814, -0.4200000000000002620 ) ) ;
#1377 = EDGE_CURVE ( 'NONE', #5282, #5483, #5329, .T. ) ;
#1378 = DIRECTION ( 'NONE',  ( -0.000000000000000000, -0.000000000000000000, -1.000000000000000000 ) ) ;
#1379 = CARTESIAN_POINT ( 'NONE',  ( -2.783586933657053564, 0.9507309672654410404, 3.389999999999999680 ) ) ;
#1380 = ADVANCED_FACE ( 'NONE', ( #2433 ), #5616, .F. ) ;
#1381 = AXIS2_PLACEMENT_3D ( 'NONE', #7661, #8257, #446 ) ;
#1382 = DIRECTION ( 'NONE',  ( 1.000000000000000000, 0.000000000000000000, -0.000000000000000000 ) ) ;
#1383 = ORIENTED_EDGE ( 'NONE', *, *, #7287, .T. ) ;
#1384 = VERTEX_POINT ( 'NONE', #4152 ) ;
#1385 = ORIENTED_EDGE ( 'NONE', *, *, #4135, .F. ) ;
#1386 = LINE ( 'NONE', #128, #1496 ) ;
#1387 = EDGE_LOOP ( 'NONE', ( #357, #4839, #7866, #2488 ) ) ;
#1388 = SURFACE_SIDE_STYLE ('',( #6780 ) ) ;
#1389 = PLANE ( 'NONE',  #3190 ) ;
#1390 =( LENGTH_UNIT ( ) NAMED_UNIT ( * ) SI_UNIT ( .MILLI., .METRE. ) );
#1391 = DIRECTION ( 'NONE',  ( -0.000000000000000000, -0.000000000000000000, -1.000000000000000000 ) ) ;
#1392 = AXIS2_PLACEMENT_3D ( 'NONE', #5284, #2785, #7946 ) ;
#1393 = PRESENTATION_STYLE_ASSIGNMENT (( #8117 ) ) ;
#1394 = EDGE_LOOP ( 'NONE', ( #5141, #2288, #2200, #8062 ) ) ;
#1395 = ORIENTED_EDGE ( 'NONE', *, *, #7980, .F. ) ;
#1396 = VERTEX_POINT ( 'NONE', #2283 ) ;
#1397 = ADVANCED_FACE ( 'NONE', ( #8028 ), #6954, .F. ) ;
#1398 = EDGE_CURVE ( 'NONE', #123, #6563, #2394, .T. ) ;
#1399 = PLANE ( 'NONE',  #2163 ) ;
#1400 = VECTOR ( 'NONE', #2044, 1000.000000000000114 ) ;
#1401 = ORIENTED_EDGE ( 'NONE', *, *, #1377, .F. ) ;
#1402 = CARTESIAN_POINT ( 'NONE',  ( 3.099999999999999645, 0.2499999999999996392, -1.690000000000000169 ) ) ;
#1403 = EDGE_CURVE ( 'NONE', #314, #3562, #5286, .T. ) ;
#1404 = CARTESIAN_POINT ( 'NONE',  ( -3.244888873943359897, 0.2888228567653777779, -1.690000000000000169 ) ) ;
#1405 = AXIS2_PLACEMENT_3D ( 'NONE', #3355, #6654, #7299 ) ;
#1406 = DIRECTION ( 'NONE',  ( -0.000000000000000000, -0.000000000000000000, -1.000000000000000000 ) ) ;
#1407 = SURFACE_STYLE_USAGE ( .BOTH. , #3287 ) ;
#1408 = CARTESIAN_POINT ( 'NONE',  ( 3.899999999999999467, 0.1494292047137622814, -4.660000000000000142 ) ) ;
#1409 = ORIENTED_EDGE ( 'NONE', *, *, #4322, .T. ) ;
#1410 = AXIS2_PLACEMENT_3D ( 'NONE', #2398, #3901, #4554 ) ;
#1411 = ORIENTED_EDGE ( 'NONE', *, *, #7920, .T. ) ;
#1412 = ORIENTED_EDGE ( 'NONE', *, *, #7764, .T. ) ;
#1413 = VECTOR ( 'NONE', #3908, 1000.000000000000114 ) ;
#1414 = AXIS2_PLACEMENT_3D ( 'NONE', #7255, #5076, #5815 ) ;
#1415 = ADVANCED_FACE ( 'NONE', ( #8109 ), #8099, .T. ) ;
#1416 = LINE ( 'NONE', #3870, #1182 ) ;
#1417 = ORIENTED_EDGE ( 'NONE', *, *, #3253, .F. ) ;
#1418 = CARTESIAN_POINT ( 'NONE',  ( -2.649999999999999911, 1.225000000000001199, 2.120000000000000551 ) ) ;
#1419 = EDGE_CURVE ( 'NONE', #1193, #6988, #2448, .T. ) ;
#1420 = VERTEX_POINT ( 'NONE', #8012 ) ;
#1421 = AXIS2_PLACEMENT_3D ( 'NONE', #2451, #2871, #8186 ) ;
#1422 = ORIENTED_EDGE ( 'NONE', *, *, #197, .T. ) ;
#1423 = DIRECTION ( 'NONE',  ( 1.000000000000000000, 0.000000000000000000, 0.000000000000000000 ) ) ;
#1424 = DIRECTION ( 'NONE',  ( -1.000000000000000000, 0.000000000000000000, 0.000000000000000000 ) ) ;
#1425 = EDGE_LOOP ( 'NONE', ( #3315, #750, #1893, #7490 ) ) ;
#1426 = VECTOR ( 'NONE', #1817, 1000.000000000000000 ) ;
#1427 = CARTESIAN_POINT ( 'NONE',  ( 2.649999999999999911, 1.225000000000001199, -0.8500000000000000888 ) ) ;
#1428 = LINE ( 'NONE', #1439, #4253 ) ;
#1429 = ORIENTED_EDGE ( 'NONE', *, *, #4502, .F. ) ;
#1430 = EDGE_CURVE ( 'NONE', #3206, #8248, #5398, .T. ) ;
#1431 = DIRECTION ( 'NONE',  ( 0.000000000000000000, -0.000000000000000000, -1.000000000000000000 ) ) ;
#1432 = CARTESIAN_POINT ( 'NONE',  ( 3.099999999999999645, 0.2499999999999996392, -2.120000000000000107 ) ) ;
#1433 = DIRECTION ( 'NONE',  ( -1.000000000000000000, 1.623215898148971142E-15, 0.000000000000000000 ) ) ;
#1434 = ORIENTED_EDGE ( 'NONE', *, *, #1587, .F. ) ;
#1435 = VERTEX_POINT ( 'NONE', #4209 ) ;
#1436 = EDGE_LOOP ( 'NONE', ( #5951, #4226, #4108, #5937, #2851, #152, #3073, #1176, #6566, #6967, #3047, #359 ) ) ;
#1437 = VECTOR ( 'NONE', #2665, 1000.000000000000000 ) ;
#1438 = VERTEX_POINT ( 'NONE', #8326 ) ;
#1439 = CARTESIAN_POINT ( 'NONE',  ( 3.899999999999999467, 0.1494292047137622814, -2.120000000000000107 ) ) ;
#1440 = AXIS2_PLACEMENT_3D ( 'NONE', #265, #155, #4105 ) ;
#1441 = DIRECTION ( 'NONE',  ( -0.1378445374916290600, -0.9808148484639893638, -0.1378445374916275334 ) ) ;
#1442 = EDGE_CURVE ( 'NONE', #6185, #331, #2362, .T. ) ;
#1443 = SURFACE_STYLE_USAGE ( .BOTH. , #157 ) ;
#1444 = ADVANCED_FACE ( 'NONE', ( #8215 ), #601, .F. ) ;
#1445 = ORIENTED_EDGE ( 'NONE', *, *, #3942, .F. ) ;
#1446 = ORIENTED_EDGE ( 'NONE', *, *, #4197, .F. ) ;
#1447 = ORIENTED_EDGE ( 'NONE', *, *, #580, .F. ) ;
#1448 = VECTOR ( 'NONE', #6047, 1000.000000000000000 ) ;
#1449 = ADVANCED_FACE ( 'NONE', ( #2420 ), #2547, .T. ) ;
#1450 = FACE_OUTER_BOUND ( 'NONE', #4220, .T. ) ;
#1451 = ORIENTED_EDGE ( 'NONE', *, *, #4414, .T. ) ;
#1452 = DIRECTION ( 'NONE',  ( 1.000000000000000000, 0.000000000000000000, 0.000000000000000000 ) ) ;
#1453 = AXIS2_PLACEMENT_3D ( 'NONE', #2181, #247, #8174 ) ;
#1454 = CARTESIAN_POINT ( 'NONE',  ( 3.899999999999999467, 0.1494292047137622814, 3.389999999999999680 ) ) ;
#1455 = EDGE_CURVE ( 'NONE', #1435, #81, #5414, .T. ) ;
#1456 = DIRECTION ( 'NONE',  ( 0.000000000000000000, -1.000000000000000000, 0.000000000000000000 ) ) ;
#1457 = PLANE ( 'NONE',  #3189 ) ;
#1458 = EDGE_LOOP ( 'NONE', ( #3191, #2202, #8155, #482 ) ) ;
#1459 = VERTEX_POINT ( 'NONE', #42 ) ;
#1460 = ORIENTED_EDGE ( 'NONE', *, *, #4577, .F. ) ;
#1461 = ADVANCED_FACE ( 'NONE', ( #2462 ), #743, .F. ) ;
#1462 = VECTOR ( 'NONE', #3669, 1000.000000000000114 ) ;
#1463 = ORIENTED_EDGE ( 'NONE', *, *, #3408, .T. ) ;
#1464 = CARTESIAN_POINT ( 'NONE',  ( 2.783586933657053564, 0.9507309672654410404, -1.690000000000000169 ) ) ;
#1465 = CARTESIAN_POINT ( 'NONE',  ( 3.099999999999999645, 0.2499999999999996392, 0.4200000000000002620 ) ) ;
#1466 = DIRECTION ( 'NONE',  ( 1.000000000000000000, 0.000000000000000000, 0.000000000000000000 ) ) ;
#1467 = EDGE_CURVE ( 'NONE', #2601, #5483, #2561, .T. ) ;
#1468 = ORIENTED_EDGE ( 'NONE', *, *, #1211, .F. ) ;
#1469 = VERTEX_POINT ( 'NONE', #6399 ) ;
#1470 = SURFACE_SIDE_STYLE ('',( #6755 ) ) ;
#1471 = ORIENTED_EDGE ( 'NONE', *, *, #1737, .T. ) ;
#1472 = VECTOR ( 'NONE', #4888, 1000.000000000000114 ) ;
#1473 = DIRECTION ( 'NONE',  ( -0.000000000000000000, -0.000000000000000000, -1.000000000000000000 ) ) ;
#1474 = EDGE_LOOP ( 'NONE', ( #4709, #4673, #164, #5645 ) ) ;
#1475 = PLANE ( 'NONE',  #2329 ) ;
#1476 = CARTESIAN_POINT ( 'NONE',  ( -2.649999999999999911, 1.075000000000001288, -4.230000000000000426 ) ) ;
#1477 = PLANE ( 'NONE',  #1130 ) ;
#1478 = CARTESIAN_POINT ( 'NONE',  ( 2.649999999999999911, 1.075000000000001288, -4.230000000000000426 ) ) ;
#1479 = DIRECTION ( 'NONE',  ( 1.000000000000000000, 0.000000000000000000, 0.000000000000000000 ) ) ;
#1480 = AXIS2_PLACEMENT_3D ( 'NONE', #5814, #4559, #3962 ) ;
#1481 = EDGE_LOOP ( 'NONE', ( #5890, #83, #3050, #3065 ) ) ;
#1482 = ORIENTED_EDGE ( 'NONE', *, *, #1013, .F. ) ;
#1483 = EDGE_CURVE ( 'NONE', #1934, #6628, #2474, .T. ) ;
#1484 = VERTEX_POINT ( 'NONE', #4591 ) ;
#1485 = LINE ( 'NONE', #954, #1413 ) ;
#1486 = EDGE_LOOP ( 'NONE', ( #279, #6079, #900 ) ) ;
#1487 = CARTESIAN_POINT ( 'NONE',  ( -1.650000000000001243, 1.051471862576143890, -4.399999999999995914 ) ) ;
#1488 = PLANE ( 'NONE',  #1354 ) ;
#1489 = DIRECTION ( 'NONE',  ( 0.000000000000000000, 0.000000000000000000, 1.000000000000000000 ) ) ;
#1490 = CARTESIAN_POINT ( 'NONE',  ( -2.500000000000001332, 1.225000000000001199, -4.949999999999994849 ) ) ;
#1491 = AXIS2_PLACEMENT_3D ( 'NONE', #1066, #2909, #2859 ) ;
#1492 = FACE_OUTER_BOUND ( 'NONE', #1993, .T. ) ;
#1493 = ORIENTED_EDGE ( 'NONE', *, *, #6675, .F. ) ;
#1494 = EDGE_LOOP ( 'NONE', ( #1429, #4115, #3185, #383, #5878, #6255, #3138, #4100 ) ) ;
#1495 = ORIENTED_EDGE ( 'NONE', *, *, #7235, .T. ) ;
#1496 = VECTOR ( 'NONE', #842, 1000.000000000000000 ) ;
#1497 = DIRECTION ( 'NONE',  ( 0.000000000000000000, -0.000000000000000000, -1.000000000000000000 ) ) ;
#1498 = EDGE_CURVE ( 'NONE', #940, #5321, #5427, .T. ) ;
#1499 = ORIENTED_EDGE ( 'NONE', *, *, #4502, .T. ) ;
#1500 = AXIS2_PLACEMENT_3D ( 'NONE', #3261, #93, #4811 ) ;
#1501 = AXIS2_PLACEMENT_3D ( 'NONE', #8122, #194, #909 ) ;
#1502 = CARTESIAN_POINT ( 'NONE',  ( 2.504282219532239395, 1.184041403004163717, -4.954282219532236908 ) ) ;
#1503 = ADVANCED_FACE ( 'NONE', ( #2482 ), #7282, .F. ) ;
#1504 = EDGE_CURVE ( 'NONE', #3472, #1554, #5470, .T. ) ;
#1505 = CARTESIAN_POINT ( 'NONE',  ( -2.649992964849197552, 1.225050057699017758, 4.951452754537967849 ) ) ;
#1506 = LINE ( 'NONE', #8200, #6931 ) ;
#1507 = DIRECTION ( 'NONE',  ( 0.9961946980917456562, 0.08715574274765761076, -0.000000000000000000 ) ) ;
#1508 = DIRECTION ( 'NONE',  ( 0.9961946980917455452, 0.08715574274765833240, -0.000000000000000000 ) ) ;
#1509 = ORIENTED_EDGE ( 'NONE', *, *, #8397, .T. ) ;
#1510 = ORIENTED_EDGE ( 'NONE', *, *, #7582, .F. ) ;
#1511 = ORIENTED_EDGE ( 'NONE', *, *, #5712, .T. ) ;
#1512 = CYLINDRICAL_SURFACE ( 'NONE', #3824, 0.1242690327345600532 ) ;
#1513 = ORIENTED_EDGE ( 'NONE', *, *, #7126, .T. ) ;
#1514 = CARTESIAN_POINT ( 'NONE',  ( 3.048510475726686764, 1.021717016418992152, 1.690000000000000613 ) ) ;
#1515 = EDGE_CURVE ( 'NONE', #6629, #7738, #2575, .T. ) ;
#1516 = AXIS2_PLACEMENT_3D ( 'NONE', #5400, #6880, #1522 ) ;
#1517 = PLANE ( 'NONE',  #3028 ) ;
#1518 = EDGE_CURVE ( 'NONE', #3819, #2312, #8256, .T. ) ;
#1519 = ORIENTED_EDGE ( 'NONE', *, *, #104, .F. ) ;
#1520 = VERTEX_POINT ( 'NONE', #2536 ) ;
#1521 = DIRECTION ( 'NONE',  ( 0.000000000000000000, -0.000000000000000000, -1.000000000000000000 ) ) ;
#1522 = DIRECTION ( 'NONE',  ( 1.000000000000000000, 0.000000000000000000, 0.000000000000000000 ) ) ;
#1523 = ORIENTED_EDGE ( 'NONE', *, *, #5712, .F. ) ;
#1524 = VECTOR ( 'NONE', #3710, 1000.000000000000000 ) ;
#1525 = ADVANCED_FACE ( 'NONE', ( #2374 ), #3932, .F. ) ;
#1526 = PLANE ( 'NONE',  #7722 ) ;
#1527 = ORIENTED_EDGE ( 'NONE', *, *, #7399, .T. ) ;
#1528 = CARTESIAN_POINT ( 'NONE',  ( -2.783586933657053564, 0.9507309672654410404, 0.4200000000000002620 ) ) ;
#1529 = CARTESIAN_POINT ( 'NONE',  ( 3.364923542069633289, 0.3209860491535506677, 0.4200000000000002620 ) ) ;
#1530 = DIRECTION ( 'NONE',  ( -0.000000000000000000, -0.000000000000000000, -1.000000000000000000 ) ) ;
#1531 = CARTESIAN_POINT ( 'NONE',  ( 3.048510475726686764, 1.021717016418992152, -3.389999999999999680 ) ) ;
#1532 = DIRECTION ( 'NONE',  ( 1.620604968260581562E-16, -0.1391731009600657432, 0.9902680687415703620 ) ) ;
#1533 = MANIFOLD_SOLID_BREP ( 'LPattern1[9]', #4140 ) ;
#1534 = DIRECTION ( 'NONE',  ( 1.000000000000000000, 0.000000000000000000, 0.000000000000000000 ) ) ;
#1535 = CARTESIAN_POINT ( 'NONE',  ( -3.354092782221119506, 0.1971898976063921616, 0.4200000000000002620 ) ) ;
#1536 = VECTOR ( 'NONE', #6980, 1000.000000000000000 ) ;
#1537 = ORIENTED_EDGE ( 'NONE', *, *, #6875, .F. ) ;
#1538 = VERTEX_POINT ( 'NONE', #1999 ) ;
#1539 = DIRECTION ( 'NONE',  ( -0.000000000000000000, -0.000000000000000000, -1.000000000000000000 ) ) ;
#1540 = ORIENTED_EDGE ( 'NONE', *, *, #7600, .F. ) ;
#1541 = VECTOR ( 'NONE', #8134, 1000.000000000000000 ) ;
#1542 = EDGE_CURVE ( 'NONE', #6459, #2147, #5550, .T. ) ;
#1543 = VERTEX_POINT ( 'NONE', #7813 ) ;
#1544 = DIRECTION ( 'NONE',  ( 0.000000000000000000, 0.000000000000000000, 1.000000000000000000 ) ) ;
#1545 = DIRECTION ( 'NONE',  ( 0.9902680687415703620, -0.1391731009600658264, 0.000000000000000000 ) ) ;
#1546 = CARTESIAN_POINT ( 'NONE',  ( 2.410687842433212325, 1.850000000000000977, 4.860687842433215167 ) ) ;
#1547 = CARTESIAN_POINT ( 'NONE',  ( -2.783586933657053564, 0.9507309672654410404, 1.690000000000000613 ) ) ;
#1548 = VECTOR ( 'NONE', #5126, 1000.000000000000000 ) ;
#1549 = ORIENTED_EDGE ( 'NONE', *, *, #4357, .F. ) ;
#1550 = ORIENTED_EDGE ( 'NONE', *, *, #5451, .T. ) ;
#1551 = ORIENTED_EDGE ( 'NONE', *, *, #2946, .T. ) ;
#1552 = CARTESIAN_POINT ( 'NONE',  ( 2.649999999999999911, 1.075000000000001288, 2.959999999999999964 ) ) ;
#1553 = VECTOR ( 'NONE', #5473, 1000.000000000000000 ) ;
#1554 = VERTEX_POINT ( 'NONE', #2642 ) ;
#1555 = EDGE_CURVE ( 'NONE', #2366, #6051, #8343, .T. ) ;
#1556 = DIRECTION ( 'NONE',  ( 1.000000000000000000, 1.623215898148971142E-15, -0.000000000000000000 ) ) ;
#1557 = DIRECTION ( 'NONE',  ( -2.125886612716676067E-16, 0.000000000000000000, -1.000000000000000000 ) ) ;
#1558 = ADVANCED_FACE ( 'NONE', ( #5664 ), #8137, .F. ) ;
#1559 = LINE ( 'NONE', #351, #7277 ) ;
#1560 = CARTESIAN_POINT ( 'NONE',  ( -3.354092782221119506, 0.1971898976063921616, 4.660000000000000142 ) ) ;
#1561 = CARTESIAN_POINT ( 'NONE',  ( -2.783586933657053564, 0.9507309672654410404, -0.8500000000000000888 ) ) ;
#1562 = CARTESIAN_POINT ( 'NONE',  ( 3.354092782221119506, 0.1971898976063921616, 1.690000000000000613 ) ) ;
#1563 = ORIENTED_EDGE ( 'NONE', *, *, #5273, .T. ) ;
#1564 = VERTEX_POINT ( 'NONE', #874 ) ;
#1565 = ORIENTED_EDGE ( 'NONE', *, *, #358, .T. ) ;
#1566 = LINE ( 'NONE', #7377, #1711 ) ;
#1567 = LINE ( 'NONE', #1487, #1553 ) ;
#1568 = VERTEX_POINT ( 'NONE', #1602 ) ;
#1569 = EDGE_CURVE ( 'NONE', #4051, #1435, #16, .T. ) ;
#1570 = EDGE_CURVE ( 'NONE', #4941, #5140, #173, .T. ) ;
#1571 = CARTESIAN_POINT ( 'NONE',  ( 2.649999999999999911, 1.075000000000001288, 4.230000000000000426 ) ) ;
#1572 = AXIS2_PLACEMENT_3D ( 'NONE', #3044, #5580, #6286 ) ;
#1573 = VECTOR ( 'NONE', #5019, 1000.000000000000000 ) ;
#1574 = EDGE_LOOP ( 'NONE', ( #1537, #4346, #8154, #5482 ) ) ;
#1575 = VERTEX_POINT ( 'NONE', #4705 ) ;
#1576 = CARTESIAN_POINT ( 'NONE',  ( 2.410687842433210104, 0.3000000000000009881, -4.860687842433207173 ) ) ;
#1577 = ORIENTED_EDGE ( 'NONE', *, *, #2592, .T. ) ;
#1578 = CYLINDRICAL_SURFACE ( 'NONE', #5598, 0.2742690327345599921 ) ;
#1579 = ORIENTED_EDGE ( 'NONE', *, *, #5562, .T. ) ;
#1580 = CARTESIAN_POINT ( 'NONE',  ( 3.341019420808970963, 0.04776069289263030343, -0.4200000000000002620 ) ) ;
#1581 = AXIS2_PLACEMENT_3D ( 'NONE', #221, #4183, #106 ) ;
#1582 = CARTESIAN_POINT ( 'NONE',  ( -3.899999999999999467, 0.1494292047137622814, 3.389999999999999680 ) ) ;
#1583 = AXIS2_PLACEMENT_3D ( 'NONE', #813, #3341, #5429 ) ;
#1584 = CARTESIAN_POINT ( 'NONE',  ( -2.541080853105646575, 0.4291240348559910434, -5.009228052744443715 ) ) ;
#1585 =( GEOMETRIC_REPRESENTATION_CONTEXT ( 3 ) GLOBAL_UNCERTAINTY_ASSIGNED_CONTEXT ( ( #8317 ) ) GLOBAL_UNIT_ASSIGNED_CONTEXT ( ( #6746, #7387, #211 ) ) REPRESENTATION_CONTEXT ( 'NONE', 'WORKASPACE' ) );
#1586 =( BOUNDED_CURVE ( )  B_SPLINE_CURVE ( 3, ( #7228, #1939, #7812, #5045 ),
 .UNSPECIFIED., .F., .F. ) 
 B_SPLINE_CURVE_WITH_KNOTS ( ( 4, 4 ),
 ( 3.141592653589793116, 3.151277835258273985 ),
 .UNSPECIFIED. ) 
 CURVE ( )  GEOMETRIC_REPRESENTATION_ITEM ( )  RATIONAL_B_SPLINE_CURVE ( ( 1.000000000000000000, 0.9999921831199466427, 0.9999921831199466427, 1.000000000000000000 ) ) 
 REPRESENTATION_ITEM ( '' )  );
#1587 = EDGE_CURVE ( 'NONE', #1177, #4036, #2749, .T. ) ;
#1588 = DIRECTION ( 'NONE',  ( 1.000000000000000000, -1.623215898148971339E-15, 0.000000000000000000 ) ) ;
#1589 = CIRCLE ( 'NONE', #6700, 0.2742690327345604362 ) ;
#1590 = ORIENTED_EDGE ( 'NONE', *, *, #7733, .F. ) ;
#1591 = VERTEX_POINT ( 'NONE', #4047 ) ;
#1592 = DIRECTION ( 'NONE',  ( -0.000000000000000000, -0.000000000000000000, -1.000000000000000000 ) ) ;
#1593 = VERTEX_POINT ( 'NONE', #4275 ) ;
#1594 = CIRCLE ( 'NONE', #2918, 0.1242690327345600532 ) ;
#1595 = ADVANCED_FACE ( 'NONE', ( #2626 ), #2149, .F. ) ;
#1596 = VECTOR ( 'NONE', #2809, 1000.000000000000000 ) ;
#1597 = ORIENTED_EDGE ( 'NONE', *, *, #3699, .T. ) ;
#1598 = EDGE_CURVE ( 'NONE', #7864, #1396, #5680, .T. ) ;
#1599 = CARTESIAN_POINT ( 'NONE',  ( -2.649999999999999911, 1.225000000000001199, -1.690000000000000169 ) ) ;
#1600 = CARTESIAN_POINT ( 'NONE',  ( 2.649999999999999911, 1.075000000000001288, -4.660000000000000142 ) ) ;
#1601 = AXIS2_PLACEMENT_3D ( 'NONE', #3051, #6802, #3792 ) ;
#1602 = CARTESIAN_POINT ( 'NONE',  ( 2.783586933657053564, 1.225000000000001199, -3.389999999999999680 ) ) ;
#1603 = EDGE_CURVE ( 'NONE', #1092, #7034, #2657, .T. ) ;
#1604 = LINE ( 'NONE', #8302, #7224 ) ;
#1605 = ORIENTED_EDGE ( 'NONE', *, *, #1252, .T. ) ;
#1606 = ADVANCED_FACE ( 'NONE', ( #8315 ), #5535, .T. ) ;
#1607 = ORIENTED_EDGE ( 'NONE', *, *, #3175, .T. ) ;
#1608 = DIRECTION ( 'NONE',  ( -1.000000000000000000, 1.623215898148971142E-15, 0.000000000000000000 ) ) ;
#1609 = AXIS2_PLACEMENT_3D ( 'NONE', #7771, #1391, #2002 ) ;
#1610 = CARTESIAN_POINT ( 'NONE',  ( 3.354092782221119506, 0.1971898976063921616, -0.4200000000000002620 ) ) ;
#1611 = COLOUR_RGB ( '',0.2509803921568627416, 0.2509803921568627416, 0.2509803921568627416 ) ;
#1612 = ORIENTED_EDGE ( 'NONE', *, *, #8227, .F. ) ;
#1613 = EDGE_CURVE ( 'NONE', #8311, #3862, #2886, .T. ) ;
#1614 = CARTESIAN_POINT ( 'NONE',  ( 2.649999999999999911, 1.225000000000001199, 2.120000000000000551 ) ) ;
#1615 = EDGE_CURVE ( 'NONE', #3527, #2835, #60, .T. ) ;
#1616 = DIRECTION ( 'NONE',  ( 0.000000000000000000, -0.000000000000000000, -1.000000000000000000 ) ) ;
#1617 = DIRECTION ( 'NONE',  ( 0.000000000000000000, 0.000000000000000000, 1.000000000000000000 ) ) ;
#1618 = LINE ( 'NONE', #2611, #7267 ) ;
#1619 = DIRECTION ( 'NONE',  ( 0.000000000000000000, 0.000000000000000000, 1.000000000000000000 ) ) ;
#1620 = AXIS2_PLACEMENT_3D ( 'NONE', #6275, #2445, #3091 ) ;
#1621 = VERTEX_POINT ( 'NONE', #6687 ) ;
#1622 = VECTOR ( 'NONE', #6735, 1000.000000000000114 ) ;
#1623 = VECTOR ( 'NONE', #2195, 1000.000000000000000 ) ;
#1624 = ORIENTED_EDGE ( 'NONE', *, *, #6527, .F. ) ;
#1625 = EDGE_CURVE ( 'NONE', #4033, #136, #34, .T. ) ;
#1626 = EDGE_CURVE ( 'NONE', #4789, #1299, #5640, .T. ) ;
#1627 = CARTESIAN_POINT ( 'NONE',  ( 3.354092782221119506, 0.1971898976063921616, 2.120000000000000551 ) ) ;
#1628 = CARTESIAN_POINT ( 'NONE',  ( -2.903621601783326067, 0.9828941596536137082, -0.4200000000000002620 ) ) ;
#1629 = FACE_OUTER_BOUND ( 'NONE', #891, .T. ) ;
#1630 = DIRECTION ( 'NONE',  ( -0.000000000000000000, -0.000000000000000000, -1.000000000000000000 ) ) ;
#1631 = CARTESIAN_POINT ( 'NONE',  ( 3.048510475726686764, 1.021717016418992152, -4.660000000000000142 ) ) ;
#1632 = ORIENTED_EDGE ( 'NONE', *, *, #6847, .F. ) ;
#1633 = VECTOR ( 'NONE', #7015, 1000.000000000000114 ) ;
#1634 = CARTESIAN_POINT ( 'NONE',  ( -3.354092782221119506, 0.1971898976063921616, 3.389999999999999680 ) ) ;
#1635 = VERTEX_POINT ( 'NONE', #7336 ) ;
#1636 = CARTESIAN_POINT ( 'NONE',  ( 2.649999999999999911, 1.075000000000001288, 1.690000000000000613 ) ) ;
#1637 = DIRECTION ( 'NONE',  ( -0.000000000000000000, -0.000000000000000000, -1.000000000000000000 ) ) ;
#1638 = CARTESIAN_POINT ( 'NONE',  ( 3.244888873943359897, 0.2888228567653777779, 3.389999999999999680 ) ) ;
#1639 = PRESENTATION_LAYER_ASSIGNMENT (  '', '', ( #4982 ) ) ;
#1640 = CARTESIAN_POINT ( 'NONE',  ( 3.364923542069633289, 0.3209860491535506677, 4.660000000000000142 ) ) ;
#1641 = AXIS2_PLACEMENT_3D ( 'NONE', #6556, #3246, #5288 ) ;
#1642 = EDGE_CURVE ( 'NONE', #1953, #827, #2700, .T. ) ;
#1643 = CARTESIAN_POINT ( 'NONE',  ( 3.099999999999999645, 0.2499999999999996392, -0.8500000000000000888 ) ) ;
#1644 = CIRCLE ( 'NONE', #7908, 0.1242690327345600532 ) ;
#1645 = CARTESIAN_POINT ( 'NONE',  ( 3.244888873943359897, 0.2888228567653777779, 4.660000000000000142 ) ) ;
#1646 = CARTESIAN_POINT ( 'NONE',  ( 3.341019420808970963, 0.04776069289263030343, 0.8500000000000000888 ) ) ;
#1647 = ORIENTED_EDGE ( 'NONE', *, *, #1542, .T. ) ;
#1648 = SURFACE_STYLE_FILL_AREA ( #3537 ) ;
#1649 = VECTOR ( 'NONE', #5064, 1000.000000000000114 ) ;
#1650 = ORIENTED_EDGE ( 'NONE', *, *, #6615, .F. ) ;
#1651 = CARTESIAN_POINT ( 'NONE',  ( -3.354092782221119506, 0.1971898976063921616, 0.4200000000000002620 ) ) ;
#1652 = DIRECTION ( 'NONE',  ( -0.000000000000000000, -0.000000000000000000, -1.000000000000000000 ) ) ;
#1653 = DIRECTION ( 'NONE',  ( 0.000000000000000000, -0.000000000000000000, -1.000000000000000000 ) ) ;
#1654 = DIRECTION ( 'NONE',  ( -1.000000000000000000, 0.000000000000000000, 0.000000000000000000 ) ) ;
#1655 = CARTESIAN_POINT ( 'NONE',  ( -3.364923542069633289, 0.3209860491535506677, -2.959999999999999964 ) ) ;
#1656 = EDGE_CURVE ( 'NONE', #1267, #3869, #5523, .T. ) ;
#1657 = FACE_OUTER_BOUND ( 'NONE', #8169, .T. ) ;
#1658 = ORIENTED_EDGE ( 'NONE', *, *, #7824, .T. ) ;
#1659 = LINE ( 'NONE', #1646, #1622 ) ;
#1660 = CARTESIAN_POINT ( 'NONE',  ( 2.783586933657053564, 0.9507309672654410404, 1.690000000000000613 ) ) ;
#1661 = FILL_AREA_STYLE ('',( #1088 ) ) ;
#1662 = LINE ( 'NONE', #5688, #7347 ) ;
#1663 = ORIENTED_EDGE ( 'NONE', *, *, #1750, .F. ) ;
#1664 = CARTESIAN_POINT ( 'NONE',  ( -3.354092782221119506, 0.1971898976063921616, 1.690000000000000613 ) ) ;
#1665 = DIRECTION ( 'NONE',  ( 0.1378445374916290045, -0.9808148484639890308, -0.1378445374916290045 ) ) ;
#1666 = DIRECTION ( 'NONE',  ( -1.000000000000000000, 1.623215898148971142E-15, 0.000000000000000000 ) ) ;
#1667 = DIRECTION ( 'NONE',  ( 1.000000000000000000, -1.623215898148971339E-15, 0.000000000000000000 ) ) ;
#1668 = CARTESIAN_POINT ( 'NONE',  ( -2.649999999999999911, 1.225000000000001199, -3.389999999999999680 ) ) ;
#1669 = FACE_OUTER_BOUND ( 'NONE', #1853, .T. ) ;
#1670 = DIRECTION ( 'NONE',  ( -0.000000000000000000, -0.000000000000000000, -1.000000000000000000 ) ) ;
#1671 = EDGE_CURVE ( 'NONE', #1313, #2040, #8358, .T. ) ;
#1672 = ORIENTED_EDGE ( 'NONE', *, *, #7437, .T. ) ;
#1673 = CIRCLE ( 'NONE', #5702, 0.2742690327345604362 ) ;
#1674 = ORIENTED_EDGE ( 'NONE', *, *, #4078, .T. ) ;
#1675 = DIRECTION ( 'NONE',  ( 0.000000000000000000, -1.000000000000000000, -5.782411586589358033E-15 ) ) ;
#1676 = DIRECTION ( 'NONE',  ( -0.000000000000000000, -0.000000000000000000, -1.000000000000000000 ) ) ;
#1677 = AXIS2_PLACEMENT_3D ( 'NONE', #2447, #5739, #7731 ) ;
#1678 = AXIS2_PLACEMENT_3D ( 'NONE', #1464, #7891, #182 ) ;
#1679 =( LENGTH_UNIT ( ) NAMED_UNIT ( * ) SI_UNIT ( .MILLI., .METRE. ) );
#1680 = CARTESIAN_POINT ( 'NONE',  ( -2.783586933657053564, 0.9507309672654410404, -3.389999999999999680 ) ) ;
#1681 = ORIENTED_EDGE ( 'NONE', *, *, #6823, .F. ) ;
#1682 = DIRECTION ( 'NONE',  ( -0.000000000000000000, -0.000000000000000000, -1.000000000000000000 ) ) ;
#1683 = LINE ( 'NONE', #5326, #1698 ) ;
#1684 = EDGE_CURVE ( 'NONE', #5145, #5973, #2731, .T. ) ;
#1685 = VERTEX_POINT ( 'NONE', #4866 ) ;
#1686 = CARTESIAN_POINT ( 'NONE',  ( -3.354092782221119506, 0.1971898976063921616, -0.8500000000000000888 ) ) ;
#1687 = CARTESIAN_POINT ( 'NONE',  ( -2.783586933657053564, 0.9507309672654410404, -1.690000000000000169 ) ) ;
#1688 = CARTESIAN_POINT ( 'NONE',  ( 2.649992964849194887, 1.074949942300984729, -4.951452754537957190 ) ) ;
#1689 = AXIS2_PLACEMENT_3D ( 'NONE', #6915, #8290, #555 ) ;
#1690 = CARTESIAN_POINT ( 'NONE',  ( -2.783586933657053564, 0.9507309672654410404, -4.230000000000000426 ) ) ;
#1691 = CARTESIAN_POINT ( 'NONE',  ( 3.899999999999999467, 0.1494292047137622814, -1.690000000000000169 ) ) ;
#1692 = CARTESIAN_POINT ( 'NONE',  ( 2.649999999999999911, 1.225000000000001199, 3.389999999999999680 ) ) ;
#1693 = DIRECTION ( 'NONE',  ( 0.2588190451025219052, 0.9659258262890678681, 0.000000000000000000 ) ) ;
#1694 = LINE ( 'NONE', #2934, #1719 ) ;
#1695 = DIRECTION ( 'NONE',  ( -0.000000000000000000, -0.000000000000000000, -1.000000000000000000 ) ) ;
#1696 = VERTEX_POINT ( 'NONE', #5477 ) ;
#1697 = VECTOR ( 'NONE', #6843, 1000.000000000000000 ) ;
#1698 = VECTOR ( 'NONE', #5979, 1000.000000000000000 ) ;
#1699 = ORIENTED_EDGE ( 'NONE', *, *, #6103, .F. ) ;
#1700 = EDGE_CURVE ( 'NONE', #6693, #254, #2717, .T. ) ;
#1701 = CARTESIAN_POINT ( 'NONE',  ( -2.649992964849198440, 1.225050057699017314, -4.951452754537956302 ) ) ;
#1702 = CARTESIAN_POINT ( 'NONE',  ( 3.364923542069633289, 0.3209860491535506677, -1.690000000000000169 ) ) ;
#1703 = DIRECTION ( 'NONE',  ( -0.2588190451025219052, 0.9659258262890678681, 0.000000000000000000 ) ) ;
#1704 = DIRECTION ( 'NONE',  ( 0.1378445374916288935, 0.9808148484639890308, -0.1378445374916289490 ) ) ;
#1705 = EDGE_CURVE ( 'NONE', #3746, #1543, #87, .T. ) ;
#1706 = ADVANCED_FACE ( 'NONE', ( #5505 ), #3612, .F. ) ;
#1707 = VECTOR ( 'NONE', #8216, 1000.000000000000000 ) ;
#1708 = CARTESIAN_POINT ( 'NONE',  ( 3.886926638587850924, 4.743384504624081899E-16, -2.959999999999999964 ) ) ;
#1709 = UNCERTAINTY_MEASURE_WITH_UNIT (LENGTH_MEASURE( 1.000000000000000082E-05 ), #8038, 'distance_accuracy_value', 'NONE');
#1710 = EDGE_LOOP ( 'NONE', ( #179, #53, #2738, #2890 ) ) ;
#1711 = VECTOR ( 'NONE', #1592, 1000.000000000000000 ) ;
#1712 = DIRECTION ( 'NONE',  ( 0.000000000000000000, 0.000000000000000000, 1.000000000000000000 ) ) ;
#1713 = DIRECTION ( 'NONE',  ( 0.000000000000000000, -0.000000000000000000, -1.000000000000000000 ) ) ;
#1714 = EDGE_LOOP ( 'NONE', ( #1339, #841, #455, #636, #3540, #6066, #468, #775, #3886, #910, #6129, #870 ) ) ;
#1715 = CARTESIAN_POINT ( 'NONE',  ( 2.903621601783326067, 0.9828941596536137082, -4.660000000000000142 ) ) ;
#1716 = DIRECTION ( 'NONE',  ( 1.000000000000000000, 0.000000000000000000, 0.000000000000000000 ) ) ;
#1717 = ADVANCED_FACE ( 'NONE', ( #2842 ), #2557, .F. ) ;
#1718 = DIRECTION ( 'NONE',  ( 0.2588190451025219052, 0.9659258262890678681, 0.000000000000000000 ) ) ;
#1719 = VECTOR ( 'NONE', #7033, 1000.000000000000000 ) ;
#1720 = ORIENTED_EDGE ( 'NONE', *, *, #685, .F. ) ;
#1721 = LINE ( 'NONE', #420, #4347 ) ;
#1722 = DIRECTION ( 'NONE',  ( -0.000000000000000000, 0.000000000000000000, 1.000000000000000000 ) ) ;
#1723 = EDGE_CURVE ( 'NONE', #254, #4941, #46, .T. ) ;
#1724 = ORIENTED_EDGE ( 'NONE', *, *, #2512, .T. ) ;
#1725 = UNCERTAINTY_MEASURE_WITH_UNIT (LENGTH_MEASURE( 1.000000000000000082E-05 ), #7801, 'distance_accuracy_value', 'NONE');
#1726 = VERTEX_POINT ( 'NONE', #5635 ) ;
#1727 = CARTESIAN_POINT ( 'NONE',  ( -2.903621601783326067, 0.9828941596536137082, 0.4200000000000002620 ) ) ;
#1728 = LINE ( 'NONE', #6316, #4562 ) ;
#1729 = AXIS2_PLACEMENT_3D ( 'NONE', #5036, #4418, #3868 ) ;
#1730 = ORIENTED_EDGE ( 'NONE', *, *, #4543, .F. ) ;
#1731 = LINE ( 'NONE', #7630, #7188 ) ;
#1732 = AXIS2_PLACEMENT_3D ( 'NONE', #1168, #4370, #4478 ) ;
#1733 = DIRECTION ( 'NONE',  ( 0.9902680687415703620, -0.1391731009600657432, -2.105197630338500909E-16 ) ) ;
#1734 = ORIENTED_EDGE ( 'NONE', *, *, #4558, .T. ) ;
#1735 = ORIENTED_EDGE ( 'NONE', *, *, #4861, .F. ) ;
#1736 = ORIENTED_EDGE ( 'NONE', *, *, #1403, .F. ) ;
#1737 = EDGE_CURVE ( 'NONE', #3475, #2224, #2674, .T. ) ;
#1738 = CARTESIAN_POINT ( 'NONE',  ( 3.341019420808970963, 0.04776069289263030343, -3.389999999999999680 ) ) ;
#1739 = DIRECTION ( 'NONE',  ( -2.891205793294680594E-15, 0.1391731009600676305, 0.9902680687415701399 ) ) ;
#1740 = CARTESIAN_POINT ( 'NONE',  ( 2.649999999999997691, 1.225000000000001199, -4.949999999999995737 ) ) ;
#1741 = DIRECTION ( 'NONE',  ( -1.000000000000000000, 0.000000000000000000, 0.000000000000000000 ) ) ;
#1742 = CIRCLE ( 'NONE', #1729, 0.1242690327345600532 ) ;
#1743 =( NAMED_UNIT ( * ) PLANE_ANGLE_UNIT ( ) SI_UNIT ( $, .RADIAN. ) );
#1744 = ORIENTED_EDGE ( 'NONE', *, *, #3270, .F. ) ;
#1745 = VECTOR ( 'NONE', #6010, 1000.000000000000227 ) ;
#1746 = LINE ( 'NONE', #7298, #7449 ) ;
#1747 = ORIENTED_EDGE ( 'NONE', *, *, #8165, .T. ) ;
#1748 = ORIENTED_EDGE ( 'NONE', *, *, #5527, .T. ) ;
#1749 = CARTESIAN_POINT ( 'NONE',  ( -3.244888873943359897, 0.2888228567653777779, -0.4200000000000002620 ) ) ;
#1750 = EDGE_CURVE ( 'NONE', #6042, #1092, #5709, .T. ) ;
#1751 = CARTESIAN_POINT ( 'NONE',  ( -2.783586933657053564, 0.9507309672654410404, 3.389999999999999680 ) ) ;
#1752 = FILL_AREA_STYLE_COLOUR ( '', #7359 ) ;
#1753 = ADVANCED_FACE ( 'NONE', ( #8305 ), #111, .F. ) ;
#1754 = CIRCLE ( 'NONE', #3620, 0.2742690327345604362 ) ;
#1755 = AXIS2_PLACEMENT_3D ( 'NONE', #4986, #6395, #3649 ) ;
#1756 = EDGE_LOOP ( 'NONE', ( #3504, #5888, #388, #8365 ) ) ;
#1757 = VECTOR ( 'NONE', #7121, 1000.000000000000227 ) ;
#1758 = CARTESIAN_POINT ( 'NONE',  ( 2.783586933657053564, 0.9507309672654410404, 2.120000000000000551 ) ) ;
#1759 = EDGE_CURVE ( 'NONE', #613, #2530, #5569, .T. ) ;
#1760 = DIRECTION ( 'NONE',  ( -0.000000000000000000, 0.000000000000000000, -1.000000000000000000 ) ) ;
#1761 = FACE_OUTER_BOUND ( 'NONE', #4139, .T. ) ;
#1762 = ORIENTED_EDGE ( 'NONE', *, *, #3715, .F. ) ;
#1763 = ORIENTED_EDGE ( 'NONE', *, *, #1184, .F. ) ;
#1764 = ORIENTED_EDGE ( 'NONE', *, *, #8043, .F. ) ;
#1765 = EDGE_CURVE ( 'NONE', #5214, #1438, #8385, .T. ) ;
#1766 = EDGE_CURVE ( 'NONE', #6420, #1575, #5583, .T. ) ;
#1767 = CARTESIAN_POINT ( 'NONE',  ( -2.783586933657053564, 0.9507309672654410404, 2.959999999999999964 ) ) ;
#1768 = CARTESIAN_POINT ( 'NONE',  ( 2.649999999999999911, 1.075000000000001288, 2.120000000000000551 ) ) ;
#1769 = DIRECTION ( 'NONE',  ( 0.2588190451025219607, -0.9659258262890678681, 0.000000000000000000 ) ) ;
#1770 = CARTESIAN_POINT ( 'NONE',  ( -3.048510475726686764, 1.021717016418992152, 4.230000000000000426 ) ) ;
#1771 = AXIS2_PLACEMENT_3D ( 'NONE', #1276, #1894, #2483 ) ;
#1772 = EDGE_LOOP ( 'NONE', ( #3393, #6240, #1417, #6069 ) ) ;
#1773 = CIRCLE ( 'NONE', #7406, 0.2742690327345604362 ) ;
#1774 = CIRCLE ( 'NONE', #6921, 0.2742690327345599921 ) ;
#1775 = VERTEX_POINT ( 'NONE', #2923 ) ;
#1776 = ORIENTED_EDGE ( 'NONE', *, *, #8001, .F. ) ;
#1777 = CARTESIAN_POINT ( 'NONE',  ( -2.649999999999999911, 1.225000000000001199, -1.690000000000000169 ) ) ;
#1778 = EDGE_CURVE ( 'NONE', #2148, #6542, #5489, .T. ) ;
#1779 = LINE ( 'NONE', #5540, #4620 ) ;
#1780 = CARTESIAN_POINT ( 'NONE',  ( 2.783586933657053564, 1.225000000000001199, 4.660000000000000142 ) ) ;
#1781 = ORIENTED_EDGE ( 'NONE', *, *, #6714, .F. ) ;
#1782 = DIRECTION ( 'NONE',  ( -1.000000000000000000, 0.000000000000000000, 0.000000000000000000 ) ) ;
#1783 = ORIENTED_EDGE ( 'NONE', *, *, #1403, .T. ) ;
#1784 = VERTEX_POINT ( 'NONE', #8187 ) ;
#1785 = AXIS2_PLACEMENT_3D ( 'NONE', #5643, #7201, #7090 ) ;
#1786 = DIRECTION ( 'NONE',  ( 1.000000000000000000, 0.000000000000000000, -0.000000000000000000 ) ) ;
#1787 = ORIENTED_EDGE ( 'NONE', *, *, #5136, .F. ) ;
#1788 = CARTESIAN_POINT ( 'NONE',  ( 2.783586933657053564, 1.225000000000001199, 0.4200000000000002620 ) ) ;
#1789 = DIRECTION ( 'NONE',  ( 0.08715574274765831853, 0.9961946980917455452, 0.000000000000000000 ) ) ;
#1790 = LINE ( 'NONE', #1248, #4431 ) ;
#1791 = EDGE_CURVE ( 'NONE', #7476, #6404, #2895, .T. ) ;
#1792 = EDGE_CURVE ( 'NONE', #6206, #2467, #8291, .T. ) ;
#1793 = DIRECTION ( 'NONE',  ( -0.2588190451025219052, 0.9659258262890678681, 0.000000000000000000 ) ) ;
#1794 = AXIS2_PLACEMENT_3D ( 'NONE', #2673, #3371, #4074 ) ;
#1795 = ADVANCED_FACE ( 'NONE', ( #5853 ), #8239, .F. ) ;
#1796 = EDGE_LOOP ( 'NONE', ( #5295, #6474, #8301, #6351 ) ) ;
#1797 = AXIS2_PLACEMENT_3D ( 'NONE', #2999, #4348, #943 ) ;
#1798 = FACE_OUTER_BOUND ( 'NONE', #7762, .T. ) ;
#1799 = ORIENTED_EDGE ( 'NONE', *, *, #1455, .T. ) ;
#1800 = ORIENTED_EDGE ( 'NONE', *, *, #6203, .F. ) ;
#1801 = EDGE_CURVE ( 'NONE', #2172, #4789, #3127, .T. ) ;
#1802 = CARTESIAN_POINT ( 'NONE',  ( 2.500484260976132411, 1.225000000000000755, -5.099999999999996980 ) ) ;
#1803 = DIRECTION ( 'NONE',  ( -1.000000000000000000, 0.000000000000000000, 0.000000000000000000 ) ) ;
#1804 = DIRECTION ( 'NONE',  ( 1.000000000000000000, 0.000000000000000000, 0.000000000000000000 ) ) ;
#1805 = DIRECTION ( 'NONE',  ( -0.1378445374916287269, -0.9808148484639890308, -0.1378445374916293376 ) ) ;
#1806 = CARTESIAN_POINT ( 'NONE',  ( -3.099999999999999645, 0.2499999999999996392, -2.120000000000000107 ) ) ;
#1807 = CARTESIAN_POINT ( 'NONE',  ( -3.364923542069633289, 0.3209860491535506677, -0.8500000000000000888 ) ) ;
#1808 = CARTESIAN_POINT ( 'NONE',  ( 3.364923542069633289, 0.3209860491535506677, -2.120000000000000107 ) ) ;
#1809 = VECTOR ( 'NONE', #6763, 1000.000000000000000 ) ;
#1810 = DIRECTION ( 'NONE',  ( -1.275531967630005245E-16, 0.000000000000000000, -1.000000000000000000 ) ) ;
#1811 = VERTEX_POINT ( 'NONE', #7527 ) ;
#1812 = SURFACE_STYLE_FILL_AREA ( #5369 ) ;
#1813 = CARTESIAN_POINT ( 'NONE',  ( 2.410687842433210548, 2.000000000000000888, -4.860687842433208061 ) ) ;
#1814 = DIRECTION ( 'NONE',  ( 0.9961946980917455452, 0.08715574274765833240, -0.000000000000000000 ) ) ;
#1815 = ORIENTED_EDGE ( 'NONE', *, *, #3281, .F. ) ;
#1816 = ORIENTED_EDGE ( 'NONE', *, *, #1766, .F. ) ;
#1817 = DIRECTION ( 'NONE',  ( -0.000000000000000000, -0.000000000000000000, -1.000000000000000000 ) ) ;
#1818 = ADVANCED_FACE ( 'NONE', ( #461 ), #3113, .F. ) ;
#1819 = AXIS2_PLACEMENT_3D ( 'NONE', #3872, #1733, #3931 ) ;
#1820 = EDGE_CURVE ( 'NONE', #2091, #4249, #5884, .T. ) ;
#1821 = CARTESIAN_POINT ( 'NONE',  ( 3.048510475726686764, 1.021717016418992152, 4.660000000000000142 ) ) ;
#1822 = ADVANCED_FACE ( 'NONE', ( #3087 ), #213, .T. ) ;
#1823 = DIRECTION ( 'NONE',  ( 1.000000000000000000, 0.000000000000000000, 0.000000000000000000 ) ) ;
#1824 = CYLINDRICAL_SURFACE ( 'NONE', #3317, 0.1242690327345600532 ) ;
#1825 = ORIENTED_EDGE ( 'NONE', *, *, #6714, .T. ) ;
#1826 = FACE_OUTER_BOUND ( 'NONE', #3131, .T. ) ;
#1827 = SURFACE_STYLE_FILL_AREA ( #8188 ) ;
#1828 = CARTESIAN_POINT ( 'NONE',  ( 2.783586933657053564, 1.075000000000001066, 0.8500000000000000888 ) ) ;
#1829 = VERTEX_POINT ( 'NONE', #2857 ) ;
#1830 = ORIENTED_EDGE ( 'NONE', *, *, #5576, .T. ) ;
#1831 = AXIS2_PLACEMENT_3D ( 'NONE', #458, #7001, #1100 ) ;
#1832 = CARTESIAN_POINT ( 'NONE',  ( 3.364923542069633289, 0.3209860491535506677, 1.690000000000000613 ) ) ;
#1833 = EDGE_CURVE ( 'NONE', #6165, #2366, #2971, .T. ) ;
#1834 = LINE ( 'NONE', #2728, #7499 ) ;
#1835 = DIRECTION ( 'NONE',  ( -1.000000000000000000, 0.000000000000000000, 0.000000000000000000 ) ) ;
#1836 = VERTEX_POINT ( 'NONE', #5517 ) ;
#1837 = CARTESIAN_POINT ( 'NONE',  ( 2.903621601783326067, 0.9828941596536137082, 3.389999999999999680 ) ) ;
#1838 = LINE ( 'NONE', #5803, #1905 ) ;
#1839 =( BOUNDED_CURVE ( )  B_SPLINE_CURVE ( 3, ( #5382, #5216, #7882, #689 ),
 .UNSPECIFIED., .F., .F. ) 
 B_SPLINE_CURVE_WITH_KNOTS ( ( 4, 4 ),
 ( 5.654858389826355980E-15, 0.009685181668486435649 ),
 .UNSPECIFIED. ) 
 CURVE ( )  GEOMETRIC_REPRESENTATION_ITEM ( )  RATIONAL_B_SPLINE_CURVE ( ( 1.000000000000000000, 0.9999921831199466427, 0.9999921831199466427, 1.000000000000000000 ) ) 
 REPRESENTATION_ITEM ( '' )  );
#1840 = ORIENTED_EDGE ( 'NONE', *, *, #506, .F. ) ;
#1841 = VERTEX_POINT ( 'NONE', #2797 ) ;
#1842 = DIRECTION ( 'NONE',  ( 0.000000000000000000, -0.000000000000000000, -1.000000000000000000 ) ) ;
#1843 = ORIENTED_EDGE ( 'NONE', *, *, #5447, .F. ) ;
#1844 = CARTESIAN_POINT ( 'NONE',  ( 3.341019420808970963, 0.04776069289263030343, -1.690000000000000169 ) ) ;
#1845 = CARTESIAN_POINT ( 'NONE',  ( 3.099999999999999645, 0.2499999999999996392, -4.230000000000000426 ) ) ;
#1847 = ADVANCED_FACE ( 'NONE', ( #371 ), #6667, .F. ) ;
#1846 = PLANE ( 'NONE',  #2602 ) ;
#1848 = DIRECTION ( 'NONE',  ( 0.9659258262890679791, -0.2588190451025219607, 0.000000000000000000 ) ) ;
#1849 = FACE_OUTER_BOUND ( 'NONE', #5270, .T. ) ;
#1850 = CARTESIAN_POINT ( 'NONE',  ( -2.649999999999999911, 1.075000000000001288, 4.230000000000000426 ) ) ;
#1851 = ORIENTED_EDGE ( 'NONE', *, *, #6770, .T. ) ;
#1852 = CIRCLE ( 'NONE', #5719, 0.2742690327345604362 ) ;
#1853 = EDGE_LOOP ( 'NONE', ( #1259, #1549, #7074, #8091 ) ) ;
#1854 = ORIENTED_EDGE ( 'NONE', *, *, #1705, .T. ) ;
#1855 = VERTEX_POINT ( 'NONE', #8225 ) ;
#1856 = DIRECTION ( 'NONE',  ( 0.000000000000000000, -0.000000000000000000, -1.000000000000000000 ) ) ;
#1857 = PLANE ( 'NONE',  #2824 ) ;
#1858 = CARTESIAN_POINT ( 'NONE',  ( 3.048510475726686764, 1.021717016418992152, 3.389999999999999680 ) ) ;
#1859 = CARTESIAN_POINT ( 'NONE',  ( -2.649999999999999911, 1.225000000000001199, 5.100000000000004086 ) ) ;
#1860 = FILL_AREA_STYLE_COLOUR ( '', #1991 ) ;
#1861 = EDGE_CURVE ( 'NONE', #1934, #3256, #285, .T. ) ;
#1862 = ADVANCED_FACE ( 'NONE', ( #3145 ), #6266, .T. ) ;
#1863 = ORIENTED_EDGE ( 'NONE', *, *, #2936, .T. ) ;
#1864 = DIRECTION ( 'NONE',  ( 1.000000000000000000, 0.000000000000000000, 0.000000000000000000 ) ) ;
#1865 = PRESENTATION_STYLE_ASSIGNMENT (( #7082 ) ) ;
#1866 = EDGE_CURVE ( 'NONE', #7186, #5991, #3188, .T. ) ;
#1867 = ORIENTED_EDGE ( 'NONE', *, *, #7764, .F. ) ;
#1868 = VERTEX_POINT ( 'NONE', #8072 ) ;
#1869 = DIRECTION ( 'NONE',  ( 0.000000000000000000, -0.000000000000000000, -1.000000000000000000 ) ) ;
#1870 = AXIS2_PLACEMENT_3D ( 'NONE', #5987, #7360, #1466 ) ;
#1871 = PLANE ( 'NONE',  #4958 ) ;
#1872 = CARTESIAN_POINT ( 'NONE',  ( 2.649999999999999911, 1.225000000000001199, -2.120000000000000107 ) ) ;
#1873 = DIRECTION ( 'NONE',  ( -0.08715574274765831853, 0.9961946980917455452, 0.000000000000000000 ) ) ;
#1874 = LINE ( 'NONE', #3571, #2074 ) ;
#1875 = AXIS2_PLACEMENT_3D ( 'NONE', #8121, #304, #362 ) ;
#1876 = EDGE_LOOP ( 'NONE', ( #4408, #4435, #4735, #4713 ) ) ;
#1877 = FACE_OUTER_BOUND ( 'NONE', #4500, .T. ) ;
#1878 = ORIENTED_EDGE ( 'NONE', *, *, #2947, .F. ) ;
#1879 = EDGE_LOOP ( 'NONE', ( #402, #570, #3647, #668 ) ) ;
#1880 = EDGE_CURVE ( 'NONE', #4909, #6393, #297, .T. ) ;
#1881 = EDGE_CURVE ( 'NONE', #432, #38, #5984, .T. ) ;
#1882 = AXIS2_PLACEMENT_3D ( 'NONE', #5063, #2355, #1078 ) ;
#1883 = AXIS2_PLACEMENT_3D ( 'NONE', #5927, #5, #697 ) ;
#1884 = AXIS2_PLACEMENT_3D ( 'NONE', #6594, #7193, #2504 ) ;
#1885 = VECTOR ( 'NONE', #4613, 1000.000000000000114 ) ;
#1886 = ORIENTED_EDGE ( 'NONE', *, *, #6823, .T. ) ;
#1887 = LINE ( 'NONE', #2203, #4736 ) ;
#1888 = CARTESIAN_POINT ( 'NONE',  ( 3.341019420808970963, 0.04776069289263019935, -2.959999999999999964 ) ) ;
#1889 = VECTOR ( 'NONE', #7646, 1000.000000000000000 ) ;
#1890 = ORIENTED_EDGE ( 'NONE', *, *, #2336, .T. ) ;
#1891 = VERTEX_POINT ( 'NONE', #8176 ) ;
#1892 = CARTESIAN_POINT ( 'NONE',  ( 3.886926638587850924, 4.743384504624081899E-16, 2.120000000000000551 ) ) ;
#1893 = ORIENTED_EDGE ( 'NONE', *, *, #714, .T. ) ;
#1894 = DIRECTION ( 'NONE',  ( 0.000000000000000000, -0.000000000000000000, -1.000000000000000000 ) ) ;
#1895 = DIRECTION ( 'NONE',  ( -1.000000000000000000, 0.000000000000000000, 1.275531967630004259E-16 ) ) ;
#1896 = AXIS2_PLACEMENT_3D ( 'NONE', #224, #4514, #4189 ) ;
#1897 = VERTEX_POINT ( 'NONE', #367 ) ;
#1898 = ADVANCED_FACE ( 'NONE', ( #5948 ), #448, .T. ) ;
#1899 = DIRECTION ( 'NONE',  ( -0.000000000000000000, -0.000000000000000000, -1.000000000000000000 ) ) ;
#1900 = FACE_OUTER_BOUND ( 'NONE', #6997, .T. ) ;
#1901 = EDGE_CURVE ( 'NONE', #5088, #7413, #3041, .T. ) ;
#1902 = CARTESIAN_POINT ( 'NONE',  ( 2.410687842433212325, 0.4291240348559910989, 5.009228052744451709 ) ) ;
#1903 = VERTEX_POINT ( 'NONE', #5620 ) ;
#1904 = VECTOR ( 'NONE', #3085, 1000.000000000000114 ) ;
#1905 = VECTOR ( 'NONE', #59, 1000.000000000000000 ) ;
#1906 = ORIENTED_EDGE ( 'NONE', *, *, #8280, .F. ) ;
#1907 = ORIENTED_EDGE ( 'NONE', *, *, #7046, .T. ) ;
#1908 = PLANE ( 'NONE',  #6938 ) ;
#1909 = CARTESIAN_POINT ( 'NONE',  ( -1.650000000000001243, 1.051471862576143890, -4.099999999999996092 ) ) ;
#1910 = DIRECTION ( 'NONE',  ( 0.000000000000000000, -0.000000000000000000, -1.000000000000000000 ) ) ;
#1911 = CARTESIAN_POINT ( 'NONE',  ( 3.099999999999999645, 0.2499999999999996392, 0.8500000000000000888 ) ) ;
#1912 = DIRECTION ( 'NONE',  ( -0.000000000000000000, -0.000000000000000000, -1.000000000000000000 ) ) ;
#1913 = DIRECTION ( 'NONE',  ( 1.000000000000000000, 0.000000000000000000, 0.000000000000000000 ) ) ;
#1914 = VECTOR ( 'NONE', #8191, 1000.000000000000000 ) ;
#1915 = ORIENTED_EDGE ( 'NONE', *, *, #2170, .F. ) ;
#1916 = MECHANICAL_DESIGN_GEOMETRIC_PRESENTATION_REPRESENTATION (  '', ( #393 ), #4589 ) ;
#1917 = DIRECTION ( 'NONE',  ( 0.000000000000000000, 0.000000000000000000, 1.000000000000000000 ) ) ;
#1918 = VECTOR ( 'NONE', #5863, 1000.000000000000000 ) ;
#1919 = ORIENTED_EDGE ( 'NONE', *, *, #1483, .T. ) ;
#1920 = ORIENTED_EDGE ( 'NONE', *, *, #7202, .F. ) ;
#1921 = ORIENTED_EDGE ( 'NONE', *, *, #4521, .F. ) ;
#1922 = EDGE_CURVE ( 'NONE', #7543, #441, #3217, .T. ) ;
#1923 = DIRECTION ( 'NONE',  ( 0.9659258262890679791, -0.2588190451025219607, 0.000000000000000000 ) ) ;
#1924 = DIRECTION ( 'NONE',  ( -0.9961946980917455452, -0.08715574274765840179, 0.000000000000000000 ) ) ;
#1925 = DIRECTION ( 'NONE',  ( 0.000000000000000000, -0.000000000000000000, -1.000000000000000000 ) ) ;
#1926 = CARTESIAN_POINT ( 'NONE',  ( 3.354092782221119506, 0.1971898976063921616, 0.8500000000000000888 ) ) ;
#1927 = CARTESIAN_POINT ( 'NONE',  ( 3.048510475726686764, 1.021717016418992152, -1.690000000000000169 ) ) ;
#1928 = CARTESIAN_POINT ( 'NONE',  ( -3.354092782221119506, 0.1971898976063921616, 2.959999999999999964 ) ) ;
#1929 = ORIENTED_EDGE ( 'NONE', *, *, #3498, .F. ) ;
#1930 = FACE_OUTER_BOUND ( 'NONE', #1481, .T. ) ;
#1931 = FACE_OUTER_BOUND ( 'NONE', #2275, .T. ) ;
#1932 = ORIENTED_EDGE ( 'NONE', *, *, #1430, .F. ) ;
#1933 = ORIENTED_EDGE ( 'NONE', *, *, #1765, .F. ) ;
#1934 = VERTEX_POINT ( 'NONE', #7016 ) ;
#1935 = EDGE_CURVE ( 'NONE', #6872, #3746, #5896, .T. ) ;
#1936 = LINE ( 'NONE', #2506, #4878 ) ;
#1937 = VERTEX_POINT ( 'NONE', #1788 ) ;
#1938 = FACE_OUTER_BOUND ( 'NONE', #2861, .T. ) ;
#1939 = CARTESIAN_POINT ( 'NONE',  ( 2.649999999999999911, 1.075000000000001954, 4.950484260976138806 ) ) ;
#1940 = VECTOR ( 'NONE', #1235, 1000.000000000000000 ) ;
#1941 = VERTEX_POINT ( 'NONE', #5672 ) ;
#1942 = VERTEX_POINT ( 'NONE', #8015 ) ;
#1943 = DIRECTION ( 'NONE',  ( 0.000000000000000000, -0.000000000000000000, -1.000000000000000000 ) ) ;
#1944 = EDGE_CURVE ( 'NONE', #4496, #7390, #3240, .T. ) ;
#1945 = DIRECTION ( 'NONE',  ( -1.275531967630005245E-16, 0.000000000000000000, -1.000000000000000000 ) ) ;
#1946 = ADVANCED_FACE ( 'NONE', ( #5957 ), #5813, .F. ) ;
#1947 = EDGE_CURVE ( 'NONE', #6845, #3368, #3058, .T. ) ;
#1948 = DIRECTION ( 'NONE',  ( 0.000000000000000000, 1.000000000000000000, 0.000000000000000000 ) ) ;
#1949 = CARTESIAN_POINT ( 'NONE',  ( 2.783586933657053564, 1.075000000000001066, -1.690000000000000169 ) ) ;
#1950 = VECTOR ( 'NONE', #1266, 1000.000000000000000 ) ;
#1951 = AXIS2_PLACEMENT_3D ( 'NONE', #1031, #2872, #4330 ) ;
#1952 = CARTESIAN_POINT ( 'NONE',  ( -3.354092782221119506, 0.1971898976063921616, -4.230000000000000426 ) ) ;
#1953 = VERTEX_POINT ( 'NONE', #5785 ) ;
#1954 = LINE ( 'NONE', #2053, #7539 ) ;
#1955 = VECTOR ( 'NONE', #8240, 1000.000000000000000 ) ;
#1956 = ORIENTED_EDGE ( 'NONE', *, *, #703, .F. ) ;
#1957 = ORIENTED_EDGE ( 'NONE', *, *, #5961, .T. ) ;
#1958 = PLANE ( 'NONE',  #6521 ) ;
#1959 = PRESENTATION_LAYER_ASSIGNMENT (  '', '', ( #5014 ) ) ;
#1960 = EDGE_CURVE ( 'NONE', #2590, #4328, #352, .T. ) ;
#1961 = CARTESIAN_POINT ( 'NONE',  ( 2.649999999999999911, 1.075000000000001288, 0.8500000000000000888 ) ) ;
#1962 = DIRECTION ( 'NONE',  ( 0.000000000000000000, -0.000000000000000000, -1.000000000000000000 ) ) ;
#1963 = DIRECTION ( 'NONE',  ( 0.000000000000000000, -0.000000000000000000, -1.000000000000000000 ) ) ;
#1964 = CARTESIAN_POINT ( 'NONE',  ( -2.500000000000000000, 1.225000000000001199, 5.100000000000004086 ) ) ;
#1965 = EDGE_CURVE ( 'NONE', #3295, #6165, #5915, .T. ) ;
#1966 = DIRECTION ( 'NONE',  ( -0.000000000000000000, -0.000000000000000000, -1.000000000000000000 ) ) ;
#1967 = ADVANCED_FACE ( 'NONE', ( #312 ), #5970, .T. ) ;
#1968 = DIRECTION ( 'NONE',  ( -1.000000000000000000, 0.000000000000000000, 0.000000000000000000 ) ) ;
#1969 = VERTEX_POINT ( 'NONE', #4594 ) ;
#1970 = CIRCLE ( 'NONE', #2323, 0.1499999999999998834 ) ;
#1971 = DIRECTION ( 'NONE',  ( -0.08715574274765759688, 0.9961946980917455452, 0.000000000000000000 ) ) ;
#1972 = AXIS2_PLACEMENT_3D ( 'NONE', #5102, #4593, #6456 ) ;
#1973 = LINE ( 'NONE', #4278, #1889 ) ;
#1974 = ORIENTED_EDGE ( 'NONE', *, *, #1026, .T. ) ;
#1975 = ORIENTED_EDGE ( 'NONE', *, *, #5172, .T. ) ;
#1976 = CARTESIAN_POINT ( 'NONE',  ( -2.783586933657053564, 1.225000000000001199, -4.230000000000000426 ) ) ;
#1977 = CARTESIAN_POINT ( 'NONE',  ( -2.649999999999999911, 1.225000000000001199, -2.959999999999999964 ) ) ;
#1978 = CARTESIAN_POINT ( 'NONE',  ( 2.903621601783326067, 0.9828941596536137082, 2.120000000000000551 ) ) ;
#1979 = PLANE ( 'NONE',  #1641 ) ;
#1980 = FACE_OUTER_BOUND ( 'NONE', #2912, .T. ) ;
#1981 = DIRECTION ( 'NONE',  ( -1.000000000000000000, 0.000000000000000000, 0.000000000000000000 ) ) ;
#1982 = VERTEX_POINT ( 'NONE', #5844 ) ;
#1983 = FACE_OUTER_BOUND ( 'NONE', #8195, .T. ) ;
#1984 = CARTESIAN_POINT ( 'NONE',  ( 2.903621601783326067, 0.9828941596536137082, -0.4200000000000002620 ) ) ;
#1985 = CIRCLE ( 'NONE', #353, 0.1242690327345600532 ) ;
#1986 = VERTEX_POINT ( 'NONE', #5904 ) ;
#1987 = ORIENTED_EDGE ( 'NONE', *, *, #5824, .T. ) ;
#1988 = ORIENTED_EDGE ( 'NONE', *, *, #1570, .F. ) ;
#1989 =( GEOMETRIC_REPRESENTATION_CONTEXT ( 3 ) GLOBAL_UNCERTAINTY_ASSIGNED_CONTEXT ( ( #4749 ) ) GLOBAL_UNIT_ASSIGNED_CONTEXT ( ( #6040, #7404, #5564 ) ) REPRESENTATION_CONTEXT ( 'NONE', 'WORKASPACE' ) );
#1990 = DIRECTION ( 'NONE',  ( 0.000000000000000000, -1.000000000000000000, -0.000000000000000000 ) ) ;
#1991 = COLOUR_RGB ( '',0.8000000000000000444, 0.8196078431372548767, 0.9333333333333333481 ) ;
#1992 = SURFACE_STYLE_USAGE ( .BOTH. , #1388 ) ;
#1993 = EDGE_LOOP ( 'NONE', ( #6940, #1468, #7545, #1471 ) ) ;
#1994 = DIRECTION ( 'NONE',  ( 0.000000000000000000, 1.000000000000000000, 0.000000000000000000 ) ) ;
#1995 = CIRCLE ( 'NONE', #2069, 0.2742690327345599921 ) ;
#1996 = ORIENTED_EDGE ( 'NONE', *, *, #1483, .F. ) ;
#1997 = AXIS2_PLACEMENT_3D ( 'NONE', #7275, #2581, #6785 ) ;
#1998 = ORIENTED_EDGE ( 'NONE', *, *, #685, .T. ) ;
#1999 = CARTESIAN_POINT ( 'NONE',  ( 3.099999999999999645, 0.2499999999999996392, 3.389999999999999680 ) ) ;
#2000 = CLOSED_SHELL ( 'NONE', ( #4655, #1525, #4565, #5144, #1818, #7140, #1179, #3403, #7071, #1717, #1753, #2140, #5911, #7975 ) ) ;
#2001 = DIRECTION ( 'NONE',  ( 1.000000000000000000, 0.000000000000000000, 0.000000000000000000 ) ) ;
#2002 = DIRECTION ( 'NONE',  ( -1.000000000000000000, 0.000000000000000000, 0.000000000000000000 ) ) ;
#2003 = EDGE_CURVE ( 'NONE', #2327, #7207, #5931, .T. ) ;
#2004 = EDGE_CURVE ( 'NONE', #1119, #4871, #2983, .T. ) ;
#2005 = DIRECTION ( 'NONE',  ( 1.000000000000000000, 0.000000000000000000, 0.000000000000000000 ) ) ;
#2006 = PLANE ( 'NONE',  #6507 ) ;
#2007 = LINE ( 'NONE', #6, #1914 ) ;
#2008 = DIRECTION ( 'NONE',  ( -0.9961946980917455452, -0.08715574274765831853, 0.000000000000000000 ) ) ;
#2009 = ORIENTED_EDGE ( 'NONE', *, *, #989, .F. ) ;
#2010 = CIRCLE ( 'NONE', #5397, 0.1499999999999999667 ) ;
#2011 = LINE ( 'NONE', #8362, #7831 ) ;
#2012 = EDGE_LOOP ( 'NONE', ( #7401, #4835, #7650, #5529 ) ) ;
#2013 = ORIENTED_EDGE ( 'NONE', *, *, #848, .T. ) ;
#2014 = CARTESIAN_POINT ( 'NONE',  ( 3.364923542069633289, 0.3209860491535506677, -3.389999999999999680 ) ) ;
#2015 = ADVANCED_FACE ( 'NONE', ( #3071 ), #6515, .T. ) ;
#2016 = AXIS2_PLACEMENT_3D ( 'NONE', #3045, #7699, #626 ) ;
#2017 = DIRECTION ( 'NONE',  ( -0.1391731009600657432, -0.9902680687415703620, 0.000000000000000000 ) ) ;
#2018 = PLANE ( 'NONE',  #8167 ) ;
#2019 = DIRECTION ( 'NONE',  ( 0.000000000000000000, -0.000000000000000000, -1.000000000000000000 ) ) ;
#2020 = CARTESIAN_POINT ( 'NONE',  ( 2.783586933657053564, 1.225000000000001199, -1.690000000000000169 ) ) ;
#2021 = AXIS2_PLACEMENT_3D ( 'NONE', #4309, #2854, #6117 ) ;
#2022 = ADVANCED_FACE ( 'NONE', ( #3173 ), #5103, .F. ) ;
#2023 = EDGE_CURVE ( 'NONE', #5466, #3475, #6027, .T. ) ;
#2024 = VECTOR ( 'NONE', #3789, 1000.000000000000000 ) ;
#2025 = VERTEX_POINT ( 'NONE', #2645 ) ;
#2026 = CARTESIAN_POINT ( 'NONE',  ( -2.410687842433213657, 1.850000000000000977, -4.860687842433208061 ) ) ;
#2027 = ORIENTED_EDGE ( 'NONE', *, *, #4886, .T. ) ;
#2028 = ORIENTED_EDGE ( 'NONE', *, *, #647, .T. ) ;
#2029 = PLANE ( 'NONE',  #1392 ) ;
#2030 = DIRECTION ( 'NONE',  ( 1.000000000000000000, 0.000000000000000000, -1.275531967630004259E-16 ) ) ;
#2031 = DIRECTION ( 'NONE',  ( -0.000000000000000000, -0.000000000000000000, -1.000000000000000000 ) ) ;
#2032 = DIRECTION ( 'NONE',  ( 0.000000000000000000, -0.000000000000000000, -1.000000000000000000 ) ) ;
#2033 = CARTESIAN_POINT ( 'NONE',  ( -2.649999999999999911, 1.075000000000001288, 4.660000000000000142 ) ) ;
#2034 = DIRECTION ( 'NONE',  ( -1.000000000000000000, 1.623215898148971142E-15, 0.000000000000000000 ) ) ;
#2035 = EDGE_CURVE ( 'NONE', #1016, #5198, #418, .T. ) ;
#2036 = ORIENTED_EDGE ( 'NONE', *, *, #3544, .T. ) ;
#2037 = PRESENTATION_STYLE_ASSIGNMENT (( #1443 ) ) ;
#2038 = LINE ( 'NONE', #5487, #7773 ) ;
#2039 = EDGE_LOOP ( 'NONE', ( #6905, #233, #5684, #2753, #8393, #5476, #6820, #5646, #5485, #5604, #5565, #5906 ) ) ;
#2040 = VERTEX_POINT ( 'NONE', #1845 ) ;
#2041 = CARTESIAN_POINT ( 'NONE',  ( -2.783586933657053564, 1.225000000000001199, 2.120000000000000551 ) ) ;
#2042 = LINE ( 'NONE', #5929, #2057 ) ;
#2043 = EDGE_CURVE ( 'NONE', #1937, #2174, #6044, .T. ) ;
#2044 = DIRECTION ( 'NONE',  ( 0.9961946980917455452, -0.08715574274765840179, 0.000000000000000000 ) ) ;
#2045 = ORIENTED_EDGE ( 'NONE', *, *, #6510, .F. ) ;
#2046 = CYLINDRICAL_SURFACE ( 'NONE', #1951, 0.1242690327345600532 ) ;
#2047 = CARTESIAN_POINT ( 'NONE',  ( -2.410687842433213657, 0.4291240348559911544, -5.009228052744443715 ) ) ;
#2048 = FACE_OUTER_BOUND ( 'NONE', #2768, .T. ) ;
#2049 = EDGE_CURVE ( 'NONE', #432, #6446, #199, .T. ) ;
#2050 = ORIENTED_EDGE ( 'NONE', *, *, #1947, .T. ) ;
#2051 = ORIENTED_EDGE ( 'NONE', *, *, #2972, .T. ) ;
#2052 = SURFACE_STYLE_USAGE ( .BOTH. , #4530 ) ;
#2053 = CARTESIAN_POINT ( 'NONE',  ( -2.903621601783326067, 0.9828941596536137082, -2.120000000000000107 ) ) ;
#2054 = DIRECTION ( 'NONE',  ( -0.000000000000000000, -0.000000000000000000, -1.000000000000000000 ) ) ;
#2055 =( NAMED_UNIT ( * ) SI_UNIT ( $, .STERADIAN. ) SOLID_ANGLE_UNIT ( ) );
#2056 = DIRECTION ( 'NONE',  ( 0.9659258262890679791, -0.2588190451025219607, 0.000000000000000000 ) ) ;
#2057 = VECTOR ( 'NONE', #1508, 1000.000000000000114 ) ;
#2058 = AXIS2_PLACEMENT_3D ( 'NONE', #5459, #6058, #2746 ) ;
#2059 = PLANE ( 'NONE',  #1008 ) ;
#2060 = ORIENTED_EDGE ( 'NONE', *, *, #3807, .T. ) ;
#2061 = VECTOR ( 'NONE', #4992, 1000.000000000000114 ) ;
#2062 = AXIS2_PLACEMENT_3D ( 'NONE', #1197, #4456, #3055 ) ;
#2063 = VECTOR ( 'NONE', #6308, 1000.000000000000000 ) ;
#2064 = VERTEX_POINT ( 'NONE', #99 ) ;
#2065 = ORIENTED_EDGE ( 'NONE', *, *, #2907, .T. ) ;
#2066 = EDGE_CURVE ( 'NONE', #3882, #316, #433, .T. ) ;
#2067 = DIRECTION ( 'NONE',  ( 1.000000000000000000, 0.000000000000000000, -1.636531581110195409E-16 ) ) ;
#2068 = DIRECTION ( 'NONE',  ( -1.000000000000000000, 0.000000000000000000, -5.782411586589358033E-15 ) ) ;
#2069 = AXIS2_PLACEMENT_3D ( 'NONE', #8102, #1617, #4192 ) ;
#2070 = CARTESIAN_POINT ( 'NONE',  ( 2.649999999999999911, 1.225000000000000755, 4.950484260976137918 ) ) ;
#2071 = CARTESIAN_POINT ( 'NONE',  ( -2.649999999999999911, 1.225000000000001199, -4.230000000000000426 ) ) ;
#2072 = CARTESIAN_POINT ( 'NONE',  ( 2.903621601783326067, 0.9828941596536137082, -2.959999999999999964 ) ) ;
#2073 = CARTESIAN_POINT ( 'NONE',  ( 2.649999999999999911, 1.225000000000001199, 4.660000000000000142 ) ) ;
#2074 = VECTOR ( 'NONE', #4014, 1000.000000000000000 ) ;
#2075 = CARTESIAN_POINT ( 'NONE',  ( -2.783586933657053564, 1.225000000000001199, -0.4200000000000002620 ) ) ;
#2076 = DIRECTION ( 'NONE',  ( 0.000000000000000000, 0.000000000000000000, 1.000000000000000000 ) ) ;
#2077 = LINE ( 'NONE', #7507, #2063 ) ;
#2078 = ORIENTED_EDGE ( 'NONE', *, *, #5885, .T. ) ;
#2079 = ORIENTED_EDGE ( 'NONE', *, *, #6562, .F. ) ;
#2080 = CARTESIAN_POINT ( 'NONE',  ( -2.500000000000000000, 1.075000000000001288, 5.100000000000004086 ) ) ;
#2081 = EDGE_CURVE ( 'NONE', #3425, #8220, #3204, .T. ) ;
#2082 = ADVANCED_FACE ( 'NONE', ( #6088 ), #5793, .F. ) ;
#2083 = PLANE ( 'NONE',  #6782 ) ;
#2084 = DIRECTION ( 'NONE',  ( 0.08715574274765838791, -0.9961946980917455452, 0.000000000000000000 ) ) ;
#2085 = DIRECTION ( 'NONE',  ( -1.623215898148971339E-15, 1.000000000000000000, 0.000000000000000000 ) ) ;
#2086 = CARTESIAN_POINT ( 'NONE',  ( -2.649999999999999911, 1.225000000000001199, -2.120000000000000107 ) ) ;
#2087 = CARTESIAN_POINT ( 'NONE',  ( -2.649999999999999911, 1.225000000000001199, 2.959999999999999964 ) ) ;
#2088 = VECTOR ( 'NONE', #4012, 1000.000000000000227 ) ;
#2089 = SURFACE_STYLE_FILL_AREA ( #5596 ) ;
#2090 = VERTEX_POINT ( 'NONE', #7871 ) ;
#2091 = VERTEX_POINT ( 'NONE', #3823 ) ;
#2092 = CARTESIAN_POINT ( 'NONE',  ( -2.783586933657053564, 0.9507309672654410404, 0.8500000000000000888 ) ) ;
#2093 = CARTESIAN_POINT ( 'NONE',  ( -3.364923542069633289, 0.3209860491535506677, -3.389999999999999680 ) ) ;
#2094 = AXIS2_PLACEMENT_3D ( 'NONE', #6409, #7072, #3033 ) ;
#2095 = ADVANCED_FACE ( 'NONE', ( #2956 ), #3011, .T. ) ;
#2096 = VECTOR ( 'NONE', #6619, 1000.000000000000114 ) ;
#2097 = DIRECTION ( 'NONE',  ( -0.08715574274765759688, -0.9961946980917455452, 0.000000000000000000 ) ) ;
#2098 = VECTOR ( 'NONE', #113, 1000.000000000000227 ) ;
#2099 = CARTESIAN_POINT ( 'NONE',  ( -2.650000000000001243, 1.075000000000001288, -4.949999999999994849 ) ) ;
#2100 = VECTOR ( 'NONE', #7560, 1000.000000000000114 ) ;
#2101 = ORIENTED_EDGE ( 'NONE', *, *, #7510, .T. ) ;
#2102 = EDGE_LOOP ( 'NONE', ( #7244, #3390, #1663, #1055 ) ) ;
#2103 = EDGE_CURVE ( 'NONE', #7450, #862, #6400, .T. ) ;
#2104 = DIRECTION ( 'NONE',  ( 0.000000000000000000, -1.000000000000000000, 0.000000000000000000 ) ) ;
#2106 = ADVANCED_FACE ( 'NONE', ( #3302 ), #2927, .F. ) ;
#2105 = DIRECTION ( 'NONE',  ( -0.08715574274765831853, 0.9961946980917455452, 0.000000000000000000 ) ) ;
#2107 = CARTESIAN_POINT ( 'NONE',  ( 3.354092782221119506, 0.1971898976063921616, -2.120000000000000107 ) ) ;
#2108 = CYLINDRICAL_SURFACE ( 'NONE', #4492, 0.1499999999999999667 ) ;
#2109 = DIRECTION ( 'NONE',  ( 0.000000000000000000, 0.1391731009600658264, -0.9902680687415703620 ) ) ;
#2110 = CIRCLE ( 'NONE', #3738, 0.2742690327345599921 ) ;
#2111 = AXIS2_PLACEMENT_3D ( 'NONE', #8051, #7405, #5223 ) ;
#2112 = VECTOR ( 'NONE', #1769, 1000.000000000000227 ) ;
#2113 = EDGE_LOOP ( 'NONE', ( #1933, #1744, #1830, #2426 ) ) ;
#2114 = ORIENTED_EDGE ( 'NONE', *, *, #5824, .F. ) ;
#2115 = PLANE ( 'NONE',  #3854 ) ;
#2116 = EDGE_CURVE ( 'NONE', #1334, #4805, #787, .T. ) ;
#2117 = CARTESIAN_POINT ( 'NONE',  ( -2.410687842433213213, 0.4500000000000009548, -4.860687842433206285 ) ) ;
#2118 = PLANE ( 'NONE',  #460 ) ;
#2119 = DIRECTION ( 'NONE',  ( -0.08715574274765759688, 0.9961946980917455452, 0.000000000000000000 ) ) ;
#2120 = DIRECTION ( 'NONE',  ( -1.000000000000000000, 0.000000000000000000, 0.000000000000000000 ) ) ;
#2121 = FACE_OUTER_BOUND ( 'NONE', #7425, .T. ) ;
#2122 = PRESENTATION_STYLE_ASSIGNMENT (( #1407 ) ) ;
#2123 = EDGE_LOOP ( 'NONE', ( #2617, #7243, #4376, #4615 ) ) ;
#2124 = ORIENTED_EDGE ( 'NONE', *, *, #7758, .T. ) ;
#2125 = CARTESIAN_POINT ( 'NONE',  ( -2.649999999999999911, 1.075000000000001288, 4.660000000000000142 ) ) ;
#2126 = EDGE_CURVE ( 'NONE', #1941, #2503, #3351, .T. ) ;
#2127 =( NAMED_UNIT ( * ) PLANE_ANGLE_UNIT ( ) SI_UNIT ( $, .RADIAN. ) );
#2128 = CARTESIAN_POINT ( 'NONE',  ( -3.244888873943359897, 0.2888228567653777779, -3.389999999999999680 ) ) ;
#2129 = FACE_OUTER_BOUND ( 'NONE', #1204, .T. ) ;
#2130 = CARTESIAN_POINT ( 'NONE',  ( -3.899999999999999467, 0.1494292047137622814, 0.8500000000000000888 ) ) ;
#2131 = DIRECTION ( 'NONE',  ( 1.000000000000000000, 2.891205793294679411E-15, -3.343628375672286958E-29 ) ) ;
#2132 = CARTESIAN_POINT ( 'NONE',  ( -2.410687842433212769, 1.850000000000000977, 4.860687842433216055 ) ) ;
#2133 = DIRECTION ( 'NONE',  ( -0.000000000000000000, -0.000000000000000000, -1.000000000000000000 ) ) ;
#2134 = CARTESIAN_POINT ( 'NONE',  ( 2.649999999999997691, 1.075000000000001288, -4.950484260976129924 ) ) ;
#2135 = FACE_OUTER_BOUND ( 'NONE', #3558, .T. ) ;
#2136 = VECTOR ( 'NONE', #8153, 1000.000000000000000 ) ;
#2137 = ORIENTED_EDGE ( 'NONE', *, *, #4135, .T. ) ;
#2138 = ORIENTED_EDGE ( 'NONE', *, *, #5801, .T. ) ;
#2139 = EDGE_CURVE ( 'NONE', #3895, #7050, #6429, .T. ) ;
#2140 = ADVANCED_FACE ( 'NONE', ( #3286 ), #7979, .F. ) ;
#2141 = CARTESIAN_POINT ( 'NONE',  ( -2.501452754537962786, 1.074949942300984729, -5.099992964849191956 ) ) ;
#2142 = EDGE_CURVE ( 'NONE', #1007, #8231, #3432, .T. ) ;
#2143 = PLANE ( 'NONE',  #6901 ) ;
#2144 = FACE_OUTER_BOUND ( 'NONE', #8107, .T. ) ;
#2145 = AXIS2_PLACEMENT_3D ( 'NONE', #1073, #1695, #7430 ) ;
#2146 = CARTESIAN_POINT ( 'NONE',  ( -3.048510475726686764, 1.021717016418992152, -0.4200000000000002620 ) ) ;
#2147 = VERTEX_POINT ( 'NONE', #3481 ) ;
#2148 = VERTEX_POINT ( 'NONE', #2204 ) ;
#2149 = PLANE ( 'NONE',  #2663 ) ;
#2150 = DIRECTION ( 'NONE',  ( 0.2588190451025219607, -0.9659258262890678681, 0.000000000000000000 ) ) ;
#2151 = DIRECTION ( 'NONE',  ( 0.1378445374916290600, -0.9808148484639893638, 0.1378445374916275334 ) ) ;
#2152 = EDGE_CURVE ( 'NONE', #4895, #6016, #677, .T. ) ;
#2153 = AXIS2_PLACEMENT_3D ( 'NONE', #5274, #4491, #7134 ) ;
#2154 = ADVANCED_FACE ( 'NONE', ( #579 ), #6917, .F. ) ;
#2155 = CARTESIAN_POINT ( 'NONE',  ( -2.649992964849197108, 1.074949942300984729, 4.951452754537965184 ) ) ;
#2156 =( NAMED_UNIT ( * ) SI_UNIT ( $, .STERADIAN. ) SOLID_ANGLE_UNIT ( ) );
#2157 = VECTOR ( 'NONE', #6171, 1000.000000000000227 ) ;
#2158 = EDGE_CURVE ( 'NONE', #4332, #277, #3239, .T. ) ;
#2159 = CYLINDRICAL_SURFACE ( 'NONE', #866, 0.1499999999999999667 ) ;
#2160 = ORIENTED_EDGE ( 'NONE', *, *, #2347, .T. ) ;
#2161 = VERTEX_POINT ( 'NONE', #4113 ) ;
#2162 = EDGE_CURVE ( 'NONE', #843, #4474, #3597, .T. ) ;
#2163 = AXIS2_PLACEMENT_3D ( 'NONE', #6694, #101, #3209 ) ;
#2164 = CARTESIAN_POINT ( 'NONE',  ( 3.341019420808970963, 0.04776069289263030343, 0.8500000000000000888 ) ) ;
#2165 = CARTESIAN_POINT ( 'NONE',  ( 3.048510475726686764, 1.021717016418992152, 4.660000000000000142 ) ) ;
#2166 = CARTESIAN_POINT ( 'NONE',  ( -2.649999999999999911, 1.075000000000001288, -2.120000000000000107 ) ) ;
#2167 = DIRECTION ( 'NONE',  ( 0.2588190451025220162, -0.9659258262890678681, 0.000000000000000000 ) ) ;
#2168 = ADVANCED_FACE ( 'NONE', ( #816 ), #561, .T. ) ;
#2169 = LINE ( 'NONE', #1562, #5181 ) ;
#2170 = EDGE_CURVE ( 'NONE', #5411, #7067, #3482, .T. ) ;
#2171 = COLOUR_RGB ( '',0.8000000000000000444, 0.8196078431372548767, 0.9333333333333333481 ) ;
#2172 = VERTEX_POINT ( 'NONE', #8140 ) ;
#2173 = AXIS2_PLACEMENT_3D ( 'NONE', #2026, #4504, #5127 ) ;
#2174 = VERTEX_POINT ( 'NONE', #3615 ) ;
#2175 = AXIS2_PLACEMENT_3D ( 'NONE', #5575, #487, #2921 ) ;
#2176 = ORIENTED_EDGE ( 'NONE', *, *, #56, .T. ) ;
#2177 = EDGE_CURVE ( 'NONE', #6183, #7390, #836, .T. ) ;
#2178 = CARTESIAN_POINT ( 'NONE',  ( -3.886926638587850924, 4.743384504624081899E-16, -1.690000000000000169 ) ) ;
#2179 = CARTESIAN_POINT ( 'NONE',  ( -3.341019420808970963, 0.04776069289263030343, 2.120000000000000551 ) ) ;
#2180 = CIRCLE ( 'NONE', #3785, 0.2742690327345604362 ) ;
#2181 = CARTESIAN_POINT ( 'NONE',  ( 3.364923542069633289, 0.3209860491535506677, 2.959999999999999964 ) ) ;
#2182 = CARTESIAN_POINT ( 'NONE',  ( -3.354092782221119506, 0.1971898976063921616, -4.660000000000000142 ) ) ;
#2183 = CARTESIAN_POINT ( 'NONE',  ( -2.500000000000000000, 1.075000000000001288, 5.100000000000004086 ) ) ;
#2184 = CIRCLE ( 'NONE', #8346, 0.2742690327345599921 ) ;
#2185 = DIRECTION ( 'NONE',  ( 0.000000000000000000, 0.000000000000000000, 1.000000000000000000 ) ) ;
#2186 = PRESENTATION_STYLE_ASSIGNMENT (( #396 ) ) ;
#2187 = ORIENTED_EDGE ( 'NONE', *, *, #4357, .T. ) ;
#2188 = ORIENTED_EDGE ( 'NONE', *, *, #8054, .T. ) ;
#2189 = ORIENTED_EDGE ( 'NONE', *, *, #1359, .F. ) ;
#2190 = DIRECTION ( 'NONE',  ( 1.000000000000000000, 0.000000000000000000, 0.000000000000000000 ) ) ;
#2191 = AXIS2_PLACEMENT_3D ( 'NONE', #740, #7767, #1782 ) ;
#2192 = SURFACE_STYLE_USAGE ( .BOTH. , #1128 ) ;
#2193 = EDGE_CURVE ( 'NONE', #4085, #613, #478, .T. ) ;
#2194 = CYLINDRICAL_SURFACE ( 'NONE', #7058, 0.1499999999999998834 ) ;
#2195 = DIRECTION ( 'NONE',  ( -1.000000000000000000, 0.000000000000000000, 0.000000000000000000 ) ) ;
#2196 = CYLINDRICAL_SURFACE ( 'NONE', #1572, 0.2742690327345599921 ) ;
#2197 = DIRECTION ( 'NONE',  ( -1.000000000000000000, 1.623215898148971142E-15, 0.000000000000000000 ) ) ;
#2198 = LINE ( 'NONE', #1926, #5040 ) ;
#2199 = ORIENTED_EDGE ( 'NONE', *, *, #4783, .T. ) ;
#2200 = ORIENTED_EDGE ( 'NONE', *, *, #629, .F. ) ;
#2201 = DIRECTION ( 'NONE',  ( 0.000000000000000000, -1.000000000000000000, 0.000000000000000000 ) ) ;
#2202 = ORIENTED_EDGE ( 'NONE', *, *, #7690, .F. ) ;
#2203 = CARTESIAN_POINT ( 'NONE',  ( 3.048510475726686764, 1.021717016418992152, -1.690000000000000169 ) ) ;
#2204 = CARTESIAN_POINT ( 'NONE',  ( -3.886926638587850924, 4.743384504624081899E-16, 0.8500000000000000888 ) ) ;
#2205 = ADVANCED_FACE ( 'NONE', ( #3375 ), #3466, .F. ) ;
#2206 = AXIS2_PLACEMENT_3D ( 'NONE', #3978, #190, #906 ) ;
#2207 = DIRECTION ( 'NONE',  ( -0.000000000000000000, -0.000000000000000000, -1.000000000000000000 ) ) ;
#2208 = CARTESIAN_POINT ( 'NONE',  ( -3.886926638587850924, 4.743384504624081899E-16, -2.959999999999999964 ) ) ;
#2209 = EDGE_CURVE ( 'NONE', #2618, #7408, #6382, .T. ) ;
#2210 = CARTESIAN_POINT ( 'NONE',  ( 2.649154974055153211, 1.068987327977424018, 5.037973030627477478 ) ) ;
#2211 = CYLINDRICAL_SURFACE ( 'NONE', #4039, 0.2742690327345604362 ) ;
#2212 = ORIENTED_EDGE ( 'NONE', *, *, #5527, .F. ) ;
#2213 = ORIENTED_EDGE ( 'NONE', *, *, #5131, .F. ) ;
#2214 = ORIENTED_EDGE ( 'NONE', *, *, #7165, .T. ) ;
#2215 = DIRECTION ( 'NONE',  ( 0.9961946980917455452, -0.08715574274765831853, 0.000000000000000000 ) ) ;
#2216 = CARTESIAN_POINT ( 'NONE',  ( -2.649992964849197552, 1.225050057699017758, 4.951452754537967849 ) ) ;
#2217 = CARTESIAN_POINT ( 'NONE',  ( 2.649999999999999911, 1.075000000000001288, -2.120000000000000107 ) ) ;
#2218 = ADVANCED_FACE ( 'NONE', ( #6296 ), #769, .T. ) ;
#2219 = FACE_OUTER_BOUND ( 'NONE', #2380, .T. ) ;
#2220 = DIRECTION ( 'NONE',  ( 0.000000000000000000, -0.000000000000000000, -1.000000000000000000 ) ) ;
#2221 = LINE ( 'NONE', #7886, #2098 ) ;
#2222 = CIRCLE ( 'NONE', #3081, 0.2999999999999999334 ) ;
#2223 = EDGE_CURVE ( 'NONE', #1317, #1855, #6102, .T. ) ;
#2224 = VERTEX_POINT ( 'NONE', #5930 ) ;
#2225 = ORIENTED_EDGE ( 'NONE', *, *, #30, .F. ) ;
#2227 = ORIENTED_EDGE ( 'NONE', *, *, #7564, .F. ) ;
#2226 = CARTESIAN_POINT ( 'NONE',  ( -2.649999999999999911, 1.075000000000001288, 0.4200000000000002620 ) ) ;
#2228 = DIRECTION ( 'NONE',  ( 0.2588190451025220717, 0.9659258262890678681, -0.000000000000000000 ) ) ;
#2229 = CARTESIAN_POINT ( 'NONE',  ( 3.899999999999999467, 0.1494292047137622814, -4.230000000000000426 ) ) ;
#2230 = CARTESIAN_POINT ( 'NONE',  ( 3.354092782221119506, 0.1971898976063921616, 0.8500000000000000888 ) ) ;
#2231 = LINE ( 'NONE', #835, #7769 ) ;
#2232 = CARTESIAN_POINT ( 'NONE',  ( -3.099999999999999645, 0.2499999999999996392, 0.8500000000000000888 ) ) ;
#2233 = DIRECTION ( 'NONE',  ( -1.000000000000000000, 0.000000000000000000, 1.636531581110195409E-16 ) ) ;
#2234 = FACE_OUTER_BOUND ( 'NONE', #1474, .T. ) ;
#2235 = MECHANICAL_DESIGN_GEOMETRIC_PRESENTATION_REPRESENTATION (  '', ( #6590 ), #8145 ) ;
#2236 = DIRECTION ( 'NONE',  ( -0.000000000000000000, -0.000000000000000000, -1.000000000000000000 ) ) ;
#2237 = FACE_OUTER_BOUND ( 'NONE', #4885, .T. ) ;
#2238 = ORIENTED_EDGE ( 'NONE', *, *, #2672, .T. ) ;
#2239 = ORIENTED_EDGE ( 'NONE', *, *, #4117, .F. ) ;
#2240 = MECHANICAL_DESIGN_GEOMETRIC_PRESENTATION_REPRESENTATION (  '', ( #5014 ), #7303 ) ;
#2241 = EDGE_CURVE ( 'NONE', #5419, #92, #3319, .T. ) ;
#2242 = ORIENTED_EDGE ( 'NONE', *, *, #214, .T. ) ;
#2243 = DIRECTION ( 'NONE',  ( -0.9961946980917455452, 0.08715574274765833240, 0.000000000000000000 ) ) ;
#2244 = VECTOR ( 'NONE', #1154, 1000.000000000000227 ) ;
#2245 = EDGE_CURVE ( 'NONE', #1314, #1829, #6313, .T. ) ;
#2246 = DIRECTION ( 'NONE',  ( -1.000000000000000000, 1.623215898148971142E-15, 0.000000000000000000 ) ) ;
#2247 = VECTOR ( 'NONE', #5865, 1000.000000000000114 ) ;
#2248 = PLANE ( 'NONE',  #1421 ) ;
#2249 = VERTEX_POINT ( 'NONE', #5869 ) ;
#2250 = EDGE_LOOP ( 'NONE', ( #2453, #7751, #289, #2393 ) ) ;
#2251 = ORIENTED_EDGE ( 'NONE', *, *, #7051, .T. ) ;
#2252 = PLANE ( 'NONE',  #3609 ) ;
#2253 = DIRECTION ( 'NONE',  ( -0.000000000000000000, -0.000000000000000000, -1.000000000000000000 ) ) ;
#2254 = EDGE_CURVE ( 'NONE', #6550, #7504, #3567, .T. ) ;
#2255 = AXIS2_PLACEMENT_3D ( 'NONE', #7403, #6534, #2017 ) ;
#2256 = CARTESIAN_POINT ( 'NONE',  ( -3.341019420808970963, 0.04776069289263019935, -0.4200000000000002620 ) ) ;
#2257 = LINE ( 'NONE', #8264, #5051 ) ;
#2258 = CARTESIAN_POINT ( 'NONE',  ( 3.244888873943359897, 0.2888228567653777779, 2.120000000000000551 ) ) ;
#2259 = PRESENTATION_LAYER_ASSIGNMENT (  '', '', ( #5722 ) ) ;
#2260 = CARTESIAN_POINT ( 'NONE',  ( -1.650000000000001243, 1.900000000000000799, -3.799999999999996270 ) ) ;
#2261 = FACE_OUTER_BOUND ( 'NONE', #7361, .T. ) ;
#2262 = EDGE_CURVE ( 'NONE', #6335, #4642, #3551, .T. ) ;
#2263 = VECTOR ( 'NONE', #5346, 1000.000000000000114 ) ;
#2264 = VERTEX_POINT ( 'NONE', #7355 ) ;
#2265 = ORIENTED_EDGE ( 'NONE', *, *, #3581, .T. ) ;
#2266 = EDGE_LOOP ( 'NONE', ( #4921, #5281, #4556, #7324 ) ) ;
#2267 = DIRECTION ( 'NONE',  ( 0.9659258262890679791, 0.2588190451025220717, 0.000000000000000000 ) ) ;
#2268 = AXIS2_PLACEMENT_3D ( 'NONE', #5568, #1848, #1693 ) ;
#2269 = AXIS2_PLACEMENT_3D ( 'NONE', #2350, #4274, #6210 ) ;
#2270 = VECTOR ( 'NONE', #1208, 1000.000000000000000 ) ;
#2271 = DIRECTION ( 'NONE',  ( -8.126649509720501569E-16, 5.782411586589355667E-15, -1.000000000000000000 ) ) ;
#2272 = EDGE_CURVE ( 'NONE', #8078, #2312, #645, .T. ) ;
#2273 = FACE_OUTER_BOUND ( 'NONE', #6276, .T. ) ;
#2274 = LINE ( 'NONE', #1837, #2902 ) ;
#2275 = EDGE_LOOP ( 'NONE', ( #2697, #6555, #4846, #811, #6731, #4716 ) ) ;
#2276 = ORIENTED_EDGE ( 'NONE', *, *, #5261, .T. ) ;
#2277 = EDGE_LOOP ( 'NONE', ( #2901, #3179, #6006, #5918, #3092, #3585, #7023, #3292 ) ) ;
#2278 = DIRECTION ( 'NONE',  ( -0.000000000000000000, -0.000000000000000000, -1.000000000000000000 ) ) ;
#2279 = DIRECTION ( 'NONE',  ( 0.000000000000000000, 0.000000000000000000, 1.000000000000000000 ) ) ;
#2280 = UNCERTAINTY_MEASURE_WITH_UNIT (LENGTH_MEASURE( 1.000000000000000082E-05 ), #4057, 'distance_accuracy_value', 'NONE');
#2281 = CARTESIAN_POINT ( 'NONE',  ( 2.903621601783326067, 0.9828941596536137082, 1.690000000000000613 ) ) ;
#2282 = VECTOR ( 'NONE', #3183, 1000.000000000000000 ) ;
#2283 = CARTESIAN_POINT ( 'NONE',  ( -2.500000000000001332, 1.075000000000001288, -5.099999999999995204 ) ) ;
#2284 = DIRECTION ( 'NONE',  ( -0.000000000000000000, -0.000000000000000000, -1.000000000000000000 ) ) ;
#2285 = DIRECTION ( 'NONE',  ( 0.000000000000000000, 0.000000000000000000, 1.000000000000000000 ) ) ;
#2286 = FACE_OUTER_BOUND ( 'NONE', #2414, .T. ) ;
#2287 = ORIENTED_EDGE ( 'NONE', *, *, #3893, .F. ) ;
#2288 = ORIENTED_EDGE ( 'NONE', *, *, #481, .F. ) ;
#2289 = EDGE_LOOP ( 'NONE', ( #3542, #3721, #1006, #3525 ) ) ;
#2290 = EDGE_CURVE ( 'NONE', #5259, #1016, #3447, .T. ) ;
#2291 = CARTESIAN_POINT ( 'NONE',  ( 2.499999999999997780, 1.225000000000001199, -5.099999999999996092 ) ) ;
#2292 = DIRECTION ( 'NONE',  ( -0.000000000000000000, 0.000000000000000000, 1.000000000000000000 ) ) ;
#2293 = CARTESIAN_POINT ( 'NONE',  ( 2.903621601783326067, 0.9828941596536137082, -4.230000000000000426 ) ) ;
#2294 = VECTOR ( 'NONE', #4513, 1000.000000000000000 ) ;
#2295 = CARTESIAN_POINT ( 'NONE',  ( -2.650000000000001243, 1.225000000000001199, -4.949999999999994849 ) ) ;
#2296 = CIRCLE ( 'NONE', #27, 0.1499999999999998834 ) ;
#2297 = CARTESIAN_POINT ( 'NONE',  ( 2.903621601783326067, 0.9828941596536137082, -2.120000000000000107 ) ) ;
#2298 = VECTOR ( 'NONE', #4576, 1000.000000000000000 ) ;
#2299 = EDGE_LOOP ( 'NONE', ( #4006, #6753, #1213, #1605 ) ) ;
#2300 = ORIENTED_EDGE ( 'NONE', *, *, #2241, .T. ) ;
#2301 = CARTESIAN_POINT ( 'NONE',  ( 2.783586933657053564, 0.9507309672654410404, 0.8500000000000000888 ) ) ;
#2302 = DIRECTION ( 'NONE',  ( -0.08715574274765759688, -0.9961946980917455452, 0.000000000000000000 ) ) ;
#2303 = ORIENTED_EDGE ( 'NONE', *, *, #5451, .F. ) ;
#2304 = CARTESIAN_POINT ( 'NONE',  ( -2.649999999999999911, 1.225000000000001199, 3.389999999999999680 ) ) ;
#2305 = EDGE_CURVE ( 'NONE', #4625, #6568, #3398, .T. ) ;
#2306 = CARTESIAN_POINT ( 'NONE',  ( 3.364923542069633289, 0.3209860491535506677, -4.660000000000000142 ) ) ;
#2307 = CARTESIAN_POINT ( 'NONE',  ( -2.783586933657053564, 1.225000000000001199, -4.660000000000000142 ) ) ;
#2308 = DIRECTION ( 'NONE',  ( 0.000000000000000000, 0.000000000000000000, -1.000000000000000000 ) ) ;
#2309 = VECTOR ( 'NONE', #2357, 1000.000000000000000 ) ;
#2310 =( GEOMETRIC_REPRESENTATION_CONTEXT ( 3 ) GLOBAL_UNCERTAINTY_ASSIGNED_CONTEXT ( ( #4142 ) ) GLOBAL_UNIT_ASSIGNED_CONTEXT ( ( #4206, #2384, #5042 ) ) REPRESENTATION_CONTEXT ( 'NONE', 'WORKASPACE' ) );
#2311 = VECTOR ( 'NONE', #7575, 1000.000000000000000 ) ;
#2312 = VERTEX_POINT ( 'NONE', #6602 ) ;
#2313 = ORIENTED_EDGE ( 'NONE', *, *, #8397, .F. ) ;
#2314 = ORIENTED_EDGE ( 'NONE', *, *, #2519, .F. ) ;
#2315 = CARTESIAN_POINT ( 'NONE',  ( 2.499999999999997780, 1.075000000000001288, -5.099999999999996092 ) ) ;
#2316 = EDGE_CURVE ( 'NONE', #5453, #6693, #6138, .T. ) ;
#2317 = DIRECTION ( 'NONE',  ( -1.636531581110195409E-16, 0.000000000000000000, -1.000000000000000000 ) ) ;
#2318 = CARTESIAN_POINT ( 'NONE',  ( -2.903621601783326067, 0.9828941596536137082, -3.389999999999999680 ) ) ;
#2319 = EDGE_CURVE ( 'NONE', #3763, #6937, #722, .T. ) ;
#2320 = DIRECTION ( 'NONE',  ( -1.000000000000000000, 0.000000000000000000, 0.000000000000000000 ) ) ;
#2321 = VECTOR ( 'NONE', #3248, 1000.000000000000114 ) ;
#2322 = COLOUR_RGB ( '',0.8000000000000000444, 0.8196078431372548767, 0.9333333333333333481 ) ;
#2323 = AXIS2_PLACEMENT_3D ( 'NONE', #4393, #1805, #2401 ) ;
#2324 = LINE ( 'NONE', #2033, #8018 ) ;
#2325 = EDGE_LOOP ( 'NONE', ( #6054, #6943, #5968, #5994 ) ) ;
#2326 = VERTEX_POINT ( 'NONE', #1418 ) ;
#2327 = VERTEX_POINT ( 'NONE', #5279 ) ;
#2328 = CARTESIAN_POINT ( 'NONE',  ( -2.783586933657053564, 0.9507309672654410404, -2.959999999999999964 ) ) ;
#2329 = AXIS2_PLACEMENT_3D ( 'NONE', #7365, #4090, #4028 ) ;
#2330 = EDGE_CURVE ( 'NONE', #1384, #3882, #6330, .T. ) ;
#2331 = APPLICATION_CONTEXT ( 'automotive_design' ) ;
#2332 = CARTESIAN_POINT ( 'NONE',  ( 2.649999999999999911, 1.225000000000001199, 0.8500000000000000888 ) ) ;
#2333 = AXIS2_PLACEMENT_3D ( 'NONE', #7919, #98, #270 ) ;
#2334 = DIRECTION ( 'NONE',  ( 0.000000000000000000, -0.000000000000000000, -1.000000000000000000 ) ) ;
#2335 = LINE ( 'NONE', #4413, #2270 ) ;
#2336 = EDGE_CURVE ( 'NONE', #1193, #1969, #737, .T. ) ;
#2337 = CARTESIAN_POINT ( 'NONE',  ( 2.783586933657053564, 1.075000000000001066, -0.4200000000000002620 ) ) ;
#2338 = LINE ( 'NONE', #6098, #7964 ) ;
#2339 = FACE_OUTER_BOUND ( 'NONE', #3030, .T. ) ;
#2340 = ORIENTED_EDGE ( 'NONE', *, *, #7872, .T. ) ;
#2341 = ORIENTED_EDGE ( 'NONE', *, *, #2162, .F. ) ;
#2342 =( BOUNDED_CURVE ( )  B_SPLINE_CURVE ( 3, ( #7732, #8340, #3671, #4325 ),
 .UNSPECIFIED., .F., .F. ) 
 B_SPLINE_CURVE_WITH_KNOTS ( ( 4, 4 ),
 ( 2.365879671860814604, 3.917305635318754753 ),
 .UNSPECIFIED. ) 
 CURVE ( )  GEOMETRIC_REPRESENTATION_ITEM ( )  RATIONAL_B_SPLINE_CURVE ( ( 1.000000000000000000, 0.8092813118237141001, 0.8092813118237141001, 1.000000000000000000 ) ) 
 REPRESENTATION_ITEM ( '' )  );
#2343 = ORIENTED_EDGE ( 'NONE', *, *, #4279, .T. ) ;
#2344 = CARTESIAN_POINT ( 'NONE',  ( -3.048510475726686764, 1.021717016418992152, -2.120000000000000107 ) ) ;
#2345 = CARTESIAN_POINT ( 'NONE',  ( -3.244888873943359897, 0.2888228567653777779, 0.8500000000000000888 ) ) ;
#2346 = FACE_OUTER_BOUND ( 'NONE', #8209, .T. ) ;
#2347 = EDGE_CURVE ( 'NONE', #4328, #6335, #753, .T. ) ;
#2348 = EDGE_CURVE ( 'NONE', #7728, #3702, #3268, .T. ) ;
#2349 = LINE ( 'NONE', #3885, #5195 ) ;
#2350 = CARTESIAN_POINT ( 'NONE',  ( 3.364923542069633289, 0.3209860491535506677, 3.389999999999999680 ) ) ;
#2351 = VECTOR ( 'NONE', #786, 1000.000000000000000 ) ;
#2352 = EDGE_LOOP ( 'NONE', ( #1863, #4669, #7913, #66 ) ) ;
#2353 = ORIENTED_EDGE ( 'NONE', *, *, #3544, .F. ) ;
#2354 = CARTESIAN_POINT ( 'NONE',  ( -3.886926638587850924, 4.743384504624081899E-16, -2.959999999999999964 ) ) ;
#2355 = DIRECTION ( 'NONE',  ( 0.000000000000000000, 0.000000000000000000, 1.000000000000000000 ) ) ;
#2356 = EDGE_LOOP ( 'NONE', ( #6712, #1776, #5175, #3949 ) ) ;
#2357 = DIRECTION ( 'NONE',  ( -1.000000000000000000, 1.623215898148971142E-15, 0.000000000000000000 ) ) ;
#2358 = CARTESIAN_POINT ( 'NONE',  ( 3.364923542069633289, 0.3209860491535506677, -3.389999999999999680 ) ) ;
#2359 = AXIS2_PLACEMENT_3D ( 'NONE', #881, #2056, #2655 ) ;
#2360 = CARTESIAN_POINT ( 'NONE',  ( 3.886926638587850924, 4.743384504624081899E-16, 1.690000000000000613 ) ) ;
#2361 = CARTESIAN_POINT ( 'NONE',  ( 2.649999999999999911, 1.225000000000001199, -1.690000000000000169 ) ) ;
#2362 = LINE ( 'NONE', #1892, #8204 ) ;
#2363 = CARTESIAN_POINT ( 'NONE',  ( -2.500000000000000000, 1.225000000000001199, 4.950000000000003730 ) ) ;
#2364 = LINE ( 'NONE', #364, #8089 ) ;
#2365 = FACE_OUTER_BOUND ( 'NONE', #3280, .T. ) ;
#2366 = VERTEX_POINT ( 'NONE', #4246 ) ;
#2367 = ORIENTED_EDGE ( 'NONE', *, *, #6978, .F. ) ;
#2368 = EDGE_LOOP ( 'NONE', ( #6959, #3510, #2714, #7506 ) ) ;
#2369 = AXIS2_PLACEMENT_3D ( 'NONE', #311, #3716, #3599 ) ;
#2370 = DIRECTION ( 'NONE',  ( 0.000000000000000000, 0.000000000000000000, 1.000000000000000000 ) ) ;
#2371 = CARTESIAN_POINT ( 'NONE',  ( 2.783586933657053564, 0.9507309672654410404, 2.959999999999999964 ) ) ;
#2372 = DIRECTION ( 'NONE',  ( -1.000000000000000000, -1.623215898148971339E-15, 0.000000000000000000 ) ) ;
#2373 = EDGE_CURVE ( 'NONE', #7728, #978, #527, .T. ) ;
#2374 = FACE_OUTER_BOUND ( 'NONE', #9, .T. ) ;
#2375 = DIRECTION ( 'NONE',  ( 0.000000000000000000, 0.000000000000000000, 1.000000000000000000 ) ) ;
#2376 = LINE ( 'NONE', #815, #5226 ) ;
#2377 = EDGE_LOOP ( 'NONE', ( #7478, #4336, #1736 ) ) ;
#2378 = EDGE_LOOP ( 'NONE', ( #293, #7144, #250, #3165 ) ) ;
#2379 = ADVANCED_FACE ( 'NONE', ( #6121 ), #5492, .F. ) ;
#2380 = EDGE_LOOP ( 'NONE', ( #5717, #1268, #3361, #8335 ) ) ;
#2381 = DIRECTION ( 'NONE',  ( 0.000000000000000000, 0.000000000000000000, 1.000000000000000000 ) ) ;
#2382 = UNCERTAINTY_MEASURE_WITH_UNIT (LENGTH_MEASURE( 1.000000000000000082E-05 ), #2459, 'distance_accuracy_value', 'NONE');
#2383 = ADVANCED_FACE ( 'NONE', ( #6455 ), #1050, .F. ) ;
#2384 =( NAMED_UNIT ( * ) PLANE_ANGLE_UNIT ( ) SI_UNIT ( $, .RADIAN. ) );
#2385 = DIRECTION ( 'NONE',  ( -0.000000000000000000, -0.000000000000000000, -1.000000000000000000 ) ) ;
#2386 = SURFACE_STYLE_USAGE ( .BOTH. , #597 ) ;
#2387 = DIRECTION ( 'NONE',  ( 1.000000000000000000, 1.623215898148971142E-15, -0.000000000000000000 ) ) ;
#2388 = EDGE_CURVE ( 'NONE', #5974, #5124, #3617, .T. ) ;
#2389 = PLANE ( 'NONE',  #4148 ) ;
#2390 = CARTESIAN_POINT ( 'NONE',  ( 3.364923542069633289, 0.3209860491535506677, -4.230000000000000426 ) ) ;
#2391 = ORIENTED_EDGE ( 'NONE', *, *, #8148, .F. ) ;
#2392 = ORIENTED_EDGE ( 'NONE', *, *, #6609, .F. ) ;
#2393 = ORIENTED_EDGE ( 'NONE', *, *, #7152, .T. ) ;
#2394 = CIRCLE ( 'NONE', #1453, 0.1242690327345600532 ) ;
#2395 = EDGE_CURVE ( 'NONE', #2503, #6871, #882, .T. ) ;
#2396 = ORIENTED_EDGE ( 'NONE', *, *, #2955, .F. ) ;
#2397 = ORIENTED_EDGE ( 'NONE', *, *, #8054, .F. ) ;
#2398 = CARTESIAN_POINT ( 'NONE',  ( -2.903621601783326067, 0.9828941596536137082, 3.389999999999999680 ) ) ;
#2399 = CARTESIAN_POINT ( 'NONE',  ( 2.783586933657053564, 1.225000000000001199, 2.120000000000000551 ) ) ;
#2400 = ORIENTED_EDGE ( 'NONE', *, *, #2348, .F. ) ;
#2401 = DIRECTION ( 'NONE',  ( 0.000000000000000000, -0.1391731009600661872, 0.9902680687415701399 ) ) ;
#2402 = DIRECTION ( 'NONE',  ( 1.000000000000000000, 0.000000000000000000, -0.000000000000000000 ) ) ;
#2403 = DIRECTION ( 'NONE',  ( -0.2588190451025219052, 0.9659258262890678681, 0.000000000000000000 ) ) ;
#2404 = DIRECTION ( 'NONE',  ( -0.9659258262890679791, -0.2588190451025219607, 0.000000000000000000 ) ) ;
#2405 = DIRECTION ( 'NONE',  ( 0.000000000000000000, -0.000000000000000000, -1.000000000000000000 ) ) ;
#2406 =( GEOMETRIC_REPRESENTATION_CONTEXT ( 3 ) GLOBAL_UNCERTAINTY_ASSIGNED_CONTEXT ( ( #1131 ) ) GLOBAL_UNIT_ASSIGNED_CONTEXT ( ( #1679, #4896, #5097 ) ) REPRESENTATION_CONTEXT ( 'NONE', 'WORKASPACE' ) );
#2407 = CARTESIAN_POINT ( 'NONE',  ( 2.903621601783326067, 0.9828941596536137082, 2.959999999999999964 ) ) ;
#2408 = CARTESIAN_POINT ( 'NONE',  ( 2.649999999999999911, 1.225000000000001199, 4.660000000000000142 ) ) ;
#2409 = FILL_AREA_STYLE_COLOUR ( '', #6630 ) ;
#2410 = VECTOR ( 'NONE', #6265, 1000.000000000000114 ) ;
#2411 =( BOUNDED_CURVE ( )  B_SPLINE_CURVE ( 3, ( #7530, #3596, #4266, #7475 ),
 .UNSPECIFIED., .F., .F. ) 
 B_SPLINE_CURVE_WITH_KNOTS ( ( 4, 4 ),
 ( 2.365879671860814604, 3.917305635318772072 ),
 .UNSPECIFIED. ) 
 CURVE ( )  GEOMETRIC_REPRESENTATION_ITEM ( )  RATIONAL_B_SPLINE_CURVE ( ( 1.000000000000000000, 0.8092813118237099923, 0.8092813118237099923, 1.000000000000000000 ) ) 
 REPRESENTATION_ITEM ( '' )  );
#2412 = LINE ( 'NONE', #644, #5196 ) ;
#2413 = ORIENTED_EDGE ( 'NONE', *, *, #127, .F. ) ;
#2414 = EDGE_LOOP ( 'NONE', ( #3484, #8320, #5659, #3621 ) ) ;
#2415 = EDGE_CURVE ( 'NONE', #3869, #4036, #6470, .T. ) ;
#2416 = ORIENTED_EDGE ( 'NONE', *, *, #2936, .F. ) ;
#2417 = DIRECTION ( 'NONE',  ( 0.000000000000000000, -0.000000000000000000, -1.000000000000000000 ) ) ;
#2418 = CARTESIAN_POINT ( 'NONE',  ( -2.504282219532242504, 1.184041403004163717, -4.954282219532236020 ) ) ;
#2419 = SURFACE_STYLE_USAGE ( .BOTH. , #7101 ) ;
#2420 = FACE_OUTER_BOUND ( 'NONE', #3451, .T. ) ;
#2421 = DIRECTION ( 'NONE',  ( 1.000000000000000000, 0.000000000000000000, -0.000000000000000000 ) ) ;
#2422 = EDGE_CURVE ( 'NONE', #1986, #4020, #3631, .T. ) ;
#2423 = CYLINDRICAL_SURFACE ( 'NONE', #4661, 0.1242690327345600532 ) ;
#2424 = AXIS2_PLACEMENT_3D ( 'NONE', #5349, #5947, #4745 ) ;
#2425 = FACE_OUTER_BOUND ( 'NONE', #1879, .T. ) ;
#2426 = ORIENTED_EDGE ( 'NONE', *, *, #404, .T. ) ;
#2427 = ORIENTED_EDGE ( 'NONE', *, *, #2193, .F. ) ;
#2428 = VERTEX_POINT ( 'NONE', #7141 ) ;
#2429 = CARTESIAN_POINT ( 'NONE',  ( -3.048510475726686764, 1.021717016418992152, -0.4200000000000002620 ) ) ;
#2430 = EDGE_CURVE ( 'NONE', #7428, #3604, #6125, .T. ) ;
#2431 = CARTESIAN_POINT ( 'NONE',  ( -2.649999999999999911, 1.225000000000001199, 0.8500000000000000888 ) ) ;
#2432 = AXIS2_PLACEMENT_3D ( 'NONE', #489, #1187, #2185 ) ;
#2433 = FACE_OUTER_BOUND ( 'NONE', #4841, .T. ) ;
#2434 = DIRECTION ( 'NONE',  ( -0.000000000000000000, 1.000000000000000000, -0.000000000000000000 ) ) ;
#2435 = CARTESIAN_POINT ( 'NONE',  ( -2.783586933657053564, 0.9507309672654410404, 2.959999999999999964 ) ) ;
#2436 = FACE_OUTER_BOUND ( 'NONE', #3708, .T. ) ;
#2437 = DIRECTION ( 'NONE',  ( 1.000000000000000000, 0.000000000000000000, 0.000000000000000000 ) ) ;
#2438 = FACE_OUTER_BOUND ( 'NONE', #3493, .T. ) ;
#2439 = ORIENTED_EDGE ( 'NONE', *, *, #5593, .F. ) ;
#2440 = ORIENTED_EDGE ( 'NONE', *, *, #4035, .T. ) ;
#2441 = ADVANCED_FACE ( 'NONE', ( #6161 ), #2507, .F. ) ;
#2442 = ORIENTED_EDGE ( 'NONE', *, *, #7652, .T. ) ;
#2443 = ADVANCED_FACE ( 'NONE', ( #497 ), #5582, .F. ) ;
#2444 = CARTESIAN_POINT ( 'NONE',  ( -3.886926638587850924, 4.743384504624081899E-16, 4.660000000000000142 ) ) ;
#2445 = DIRECTION ( 'NONE',  ( -0.000000000000000000, -0.000000000000000000, -1.000000000000000000 ) ) ;
#2446 = EDGE_CURVE ( 'NONE', #2467, #3307, #596, .T. ) ;
#2447 = CARTESIAN_POINT ( 'NONE',  ( -2.783586933657053564, 0.9507309672654410404, 2.959999999999999964 ) ) ;
#2448 = LINE ( 'NONE', #7629, #8270 ) ;
#2449 = EDGE_CURVE ( 'NONE', #4830, #639, #3502, .T. ) ;
#2450 = VECTOR ( 'NONE', #4262, 1000.000000000000000 ) ;
#2451 = CARTESIAN_POINT ( 'NONE',  ( -3.354092782221119506, 0.1971898976063921616, -1.690000000000000169 ) ) ;
#2452 = ORIENTED_EDGE ( 'NONE', *, *, #7701, .T. ) ;
#2453 = ORIENTED_EDGE ( 'NONE', *, *, #6517, .F. ) ;
#2454 = CARTESIAN_POINT ( 'NONE',  ( -2.410687842433213657, 1.850000000000000977, -4.860687842433207173 ) ) ;
#2455 = CARTESIAN_POINT ( 'NONE',  ( -2.903621601783326067, 0.9828941596536137082, -3.389999999999999680 ) ) ;
#2456 = EDGE_LOOP ( 'NONE', ( #3764, #3227, #5769, #912 ) ) ;
#2457 = CARTESIAN_POINT ( 'NONE',  ( 2.410687842433210104, 0.4500000000000009548, -4.860687842433207173 ) ) ;
#2458 = CARTESIAN_POINT ( 'NONE',  ( -2.500484260976135964, 1.225000000000001199, -5.099999999999996092 ) ) ;
#2459 =( LENGTH_UNIT ( ) NAMED_UNIT ( * ) SI_UNIT ( .MILLI., .METRE. ) );
#2460 = DIRECTION ( 'NONE',  ( 0.000000000000000000, -0.000000000000000000, -1.000000000000000000 ) ) ;
#2461 = DIRECTION ( 'NONE',  ( -0.9902680687415703620, -0.1391731009600657432, 1.263118578203100545E-16 ) ) ;
#2462 = FACE_OUTER_BOUND ( 'NONE', #6149, .T. ) ;
#2463 = CARTESIAN_POINT ( 'NONE',  ( -2.649999999999999911, 1.225000000000001199, -2.959999999999999964 ) ) ;
#2464 = PRESENTATION_STYLE_ASSIGNMENT (( #5385 ) ) ;
#2465 = LINE ( 'NONE', #243, #5316 ) ;
#2466 = EDGE_LOOP ( 'NONE', ( #8077, #4622, #2929, #2752 ) ) ;
#2467 = VERTEX_POINT ( 'NONE', #3903 ) ;
#2468 = ORIENTED_EDGE ( 'NONE', *, *, #5809, .F. ) ;
#2469 = EDGE_CURVE ( 'NONE', #400, #3781, #6431, .T. ) ;
#2470 = DIRECTION ( 'NONE',  ( 0.000000000000000000, 0.000000000000000000, 1.000000000000000000 ) ) ;
#2471 = CARTESIAN_POINT ( 'NONE',  ( -3.341019420808970963, 0.04776069289263030343, -2.959999999999999964 ) ) ;
#2472 = ADVANCED_FACE ( 'NONE', ( #3514 ), #5692, .F. ) ;
#2473 = CARTESIAN_POINT ( 'NONE',  ( -3.244888873943359897, 0.2888228567653777779, 4.660000000000000142 ) ) ;
#2474 = LINE ( 'NONE', #5151, #8138 ) ;
#2475 = CYLINDRICAL_SURFACE ( 'NONE', #5323, 0.1499999999999999667 ) ;
#2476 = LINE ( 'NONE', #6668, #8101 ) ;
#2477 = ORIENTED_EDGE ( 'NONE', *, *, #8001, .T. ) ;
#2478 = VERTEX_POINT ( 'NONE', #4447 ) ;
#2479 = AXIS2_PLACEMENT_3D ( 'NONE', #1777, #6504, #2381 ) ;
#2480 = VERTEX_POINT ( 'NONE', #2874 ) ;
#2481 = EDGE_CURVE ( 'NONE', #3964, #3344, #3357, .T. ) ;
#2482 = FACE_OUTER_BOUND ( 'NONE', #1710, .T. ) ;
#2483 = DIRECTION ( 'NONE',  ( 1.000000000000000000, 0.000000000000000000, 0.000000000000000000 ) ) ;
#2484 = VECTOR ( 'NONE', #4211, 1000.000000000000000 ) ;
#2485 = CARTESIAN_POINT ( 'NONE',  ( -3.341019420808970963, 0.04776069289263019935, 2.120000000000000551 ) ) ;
#2486 = CYLINDRICAL_SURFACE ( 'NONE', #5257, 0.2742690327345604362 ) ;
#2487 = ORIENTED_EDGE ( 'NONE', *, *, #1104, .F. ) ;
#2488 = ORIENTED_EDGE ( 'NONE', *, *, #8037, .T. ) ;
#2489 = VERTEX_POINT ( 'NONE', #3676 ) ;
#2490 = CARTESIAN_POINT ( 'NONE',  ( -3.244888873943359897, 0.2888228567653777779, -4.660000000000000142 ) ) ;
#2491 = DIRECTION ( 'NONE',  ( -1.000000000000000000, 0.000000000000000000, 0.000000000000000000 ) ) ;
#2492 = EDGE_CURVE ( 'NONE', #792, #1353, #3322, .T. ) ;
#2493 = CARTESIAN_POINT ( 'NONE',  ( -2.783586933657053564, 0.9507309672654410404, 2.120000000000000551 ) ) ;
#2494 = CYLINDRICAL_SURFACE ( 'NONE', #4205, 0.2742690327345604362 ) ;
#2495 = VECTOR ( 'NONE', #6781, 1000.000000000000114 ) ;
#2496 = CARTESIAN_POINT ( 'NONE',  ( -3.048510475726686764, 1.021717016418992152, 2.120000000000000551 ) ) ;
#2497 = FACE_OUTER_BOUND ( 'NONE', #5989, .T. ) ;
#2498 = ORIENTED_EDGE ( 'NONE', *, *, #479, .F. ) ;
#2499 = EDGE_LOOP ( 'NONE', ( #5783, #5531, #3948, #6551 ) ) ;
#2500 = CARTESIAN_POINT ( 'NONE',  ( -2.649999999999999911, 1.225000000000001199, 3.389999999999999680 ) ) ;
#2501 = CARTESIAN_POINT ( 'NONE',  ( 3.886926638587850924, 4.743384504624081899E-16, -2.120000000000000107 ) ) ;
#2502 = CARTESIAN_POINT ( 'NONE',  ( -2.649997654931402380, 1.225016686030105717, -4.950968516274149245 ) ) ;
#2503 = VERTEX_POINT ( 'NONE', #7649 ) ;
#2504 = DIRECTION ( 'NONE',  ( 1.000000000000000000, 0.000000000000000000, -0.000000000000000000 ) ) ;
#2505 = DIRECTION ( 'NONE',  ( -1.000000000000000000, 0.000000000000000000, 0.000000000000000000 ) ) ;
#2506 = CARTESIAN_POINT ( 'NONE',  ( 3.354092782221119506, 0.1971898976063921616, 3.389999999999999680 ) ) ;
#2507 = PLANE ( 'NONE',  #5030 ) ;
#2508 = AXIS2_PLACEMENT_3D ( 'NONE', #499, #386, #1712 ) ;
#2509 = PLANE ( 'NONE',  #1480 ) ;
#2510 = DIRECTION ( 'NONE',  ( 1.000000000000000000, 0.000000000000000000, 0.000000000000000000 ) ) ;
#2511 = FACE_OUTER_BOUND ( 'NONE', #7261, .T. ) ;
#2512 = EDGE_CURVE ( 'NONE', #567, #1325, #283, .T. ) ;
#2513 = CARTESIAN_POINT ( 'NONE',  ( 3.244888873943359897, 0.2888228567653777779, 2.120000000000000551 ) ) ;
#2514 = CYLINDRICAL_SURFACE ( 'NONE', #6961, 0.2742690327345599921 ) ;
#2515 = ORIENTED_EDGE ( 'NONE', *, *, #5314, .F. ) ;
#2516 = ORIENTED_EDGE ( 'NONE', *, *, #5809, .T. ) ;
#2517 = ORIENTED_EDGE ( 'NONE', *, *, #6926, .F. ) ;
#2518 = PLANE ( 'NONE',  #176 ) ;
#2519 = EDGE_CURVE ( 'NONE', #1019, #4085, #582, .T. ) ;
#2520 = DIRECTION ( 'NONE',  ( -1.000000000000000000, 0.000000000000000000, 0.000000000000000000 ) ) ;
#2521 = PLANE ( 'NONE',  #2774 ) ;
#2522 = DIRECTION ( 'NONE',  ( -0.000000000000000000, 0.000000000000000000, -1.000000000000000000 ) ) ;
#2523 = AXIS2_PLACEMENT_3D ( 'NONE', #7373, #913, #1534 ) ;
#2524 = LINE ( 'NONE', #3387, #5343 ) ;
#2525 = EDGE_CURVE ( 'NONE', #5676, #5727, #545, .T. ) ;
#2526 = CIRCLE ( 'NONE', #6157, 0.1242690327345600532 ) ;
#2527 = VECTOR ( 'NONE', #6454, 1000.000000000000114 ) ;
#2528 = ORIENTED_EDGE ( 'NONE', *, *, #8350, .F. ) ;
#2529 = ORIENTED_EDGE ( 'NONE', *, *, #7519, .F. ) ;
#2530 = VERTEX_POINT ( 'NONE', #4668 ) ;
#2531 = AXIS2_PLACEMENT_3D ( 'NONE', #4964, #431, #5386 ) ;
#2532 = AXIS2_PLACEMENT_3D ( 'NONE', #49, #1899, #4717 ) ;
#2533 = DIRECTION ( 'NONE',  ( -1.000000000000000000, 0.000000000000000000, 0.000000000000000000 ) ) ;
#2534 = DIRECTION ( 'NONE',  ( -0.2588190451025220717, 0.9659258262890678681, 0.000000000000000000 ) ) ;
#2535 = CYLINDRICAL_SURFACE ( 'NONE', #7805, 0.1499999999999998834 ) ;
#2536 = CARTESIAN_POINT ( 'NONE',  ( -2.783586933657053564, 1.075000000000001066, -2.959999999999999964 ) ) ;
#2537 = DIRECTION ( 'NONE',  ( -0.08715574274765831853, 0.9961946980917455452, 0.000000000000000000 ) ) ;
#2538 = LINE ( 'NONE', #6572, #8271 ) ;
#2539 = EDGE_CURVE ( 'NONE', #5003, #7034, #529, .T. ) ;
#2540 = VERTEX_POINT ( 'NONE', #7249 ) ;
#2541 = VERTEX_POINT ( 'NONE', #6657 ) ;
#2542 = EDGE_LOOP ( 'NONE', ( #4754, #8033, #6927, #7022 ) ) ;
#2543 = AXIS2_PLACEMENT_3D ( 'NONE', #4369, #7811, #1835 ) ;
#2544 = AXIS2_PLACEMENT_3D ( 'NONE', #171, #4128, #4605 ) ;
#2545 = EDGE_CURVE ( 'NONE', #452, #4232, #3377, .T. ) ;
#2546 = DIRECTION ( 'NONE',  ( -0.9961946980917455452, -0.08715574274765840179, 0.000000000000000000 ) ) ;
#2547 = CYLINDRICAL_SURFACE ( 'NONE', #967, 0.1499999999999999667 ) ;
#2548 = DIRECTION ( 'NONE',  ( -0.9961946980917455452, -0.08715574274765840179, 0.000000000000000000 ) ) ;
#2549 = VECTOR ( 'NONE', #871, 1000.000000000000000 ) ;
#2550 = ORIENTED_EDGE ( 'NONE', *, *, #7714, .T. ) ;
#2551 = EDGE_LOOP ( 'NONE', ( #665, #120, #70, #2605, #3648, #8352, #8314, #2633, #5248, #5715, #1242, #6385 ) ) ;
#2552 = DIRECTION ( 'NONE',  ( 0.2588190451025219607, -0.9659258262890678681, 0.000000000000000000 ) ) ;
#2553 = CARTESIAN_POINT ( 'NONE',  ( 2.783586933657053564, 0.9507309672654410404, -1.690000000000000169 ) ) ;
#2554 = ORIENTED_EDGE ( 'NONE', *, *, #6434, .F. ) ;
#2555 = DIRECTION ( 'NONE',  ( -0.000000000000000000, -1.000000000000000000, -0.000000000000000000 ) ) ;
#2556 = CARTESIAN_POINT ( 'NONE',  ( -2.783586933657053564, 0.9507309672654410404, -0.4200000000000002620 ) ) ;
#2557 = PLANE ( 'NONE',  #1410 ) ;
#2558 = DIRECTION ( 'NONE',  ( -0.9961946980917455452, 0.08715574274765833240, 0.000000000000000000 ) ) ;
#2559 = PLANE ( 'NONE',  #143 ) ;
#2560 = CARTESIAN_POINT ( 'NONE',  ( -3.886926638587850924, 4.743384504624081899E-16, 2.120000000000000551 ) ) ;
#2561 = LINE ( 'NONE', #8381, #5311 ) ;
#2562 = EDGE_CURVE ( 'NONE', #3256, #411, #514, .T. ) ;
#2563 = CARTESIAN_POINT ( 'NONE',  ( -2.649999999999999911, 1.225000000000001199, -2.120000000000000107 ) ) ;
#2564 = VECTOR ( 'NONE', #2491, 1000.000000000000000 ) ;
#2565 = SURFACE_STYLE_FILL_AREA ( #7062 ) ;
#2566 = EDGE_LOOP ( 'NONE', ( #2516, #5176, #3000, #2442 ) ) ;
#2567 = ORIENTED_EDGE ( 'NONE', *, *, #4130, .F. ) ;
#2568 = ADVANCED_FACE ( 'NONE', ( #6384 ), #6596, .F. ) ;
#2569 = ORIENTED_EDGE ( 'NONE', *, *, #4833, .F. ) ;
#2570 = DIRECTION ( 'NONE',  ( 0.000000000000000000, 0.000000000000000000, 1.000000000000000000 ) ) ;
#2571 = CARTESIAN_POINT ( 'NONE',  ( -2.650000000000001243, 1.225000000000001199, -5.099999999999995204 ) ) ;
#2572 = DIRECTION ( 'NONE',  ( -1.000000000000000000, 0.000000000000000000, 0.000000000000000000 ) ) ;
#2573 = CARTESIAN_POINT ( 'NONE',  ( 3.048510475726686764, 1.021717016418992152, -0.4200000000000002620 ) ) ;
#2574 = CARTESIAN_POINT ( 'NONE',  ( -2.649999999999999911, 1.225000000000001199, 3.389999999999999680 ) ) ;
#2575 = LINE ( 'NONE', #5726, #5454 ) ;
#2576 = UNCERTAINTY_MEASURE_WITH_UNIT (LENGTH_MEASURE( 1.000000000000000082E-05 ), #2986, 'distance_accuracy_value', 'NONE');
#2577 = DIRECTION ( 'NONE',  ( -0.000000000000000000, -0.000000000000000000, -1.000000000000000000 ) ) ;
#2578 = EDGE_CURVE ( 'NONE', #5099, #5110, #563, .T. ) ;
#2579 = ORIENTED_EDGE ( 'NONE', *, *, #7031, .T. ) ;
#2580 = EDGE_LOOP ( 'NONE', ( #2849, #8034, #3634, #2649 ) ) ;
#2581 = DIRECTION ( 'NONE',  ( -0.000000000000000000, -0.000000000000000000, -1.000000000000000000 ) ) ;
#2582 = ORIENTED_EDGE ( 'NONE', *, *, #197, .F. ) ;
#2583 = ADVANCED_FACE ( 'NONE', ( #6402 ), #3338, .F. ) ;
#2584 =( NAMED_UNIT ( * ) PLANE_ANGLE_UNIT ( ) SI_UNIT ( $, .RADIAN. ) );
#2585 = CARTESIAN_POINT ( 'NONE',  ( 2.541080853105645243, 2.000000000000000888, 4.860687842433215167 ) ) ;
#2586 = FACE_OUTER_BOUND ( 'NONE', #4143, .T. ) ;
#2587 = CARTESIAN_POINT ( 'NONE',  ( -2.649999999999999911, 1.225000000000001199, 4.660000000000000142 ) ) ;
#2588 = CARTESIAN_POINT ( 'NONE',  ( -3.886926638587850924, 4.743384504624081899E-16, -0.4200000000000002620 ) ) ;
#2589 = CARTESIAN_POINT ( 'NONE',  ( 2.410687842433210548, 1.850000000000001199, -4.860687842433208949 ) ) ;
#2590 = VERTEX_POINT ( 'NONE', #7195 ) ;
#2591 = ORIENTED_EDGE ( 'NONE', *, *, #3598, .F. ) ;
#2592 = EDGE_CURVE ( 'NONE', #4296, #6359, #6198, .T. ) ;
#2593 = ORIENTED_EDGE ( 'NONE', *, *, #2492, .F. ) ;
#2595 = ADVANCED_FACE ( 'NONE', ( #3400 ), #2727, .F. ) ;
#2594 = DIRECTION ( 'NONE',  ( -0.9961946980917456562, 0.08715574274765761076, 0.000000000000000000 ) ) ;
#2596 = CARTESIAN_POINT ( 'NONE',  ( -3.364923542069633289, 0.3209860491535506677, 4.660000000000000142 ) ) ;
#2597 = CARTESIAN_POINT ( 'NONE',  ( 2.649999999999999911, 1.075000000000001288, 2.959999999999999964 ) ) ;
#2598 = FACE_OUTER_BOUND ( 'NONE', #7221, .T. ) ;
#2599 = EDGE_CURVE ( 'NONE', #6720, #2174, #6211, .T. ) ;
#2600 = ORIENTED_EDGE ( 'NONE', *, *, #7714, .F. ) ;
#2601 = VERTEX_POINT ( 'NONE', #6099 ) ;
#2602 = AXIS2_PLACEMENT_3D ( 'NONE', #1228, #1789, #4383 ) ;
#2603 = CARTESIAN_POINT ( 'NONE',  ( -3.354092782221119506, 0.1971898976063921616, -4.230000000000000426 ) ) ;
#2604 = PLANE ( 'NONE',  #1405 ) ;
#2605 = ORIENTED_EDGE ( 'NONE', *, *, #7392, .T. ) ;
#2606 = DIRECTION ( 'NONE',  ( 1.000000000000000000, 0.000000000000000000, 5.782411586589358033E-15 ) ) ;
#2607 = DIRECTION ( 'NONE',  ( -0.2588190451025219607, -0.9659258262890678681, 0.000000000000000000 ) ) ;
#2608 = EDGE_CURVE ( 'NONE', #5250, #5259, #6367, .T. ) ;
#2609 = DIRECTION ( 'NONE',  ( -0.000000000000000000, -0.000000000000000000, -1.000000000000000000 ) ) ;
#2610 = EDGE_LOOP ( 'NONE', ( #3346, #713 ) ) ;
#2611 = CARTESIAN_POINT ( 'NONE',  ( -3.354092782221119506, 0.1971898976063921616, 2.120000000000000551 ) ) ;
#2612 = AXIS2_PLACEMENT_3D ( 'NONE', #7460, #4200, #296 ) ;
#2613 = DIRECTION ( 'NONE',  ( 0.08715574274765759688, 0.9961946980917455452, 0.000000000000000000 ) ) ;
#2614 = CARTESIAN_POINT ( 'NONE',  ( -2.903621601783326067, 0.9828941596536137082, 4.660000000000000142 ) ) ;
#2615 = VECTOR ( 'NONE', #163, 1000.000000000000000 ) ;
#2616 = LINE ( 'NONE', #7628, #5675 ) ;
#2617 = ORIENTED_EDGE ( 'NONE', *, *, #5119, .F. ) ;
#2618 = VERTEX_POINT ( 'NONE', #7052 ) ;
#2619 = ORIENTED_EDGE ( 'NONE', *, *, #6638, .T. ) ;
#2620 = CARTESIAN_POINT ( 'NONE',  ( -2.783586933657053564, 0.9507309672654410404, -0.4200000000000002620 ) ) ;
#2621 = CARTESIAN_POINT ( 'NONE',  ( -2.783586933657053564, 1.225000000000001199, -2.959999999999999964 ) ) ;
#2622 = DIRECTION ( 'NONE',  ( 1.000000000000000000, 1.623215898148971142E-15, -0.000000000000000000 ) ) ;
#2623 = CARTESIAN_POINT ( 'NONE',  ( -3.899999999999999467, 0.1494292047137622814, 3.389999999999999680 ) ) ;
#2624 = DIRECTION ( 'NONE',  ( 0.9659258262890679791, 0.2588190451025220717, 0.000000000000000000 ) ) ;
#2625 = AXIS2_PLACEMENT_3D ( 'NONE', #7542, #6973, #3613 ) ;
#2626 = FACE_OUTER_BOUND ( 'NONE', #7807, .T. ) ;
#2627 = AXIS2_PLACEMENT_3D ( 'NONE', #5554, #3637, #8159 ) ;
#2628 = DIRECTION ( 'NONE',  ( 1.000000000000000000, 0.000000000000000000, 0.000000000000000000 ) ) ;
#2629 = EDGE_CURVE ( 'NONE', #390, #7476, #6230, .T. ) ;
#2630 = STYLED_ITEM ( 'NONE', ( #2122 ), #4864 ) ;
#2631 = LINE ( 'NONE', #5778, #2917 ) ;
#2632 = ORIENTED_EDGE ( 'NONE', *, *, #2712, .F. ) ;
#2633 = ORIENTED_EDGE ( 'NONE', *, *, #3927, .T. ) ;
#2634 = ADVANCED_FACE ( 'NONE', ( #680 ), #8267, .F. ) ;
#2635 = LINE ( 'NONE', #5886, #5496 ) ;
#2636 = DIRECTION ( 'NONE',  ( -0.000000000000000000, -0.000000000000000000, -1.000000000000000000 ) ) ;
#2637 = ORIENTED_EDGE ( 'NONE', *, *, #3478, .F. ) ;
#2638 = CARTESIAN_POINT ( 'NONE',  ( -2.410687842433212325, 0.4291240348559910989, 5.009228052744451709 ) ) ;
#2639 = DIRECTION ( 'NONE',  ( -0.2588190451025220162, -0.9659258262890678681, 0.000000000000000000 ) ) ;
#2640 = VECTOR ( 'NONE', #1653, 1000.000000000000000 ) ;
#2641 = AXIS2_PLACEMENT_3D ( 'NONE', #5183, #7154, #6612 ) ;
#2642 = CARTESIAN_POINT ( 'NONE',  ( -3.899999999999999467, 0.1494292047137622814, 1.690000000000000613 ) ) ;
#2643 = CARTESIAN_POINT ( 'NONE',  ( -2.783586933657053564, 0.9507309672654410404, 3.389999999999999680 ) ) ;
#2644 = FACE_OUTER_BOUND ( 'NONE', #6476, .T. ) ;
#2645 = CARTESIAN_POINT ( 'NONE',  ( 2.783586933657053564, 1.075000000000001066, 2.959999999999999964 ) ) ;
#2646 = FACE_OUTER_BOUND ( 'NONE', #6984, .T. ) ;
#2647 = EDGE_LOOP ( 'NONE', ( #7217, #4416, #4251, #8181 ) ) ;
#2648 = EDGE_CURVE ( 'NONE', #6393, #5044, #6314, .T. ) ;
#2649 = ORIENTED_EDGE ( 'NONE', *, *, #2701, .T. ) ;
#2650 = LINE ( 'NONE', #1984, #5532 ) ;
#2651 = ORIENTED_EDGE ( 'NONE', *, *, #2449, .F. ) ;
#2652 = EDGE_CURVE ( 'NONE', #4884, #5557, #7662, .T. ) ;
#2653 = ADVANCED_FACE ( 'NONE', ( #3582 ), #6869, .F. ) ;
#2654 = DIRECTION ( 'NONE',  ( -0.000000000000000000, -0.000000000000000000, -1.000000000000000000 ) ) ;
#2655 = DIRECTION ( 'NONE',  ( 0.2588190451025219052, 0.9659258262890678681, 0.000000000000000000 ) ) ;
#2656 = CARTESIAN_POINT ( 'NONE',  ( 2.649999999999999911, 1.225000000000001199, -2.959999999999999964 ) ) ;
#2657 = LINE ( 'NONE', #927, #5653 ) ;
#2658 = FACE_OUTER_BOUND ( 'NONE', #6023, .T. ) ;
#2659 = CARTESIAN_POINT ( 'NONE',  ( -3.354092782221119506, 0.1971898976063921616, -1.690000000000000169 ) ) ;
#2660 = LINE ( 'NONE', #5420, #2866 ) ;
#2661 = ORIENTED_EDGE ( 'NONE', *, *, #5630, .F. ) ;
#2662 = VERTEX_POINT ( 'NONE', #6656 ) ;
#2663 = AXIS2_PLACEMENT_3D ( 'NONE', #5960, #2201, #382 ) ;
#2664 = CIRCLE ( 'NONE', #4540, 0.1242690327345600532 ) ;
#2665 = DIRECTION ( 'NONE',  ( -0.000000000000000000, 1.000000000000000000, -0.000000000000000000 ) ) ;
#2666 = VERTEX_POINT ( 'NONE', #114 ) ;
#2667 = CARTESIAN_POINT ( 'NONE',  ( -2.559228052744447979, 1.870875965144010777, 4.860687842433216943 ) ) ;
#2668 = DIRECTION ( 'NONE',  ( -1.623215898148971339E-15, 1.000000000000000000, 0.000000000000000000 ) ) ;
#2669 = CARTESIAN_POINT ( 'NONE',  ( -3.354092782221119506, 0.1971898976063921616, -1.690000000000000169 ) ) ;
#2670 = CARTESIAN_POINT ( 'NONE',  ( 2.903621601783326067, 0.9828941596536137082, 0.8500000000000000888 ) ) ;
#2671 = AXIS2_PLACEMENT_3D ( 'NONE', #7802, #1873, #851 ) ;
#2672 = EDGE_CURVE ( 'NONE', #2090, #8078, #648, .T. ) ;
#2673 = CARTESIAN_POINT ( 'NONE',  ( -2.650000000000001243, 1.225000000000001199, -5.099999999999995204 ) ) ;
#2674 = LINE ( 'NONE', #2354, #5752 ) ;
#2675 = LINE ( 'NONE', #5313, #2615 ) ;
#2676 = VECTOR ( 'NONE', #1994, 1000.000000000000000 ) ;
#2677 = ORIENTED_EDGE ( 'NONE', *, *, #6176, .F. ) ;
#2678 = ORIENTED_EDGE ( 'NONE', *, *, #7464, .F. ) ;
#2679 = ORIENTED_EDGE ( 'NONE', *, *, #1615, .T. ) ;
#2680 = SURFACE_STYLE_USAGE ( .BOTH. , #7953 ) ;
#2681 = DIRECTION ( 'NONE',  ( -0.9961946980917455452, 0.08715574274765833240, 0.000000000000000000 ) ) ;
#2682 = DIRECTION ( 'NONE',  ( 0.2588190451025220717, 0.9659258262890678681, -0.000000000000000000 ) ) ;
#2683 = DIRECTION ( 'NONE',  ( -1.000000000000000000, 0.000000000000000000, 0.000000000000000000 ) ) ;
#2684 = DIRECTION ( 'NONE',  ( -1.000000000000000000, -1.623215898148971339E-15, 0.000000000000000000 ) ) ;
#2685 = CARTESIAN_POINT ( 'NONE',  ( -3.364923542069633289, 0.3209860491535506677, 1.690000000000000613 ) ) ;
#2686 = DIRECTION ( 'NONE',  ( -0.000000000000000000, 1.000000000000000000, -0.000000000000000000 ) ) ;
#2687 = EDGE_CURVE ( 'NONE', #7327, #1314, #770, .T. ) ;
#2688 = ADVANCED_FACE ( 'NONE', ( #3435 ), #5981, .T. ) ;
#2689 = FACE_OUTER_BOUND ( 'NONE', #803, .T. ) ;
#2690 = ORIENTED_EDGE ( 'NONE', *, *, #214, .F. ) ;
#2691 = ORIENTED_EDGE ( 'NONE', *, *, #3759, .T. ) ;
#2692 = AXIS2_PLACEMENT_3D ( 'NONE', #4842, #2739, #904 ) ;
#2693 = VECTOR ( 'NONE', #2686, 1000.000000000000000 ) ;
#2694 = CARTESIAN_POINT ( 'NONE',  ( -2.649999999999999911, 1.075000000000001288, 2.959999999999999964 ) ) ;
#2695 = ORIENTED_EDGE ( 'NONE', *, *, #1792, .T. ) ;
#2696 = DIRECTION ( 'NONE',  ( -0.1378445374916290045, -0.9808148484639890308, 0.1378445374916290045 ) ) ;
#2697 = ORIENTED_EDGE ( 'NONE', *, *, #8382, .T. ) ;
#2698 = PLANE ( 'NONE',  #1107 ) ;
#2699 = CARTESIAN_POINT ( 'NONE',  ( 2.783586933657053564, 1.075000000000001066, 0.4200000000000002620 ) ) ;
#2700 = CIRCLE ( 'NONE', #1246, 0.1499999999999999667 ) ;
#2701 = EDGE_CURVE ( 'NONE', #6424, #6882, #6282, .T. ) ;
#2702 = CARTESIAN_POINT ( 'NONE',  ( -1.650000000000001243, 2.000000000000000888, -4.099999999999996092 ) ) ;
#2703 = CARTESIAN_POINT ( 'NONE',  ( 2.649999999999999911, 1.225000000000001199, -0.4200000000000002620 ) ) ;
#2704 = LINE ( 'NONE', #1949, #2873 ) ;
#2705 = DIRECTION ( 'NONE',  ( 0.000000000000000000, 0.000000000000000000, -1.000000000000000000 ) ) ;
#2706 = ORIENTED_EDGE ( 'NONE', *, *, #5721, .F. ) ;
#2707 = ORIENTED_EDGE ( 'NONE', *, *, #664, .F. ) ;
#2708 = ADVANCED_FACE ( 'NONE', ( #631 ), #4446, .T. ) ;
#2709 = VECTOR ( 'NONE', #3918, 1000.000000000000000 ) ;
#2710 = ORIENTED_EDGE ( 'NONE', *, *, #3549, .F. ) ;
#2711 = CARTESIAN_POINT ( 'NONE',  ( -2.649999999999999911, 1.075000000000001288, 4.230000000000000426 ) ) ;
#2712 = EDGE_CURVE ( 'NONE', #8310, #2590, #3534, .T. ) ;
#2713 = DIRECTION ( 'NONE',  ( 0.000000000000000000, -0.000000000000000000, -1.000000000000000000 ) ) ;
#2714 = ORIENTED_EDGE ( 'NONE', *, *, #3114, .T. ) ;
#2715 = CARTESIAN_POINT ( 'NONE',  ( 2.649999999999997691, 1.075000000000001288, -4.949999999999995737 ) ) ;
#2716 = EDGE_CURVE ( 'NONE', #2172, #6337, #6267, .T. ) ;
#2717 = CIRCLE ( 'NONE', #8253, 0.1242690327345600532 ) ;
#2718 = EDGE_CURVE ( 'NONE', #1438, #6518, #704, .T. ) ;
#2719 = DIRECTION ( 'NONE',  ( -0.000000000000000000, 0.000000000000000000, 1.000000000000000000 ) ) ;
#2720 = ORIENTED_EDGE ( 'NONE', *, *, #7712, .T. ) ;
#2721 = ORIENTED_EDGE ( 'NONE', *, *, #5425, .T. ) ;
#2722 = DIRECTION ( 'NONE',  ( -5.839238655789050276E-15, -0.000000000000000000, 1.000000000000000000 ) ) ;
#2723 = AXIS2_PLACEMENT_3D ( 'NONE', #5254, #5418, #1027 ) ;
#2724 = LINE ( 'NONE', #3187, #2709 ) ;
#2725 = CARTESIAN_POINT ( 'NONE',  ( -3.244888873943359897, 0.2888228567653777779, 3.389999999999999680 ) ) ;
#2726 = ORIENTED_EDGE ( 'NONE', *, *, #3841, .F. ) ;
#2727 = PLANE ( 'NONE',  #6924 ) ;
#2728 = CARTESIAN_POINT ( 'NONE',  ( -3.048510475726686764, 1.021717016418992152, -1.690000000000000169 ) ) ;
#2729 = AXIS2_PLACEMENT_3D ( 'NONE', #7592, #4961, #1803 ) ;
#2730 = DIRECTION ( 'NONE',  ( -0.000000000000000000, -0.000000000000000000, -1.000000000000000000 ) ) ;
#2731 = LINE ( 'NONE', #3479, #5558 ) ;
#2732 = DIRECTION ( 'NONE',  ( -1.623215898148971339E-15, 1.000000000000000000, 0.000000000000000000 ) ) ;
#2733 = VECTOR ( 'NONE', #216, 1000.000000000000000 ) ;
#2734 = EDGE_CURVE ( 'NONE', #2264, #7528, #3552, .T. ) ;
#2735 = ORIENTED_EDGE ( 'NONE', *, *, #2763, .T. ) ;
#2736 = VERTEX_POINT ( 'NONE', #5749 ) ;
#2737 = VECTOR ( 'NONE', #4311, 1000.000000000000000 ) ;
#2738 = ORIENTED_EDGE ( 'NONE', *, *, #5242, .F. ) ;
#2739 = DIRECTION ( 'NONE',  ( 0.000000000000000000, 0.000000000000000000, 1.000000000000000000 ) ) ;
#2740 = DIRECTION ( 'NONE',  ( 1.000000000000000000, 0.000000000000000000, 0.000000000000000000 ) ) ;
#2741 = ADVANCED_FACE ( 'NONE', ( #790 ), #837, .T. ) ;
#2742 = AXIS2_PLACEMENT_3D ( 'NONE', #4648, #1945, #1895 ) ;
#2743 = DIRECTION ( 'NONE',  ( 0.000000000000000000, -0.000000000000000000, -1.000000000000000000 ) ) ;
#2744 = AXIS2_PLACEMENT_3D ( 'NONE', #6752, #4924, #5430 ) ;
#2745 = DIRECTION ( 'NONE',  ( -0.08715574274765759688, 0.9961946980917455452, 0.000000000000000000 ) ) ;
#2746 = DIRECTION ( 'NONE',  ( -0.000000000000000000, 0.000000000000000000, -1.000000000000000000 ) ) ;
#2747 = DIRECTION ( 'NONE',  ( 5.839238655789085775E-15, -0.000000000000000000, 1.000000000000000000 ) ) ;
#2748 = CARTESIAN_POINT ( 'NONE',  ( -2.403576301995951514, 0.3785227953491933639, 5.002116512307190455 ) ) ;
#2749 = LINE ( 'NONE', #209, #2825 ) ;
#2750 = CARTESIAN_POINT ( 'NONE',  ( -3.899999999999999467, 0.1494292047137622814, 0.4200000000000002620 ) ) ;
#2751 = FACE_OUTER_BOUND ( 'NONE', #3572, .T. ) ;
#2752 = ORIENTED_EDGE ( 'NONE', *, *, #8013, .T. ) ;
#2753 = ORIENTED_EDGE ( 'NONE', *, *, #4563, .T. ) ;
#2754 = COLOUR_RGB ( '',0.8000000000000000444, 0.8196078431372548767, 0.9333333333333333481 ) ;
#2755 = CARTESIAN_POINT ( 'NONE',  ( 2.903621601783326067, 0.9828941596536137082, -1.690000000000000169 ) ) ;
#2756 = ORIENTED_EDGE ( 'NONE', *, *, #1866, .T. ) ;
#2757 = DIRECTION ( 'NONE',  ( -0.000000000000000000, 1.000000000000000000, -0.000000000000000000 ) ) ;
#2758 = DIRECTION ( 'NONE',  ( 1.000000000000000000, 0.000000000000000000, 0.000000000000000000 ) ) ;
#2759 = AXIS2_PLACEMENT_3D ( 'NONE', #719, #4687, #1370 ) ;
#2760 = DIRECTION ( 'NONE',  ( -0.9659258262890679791, 0.2588190451025220717, 0.000000000000000000 ) ) ;
#2761 = VECTOR ( 'NONE', #5308, 1000.000000000000000 ) ;
#2762 = DIRECTION ( 'NONE',  ( 0.000000000000000000, 0.000000000000000000, 1.000000000000000000 ) ) ;
#2763 = EDGE_CURVE ( 'NONE', #5714, #4125, #6458, .T. ) ;
#2764 = DIRECTION ( 'NONE',  ( -1.000000000000000000, 0.000000000000000000, 0.000000000000000000 ) ) ;
#2765 = LINE ( 'NONE', #8096, #5587 ) ;
#2766 = CARTESIAN_POINT ( 'NONE',  ( 2.649999999999999911, 1.225000000000001199, -0.8500000000000000888 ) ) ;
#2767 = VERTEX_POINT ( 'NONE', #1806 ) ;
#2768 = EDGE_LOOP ( 'NONE', ( #7885, #1519, #1763, #2187 ) ) ;
#2769 = ADVANCED_FACE ( 'NONE', ( #6141 ), #5602, .T. ) ;
#2770 = CIRCLE ( 'NONE', #3250, 0.2742690327345599921 ) ;
#2771 = ORIENTED_EDGE ( 'NONE', *, *, #6865, .T. ) ;
#2772 = CARTESIAN_POINT ( 'NONE',  ( 3.899999999999999467, 0.1494292047137622814, -2.959999999999999964 ) ) ;
#2773 = DIRECTION ( 'NONE',  ( -0.08715574274765838791, -0.9961946980917455452, 0.000000000000000000 ) ) ;
#2774 = AXIS2_PLACEMENT_3D ( 'NONE', #1927, #7156, #5244 ) ;
#2775 = VECTOR ( 'NONE', #6744, 1000.000000000000000 ) ;
#2776 = LINE ( 'NONE', #2560, #5628 ) ;
#2777 = EDGE_CURVE ( 'NONE', #4584, #3875, #5574, .T. ) ;
#2778 = ORIENTED_EDGE ( 'NONE', *, *, #3807, .F. ) ;
#2779 = ORIENTED_EDGE ( 'NONE', *, *, #7318, .T. ) ;
#2780 = LINE ( 'NONE', #8224, #2737 ) ;
#2781 = CARTESIAN_POINT ( 'NONE',  ( -3.048510475726686764, 1.021717016418992152, -0.4200000000000002620 ) ) ;
#2782 = ORIENTED_EDGE ( 'NONE', *, *, #7535, .F. ) ;
#2783 = CARTESIAN_POINT ( 'NONE',  ( 2.783586933657053564, 0.9507309672654410404, -1.690000000000000169 ) ) ;
#2784 = CARTESIAN_POINT ( 'NONE',  ( 3.048510475726686764, 1.021717016418992152, -2.120000000000000107 ) ) ;
#2785 = DIRECTION ( 'NONE',  ( 0.08715574274765831853, 0.9961946980917455452, 0.000000000000000000 ) ) ;
#2786 = FACE_OUTER_BOUND ( 'NONE', #1714, .T. ) ;
#2787 = ORIENTED_EDGE ( 'NONE', *, *, #6875, .T. ) ;
#2788 = ORIENTED_EDGE ( 'NONE', *, *, #1515, .T. ) ;
#2789 = LINE ( 'NONE', #2574, #8349 ) ;
#2790 = EDGE_CURVE ( 'NONE', #4642, #123, #8312, .T. ) ;
#2791 = ORIENTED_EDGE ( 'NONE', *, *, #1090, .T. ) ;
#2792 = CARTESIAN_POINT ( 'NONE',  ( 3.899999999999999467, 0.1494292047137622814, 4.660000000000000142 ) ) ;
#2793 = DIRECTION ( 'NONE',  ( -1.000000000000000000, 0.000000000000000000, 0.000000000000000000 ) ) ;
#2794 = ADVANCED_FACE ( 'NONE', ( #82 ), #696, .T. ) ;
#2795 = DIRECTION ( 'NONE',  ( 0.000000000000000000, -0.000000000000000000, -1.000000000000000000 ) ) ;
#2796 = CARTESIAN_POINT ( 'NONE',  ( -2.649999999999999911, 1.225000000000001199, 2.120000000000000551 ) ) ;
#2797 = CARTESIAN_POINT ( 'NONE',  ( -3.244888873943359897, 0.2888228567653777779, 1.690000000000000613 ) ) ;
#2798 = PRESENTATION_LAYER_ASSIGNMENT (  '', '', ( #6362 ) ) ;
#2799 = VECTOR ( 'NONE', #7723, 1000.000000000000227 ) ;
#2800 = CARTESIAN_POINT ( 'NONE',  ( -1.650000000000001243, 1.051471862576143890, -3.799999999999996270 ) ) ;
#2801 = FACE_OUTER_BOUND ( 'NONE', #3167, .T. ) ;
#2802 = ORIENTED_EDGE ( 'NONE', *, *, #2139, .T. ) ;
#2803 = ORIENTED_EDGE ( 'NONE', *, *, #50, .F. ) ;
#2804 = DIRECTION ( 'NONE',  ( -0.9961946980917455452, -0.08715574274765840179, 0.000000000000000000 ) ) ;
#2805 = VERTEX_POINT ( 'NONE', #8243 ) ;
#2806 = VECTOR ( 'NONE', #6512, 1000.000000000000114 ) ;
#2807 = EDGE_CURVE ( 'NONE', #452, #5617, #8392, .T. ) ;
#2808 = DIRECTION ( 'NONE',  ( 0.000000000000000000, 1.000000000000000000, 0.000000000000000000 ) ) ;
#2809 = DIRECTION ( 'NONE',  ( -0.000000000000000000, 1.000000000000000000, -0.000000000000000000 ) ) ;
#2810 = DIRECTION ( 'NONE',  ( 0.000000000000000000, -0.000000000000000000, -1.000000000000000000 ) ) ;
#2811 = VECTOR ( 'NONE', #5368, 1000.000000000000114 ) ;
#2812 = DIRECTION ( 'NONE',  ( 0.9961946980917455452, -0.08715574274765840179, 0.000000000000000000 ) ) ;
#2813 = VECTOR ( 'NONE', #1713, 1000.000000000000000 ) ;
#2814 = CARTESIAN_POINT ( 'NONE',  ( 2.652822429843474605, 1.095082631851828969, -4.954282219532236908 ) ) ;
#2815 = EDGE_LOOP ( 'NONE', ( #4237, #3034, #3005, #585 ) ) ;
#2816 = ORIENTED_EDGE ( 'NONE', *, *, #5425, .F. ) ;
#2817 = LINE ( 'NONE', #3009, #8376 ) ;
#2818 = AXIS2_PLACEMENT_3D ( 'NONE', #8286, #8338, #1793 ) ;
#2819 = ORIENTED_EDGE ( 'NONE', *, *, #2807, .T. ) ;
#2820 = CIRCLE ( 'NONE', #2191, 0.1242690327345600532 ) ;
#2821 = DIRECTION ( 'NONE',  ( -1.000000000000000000, 0.000000000000000000, 0.000000000000000000 ) ) ;
#2822 = CARTESIAN_POINT ( 'NONE',  ( -2.783586933657053564, 0.9507309672654410404, 2.120000000000000551 ) ) ;
#2823 = EDGE_CURVE ( 'NONE', #5515, #6091, #2944, .T. ) ;
#2824 = AXIS2_PLACEMENT_3D ( 'NONE', #3836, #1074, #4609 ) ;
#2825 = VECTOR ( 'NONE', #6914, 1000.000000000000114 ) ;
#2826 = AXIS2_PLACEMENT_3D ( 'NONE', #1135, #5170, #5810 ) ;
#2827 = VECTOR ( 'NONE', #8355, 1000.000000000000000 ) ;
#2828 = AXIS2_PLACEMENT_3D ( 'NONE', #3845, #4402, #772 ) ;
#2829 = CARTESIAN_POINT ( 'NONE',  ( 2.649999999999999911, 1.225000000000001199, -2.120000000000000107 ) ) ;
#2830 = ORIENTED_EDGE ( 'NONE', *, *, #4975, .T. ) ;
#2831 = CARTESIAN_POINT ( 'NONE',  ( 2.649999999999999911, 1.075000000000001288, 2.120000000000000551 ) ) ;
#2832 = EDGE_LOOP ( 'NONE', ( #638, #1787, #1579, #733 ) ) ;
#2833 = CIRCLE ( 'NONE', #6022, 0.1242690327345600532 ) ;
#2834 = CARTESIAN_POINT ( 'NONE',  ( 3.341019420808970963, 0.04776069289263019935, 4.660000000000000142 ) ) ;
#2835 = VERTEX_POINT ( 'NONE', #5551 ) ;
#2836 = MANIFOLD_SOLID_BREP ( 'LPattern1[7]', #237 ) ;
#2837 = DIRECTION ( 'NONE',  ( -0.2588190451025220717, 0.9659258262890678681, 0.000000000000000000 ) ) ;
#2838 = FACE_OUTER_BOUND ( 'NONE', #519, .T. ) ;
#2839 = CARTESIAN_POINT ( 'NONE',  ( 2.649999999999999911, 1.225000000000001199, 2.959999999999999964 ) ) ;
#2840 = EDGE_CURVE ( 'NONE', #4701, #1696, #69, .T. ) ;
#2841 = EDGE_CURVE ( 'NONE', #1696, #5449, #2817, .T. ) ;
#2842 = FACE_OUTER_BOUND ( 'NONE', #2325, .T. ) ;
#2843 = AXIS2_PLACEMENT_3D ( 'NONE', #5826, #3249, #7320 ) ;
#2844 = DIRECTION ( 'NONE',  ( 0.000000000000000000, -1.000000000000000000, 0.000000000000000000 ) ) ;
#2845 = FACE_OUTER_BOUND ( 'NONE', #5162, .T. ) ;
#2846 = DIRECTION ( 'NONE',  ( 1.000000000000000000, 2.891205793294679411E-15, 3.343628375672286958E-29 ) ) ;
#2847 = ORIENTED_EDGE ( 'NONE', *, *, #1340, .T. ) ;
#2848 = EDGE_CURVE ( 'NONE', #5380, #5145, #2770, .T. ) ;
#2849 = ORIENTED_EDGE ( 'NONE', *, *, #3154, .T. ) ;
#2850 = PRESENTATION_STYLE_ASSIGNMENT (( #2419 ) ) ;
#2851 = ORIENTED_EDGE ( 'NONE', *, *, #7724, .F. ) ;
#2852 = VECTOR ( 'NONE', #3476, 1000.000000000000000 ) ;
#2853 = DIRECTION ( 'NONE',  ( -0.000000000000000000, 0.000000000000000000, -1.000000000000000000 ) ) ;
#2854 = DIRECTION ( 'NONE',  ( -0.000000000000000000, -0.000000000000000000, -1.000000000000000000 ) ) ;
#2855 = DIRECTION ( 'NONE',  ( 1.000000000000000000, 0.000000000000000000, 0.000000000000000000 ) ) ;
#2856 = DIRECTION ( 'NONE',  ( -0.9902680687415701399, 0.1391731009600661872, 0.000000000000000000 ) ) ;
#2857 = CARTESIAN_POINT ( 'NONE',  ( 3.099999999999999645, 0.2499999999999996392, -3.389999999999999680 ) ) ;
#2858 = VECTOR ( 'NONE', #2434, 1000.000000000000000 ) ;
#2859 = DIRECTION ( 'NONE',  ( 0.000000000000000000, 0.9902680687415703620, 0.1391731009600657432 ) ) ;
#2860 = CYLINDRICAL_SURFACE ( 'NONE', #6398, 0.1242690327345600532 ) ;
#2861 = EDGE_LOOP ( 'NONE', ( #548, #6019, #1089, #3505 ) ) ;
#2862 = ORIENTED_EDGE ( 'NONE', *, *, #244, .F. ) ;
#2863 = CYLINDRICAL_SURFACE ( 'NONE', #552, 0.2742690327345599921 ) ;
#2864 = CARTESIAN_POINT ( 'NONE',  ( 3.341019420808970963, 0.04776069289263030343, -4.660000000000000142 ) ) ;
#2865 = EDGE_LOOP ( 'NONE', ( #686, #3867, #4653, #1597 ) ) ;
#2866 = VECTOR ( 'NONE', #7868, 1000.000000000000227 ) ;
#2867 = AXIS2_PLACEMENT_3D ( 'NONE', #4388, #7027, #4912 ) ;
#2868 = DIRECTION ( 'NONE',  ( 0.000000000000000000, 0.000000000000000000, 1.000000000000000000 ) ) ;
#2869 = EDGE_CURVE ( 'NONE', #4685, #1836, #4137, .T. ) ;
#2870 = CARTESIAN_POINT ( 'NONE',  ( -3.341019420808970963, 0.04776069289263019935, 0.8500000000000000888 ) ) ;
#2871 = DIRECTION ( 'NONE',  ( 0.08715574274765838791, -0.9961946980917455452, 0.000000000000000000 ) ) ;
#2872 = DIRECTION ( 'NONE',  ( -0.000000000000000000, -0.000000000000000000, -1.000000000000000000 ) ) ;
#2873 = VECTOR ( 'NONE', #2713, 1000.000000000000000 ) ;
#2874 = CARTESIAN_POINT ( 'NONE',  ( 2.501452754537959233, 1.074949942300985395, -5.099992964849192845 ) ) ;
#2875 = DIRECTION ( 'NONE',  ( 0.000000000000000000, -0.000000000000000000, -1.000000000000000000 ) ) ;
#2876 = EDGE_LOOP ( 'NONE', ( #1843, #958, #4116, #7438, #225, #3576, #655, #5624 ) ) ;
#2877 = VERTEX_POINT ( 'NONE', #5767 ) ;
#2878 = VECTOR ( 'NONE', #6779, 1000.000000000000000 ) ;
#2879 = ORIENTED_EDGE ( 'NONE', *, *, #5480, .T. ) ;
#2880 = AXIS2_PLACEMENT_3D ( 'NONE', #3904, #3170, #8110 ) ;
#2881 = LINE ( 'NONE', #4757, #5526 ) ;
#2882 = CARTESIAN_POINT ( 'NONE',  ( -3.048510475726686764, 1.021717016418992152, -0.8500000000000000888 ) ) ;
#2883 = CARTESIAN_POINT ( 'NONE',  ( 2.501452754537962342, 1.074949942300991168, 5.099992964849200838 ) ) ;
#2884 = EDGE_CURVE ( 'NONE', #1092, #5555, #26, .T. ) ;
#2885 = DIRECTION ( 'NONE',  ( 0.000000000000000000, -0.000000000000000000, -1.000000000000000000 ) ) ;
#2886 = LINE ( 'NONE', #3548, #2761 ) ;
#2887 = FACE_OUTER_BOUND ( 'NONE', #3420, .T. ) ;
#2888 = DIRECTION ( 'NONE',  ( 0.2588190451025220162, -0.9659258262890678681, 0.000000000000000000 ) ) ;
#2889 = ORIENTED_EDGE ( 'NONE', *, *, #4900, .T. ) ;
#2890 = ORIENTED_EDGE ( 'NONE', *, *, #6609, .T. ) ;
#2891 = VECTOR ( 'NONE', #7469, 1000.000000000000000 ) ;
#2892 = PLANE ( 'NONE',  #8379 ) ;
#2893 = VERTEX_POINT ( 'NONE', #398 ) ;
#2894 = VECTOR ( 'NONE', #7380, 1000.000000000000227 ) ;
#2895 = LINE ( 'NONE', #7028, #160 ) ;
#2896 = EDGE_CURVE ( 'NONE', #7450, #390, #2664, .T. ) ;
#2897 = VECTOR ( 'NONE', #3110, 1000.000000000000114 ) ;
#2898 = DIRECTION ( 'NONE',  ( -1.000000000000000000, 0.000000000000000000, 0.000000000000000000 ) ) ;
#2899 = ORIENTED_EDGE ( 'NONE', *, *, #35, .F. ) ;
#2900 = ORIENTED_EDGE ( 'NONE', *, *, #5188, .F. ) ;
#2901 = ORIENTED_EDGE ( 'NONE', *, *, #922, .F. ) ;
#2902 = VECTOR ( 'NONE', #2534, 1000.000000000000227 ) ;
#2903 = DIRECTION ( 'NONE',  ( 1.000000000000000000, 0.000000000000000000, 0.000000000000000000 ) ) ;
#2904 = EDGE_CURVE ( 'NONE', #2601, #6200, #2789, .T. ) ;
#2905 = CARTESIAN_POINT ( 'NONE',  ( -2.903621601783326067, 0.9828941596536137082, -1.690000000000000169 ) ) ;
#2906 = CARTESIAN_POINT ( 'NONE',  ( 2.649999999999997691, 1.075000000000001288, -4.949999999999995737 ) ) ;
#2907 = EDGE_CURVE ( 'NONE', #2312, #5704, #5647, .T. ) ;
#2908 = AXIS2_PLACEMENT_3D ( 'NONE', #3172, #5543, #6228 ) ;
#2909 = DIRECTION ( 'NONE',  ( -1.620604968260581808E-16, 0.1391731009600657432, -0.9902680687415703620 ) ) ;
#2910 = EDGE_CURVE ( 'NONE', #1216, #6170, #2635, .T. ) ;
#2911 = VECTOR ( 'NONE', #611, 1000.000000000000227 ) ;
#2912 = EDGE_LOOP ( 'NONE', ( #6353, #5982, #3233, #7105 ) ) ;
#2913 = ORIENTED_EDGE ( 'NONE', *, *, #5054, .T. ) ;
#2914 = DIRECTION ( 'NONE',  ( 0.000000000000000000, -1.000000000000000000, -0.000000000000000000 ) ) ;
#2915 = VECTOR ( 'NONE', #7787, 1000.000000000000227 ) ;
#2916 = EDGE_LOOP ( 'NONE', ( #6727, #7898, #1146, #7171 ) ) ;
#2917 = VECTOR ( 'NONE', #3023, 1000.000000000000114 ) ;
#2918 = AXIS2_PLACEMENT_3D ( 'NONE', #7534, #4954, #4857 ) ;
#2919 = DIRECTION ( 'NONE',  ( 0.000000000000000000, -0.000000000000000000, -1.000000000000000000 ) ) ;
#2920 = DIRECTION ( 'NONE',  ( 0.000000000000000000, 1.000000000000000000, 0.000000000000000000 ) ) ;
#2921 = DIRECTION ( 'NONE',  ( 0.9961946980917455452, 0.08715574274765838791, 0.000000000000000000 ) ) ;
#2922 = AXIS2_PLACEMENT_3D ( 'NONE', #5249, #1378, #727 ) ;
#2923 = CARTESIAN_POINT ( 'NONE',  ( -2.783586933657053564, 1.075000000000001066, -1.690000000000000169 ) ) ;
#2924 = CARTESIAN_POINT ( 'NONE',  ( 2.649999999999999911, 1.225000000000001199, 2.120000000000000551 ) ) ;
#2925 = DIRECTION ( 'NONE',  ( -0.9659258262890679791, -0.2588190451025219607, 0.000000000000000000 ) ) ;
#2926 = DIRECTION ( 'NONE',  ( -0.9659258262890679791, -0.2588190451025219607, 0.000000000000000000 ) ) ;
#2927 = PLANE ( 'NONE',  #4363 ) ;
#2928 = EDGE_CURVE ( 'NONE', #6373, #6014, #2650, .T. ) ;
#2929 = ORIENTED_EDGE ( 'NONE', *, *, #3269, .T. ) ;
#2930 = ORIENTED_EDGE ( 'NONE', *, *, #810, .F. ) ;
#2931 = SPHERICAL_SURFACE ( 'NONE', #7106, 0.1499999999999999944 ) ;
#2932 = ORIENTED_EDGE ( 'NONE', *, *, #3440, .T. ) ;
#2933 = LINE ( 'NONE', #5112, #321 ) ;
#2934 = CARTESIAN_POINT ( 'NONE',  ( 2.649999999999999911, 1.075000000000001288, -2.959999999999999964 ) ) ;
#2935 = AXIS2_PLACEMENT_3D ( 'NONE', #4013, #2668, #4667 ) ;
#2936 = EDGE_CURVE ( 'NONE', #4871, #1334, #2833, .T. ) ;
#2937 = AXIS2_PLACEMENT_3D ( 'NONE', #5106, #5266, #7777 ) ;
#2938 = CARTESIAN_POINT ( 'NONE',  ( -3.048510475726686764, 1.021717016418992152, 4.660000000000000142 ) ) ;
#2939 = EDGE_CURVE ( 'NONE', #4063, #7968, #2724, .T. ) ;
#2940 = SPHERICAL_SURFACE ( 'NONE', #2173, 0.1499999999999999944 ) ;
#2941 = CARTESIAN_POINT ( 'NONE',  ( 2.783586933657053564, 1.225000000000001199, 3.389999999999999680 ) ) ;
#2942 = ORIENTED_EDGE ( 'NONE', *, *, #931, .T. ) ;
#2943 = VERTEX_POINT ( 'NONE', #6329 ) ;
#2944 =( BOUNDED_CURVE ( )  B_SPLINE_CURVE ( 3, ( #4355, #450, #8369, #649 ),
 .UNSPECIFIED., .F., .F. ) 
 B_SPLINE_CURVE_WITH_KNOTS ( ( 4, 4 ),
 ( 0.000000000000000000, 0.009685181668486348913 ),
 .UNSPECIFIED. ) 
 CURVE ( )  GEOMETRIC_REPRESENTATION_ITEM ( )  RATIONAL_B_SPLINE_CURVE ( ( 1.000000000000000000, 0.9999921831199466427, 0.9999921831199466427, 1.000000000000000000 ) ) 
 REPRESENTATION_ITEM ( '' )  );
#2945 = CARTESIAN_POINT ( 'NONE',  ( 2.649999999999999911, 1.225000000000001199, -3.389999999999999680 ) ) ;
#2946 = EDGE_CURVE ( 'NONE', #1538, #2993, #2780, .T. ) ;
#2947 = EDGE_CURVE ( 'NONE', #1593, #3776, #5591, .T. ) ;
#2948 = ORIENTED_EDGE ( 'NONE', *, *, #7274, .F. ) ;
#2949 = CARTESIAN_POINT ( 'NONE',  ( -3.354092782221119506, 0.1971898976063921616, -3.389999999999999680 ) ) ;
#2950 = CIRCLE ( 'NONE', #374, 0.1242690327345600532 ) ;
#2951 =( BOUNDED_CURVE ( )  B_SPLINE_CURVE ( 3, ( #7500, #2210, #7930, #335 ),
 .UNSPECIFIED., .F., .F. ) 
 B_SPLINE_CURVE_WITH_KNOTS ( ( 4, 4 ),
 ( 5.507472325450624595, 7.058898288908565632 ),
 .UNSPECIFIED. ) 
 CURVE ( )  GEOMETRIC_REPRESENTATION_ITEM ( )  RATIONAL_B_SPLINE_CURVE ( ( 1.000000000000000000, 0.8092813118237138781, 0.8092813118237138781, 1.000000000000000000 ) ) 
 REPRESENTATION_ITEM ( '' )  );
#2952 = ADVANCED_FACE ( 'NONE', ( #39 ), #6263, .F. ) ;
#2953 = AXIS2_PLACEMENT_3D ( 'NONE', #5026, #7615, #1315 ) ;
#2954 = FILL_AREA_STYLE_COLOUR ( '', #2754 ) ;
#2955 = EDGE_CURVE ( 'NONE', #3692, #2877, #5518, .T. ) ;
#2956 = FACE_OUTER_BOUND ( 'NONE', #1486, .T. ) ;
#2957 = CARTESIAN_POINT ( 'NONE',  ( -2.783586933657053564, 1.225000000000001199, 2.120000000000000551 ) ) ;
#2958 = ORIENTED_EDGE ( 'NONE', *, *, #372, .F. ) ;
#2959 = ORIENTED_EDGE ( 'NONE', *, *, #6147, .F. ) ;
#2960 = CARTESIAN_POINT ( 'NONE',  ( 3.341019420808970963, 0.04776069289263019935, 0.8500000000000000888 ) ) ;
#2961 = CYLINDRICAL_SURFACE ( 'NONE', #5914, 0.2742690327345599921 ) ;
#2962 = ADVANCED_FACE ( 'NONE', ( #5700 ), #2863, .T. ) ;
#2963 = ORIENTED_EDGE ( 'NONE', *, *, #4019, .F. ) ;
#2964 = FILL_AREA_STYLE ('',( #6188 ) ) ;
#2965 = CARTESIAN_POINT ( 'NONE',  ( 2.649999999999999911, 1.225000000000001199, 1.690000000000000613 ) ) ;
#2966 = CARTESIAN_POINT ( 'NONE',  ( -3.341019420808970963, 0.04776069289263019935, -1.690000000000000169 ) ) ;
#2967 = DIRECTION ( 'NONE',  ( -0.9961946980917456562, 0.08715574274765761076, 0.000000000000000000 ) ) ;
#2968 = CARTESIAN_POINT ( 'NONE',  ( -2.903621601783326067, 0.9828941596536137082, -4.660000000000000142 ) ) ;
#2969 = CARTESIAN_POINT ( 'NONE',  ( -3.341019420808970963, 0.04776069289263019935, 2.120000000000000551 ) ) ;
#2970 = CARTESIAN_POINT ( 'NONE',  ( 2.783586933657053564, 0.9507309672654410404, 4.660000000000000142 ) ) ;
#2971 = CIRCLE ( 'NONE', #7114, 0.2742690327345604362 ) ;
#2972 = EDGE_CURVE ( 'NONE', #4255, #4033, #5716, .T. ) ;
#2973 = ORIENTED_EDGE ( 'NONE', *, *, #6501, .F. ) ;
#2974 = ORIENTED_EDGE ( 'NONE', *, *, #6994, .T. ) ;
#2975 = CARTESIAN_POINT ( 'NONE',  ( 3.099999999999999645, 0.2499999999999996392, -1.690000000000000169 ) ) ;
#2976 = CIRCLE ( 'NONE', #678, 0.1499999999999998557 ) ;
#2977 = DIRECTION ( 'NONE',  ( -0.000000000000000000, -0.000000000000000000, -1.000000000000000000 ) ) ;
#2978 = ORIENTED_EDGE ( 'NONE', *, *, #2545, .T. ) ;
#2979 = DIRECTION ( 'NONE',  ( -1.000000000000000000, 0.000000000000000000, 0.000000000000000000 ) ) ;
#2980 = LINE ( 'NONE', #826, #3135 ) ;
#2981 = DIRECTION ( 'NONE',  ( -0.000000000000000000, -0.000000000000000000, -1.000000000000000000 ) ) ;
#2982 = CARTESIAN_POINT ( 'NONE',  ( -3.099999999999999645, 0.2499999999999996392, -3.389999999999999680 ) ) ;
#2983 = LINE ( 'NONE', #3143, #3157 ) ;
#2984 = AXIS2_PLACEMENT_3D ( 'NONE', #8106, #3006, #5652 ) ;
#2985 = DIRECTION ( 'NONE',  ( -1.000000000000000000, 1.623215898148971142E-15, 0.000000000000000000 ) ) ;
#2986 =( LENGTH_UNIT ( ) NAMED_UNIT ( * ) SI_UNIT ( .MILLI., .METRE. ) );
#2987 = DIRECTION ( 'NONE',  ( -0.000000000000000000, -0.000000000000000000, -1.000000000000000000 ) ) ;
#2988 = DIRECTION ( 'NONE',  ( 1.000000000000000000, 0.000000000000000000, -0.000000000000000000 ) ) ;
#2989 = ORIENTED_EDGE ( 'NONE', *, *, #8364, .T. ) ;
#2990 = ORIENTED_EDGE ( 'NONE', *, *, #2319, .T. ) ;
#2991 = LINE ( 'NONE', #2750, #467 ) ;
#2992 = EDGE_CURVE ( 'NONE', #5991, #1941, #122, .T. ) ;
#2993 = VERTEX_POINT ( 'NONE', #6836 ) ;
#2994 = FACE_OUTER_BOUND ( 'NONE', #6660, .T. ) ;
#2995 = VERTEX_POINT ( 'NONE', #1531 ) ;
#2996 = CARTESIAN_POINT ( 'NONE',  ( -2.649999999999999911, 1.225000000000001199, -4.230000000000000426 ) ) ;
#2997 = DIRECTION ( 'NONE',  ( 0.000000000000000000, -0.000000000000000000, -1.000000000000000000 ) ) ;
#2998 = CARTESIAN_POINT ( 'NONE',  ( 2.410687842433212325, 1.870875965144010999, 5.009228052744451709 ) ) ;
#2999 = CARTESIAN_POINT ( 'NONE',  ( -2.649999999999999911, 1.075000000000001288, 0.8500000000000000888 ) ) ;
#3000 = ORIENTED_EDGE ( 'NONE', *, *, #8235, .F. ) ;
#3001 = CARTESIAN_POINT ( 'NONE',  ( -2.649999999999999911, 1.075000000000001288, -1.690000000000000169 ) ) ;
#3002 = EDGE_LOOP ( 'NONE', ( #606, #3262, #1988, #4204 ) ) ;
#3003 = LINE ( 'NONE', #6840, #3245 ) ;
#3004 = CARTESIAN_POINT ( 'NONE',  ( -1.650000000000001243, 1.900000000000000799, -4.099999999999996092 ) ) ;
#3005 = ORIENTED_EDGE ( 'NONE', *, *, #2608, .T. ) ;
#3006 = DIRECTION ( 'NONE',  ( 1.000000000000000000, -2.891205793294679411E-15, 3.343628375672286958E-29 ) ) ;
#3007 = LINE ( 'NONE', #4960, #5922 ) ;
#3008 = EDGE_CURVE ( 'NONE', #3409, #4701, #139, .T. ) ;
#3009 = CARTESIAN_POINT ( 'NONE',  ( 2.649999999999999911, 1.225000000000001199, -4.660000000000000142 ) ) ;
#3010 = AXIS2_PLACEMENT_3D ( 'NONE', #5782, #6514, #6401 ) ;
#3011 = SPHERICAL_SURFACE ( 'NONE', #6154, 0.1499999999999999944 ) ;
#3012 = CARTESIAN_POINT ( 'NONE',  ( 2.783586933657053564, 0.9507309672654410404, -4.660000000000000142 ) ) ;
#3013 = ORIENTED_EDGE ( 'NONE', *, *, #6908, .F. ) ;
#3014 = ORIENTED_EDGE ( 'NONE', *, *, #6865, .F. ) ;
#3015 = VECTOR ( 'NONE', #6963, 1000.000000000000000 ) ;
#3016 = AXIS2_PLACEMENT_3D ( 'NONE', #5130, #4973, #6987 ) ;
#3017 = ORIENTED_EDGE ( 'NONE', *, *, #2223, .T. ) ;
#3018 = AXIS2_PLACEMENT_3D ( 'NONE', #6643, #2105, #4000 ) ;
#3019 = VECTOR ( 'NONE', #4544, 1000.000000000000000 ) ;
#3020 = CARTESIAN_POINT ( 'NONE',  ( 3.341019420808970963, 0.04776069289263019935, -2.120000000000000107 ) ) ;
#3021 = ADVANCED_FACE ( 'NONE', ( #5743 ), #6065, .F. ) ;
#3022 = EDGE_LOOP ( 'NONE', ( #5759, #2637, #5592, #6593 ) ) ;
#3023 = DIRECTION ( 'NONE',  ( 0.1378445374916289490, 0.9808148484639890308, 0.1378445374916288935 ) ) ;
#3024 = EDGE_CURVE ( 'NONE', #951, #5676, #5975, .T. ) ;
#3025 = CARTESIAN_POINT ( 'NONE',  ( 3.899999999999999467, 0.1494292047137622814, -0.4200000000000002620 ) ) ;
#3026 = DIRECTION ( 'NONE',  ( 1.000000000000000000, -1.623215898148971339E-15, 0.000000000000000000 ) ) ;
#3027 = DIRECTION ( 'NONE',  ( -0.000000000000000000, 0.000000000000000000, 1.000000000000000000 ) ) ;
#3028 = AXIS2_PLACEMENT_3D ( 'NONE', #2125, #2732, #3446 ) ;
#3029 = ORIENTED_EDGE ( 'NONE', *, *, #8245, .F. ) ;
#3030 = EDGE_LOOP ( 'NONE', ( #7698, #5683, #4567, #2942, #2242, #2124, #5796, #2036, #2138, #2060, #3164, #3046 ) ) ;
#3031 = DIRECTION ( 'NONE',  ( -1.000000000000000000, 0.000000000000000000, 0.000000000000000000 ) ) ;
#3032 = FACE_OUTER_BOUND ( 'NONE', #5498, .T. ) ;
#3033 = DIRECTION ( 'NONE',  ( 0.08715574274765759688, 0.9961946980917455452, 0.000000000000000000 ) ) ;
#3034 = ORIENTED_EDGE ( 'NONE', *, *, #1149, .F. ) ;
#3035 = DIRECTION ( 'NONE',  ( -0.000000000000000000, -0.000000000000000000, -1.000000000000000000 ) ) ;
#3036 = VECTOR ( 'NONE', #7916, 1000.000000000000000 ) ;
#3037 = PLANE ( 'NONE',  #6383 ) ;
#3038 = ORIENTED_EDGE ( 'NONE', *, *, #3971, .F. ) ;
#3039 = EDGE_CURVE ( 'NONE', #6870, #4789, #5889, .T. ) ;
#3040 = CARTESIAN_POINT ( 'NONE',  ( 2.501452754537959233, 1.225050057699017314, -5.099992964849192845 ) ) ;
#3041 = LINE ( 'NONE', #4313, #5870 ) ;
#3042 = DIRECTION ( 'NONE',  ( -0.000000000000000000, -0.000000000000000000, -1.000000000000000000 ) ) ;
#3043 = DIRECTION ( 'NONE',  ( -0.000000000000000000, 1.000000000000000000, -0.000000000000000000 ) ) ;
#3044 = CARTESIAN_POINT ( 'NONE',  ( 2.783586933657053564, 0.9507309672654410404, 2.120000000000000551 ) ) ;
#3045 = CARTESIAN_POINT ( 'NONE',  ( -2.783586933657053564, 0.9507309672654410404, -2.120000000000000107 ) ) ;
#3046 = ORIENTED_EDGE ( 'NONE', *, *, #6501, .T. ) ;
#3047 = ORIENTED_EDGE ( 'NONE', *, *, #1178, .F. ) ;
#3048 = AXIS2_PLACEMENT_3D ( 'NONE', #5276, #5166, #7300 ) ;
#3049 = CYLINDRICAL_SURFACE ( 'NONE', #8237, 0.1499999999999998834 ) ;
#3050 = ORIENTED_EDGE ( 'NONE', *, *, #6616, .T. ) ;
#3051 = CARTESIAN_POINT ( 'NONE',  ( -1.650000000000001243, 1.900000000000000799, -4.099999999999996092 ) ) ;
#3052 = LINE ( 'NONE', #6743, #3107 ) ;
#3053 = EDGE_CURVE ( 'NONE', #3080, #1775, #5831, .T. ) ;
#3054 = CARTESIAN_POINT ( 'NONE',  ( -3.341019420808970963, 0.04776069289263030343, -1.690000000000000169 ) ) ;
#3055 = DIRECTION ( 'NONE',  ( -1.000000000000000000, 0.000000000000000000, 0.000000000000000000 ) ) ;
#3056 = CARTESIAN_POINT ( 'NONE',  ( -3.099999999999999645, 0.2499999999999996392, 4.660000000000000142 ) ) ;
#3057 = CARTESIAN_POINT ( 'NONE',  ( -3.048510475726686764, 1.021717016418992152, 0.8500000000000000888 ) ) ;
#3058 = LINE ( 'NONE', #3335, #273 ) ;
#3059 = ORIENTED_EDGE ( 'NONE', *, *, #2734, .F. ) ;
#3060 = DIRECTION ( 'NONE',  ( -0.000000000000000000, 0.000000000000000000, 1.000000000000000000 ) ) ;
#3061 = ORIENTED_EDGE ( 'NONE', *, *, #1901, .T. ) ;
#3062 = ADVANCED_FACE ( 'NONE', ( #5919 ), #4154, .F. ) ;
#3063 = CIRCLE ( 'NONE', #1875, 0.2742690327345599921 ) ;
#3064 = CARTESIAN_POINT ( 'NONE',  ( 3.244888873943359897, 0.2888228567653777779, 0.4200000000000002620 ) ) ;
#3065 = ORIENTED_EDGE ( 'NONE', *, *, #1442, .T. ) ;
#3066 = EDGE_CURVE ( 'NONE', #5198, #991, #3063, .T. ) ;
#3067 = DIRECTION ( 'NONE',  ( -0.1378445374916289490, -0.9808148484639891418, -0.1378445374916288935 ) ) ;
#3068 = LINE ( 'NONE', #1186, #196 ) ;
#3069 = EDGE_CURVE ( 'NONE', #3454, #1841, #3105, .T. ) ;
#3070 = AXIS2_PLACEMENT_3D ( 'NONE', #2390, #3027, #472 ) ;
#3071 = FACE_OUTER_BOUND ( 'NONE', #8116, .T. ) ;
#3072 = ORIENTED_EDGE ( 'NONE', *, *, #5235, .T. ) ;
#3073 = ORIENTED_EDGE ( 'NONE', *, *, #3154, .F. ) ;
#3074 = ADVANCED_FACE ( 'NONE', ( #6081 ), #2961, .T. ) ;
#3075 = LINE ( 'NONE', #3530, #6050 ) ;
#3076 = ORIENTED_EDGE ( 'NONE', *, *, #2035, .F. ) ;
#3077 = AXIS2_PLACEMENT_3D ( 'NONE', #6142, #5422, #4758 ) ;
#3078 = LINE ( 'NONE', #6346, #308 ) ;
#3079 = CARTESIAN_POINT ( 'NONE',  ( 2.649999999999999911, 1.225000000000001199, -0.8500000000000000888 ) ) ;
#3080 = VERTEX_POINT ( 'NONE', #2905 ) ;
#3081 = AXIS2_PLACEMENT_3D ( 'NONE', #3004, #4412, #3310 ) ;
#3082 = DIRECTION ( 'NONE',  ( 0.000000000000000000, -0.000000000000000000, -1.000000000000000000 ) ) ;
#3083 = CARTESIAN_POINT ( 'NONE',  ( -3.048510475726686764, 1.021717016418992152, -4.660000000000000142 ) ) ;
#3084 = EDGE_CURVE ( 'NONE', #6872, #1621, #303, .T. ) ;
#3085 = DIRECTION ( 'NONE',  ( -0.9961946980917455452, 0.08715574274765833240, 0.000000000000000000 ) ) ;
#3086 = DIRECTION ( 'NONE',  ( 1.000000000000000000, 1.623215898148971142E-15, -0.000000000000000000 ) ) ;
#3087 = FACE_OUTER_BOUND ( 'NONE', #5939, .T. ) ;
#3088 = ORIENTED_EDGE ( 'NONE', *, *, #8202, .F. ) ;
#3089 = ORIENTED_EDGE ( 'NONE', *, *, #5606, .T. ) ;
#3090 = LINE ( 'NONE', #6734, #5786 ) ;
#3091 = DIRECTION ( 'NONE',  ( -1.000000000000000000, 0.000000000000000000, 0.000000000000000000 ) ) ;
#3092 = ORIENTED_EDGE ( 'NONE', *, *, #609, .F. ) ;
#3093 = LINE ( 'NONE', #1749, #5802 ) ;
#3094 = DIRECTION ( 'NONE',  ( -1.000000000000000000, 0.000000000000000000, 0.000000000000000000 ) ) ;
#3095 = ADVANCED_FACE ( 'NONE', ( #248 ), #6898, .T. ) ;
#3096 = EDGE_LOOP ( 'NONE', ( #330, #8052, #8021, #54 ) ) ;
#3097 = CARTESIAN_POINT ( 'NONE',  ( 2.500968516274151732, 1.225016686030105717, -5.099997654931397228 ) ) ;
#3098 = EDGE_CURVE ( 'NONE', #3257, #4625, #3194, .T. ) ;
#3099 = DIRECTION ( 'NONE',  ( -1.000000000000000000, 0.000000000000000000, 0.000000000000000000 ) ) ;
#3100 = CARTESIAN_POINT ( 'NONE',  ( -3.886926638587850924, 4.743384504624081899E-16, 1.690000000000000613 ) ) ;
#3101 = PLANE ( 'NONE',  #5792 ) ;
#3102 = DIRECTION ( 'NONE',  ( 0.000000000000000000, -1.000000000000000000, 0.000000000000000000 ) ) ;
#3103 = ORIENTED_EDGE ( 'NONE', *, *, #1419, .F. ) ;
#3104 = EDGE_LOOP ( 'NONE', ( #212, #1840, #3912, #3407 ) ) ;
#3105 = LINE ( 'NONE', #1060, #5966 ) ;
#3106 = VERTEX_POINT ( 'NONE', #5521 ) ;
#3107 = VECTOR ( 'NONE', #2810, 1000.000000000000000 ) ;
#3108 = AXIS2_PLACEMENT_3D ( 'NONE', #4572, #5182, #7800 ) ;
#3109 = CARTESIAN_POINT ( 'NONE',  ( -2.903621601783326067, 0.9828941596536137082, -0.4200000000000002620 ) ) ;
#3110 = DIRECTION ( 'NONE',  ( -0.9961946980917455452, 0.08715574274765833240, 0.000000000000000000 ) ) ;
#3111 = SURFACE_STYLE_USAGE ( .BOTH. , #7150 ) ;
#3112 = EDGE_CURVE ( 'NONE', #3378, #1325, #2411, .T. ) ;
#3113 = CYLINDRICAL_SURFACE ( 'NONE', #3139, 0.1242690327345600532 ) ;
#3114 = EDGE_CURVE ( 'NONE', #3781, #6739, #234, .T. ) ;
#3115 = DIRECTION ( 'NONE',  ( 1.275531967630005245E-16, -0.000000000000000000, 1.000000000000000000 ) ) ;
#3116 = EDGE_LOOP ( 'NONE', ( #3853, #7400, #1127, #6957, #4306, #1921, #6894, #6168, #4464, #5956, #6361, #3495 ) ) ;
#3117 = CARTESIAN_POINT ( 'NONE',  ( 3.364923542069633289, 0.3209860491535506677, -0.8500000000000000888 ) ) ;
#3118 = ORIENTED_EDGE ( 'NONE', *, *, #479, .T. ) ;
#3119 = ADVANCED_FACE ( 'NONE', ( #204 ), #255, .F. ) ;
#3120 = FACE_OUTER_BOUND ( 'NONE', #7079, .T. ) ;
#3121 = ORIENTED_EDGE ( 'NONE', *, *, #3144, .F. ) ;
#3122 = FACE_OUTER_BOUND ( 'NONE', #3186, .T. ) ;
#3123 = VERTEX_POINT ( 'NONE', #1432 ) ;
#3124 = CARTESIAN_POINT ( 'NONE',  ( 2.649999999999999911, 1.225000000000001199, -4.660000000000000142 ) ) ;
#3125 = EDGE_CURVE ( 'NONE', #1007, #4689, #361, .T. ) ;
#3126 = AXIS2_PLACEMENT_3D ( 'NONE', #7559, #3115, #2030 ) ;
#3127 = CIRCLE ( 'NONE', #5520, 0.1499999999999998834 ) ;
#3128 = AXIS2_PLACEMENT_3D ( 'NONE', #4181, #1497, #5265 ) ;
#3129 = PLANE ( 'NONE',  #7268 ) ;
#3130 = EDGE_CURVE ( 'NONE', #5828, #7818, #3003, .T. ) ;
#3131 = EDGE_LOOP ( 'NONE', ( #7707, #2213, #2353, #1998 ) ) ;
#3132 = ORIENTED_EDGE ( 'NONE', *, *, #6089, .F. ) ;
#3133 = CIRCLE ( 'NONE', #2523, 0.2742690327345599921 ) ;
#3134 = EDGE_LOOP ( 'NONE', ( #3241, #5233, #451, #2188 ) ) ;
#3135 = VECTOR ( 'NONE', #2548, 1000.000000000000114 ) ;
#3136 = AXIS2_PLACEMENT_3D ( 'NONE', #2553, #4911, #5530 ) ;
#3137 = DIRECTION ( 'NONE',  ( 0.000000000000000000, -0.000000000000000000, -1.000000000000000000 ) ) ;
#3138 = ORIENTED_EDGE ( 'NONE', *, *, #6759, .T. ) ;
#3139 = AXIS2_PLACEMENT_3D ( 'NONE', #414, #1118, #1064 ) ;
#3140 = DIRECTION ( 'NONE',  ( 0.000000000000000000, -0.000000000000000000, -1.000000000000000000 ) ) ;
#3141 = DIRECTION ( 'NONE',  ( -0.9961946980917455452, -0.08715574274765840179, 0.000000000000000000 ) ) ;
#3142 = DIRECTION ( 'NONE',  ( 1.000000000000000000, 0.000000000000000000, 0.000000000000000000 ) ) ;
#3143 = CARTESIAN_POINT ( 'NONE',  ( -3.048510475726686764, 1.021717016418992152, 4.230000000000000426 ) ) ;
#3144 = EDGE_CURVE ( 'NONE', #5656, #4004, #3075, .T. ) ;
#3145 = FACE_OUTER_BOUND ( 'NONE', #6357, .T. ) ;
#3146 = ORIENTED_EDGE ( 'NONE', *, *, #3640, .F. ) ;
#3147 = ORIENTED_EDGE ( 'NONE', *, *, #6640, .T. ) ;
#3148 = ADVANCED_FACE ( 'NONE', ( #3120 ), #860, .F. ) ;
#3149 = DIRECTION ( 'NONE',  ( -0.000000000000000000, -0.000000000000000000, -1.000000000000000000 ) ) ;
#3150 = EDGE_CURVE ( 'NONE', #3485, #1435, #3133, .T. ) ;
#3151 = ORIENTED_EDGE ( 'NONE', *, *, #8214, .T. ) ;
#3152 = LINE ( 'NONE', #1134, #5862 ) ;
#3153 = ORIENTED_EDGE ( 'NONE', *, *, #7609, .T. ) ;
#3154 = EDGE_CURVE ( 'NONE', #6882, #6542, #2991, .T. ) ;
#3155 = AXIS2_PLACEMENT_3D ( 'NONE', #7351, #2555, #7786 ) ;
#3156 = CARTESIAN_POINT ( 'NONE',  ( -2.649999999999999911, 1.075000000000001288, -4.230000000000000426 ) ) ;
#3157 = VECTOR ( 'NONE', #604, 1000.000000000000227 ) ;
#3158 = PLANE ( 'NONE',  #2255 ) ;
#3159 = DIRECTION ( 'NONE',  ( -0.2588190451025220162, -0.9659258262890678681, 0.000000000000000000 ) ) ;
#3160 = CARTESIAN_POINT ( 'NONE',  ( 2.410687842433211880, 0.4500000000000009548, 4.860687842433214279 ) ) ;
#3161 = DIRECTION ( 'NONE',  ( -0.000000000000000000, -0.000000000000000000, -1.000000000000000000 ) ) ;
#3162 = DIRECTION ( 'NONE',  ( 0.08715574274765759688, -0.9961946980917455452, 0.000000000000000000 ) ) ;
#3163 = CARTESIAN_POINT ( 'NONE',  ( -3.899999999999999467, 0.1494292047137622814, -0.4200000000000002620 ) ) ;
#3164 = ORIENTED_EDGE ( 'NONE', *, *, #3053, .T. ) ;
#3165 = ORIENTED_EDGE ( 'NONE', *, *, #1626, .F. ) ;
#3166 = VECTOR ( 'NONE', #470, 1000.000000000000000 ) ;
#3167 = EDGE_LOOP ( 'NONE', ( #345, #6846, #5860, #363 ) ) ;
#3168 = CARTESIAN_POINT ( 'NONE',  ( 2.649999999999999911, 1.225000000000001199, 0.8500000000000000888 ) ) ;
#3169 = LINE ( 'NONE', #6586, #471 ) ;
#3170 = DIRECTION ( 'NONE',  ( 0.000000000000000000, -0.000000000000000000, -1.000000000000000000 ) ) ;
#3171 = DIRECTION ( 'NONE',  ( -0.000000000000000000, -0.000000000000000000, -1.000000000000000000 ) ) ;
#3172 = CARTESIAN_POINT ( 'NONE',  ( 2.783586933657053564, 0.9507309672654410404, -4.660000000000000142 ) ) ;
#3173 = FACE_OUTER_BOUND ( 'NONE', #5950, .T. ) ;
#3174 = CARTESIAN_POINT ( 'NONE',  ( 3.244888873943359897, 0.2888228567653777779, -2.959999999999999964 ) ) ;
#3175 = EDGE_CURVE ( 'NONE', #8199, #6791, #440, .T. ) ;
#3176 = EDGE_LOOP ( 'NONE', ( #1120, #1202, #5556, #203, #3703, #1446, #1028, #4021, #6248, #347, #7115, #7242 ) ) ;
#3177 = PLANE ( 'NONE',  #3108 ) ;
#3178 = DIRECTION ( 'NONE',  ( -1.000000000000000000, 0.000000000000000000, 0.000000000000000000 ) ) ;
#3179 = ORIENTED_EDGE ( 'NONE', *, *, #5209, .F. ) ;
#3180 = VECTOR ( 'NONE', #4429, 1000.000000000000114 ) ;
#3181 = CARTESIAN_POINT ( 'NONE',  ( 3.364923542069633289, 0.3209860491535506677, 2.120000000000000551 ) ) ;
#3182 = VERTEX_POINT ( 'NONE', #4796 ) ;
#3183 = DIRECTION ( 'NONE',  ( 1.000000000000000000, 1.623215898148971142E-15, -0.000000000000000000 ) ) ;
#3184 = FACE_OUTER_BOUND ( 'NONE', #8375, .T. ) ;
#3185 = ORIENTED_EDGE ( 'NONE', *, *, #2158, .F. ) ;
#3186 = EDGE_LOOP ( 'NONE', ( #7597, #3088, #5005, #1577 ) ) ;
#3187 = CARTESIAN_POINT ( 'NONE',  ( 2.649999999999999911, 1.225000000000001199, 4.230000000000000426 ) ) ;
#3188 = CIRCLE ( 'NONE', #5638, 0.1242690327345600532 ) ;
#3189 = AXIS2_PLACEMENT_3D ( 'NONE', #3359, #4070, #2167 ) ;
#3190 = AXIS2_PLACEMENT_3D ( 'NONE', #7279, #2760, #2639 ) ;
#3191 = ORIENTED_EDGE ( 'NONE', *, *, #7940, .T. ) ;
#3192 = EDGE_LOOP ( 'NONE', ( #3796, #986, #1068, #3622 ) ) ;
#3193 = ADVANCED_FACE ( 'NONE', ( #5845 ), #4850, .F. ) ;
#3194 = LINE ( 'NONE', #1691, #318 ) ;
#3195 = EDGE_CURVE ( 'NONE', #4157, #3106, #401, .T. ) ;
#3196 = VERTEX_POINT ( 'NONE', #302 ) ;
#3197 = VECTOR ( 'NONE', #6532, 1000.000000000000227 ) ;
#3198 = FILL_AREA_STYLE_COLOUR ( '', #4164 ) ;
#3199 = ORIENTED_EDGE ( 'NONE', *, *, #4684, .T. ) ;
#3200 = CARTESIAN_POINT ( 'NONE',  ( 2.403576301995951514, 1.921477204650809290, 5.002116512307189566 ) ) ;
#3201 = DIRECTION ( 'NONE',  ( 0.000000000000000000, -1.000000000000000000, 0.000000000000000000 ) ) ;
#3202 = DIRECTION ( 'NONE',  ( 1.623215898148971339E-15, 1.000000000000000000, 0.000000000000000000 ) ) ;
#3203 = DIRECTION ( 'NONE',  ( 0.000000000000000000, 0.000000000000000000, 1.000000000000000000 ) ) ;
#3204 = CIRCLE ( 'NONE', #6505, 0.2742690327345604362 ) ;
#3205 = ORIENTED_EDGE ( 'NONE', *, *, #481, .T. ) ;
#3206 = VERTEX_POINT ( 'NONE', #7524 ) ;
#3207 = ADVANCED_FACE ( 'NONE', ( #333 ), #3049, .T. ) ;
#3208 = VECTOR ( 'NONE', #8069, 1000.000000000000000 ) ;
#3209 = DIRECTION ( 'NONE',  ( 0.2588190451025220162, -0.9659258262890678681, 0.000000000000000000 ) ) ;
#3210 = VERTEX_POINT ( 'NONE', #191 ) ;
#3211 = VECTOR ( 'NONE', #7349, 1000.000000000000114 ) ;
#3212 = EDGE_CURVE ( 'NONE', #7067, #7011, #219, .T. ) ;
#3213 = DIRECTION ( 'NONE',  ( -0.000000000000000000, -0.000000000000000000, -1.000000000000000000 ) ) ;
#3214 = ORIENTED_EDGE ( 'NONE', *, *, #3911, .T. ) ;
#3215 = ORIENTED_EDGE ( 'NONE', *, *, #2388, .T. ) ;
#3216 = CARTESIAN_POINT ( 'NONE',  ( -2.410687842433211880, 0.3000000000000009881, 4.860687842433215167 ) ) ;
#3217 = LINE ( 'NONE', #7316, #328 ) ;
#3218 = AXIS2_PLACEMENT_3D ( 'NONE', #6611, #6055, #77 ) ;
#3219 = CARTESIAN_POINT ( 'NONE',  ( -3.354092782221119506, 0.1971898976063921616, -3.389999999999999680 ) ) ;
#3220 = CARTESIAN_POINT ( 'NONE',  ( 2.903621601783326067, 0.9828941596536137082, -1.690000000000000169 ) ) ;
#3221 =( NAMED_UNIT ( * ) PLANE_ANGLE_UNIT ( ) SI_UNIT ( $, .RADIAN. ) );
#3222 = DIRECTION ( 'NONE',  ( 0.000000000000000000, 1.000000000000000000, 0.000000000000000000 ) ) ;
#3223 = DIRECTION ( 'NONE',  ( 1.000000000000000000, 0.000000000000000000, 0.000000000000000000 ) ) ;
#3224 = DIRECTION ( 'NONE',  ( 1.000000000000000000, 0.000000000000000000, 0.000000000000000000 ) ) ;
#3225 = ORIENTED_EDGE ( 'NONE', *, *, #7328, .F. ) ;
#3226 = DIRECTION ( 'NONE',  ( -0.9961946980917455452, -0.08715574274765840179, 0.000000000000000000 ) ) ;
#3227 = ORIENTED_EDGE ( 'NONE', *, *, #1442, .F. ) ;
#3228 = ADVANCED_FACE ( 'NONE', ( #5990 ), #2931, .T. ) ;
#3229 = ORIENTED_EDGE ( 'NONE', *, *, #6347, .F. ) ;
#3230 = DIRECTION ( 'NONE',  ( -0.000000000000000000, -0.000000000000000000, -1.000000000000000000 ) ) ;
#3231 = EDGE_CURVE ( 'NONE', #3362, #8005, #261, .T. ) ;
#3232 = VECTOR ( 'NONE', #5062, 1000.000000000000227 ) ;
#3233 = ORIENTED_EDGE ( 'NONE', *, *, #3098, .T. ) ;
#3234 = ORIENTED_EDGE ( 'NONE', *, *, #3462, .F. ) ;
#3235 = DIRECTION ( 'NONE',  ( -0.000000000000000000, 0.000000000000000000, 1.000000000000000000 ) ) ;
#3236 = CARTESIAN_POINT ( 'NONE',  ( 2.649999999999999911, 1.225000000000001199, -4.230000000000000426 ) ) ;
#3237 = EDGE_CURVE ( 'NONE', #5909, #6773, #5874, .T. ) ;
#3238 = DIRECTION ( 'NONE',  ( 0.000000000000000000, 0.000000000000000000, 1.000000000000000000 ) ) ;
#3239 =( BOUNDED_CURVE ( )  B_SPLINE_CURVE ( 3, ( #3550, #7546, #4230, #6854 ),
 .UNSPECIFIED., .F., .F. ) 
 B_SPLINE_CURVE_WITH_KNOTS ( ( 4, 4 ),
 ( 5.507472325450606832, 7.058898288908565632 ),
 .UNSPECIFIED. ) 
 CURVE ( )  GEOMETRIC_REPRESENTATION_ITEM ( )  RATIONAL_B_SPLINE_CURVE ( ( 1.000000000000000000, 0.8092813118237096592, 0.8092813118237096592, 1.000000000000000000 ) ) 
 REPRESENTATION_ITEM ( '' )  );
#3240 = LINE ( 'NONE', #1584, #341 ) ;
#3241 = ORIENTED_EDGE ( 'NONE', *, *, #1759, .T. ) ;
#3242 = DIRECTION ( 'NONE',  ( -0.000000000000000000, -0.000000000000000000, -1.000000000000000000 ) ) ;
#3243 = CARTESIAN_POINT ( 'NONE',  ( -2.649999999999999911, 1.225000000000001199, 4.230000000000000426 ) ) ;
#3244 = ORIENTED_EDGE ( 'NONE', *, *, #7920, .F. ) ;
#3245 = VECTOR ( 'NONE', #4633, 1000.000000000000000 ) ;
#3246 = DIRECTION ( 'NONE',  ( 1.000000000000000000, 0.000000000000000000, -0.000000000000000000 ) ) ;
#3247 = ORIENTED_EDGE ( 'NONE', *, *, #7274, .T. ) ;
#3248 = DIRECTION ( 'NONE',  ( 0.9961946980917455452, -0.08715574274765840179, 0.000000000000000000 ) ) ;
#3249 = DIRECTION ( 'NONE',  ( 0.000000000000000000, 0.000000000000000000, 1.000000000000000000 ) ) ;
#3250 = AXIS2_PLACEMENT_3D ( 'NONE', #7713, #4299, #3756 ) ;
#3251 = ORIENTED_EDGE ( 'NONE', *, *, #5770, .T. ) ;
#3252 = CARTESIAN_POINT ( 'NONE',  ( -3.364923542069633289, 0.3209860491535506677, 4.230000000000000426 ) ) ;
#3253 = EDGE_CURVE ( 'NONE', #4496, #4895, #2976, .T. ) ;
#3254 = AXIS2_PLACEMENT_3D ( 'NONE', #4914, #7736, #1804 ) ;
#3255 = CARTESIAN_POINT ( 'NONE',  ( -2.649999999999999911, 1.225000000000001199, -4.660000000000000142 ) ) ;
#3256 = VERTEX_POINT ( 'NONE', #8079 ) ;
#3257 = VERTEX_POINT ( 'NONE', #5355 ) ;
#3258 = ORIENTED_EDGE ( 'NONE', *, *, #2347, .F. ) ;
#3259 = CIRCLE ( 'NONE', #8359, 0.1242690327345600532 ) ;
#3260 = EDGE_CURVE ( 'NONE', #5483, #5022, #278, .T. ) ;
#3261 = CARTESIAN_POINT ( 'NONE',  ( 3.364923542069633289, 0.3209860491535506677, -0.4200000000000002620 ) ) ;
#3262 = ORIENTED_EDGE ( 'NONE', *, *, #7399, .F. ) ;
#3263 = CARTESIAN_POINT ( 'NONE',  ( 2.903621601783326067, 0.9828941596536137082, 0.8500000000000000888 ) ) ;
#3264 = LINE ( 'NONE', #1198, #6363 ) ;
#3265 = DIRECTION ( 'NONE',  ( 1.000000000000000000, 0.000000000000000000, -2.125886612716674587E-16 ) ) ;
#3266 = CARTESIAN_POINT ( 'NONE',  ( -3.244888873943359897, 0.2888228567653777779, -2.959999999999999964 ) ) ;
#3267 = DIRECTION ( 'NONE',  ( 0.000000000000000000, 1.445602896647339508E-15, -1.000000000000000000 ) ) ;
#3268 = CIRCLE ( 'NONE', #936, 0.1499999999999999667 ) ;
#3269 = EDGE_CURVE ( 'NONE', #5634, #2736, #3090, .T. ) ;
#3270 = EDGE_CURVE ( 'NONE', #1811, #5214, #192, .T. ) ;
#3271 = ADVANCED_FACE ( 'NONE', ( #3032 ), #6005, .T. ) ;
#3272 = AXIS2_PLACEMENT_3D ( 'NONE', #7892, #838, #7357 ) ;
#3273 = VECTOR ( 'NONE', #8104, 1000.000000000000000 ) ;
#3274 = AXIS2_PLACEMENT_3D ( 'NONE', #5404, #855, #7266 ) ;
#3275 = ORIENTED_EDGE ( 'NONE', *, *, #7437, .F. ) ;
#3276 = EDGE_LOOP ( 'NONE', ( #8000, #2529, #8213, #276 ) ) ;
#3277 = DIRECTION ( 'NONE',  ( -1.000000000000000000, 0.000000000000000000, 0.000000000000000000 ) ) ;
#3278 = CIRCLE ( 'NONE', #5603, 0.1499999999999999667 ) ;
#3279 = CARTESIAN_POINT ( 'NONE',  ( -3.886926638587850924, 4.743384504624081899E-16, -4.230000000000000426 ) ) ;
#3280 = EDGE_LOOP ( 'NONE', ( #761, #672, #1624, #3809 ) ) ;
#3281 = EDGE_CURVE ( 'NONE', #7672, #81, #292, .T. ) ;
#3282 = ORIENTED_EDGE ( 'NONE', *, *, #4485, .T. ) ;
#3283 = DIRECTION ( 'NONE',  ( 0.2588190451025219607, -0.9659258262890678681, 0.000000000000000000 ) ) ;
#3284 = ORIENTED_EDGE ( 'NONE', *, *, #4702, .F. ) ;
#3285 = LINE ( 'NONE', #1535, #6242 ) ;
#3286 = FACE_OUTER_BOUND ( 'NONE', #5381, .T. ) ;
#3287 = SURFACE_SIDE_STYLE ('',( #5158 ) ) ;
#3288 = VECTOR ( 'NONE', #1295, 1000.000000000000227 ) ;
#3289 = DIRECTION ( 'NONE',  ( 0.9961946980917455452, -0.08715574274765831853, 0.000000000000000000 ) ) ;
#3290 = PRODUCT_DEFINITION_CONTEXT ( 'detailed design', #2331, 'design' ) ;
#3291 = CLOSED_SHELL ( 'NONE', ( #6920, #5800, #7521, #2472, #8193, #1362, #5396, #8010, #7890, #8024, #6897, #5641, #5155, #736 ) ) ;
#3292 = ORIENTED_EDGE ( 'NONE', *, *, #8066, .F. ) ;
#3293 = LINE ( 'NONE', #2975, #3342 ) ;
#3294 = ORIENTED_EDGE ( 'NONE', *, *, #5825, .F. ) ;
#3295 = VERTEX_POINT ( 'NONE', #2969 ) ;
#3296 = ORIENTED_EDGE ( 'NONE', *, *, #4469, .T. ) ;
#3297 = CARTESIAN_POINT ( 'NONE',  ( 2.783586933657053564, 0.9507309672654410404, -2.120000000000000107 ) ) ;
#3298 = CARTESIAN_POINT ( 'NONE',  ( 2.903621601783326067, 0.9828941596536137082, 2.120000000000000551 ) ) ;
#3299 = FACE_OUTER_BOUND ( 'NONE', #3456, .T. ) ;
#3300 = EDGE_CURVE ( 'NONE', #5727, #5003, #410, .T. ) ;
#3301 = CARTESIAN_POINT ( 'NONE',  ( 3.341019420808970963, 0.04776069289263030343, 0.4200000000000002620 ) ) ;
#3302 = FACE_OUTER_BOUND ( 'NONE', #135, .T. ) ;
#3303 = VECTOR ( 'NONE', #1963, 1000.000000000000000 ) ;
#3304 = VERTEX_POINT ( 'NONE', #3657 ) ;
#3305 = CARTESIAN_POINT ( 'NONE',  ( 2.903621601783326067, 0.9828941596536137082, 3.389999999999999680 ) ) ;
#3306 = PLANE ( 'NONE',  #7146 ) ;
#3307 = VERTEX_POINT ( 'NONE', #3712 ) ;
#3308 = ADVANCED_FACE ( 'NONE', ( #6033 ), #586, .T. ) ;
#3309 = LINE ( 'NONE', #5347, #3686 ) ;
#3310 = DIRECTION ( 'NONE',  ( 0.000000000000000000, 0.000000000000000000, 1.000000000000000000 ) ) ;
#3311 = VERTEX_POINT ( 'NONE', #365 ) ;
#3312 = CARTESIAN_POINT ( 'NONE',  ( -2.649999999999999911, 1.225000000000001199, 4.950000000000004619 ) ) ;
#3313 = DIRECTION ( 'NONE',  ( 0.000000000000000000, 1.000000000000000000, 0.000000000000000000 ) ) ;
#3314 = LINE ( 'NONE', #7157, #3508 ) ;
#3315 = ORIENTED_EDGE ( 'NONE', *, *, #559, .F. ) ;
#3316 = ORIENTED_EDGE ( 'NONE', *, *, #1901, .F. ) ;
#3317 = AXIS2_PLACEMENT_3D ( 'NONE', #6421, #1191, #3224 ) ;
#3318 = CIRCLE ( 'NONE', #73, 0.1242690327345600532 ) ;
#3319 = LINE ( 'NONE', #5173, #659 ) ;
#3320 = EDGE_CURVE ( 'NONE', #2040, #4318, #945, .T. ) ;
#3321 = DIRECTION ( 'NONE',  ( -0.000000000000000000, -0.000000000000000000, -1.000000000000000000 ) ) ;
#3322 = CIRCLE ( 'NONE', #459, 0.1242690327345600532 ) ;
#3323 = EDGE_LOOP ( 'NONE', ( #1137, #1612, #932, #6569 ) ) ;
#3324 = ORIENTED_EDGE ( 'NONE', *, *, #1833, .T. ) ;
#3325 = FACE_OUTER_BOUND ( 'NONE', #4095, .T. ) ;
#3326 = ORIENTED_EDGE ( 'NONE', *, *, #6160, .F. ) ;
#3327 = VECTOR ( 'NONE', #3979, 1000.000000000000000 ) ;
#3328 = VERTEX_POINT ( 'NONE', #4993 ) ;
#3329 = DIRECTION ( 'NONE',  ( 0.000000000000000000, 1.000000000000000000, 0.000000000000000000 ) ) ;
#3330 = ADVANCED_FACE ( 'NONE', ( #6218 ), #2389, .F. ) ;
#3331 = ORIENTED_EDGE ( 'NONE', *, *, #1377, .T. ) ;
#3332 = LINE ( 'NONE', #7806, #6343 ) ;
#3333 = DIRECTION ( 'NONE',  ( -0.000000000000000000, -0.000000000000000000, -1.000000000000000000 ) ) ;
#3334 = CARTESIAN_POINT ( 'NONE',  ( -3.341019420808970963, 0.04776069289263030343, -1.690000000000000169 ) ) ;
#3335 = CARTESIAN_POINT ( 'NONE',  ( -2.649999999999999911, 1.075000000000001288, -4.660000000000000142 ) ) ;
#3336 = VECTOR ( 'NONE', #3961, 1000.000000000000000 ) ;
#3337 = EDGE_CURVE ( 'NONE', #5140, #2064, #6570, .T. ) ;
#3338 = CYLINDRICAL_SURFACE ( 'NONE', #5322, 0.1242690327345600532 ) ;
#3339 = ORIENTED_EDGE ( 'NONE', *, *, #4223, .F. ) ;
#3340 = ORIENTED_EDGE ( 'NONE', *, *, #4833, .T. ) ;
#3341 = DIRECTION ( 'NONE',  ( -0.000000000000000000, -0.000000000000000000, -1.000000000000000000 ) ) ;
#3342 = VECTOR ( 'NONE', #5623, 1000.000000000000000 ) ;
#3343 = CARTESIAN_POINT ( 'NONE',  ( -3.899999999999999467, 0.1494292047137622814, -0.4200000000000002620 ) ) ;
#3344 = VERTEX_POINT ( 'NONE', #6236 ) ;
#3345 = LINE ( 'NONE', #2829, #603 ) ;
#3346 = ORIENTED_EDGE ( 'NONE', *, *, #4848, .T. ) ;
#3347 = DIRECTION ( 'NONE',  ( 1.000000000000000000, 0.000000000000000000, 0.000000000000000000 ) ) ;
#3348 = EDGE_LOOP ( 'NONE', ( #7026, #3463, #4644, #1724, #590, #1196 ) ) ;
#3349 = LINE ( 'NONE', #4905, #3630 ) ;
#3350 = CARTESIAN_POINT ( 'NONE',  ( 2.649999999999997691, 1.225000000000001199, -5.099999999999996092 ) ) ;
#3351 = LINE ( 'NONE', #6801, #594 ) ;
#3352 = ADVANCED_FACE ( 'NONE', ( #759 ), #3697, .T. ) ;
#3353 = AXIS2_PLACEMENT_3D ( 'NONE', #705, #2846, #1052 ) ;
#3354 = CARTESIAN_POINT ( 'NONE',  ( -2.649999999999999911, 1.225000000000001199, 4.660000000000000142 ) ) ;
#3355 = CARTESIAN_POINT ( 'NONE',  ( -2.903621601783326067, 0.9828941596536137082, 2.120000000000000551 ) ) ;
#3356 = DIRECTION ( 'NONE',  ( 0.9659258262890679791, 0.2588190451025220717, 0.000000000000000000 ) ) ;
#3357 = LINE ( 'NONE', #3788, #739 ) ;
#3358 = CARTESIAN_POINT ( 'NONE',  ( 3.364923542069633289, 0.3209860491535506677, -2.959999999999999964 ) ) ;
#3359 = CARTESIAN_POINT ( 'NONE',  ( 2.903621601783326067, 0.9828941596536137082, -1.690000000000000169 ) ) ;
#3360 = EDGE_CURVE ( 'NONE', #5411, #205, #6093, .T. ) ;
#3361 = ORIENTED_EDGE ( 'NONE', *, *, #1613, .T. ) ;
#3362 = VERTEX_POINT ( 'NONE', #3174 ) ;
#3363 = VECTOR ( 'NONE', #7745, 1000.000000000000000 ) ;
#3364 = ORIENTED_EDGE ( 'NONE', *, *, #1126, .T. ) ;
#3365 = CARTESIAN_POINT ( 'NONE',  ( 3.341019420808970963, 0.04776069289263030343, -0.8500000000000000888 ) ) ;
#3366 = FACE_OUTER_BOUND ( 'NONE', #8230, .T. ) ;
#3367 = VERTEX_POINT ( 'NONE', #1976 ) ;
#3368 = VERTEX_POINT ( 'NONE', #5703 ) ;
#3369 = DIRECTION ( 'NONE',  ( -1.000000000000000000, 0.000000000000000000, 0.000000000000000000 ) ) ;
#3370 = MECHANICAL_DESIGN_GEOMETRIC_PRESENTATION_REPRESENTATION (  '', ( #920 ), #3930 ) ;
#3371 = DIRECTION ( 'NONE',  ( 1.636531581110195656E-16, -0.000000000000000000, 1.000000000000000000 ) ) ;
#3372 = VECTOR ( 'NONE', #5834, 1000.000000000000227 ) ;
#3373 = CARTESIAN_POINT ( 'NONE',  ( -3.099999999999999645, 0.2499999999999996392, 0.8500000000000000888 ) ) ;
#3374 = EDGE_CURVE ( 'NONE', #5434, #862, #6108, .T. ) ;
#3375 = FACE_OUTER_BOUND ( 'NONE', #5192, .T. ) ;
#3376 = AXIS2_PLACEMENT_3D ( 'NONE', #7272, #85, #6002 ) ;
#3377 = LINE ( 'NONE', #767, #6417 ) ;
#3378 = VERTEX_POINT ( 'NONE', #7934 ) ;
#3379 =( NAMED_UNIT ( * ) SI_UNIT ( $, .STERADIAN. ) SOLID_ANGLE_UNIT ( ) );
#3380 = CARTESIAN_POINT ( 'NONE',  ( 2.410687842433212325, 0.4500000000000009548, 4.860687842433216055 ) ) ;
#3381 = EDGE_LOOP ( 'NONE', ( #7061, #3244, #4377, #263, #614, #7216, #3405, #3014, #4175, #3121, #3664, #5875 ) ) ;
#3382 = ADVANCED_FACE ( 'NONE', ( #3325 ), #505, .T. ) ;
#3383 = LINE ( 'NONE', #2291, #730 ) ;
#3384 = DIRECTION ( 'NONE',  ( -1.636531581110195409E-16, 0.000000000000000000, -1.000000000000000000 ) ) ;
#3385 = EDGE_CURVE ( 'NONE', #6183, #978, #3278, .T. ) ;
#3386 = ORIENTED_EDGE ( 'NONE', *, *, #4485, .F. ) ;
#3387 = CARTESIAN_POINT ( 'NONE',  ( -2.504282219532241172, 1.204917368148173740, 5.102822429843480556 ) ) ;
#3388 = CARTESIAN_POINT ( 'NONE',  ( 2.500968516274154396, 1.225016686030100166, 5.099997654931405222 ) ) ;
#3389 = VECTOR ( 'NONE', #5436, 1000.000000000000000 ) ;
#3390 = ORIENTED_EDGE ( 'NONE', *, *, #1603, .F. ) ;
#3391 = DIRECTION ( 'NONE',  ( -0.000000000000000000, -0.000000000000000000, -1.000000000000000000 ) ) ;
#3392 = CARTESIAN_POINT ( 'NONE',  ( -3.244888873943359897, 0.2888228567653777779, -0.4200000000000002620 ) ) ;
#3393 = ORIENTED_EDGE ( 'NONE', *, *, #1061, .T. ) ;
#3394 = AXIS2_PLACEMENT_3D ( 'NONE', #6284, #7246, #830 ) ;
#3395 = FACE_OUTER_BOUND ( 'NONE', #873, .T. ) ;
#3396 = AXIS2_PLACEMENT_3D ( 'NONE', #1561, #2375, #2421 ) ;
#3397 = AXIS2_PLACEMENT_3D ( 'NONE', #7937, #5327, #6475 ) ;
#3398 = LINE ( 'NONE', #4616, #6193 ) ;
#3399 = CARTESIAN_POINT ( 'NONE',  ( 2.459011041377409335, -0.2839570534928662071, 4.760470831066179187 ) ) ;
#3400 = FACE_OUTER_BOUND ( 'NONE', #1387, .T. ) ;
#3401 = ORIENTED_EDGE ( 'NONE', *, *, #3598, .T. ) ;
#3402 = ORIENTED_EDGE ( 'NONE', *, *, #6516, .F. ) ;
#3403 = ADVANCED_FACE ( 'NONE', ( #6558 ), #5217, .F. ) ;
#3404 = VECTOR ( 'NONE', #5290, 1000.000000000000114 ) ;
#3405 = ORIENTED_EDGE ( 'NONE', *, *, #6616, .F. ) ;
#3406 = VECTOR ( 'NONE', #1666, 1000.000000000000000 ) ;
#3407 = ORIENTED_EDGE ( 'NONE', *, *, #1944, .F. ) ;
#3408 = EDGE_CURVE ( 'NONE', #6200, #1420, #6164, .T. ) ;
#3409 = VERTEX_POINT ( 'NONE', #853 ) ;
#3410 = CARTESIAN_POINT ( 'NONE',  ( -1.650000000000001243, 1.900000000000000799, -3.799999999999996270 ) ) ;
#3411 = FACE_OUTER_BOUND ( 'NONE', #1574, .T. ) ;
#3412 = AXIS2_PLACEMENT_3D ( 'NONE', #784, #6436, #8361 ) ;
#3413 = CARTESIAN_POINT ( 'NONE',  ( -2.559228052744449311, 1.870875965144010777, -4.991080853105640536 ) ) ;
#3414 = AXIS2_PLACEMENT_3D ( 'NONE', #6559, #3313, #5946 ) ;
#3415 = CARTESIAN_POINT ( 'NONE',  ( 2.903621601783326067, 0.9828941596536137082, 2.120000000000000551 ) ) ;
#3416 = CARTESIAN_POINT ( 'NONE',  ( 3.899999999999999467, 0.1494292047137622814, 0.8500000000000000888 ) ) ;
#3417 = VECTOR ( 'NONE', #929, 1000.000000000000000 ) ;
#3418 = EDGE_CURVE ( 'NONE', #7060, #3472, #3309, .T. ) ;
#3419 = VECTOR ( 'NONE', #3222, 1000.000000000000000 ) ;
#3420 = EDGE_LOOP ( 'NONE', ( #4398, #6438 ) ) ;
#3421 = EDGE_LOOP ( 'NONE', ( #3089, #5435, #5732, #4265 ) ) ;
#3422 = CARTESIAN_POINT ( 'NONE',  ( -3.354092782221119506, 0.1971898976063921616, 3.389999999999999680 ) ) ;
#3423 = LINE ( 'NONE', #630, #6270 ) ;
#3424 = CARTESIAN_POINT ( 'NONE',  ( 3.048510475726686764, 1.021717016418992152, 3.389999999999999680 ) ) ;
#3425 = VERTEX_POINT ( 'NONE', #7903 ) ;
#3426 = FACE_OUTER_BOUND ( 'NONE', #7681, .T. ) ;
#3427 = ORIENTED_EDGE ( 'NONE', *, *, #5501, .F. ) ;
#3428 = CARTESIAN_POINT ( 'NONE',  ( -2.903621601783326067, 0.9828941596536137082, -1.690000000000000169 ) ) ;
#3429 = ORIENTED_EDGE ( 'NONE', *, *, #7304, .F. ) ;
#3430 = FACE_OUTER_BOUND ( 'NONE', #5073, .T. ) ;
#3431 = DIRECTION ( 'NONE',  ( 2.125886612716675573E-16, 0.000000000000000000, 1.000000000000000000 ) ) ;
#3432 = LINE ( 'NONE', #4334, #6365 ) ;
#3433 = ADVANCED_FACE ( 'NONE', ( #518 ), #1475, .T. ) ;
#3434 =( NAMED_UNIT ( * ) SI_UNIT ( $, .STERADIAN. ) SOLID_ANGLE_UNIT ( ) );
#3435 = FACE_OUTER_BOUND ( 'NONE', #3381, .T. ) ;
#3436 = DIRECTION ( 'NONE',  ( -0.000000000000000000, -0.000000000000000000, -1.000000000000000000 ) ) ;
#3437 = ORIENTED_EDGE ( 'NONE', *, *, #4403, .F. ) ;
#3438 = ORIENTED_EDGE ( 'NONE', *, *, #1288, .T. ) ;
#3439 = CIRCLE ( 'NONE', #908, 0.2742690327345604362 ) ;
#3440 = EDGE_CURVE ( 'NONE', #1554, #6423, #6181, .T. ) ;
#3441 = ORIENTED_EDGE ( 'NONE', *, *, #262, .F. ) ;
#3442 = CYLINDRICAL_SURFACE ( 'NONE', #5237, 0.1499999999999999667 ) ;
#3443 = ORIENTED_EDGE ( 'NONE', *, *, #6250, .T. ) ;
#3444 = VERTEX_POINT ( 'NONE', #5944 ) ;
#3445 = VECTOR ( 'NONE', #1229, 1000.000000000000000 ) ;
#3446 = DIRECTION ( 'NONE',  ( -1.000000000000000000, -1.623215898148971339E-15, 0.000000000000000000 ) ) ;
#3447 = LINE ( 'NONE', #121, #3336 ) ;
#3448 = ADVANCED_FACE ( 'NONE', ( #569 ), #6130, .T. ) ;
#3449 = VECTOR ( 'NONE', #5168, 1000.000000000000114 ) ;
#3450 = AXIS2_PLACEMENT_3D ( 'NONE', #4795, #4371, #7013 ) ;
#3451 = EDGE_LOOP ( 'NONE', ( #7572, #325, #7014, #688 ) ) ;
#3452 = FILL_AREA_STYLE ('',( #1010 ) ) ;
#3453 = CARTESIAN_POINT ( 'NONE',  ( 2.649999999999999911, 1.225000000000001199, 2.120000000000000551 ) ) ;
#3454 = VERTEX_POINT ( 'NONE', #4505 ) ;
#3455 = PLANE ( 'NONE',  #7634 ) ;
#3456 = EDGE_LOOP ( 'NONE', ( #7775, #8390, #7875, #6293 ) ) ;
#3457 = CARTESIAN_POINT ( 'NONE',  ( -2.649999999999999911, 1.075000000000001288, -2.959999999999999964 ) ) ;
#3458 = DIRECTION ( 'NONE',  ( 0.000000000000000000, -1.156482317317871764E-14, -1.000000000000000000 ) ) ;
#3459 = DIRECTION ( 'NONE',  ( 1.000000000000000000, 0.000000000000000000, -5.782411586589358033E-15 ) ) ;
#3460 = VECTOR ( 'NONE', #5594, 1000.000000000000000 ) ;
#3461 = ORIENTED_EDGE ( 'NONE', *, *, #3130, .F. ) ;
#3462 = EDGE_CURVE ( 'NONE', #2064, #7053, #6529, .T. ) ;
#3463 = ORIENTED_EDGE ( 'NONE', *, *, #7582, .T. ) ;
#3464 = LINE ( 'NONE', #5932, #622 ) ;
#3465 = DIRECTION ( 'NONE',  ( 0.08715574274765759688, -0.9961946980917455452, 0.000000000000000000 ) ) ;
#3466 = CYLINDRICAL_SURFACE ( 'NONE', #4660, 0.1242690327345600532 ) ;
#3467 = VECTOR ( 'NONE', #4244, 1000.000000000000000 ) ;
#3468 = ORIENTED_EDGE ( 'NONE', *, *, #723, .F. ) ;
#3469 = CARTESIAN_POINT ( 'NONE',  ( 2.649999999999999911, 1.075000000000001288, 4.660000000000000142 ) ) ;
#3470 = VERTEX_POINT ( 'NONE', #332 ) ;
#3471 = VECTOR ( 'NONE', #6469, 1000.000000000000000 ) ;
#3472 = VERTEX_POINT ( 'NONE', #1664 ) ;
#3473 = CYLINDRICAL_SURFACE ( 'NONE', #1896, 0.1242690327345600532 ) ;
#3474 = EDGE_LOOP ( 'NONE', ( #5903, #3076, #4360, #3507 ) ) ;
#3475 = VERTEX_POINT ( 'NONE', #2208 ) ;
#3476 = DIRECTION ( 'NONE',  ( -0.000000000000000000, -0.000000000000000000, -1.000000000000000000 ) ) ;
#3477 = FACE_OUTER_BOUND ( 'NONE', #2356, .T. ) ;
#3478 = EDGE_CURVE ( 'NONE', #4004, #6937, #3724, .T. ) ;
#3479 = CARTESIAN_POINT ( 'NONE',  ( 3.048510475726686764, 1.021717016418992152, -4.230000000000000426 ) ) ;
#3480 = CARTESIAN_POINT ( 'NONE',  ( 3.099999999999999645, 0.2499999999999996392, -0.4200000000000002620 ) ) ;
#3481 = CARTESIAN_POINT ( 'NONE',  ( -2.649999999999999911, 1.225000000000001199, 4.660000000000000142 ) ) ;
#3482 = LINE ( 'NONE', #6017, #6415 ) ;
#3483 = VECTOR ( 'NONE', #3838, 1000.000000000000114 ) ;
#3484 = ORIENTED_EDGE ( 'NONE', *, *, #7810, .F. ) ;
#3485 = VERTEX_POINT ( 'NONE', #2307 ) ;
#3486 = ADVANCED_FACE ( 'NONE', ( #918 ), #5431, .F. ) ;
#3487 = DIRECTION ( 'NONE',  ( 1.000000000000000000, 1.623215898148971142E-15, -0.000000000000000000 ) ) ;
#3488 = LINE ( 'NONE', #754, #6336 ) ;
#3489 = EDGE_CURVE ( 'NONE', #3776, #5515, #3506, .T. ) ;
#3490 = CARTESIAN_POINT ( 'NONE',  ( 2.500484260976135076, 1.075000000000007505, 5.100000000000004974 ) ) ;
#3491 = ORIENTED_EDGE ( 'NONE', *, *, #5341, .T. ) ;
#3492 = LINE ( 'NONE', #993, #6437 ) ;
#3493 = EDGE_LOOP ( 'NONE', ( #7442, #210, #6221, #5894 ) ) ;
#3494 = CARTESIAN_POINT ( 'NONE',  ( -3.364923542069633289, 0.3209860491535506677, -0.4200000000000002620 ) ) ;
#3495 = ORIENTED_EDGE ( 'NONE', *, *, #2290, .F. ) ;
#3496 = EDGE_CURVE ( 'NONE', #3685, #3123, #3293, .T. ) ;
#3497 = LINE ( 'NONE', #2041, #541 ) ;
#3498 = EDGE_CURVE ( 'NONE', #5321, #8210, #6202, .T. ) ;
#3499 = DIRECTION ( 'NONE',  ( -0.2588190451025220162, -0.9659258262890678681, 0.000000000000000000 ) ) ;
#3500 = CARTESIAN_POINT ( 'NONE',  ( -2.649999999999999911, 1.075000000000001288, -2.959999999999999964 ) ) ;
#3501 = DIRECTION ( 'NONE',  ( 0.000000000000000000, -0.000000000000000000, -1.000000000000000000 ) ) ;
#3502 = LINE ( 'NONE', #3168, #6348 ) ;
#3503 = DIRECTION ( 'NONE',  ( 0.9961946980917455452, -0.08715574274765840179, 0.000000000000000000 ) ) ;
#3504 = ORIENTED_EDGE ( 'NONE', *, *, #7925, .F. ) ;
#3505 = ORIENTED_EDGE ( 'NONE', *, *, #1467, .T. ) ;
#3506 = LINE ( 'NONE', #1740, #534 ) ;
#3507 = ORIENTED_EDGE ( 'NONE', *, *, #1077, .T. ) ;
#3508 = VECTOR ( 'NONE', #7614, 1000.000000000000000 ) ;
#3509 = VERTEX_POINT ( 'NONE', #7586 ) ;
#3510 = ORIENTED_EDGE ( 'NONE', *, *, #4848, .F. ) ;
#3511 = LINE ( 'NONE', #8019, #751 ) ;
#3512 = VECTOR ( 'NONE', #2220, 1000.000000000000000 ) ;
#3513 = EDGE_CURVE ( 'NONE', #424, #7864, #3383, .T. ) ;
#3514 = FACE_OUTER_BOUND ( 'NONE', #6925, .T. ) ;
#3515 = ORIENTED_EDGE ( 'NONE', *, *, #5104, .T. ) ;
#3516 = DIRECTION ( 'NONE',  ( -0.08715574274765759688, -0.9961946980917455452, 0.000000000000000000 ) ) ;
#3517 = DIRECTION ( 'NONE',  ( -0.000000000000000000, -0.000000000000000000, -1.000000000000000000 ) ) ;
#3518 = ORIENTED_EDGE ( 'NONE', *, *, #1133, .T. ) ;
#3519 = CIRCLE ( 'NONE', #1677, 0.2742690327345599921 ) ;
#3520 = PLANE ( 'NONE',  #5075 ) ;
#3521 = VERTEX_POINT ( 'NONE', #2960 ) ;
#3522 = EDGE_CURVE ( 'NONE', #7504, #7308, #6543, .T. ) ;
#3523 = CARTESIAN_POINT ( 'NONE',  ( 3.341019420808970963, 0.04776069289263019935, -4.230000000000000426 ) ) ;
#3524 = CYLINDRICAL_SURFACE ( 'NONE', #6826, 0.2742690327345599921 ) ;
#3525 = ORIENTED_EDGE ( 'NONE', *, *, #4984, .F. ) ;
#3526 = DIRECTION ( 'NONE',  ( -0.000000000000000000, -0.000000000000000000, -1.000000000000000000 ) ) ;
#3527 = VERTEX_POINT ( 'NONE', #6879 ) ;
#3528 = DIRECTION ( 'NONE',  ( -1.000000000000000000, 0.000000000000000000, 0.000000000000000000 ) ) ;
#3529 = VECTOR ( 'NONE', #1022, 1000.000000000000000 ) ;
#3530 = CARTESIAN_POINT ( 'NONE',  ( 3.048510475726686764, 1.021717016418992152, 2.120000000000000551 ) ) ;
#3531 = VECTOR ( 'NONE', #896, 1000.000000000000227 ) ;
#3532 = ADVANCED_FACE ( 'NONE', ( #6233 ), #6110, .F. ) ;
#3533 = DIRECTION ( 'NONE',  ( 1.000000000000000000, 0.000000000000000000, 0.000000000000000000 ) ) ;
#3534 = LINE ( 'NONE', #1190, #3419 ) ;
#3535 = DIRECTION ( 'NONE',  ( -1.000000000000000000, 0.000000000000000000, 0.000000000000000000 ) ) ;
#3536 = ORIENTED_EDGE ( 'NONE', *, *, #4862, .T. ) ;
#3537 = FILL_AREA_STYLE ('',( #6788 ) ) ;
#3538 = ORIENTED_EDGE ( 'NONE', *, *, #6516, .T. ) ;
#3539 = LINE ( 'NONE', #6531, #6388 ) ;
#3540 = ORIENTED_EDGE ( 'NONE', *, *, #6089, .T. ) ;
#3541 = LINE ( 'NONE', #1376, #6391 ) ;
#3542 = ORIENTED_EDGE ( 'NONE', *, *, #2158, .T. ) ;
#3543 = CARTESIAN_POINT ( 'NONE',  ( 2.903621601783326067, 0.9828941596536137082, -0.4200000000000002620 ) ) ;
#3544 = EDGE_CURVE ( 'NONE', #8265, #7335, #615, .T. ) ;
#3545 = ORIENTED_EDGE ( 'NONE', *, *, #701, .T. ) ;
#3546 = DIRECTION ( 'NONE',  ( 0.9961946980917456562, 0.08715574274765761076, -0.000000000000000000 ) ) ;
#3547 = FACE_OUTER_BOUND ( 'NONE', #7185, .T. ) ;
#3548 = CARTESIAN_POINT ( 'NONE',  ( 2.649999999999999911, 1.225000000000001199, 2.120000000000000551 ) ) ;
#3549 = EDGE_CURVE ( 'NONE', #4232, #1591, #3423, .T. ) ;
#3550 = CARTESIAN_POINT ( 'NONE',  ( -2.501452754537961454, 1.074949942300985395, 5.099992964849200838 ) ) ;
#3551 = CIRCLE ( 'NONE', #355, 0.2742690327345599921 ) ;
#3552 = LINE ( 'NONE', #7740, #726 ) ;
#3553 = ORIENTED_EDGE ( 'NONE', *, *, #5261, .F. ) ;
#3554 = VERTEX_POINT ( 'NONE', #5002 ) ;
#3555 = ADVANCED_FACE ( 'NONE', ( #709 ), #3037, .F. ) ;
#3556 =( NAMED_UNIT ( * ) PLANE_ANGLE_UNIT ( ) SI_UNIT ( $, .RADIAN. ) );
#3557 = CARTESIAN_POINT ( 'NONE',  ( -3.354092782221119506, 0.1971898976063921616, 0.8500000000000000888 ) ) ;
#3558 = EDGE_LOOP ( 'NONE', ( #6133, #4476, #4056, #4179 ) ) ;
#3559 = LINE ( 'NONE', #5137, #3406 ) ;
#3560 = ORIENTED_EDGE ( 'NONE', *, *, #701, .F. ) ;
#3561 = CARTESIAN_POINT ( 'NONE',  ( 3.341019420808970963, 0.04776069289263019935, 2.120000000000000551 ) ) ;
#3562 = VERTEX_POINT ( 'NONE', #1902 ) ;
#3563 = AXIS2_PLACEMENT_3D ( 'NONE', #2130, #137, #5291 ) ;
#3564 = LINE ( 'NONE', #4730, #592 ) ;
#3565 = AXIS2_PLACEMENT_3D ( 'NONE', #3181, #4512, #134 ) ;
#3566 = DIRECTION ( 'NONE',  ( -0.9659258262890679791, 0.2588190451025220717, 0.000000000000000000 ) ) ;
#3567 = LINE ( 'NONE', #5331, #628 ) ;
#3568 = EDGE_CURVE ( 'NONE', #3367, #3485, #684, .T. ) ;
#3569 =( NAMED_UNIT ( * ) SI_UNIT ( $, .STERADIAN. ) SOLID_ANGLE_UNIT ( ) );
#3570 = VECTOR ( 'NONE', #1086, 1000.000000000000000 ) ;
#3571 = CARTESIAN_POINT ( 'NONE',  ( -3.244888873943359897, 0.2888228567653777779, -2.959999999999999964 ) ) ;
#3572 = EDGE_LOOP ( 'NONE', ( #6950, #4173, #3670, #6451, #6695, #1338, #7625, #1383, #7718, #6750, #7670, #4127 ) ) ;
#3573 = ORIENTED_EDGE ( 'NONE', *, *, #89, .F. ) ;
#3574 = LINE ( 'NONE', #6620, #486 ) ;
#3575 = ORIENTED_EDGE ( 'NONE', *, *, #3281, .T. ) ;
#3576 = ORIENTED_EDGE ( 'NONE', *, *, #6450, .F. ) ;
#3577 = LINE ( 'NONE', #4695, #512 ) ;
#3578 = DIRECTION ( 'NONE',  ( -0.1378445374916288935, 0.9808148484639890308, 0.1378445374916289212 ) ) ;
#3579 = DIRECTION ( 'NONE',  ( 1.000000000000000000, -0.000000000000000000, -1.636531581110195656E-16 ) ) ;
#3580 = VECTOR ( 'NONE', #8053, 1000.000000000000000 ) ;
#3581 = EDGE_CURVE ( 'NONE', #4523, #7528, #3439, .T. ) ;
#3582 = FACE_OUTER_BOUND ( 'NONE', #5577, .T. ) ;
#3583 = EDGE_LOOP ( 'NONE', ( #6235, #7075, #547, #731, #600, #4316, #5964, #6290, #804, #3340, #6939, #587 ) ) ;
#3584 = CARTESIAN_POINT ( 'NONE',  ( -2.649997654931402380, 1.074983313969896770, -4.950968516274151021 ) ) ;
#3585 = ORIENTED_EDGE ( 'NONE', *, *, #6745, .F. ) ;
#3586 = UNCERTAINTY_MEASURE_WITH_UNIT (LENGTH_MEASURE( 1.000000000000000082E-05 ), #1390, 'distance_accuracy_value', 'NONE');
#3587 = DIRECTION ( 'NONE',  ( -0.9961946980917455452, 0.08715574274765838791, 0.000000000000000000 ) ) ;
#3588 = DIRECTION ( 'NONE',  ( -0.000000000000000000, 0.000000000000000000, 1.000000000000000000 ) ) ;
#3589 = CIRCLE ( 'NONE', #3414, 0.2999999999999999334 ) ;
#3590 = VERTEX_POINT ( 'NONE', #7688 ) ;
#3591 = CARTESIAN_POINT ( 'NONE',  ( 2.783586933657053564, 1.075000000000001066, 2.120000000000000551 ) ) ;
#3592 = VERTEX_POINT ( 'NONE', #7073 ) ;
#3593 = CARTESIAN_POINT ( 'NONE',  ( -2.410687842433212325, 1.850000000000000977, 4.860687842433216943 ) ) ;
#3594 = STYLED_ITEM ( 'NONE', ( #3757 ), #8211 ) ;
#3595 = FACE_OUTER_BOUND ( 'NONE', #1756, .T. ) ;
#3596 = CARTESIAN_POINT ( 'NONE',  ( -2.649154974055155876, 1.231012672022580912, -5.037973030627466819 ) ) ;
#3597 = LINE ( 'NONE', #3416, #6279 ) ;
#3598 = EDGE_CURVE ( 'NONE', #6440, #3311, #6289, .T. ) ;
#3599 = DIRECTION ( 'NONE',  ( 1.000000000000000000, -1.623215898148971339E-15, 0.000000000000000000 ) ) ;
#3600 = VECTOR ( 'NONE', #3161, 1000.000000000000000 ) ;
#3601 = EDGE_CURVE ( 'NONE', #6131, #510, #3488, .T. ) ;
#3602 = ORIENTED_EDGE ( 'NONE', *, *, #5104, .F. ) ;
#3603 = DIRECTION ( 'NONE',  ( 0.000000000000000000, -0.000000000000000000, 1.000000000000000000 ) ) ;
#3604 = VERTEX_POINT ( 'NONE', #1231 ) ;
#3605 = FACE_OUTER_BOUND ( 'NONE', #4508, .T. ) ;
#3606 = VERTEX_POINT ( 'NONE', #4541 ) ;
#3607 = DIRECTION ( 'NONE',  ( 0.000000000000000000, 0.000000000000000000, 1.000000000000000000 ) ) ;
#3608 = ORIENTED_EDGE ( 'NONE', *, *, #6137, .F. ) ;
#3609 = AXIS2_PLACEMENT_3D ( 'NONE', #2304, #1654, #6215 ) ;
#3610 = DIRECTION ( 'NONE',  ( 1.000000000000000000, 0.000000000000000000, 0.000000000000000000 ) ) ;
#3611 = FACE_OUTER_BOUND ( 'NONE', #5335, .T. ) ;
#3612 = PLANE ( 'NONE',  #2729 ) ;
#3613 = DIRECTION ( 'NONE',  ( 1.000000000000000000, 0.000000000000000000, 0.000000000000000000 ) ) ;
#3614 = CARTESIAN_POINT ( 'NONE',  ( 2.649999999999999911, 1.075000000000001288, -4.660000000000000142 ) ) ;
#3615 = CARTESIAN_POINT ( 'NONE',  ( 3.048510475726686764, 1.021717016418992152, 0.4200000000000002620 ) ) ;
#3616 = EDGE_CURVE ( 'NONE', #1903, #7428, #744, .T. ) ;
#3617 = LINE ( 'NONE', #6480, #867 ) ;
#3618 = AXIS2_PLACEMENT_3D ( 'NONE', #2093, #8130, #3535 ) ;
#3619 = VECTOR ( 'NONE', #3162, 1000.000000000000114 ) ;
#3620 = AXIS2_PLACEMENT_3D ( 'NONE', #6426, #4971, #7743 ) ;
#3621 = ORIENTED_EDGE ( 'NONE', *, *, #4223, .T. ) ;
#3622 = ORIENTED_EDGE ( 'NONE', *, *, #7126, .F. ) ;
#3623 = PLANE ( 'NONE',  #3814 ) ;
#3624 = CARTESIAN_POINT ( 'NONE',  ( 2.500000000000000000, 1.075000000000001288, 5.100000000000003197 ) ) ;
#3625 = EDGE_CURVE ( 'NONE', #3470, #708, #3519, .T. ) ;
#3626 = VECTOR ( 'NONE', #1203, 1000.000000000000000 ) ;
#3627 = VERTEX_POINT ( 'NONE', #5160 ) ;
#3628 = DIRECTION ( 'NONE',  ( 0.000000000000000000, -0.000000000000000000, -1.000000000000000000 ) ) ;
#3629 = ORIENTED_EDGE ( 'NONE', *, *, #7494, .T. ) ;
#3630 = VECTOR ( 'NONE', #4320, 1000.000000000000227 ) ;
#3631 = LINE ( 'NONE', #1306, #3644 ) ;
#3632 = DIRECTION ( 'NONE',  ( -0.08715574274765838791, -0.9961946980917455452, 0.000000000000000000 ) ) ;
#3633 = LINE ( 'NONE', #7124, #6472 ) ;
#3634 = ORIENTED_EDGE ( 'NONE', *, *, #8261, .F. ) ;
#3635 = ORIENTED_EDGE ( 'NONE', *, *, #1833, .F. ) ;
#3636 = DIRECTION ( 'NONE',  ( 1.000000000000000000, 0.000000000000000000, 0.000000000000000000 ) ) ;
#3637 = DIRECTION ( 'NONE',  ( 0.9961946980917456562, 0.08715574274765761076, -0.000000000000000000 ) ) ;
#3638 = CIRCLE ( 'NONE', #4009, 0.1242690327345600532 ) ;
#3639 = VERTEX_POINT ( 'NONE', #1850 ) ;
#3640 = EDGE_CURVE ( 'NONE', #6966, #92, #6372, .T. ) ;
#3641 = VERTEX_POINT ( 'NONE', #7779 ) ;
#3642 = LINE ( 'NONE', #8076, #3687 ) ;
#3643 = CARTESIAN_POINT ( 'NONE',  ( -2.783586933657053564, 0.9507309672654410404, 4.230000000000000426 ) ) ;
#3644 = VECTOR ( 'NONE', #4338, 1000.000000000000227 ) ;
#3645 = EDGE_CURVE ( 'NONE', #6091, #38, #3539, .T. ) ;
#3646 = AXIS2_PLACEMENT_3D ( 'NONE', #2596, #3149, #7878 ) ;
#3647 = ORIENTED_EDGE ( 'NONE', *, *, #5899, .F. ) ;
#3648 = ORIENTED_EDGE ( 'NONE', *, *, #8245, .T. ) ;
#3649 = DIRECTION ( 'NONE',  ( 1.000000000000000000, 0.000000000000000000, 0.000000000000000000 ) ) ;
#3650 = DIRECTION ( 'NONE',  ( -0.000000000000000000, -0.000000000000000000, -1.000000000000000000 ) ) ;
#3651 = EDGE_LOOP ( 'NONE', ( #1867, #3608, #3740, #795 ) ) ;
#3652 = DIRECTION ( 'NONE',  ( 1.000000000000000000, 0.000000000000000000, 0.000000000000000000 ) ) ;
#3653 = FACE_OUTER_BOUND ( 'NONE', #6831, .T. ) ;
#3654 = ORIENTED_EDGE ( 'NONE', *, *, #8185, .T. ) ;
#3655 = CARTESIAN_POINT ( 'NONE',  ( 3.341019420808970963, 0.04776069289263030343, 4.660000000000000142 ) ) ;
#3656 = VERTEX_POINT ( 'NONE', #5681 ) ;
#3657 = CARTESIAN_POINT ( 'NONE',  ( 3.886926638587850924, 4.743384504624081899E-16, 4.230000000000000426 ) ) ;
#3658 = DIRECTION ( 'NONE',  ( -0.9902680687415701399, -0.1391731009600661872, 0.000000000000000000 ) ) ;
#3659 = LINE ( 'NONE', #1316, #3784 ) ;
#3660 = DIRECTION ( 'NONE',  ( -0.08715574274765759688, -0.9961946980917455452, 0.000000000000000000 ) ) ;
#3661 =( GEOMETRIC_REPRESENTATION_CONTEXT ( 3 ) GLOBAL_UNCERTAINTY_ASSIGNED_CONTEXT ( ( #1725 ) ) GLOBAL_UNIT_ASSIGNED_CONTEXT ( ( #7801, #4626, #5133 ) ) REPRESENTATION_CONTEXT ( 'NONE', 'WORKASPACE' ) );
#3662 = DIRECTION ( 'NONE',  ( -1.000000000000000000, 0.000000000000000000, 0.000000000000000000 ) ) ;
#3663 = ORIENTED_EDGE ( 'NONE', *, *, #6160, .T. ) ;
#3664 = ORIENTED_EDGE ( 'NONE', *, *, #317, .F. ) ;
#3665 = DIRECTION ( 'NONE',  ( -1.000000000000000000, 0.000000000000000000, 0.000000000000000000 ) ) ;
#3666 = EDGE_CURVE ( 'NONE', #4318, #4020, #903, .T. ) ;
#3667 = SURFACE_STYLE_FILL_AREA ( #4465 ) ;
#3668 = EDGE_LOOP ( 'NONE', ( #6370, #3858, #6390, #6323 ) ) ;
#3669 = DIRECTION ( 'NONE',  ( -0.9961946980917455452, -0.08715574274765840179, 0.000000000000000000 ) ) ;
#3670 = ORIENTED_EDGE ( 'NONE', *, *, #6615, .T. ) ;
#3671 = CARTESIAN_POINT ( 'NONE',  ( 2.649154974055150991, 1.231012672022581134, -5.037973030627470372 ) ) ;
#3672 = FACE_OUTER_BOUND ( 'NONE', #7912, .T. ) ;
#3673 = DIRECTION ( 'NONE',  ( -0.000000000000000000, -0.000000000000000000, -1.000000000000000000 ) ) ;
#3674 = DIRECTION ( 'NONE',  ( -0.000000000000000000, -0.000000000000000000, -1.000000000000000000 ) ) ;
#3675 = CARTESIAN_POINT ( 'NONE',  ( 2.504282219532241172, 1.095082631851828747, 5.102822429843479668 ) ) ;
#3676 = CARTESIAN_POINT ( 'NONE',  ( -2.903621601783326067, 0.9828941596536137082, 0.8500000000000000888 ) ) ;
#3677 = DIRECTION ( 'NONE',  ( -1.000000000000000000, -1.623215898148971339E-15, 0.000000000000000000 ) ) ;
#3678 = VERTEX_POINT ( 'NONE', #2597 ) ;
#3679 = ORIENTED_EDGE ( 'NONE', *, *, #1515, .F. ) ;
#3680 = CARTESIAN_POINT ( 'NONE',  ( 2.410687842433211880, 0.3000000000000009881, 4.860687842433214279 ) ) ;
#3681 = CARTESIAN_POINT ( 'NONE',  ( 2.500968516274154396, 1.074983313969902543, 5.099997654931405222 ) ) ;
#3682 = EDGE_LOOP ( 'NONE', ( #4792, #5629, #1632, #4740 ) ) ;
#3683 = EDGE_CURVE ( 'NONE', #421, #4159, #6754, .T. ) ;
#3684 = DIRECTION ( 'NONE',  ( 0.9659258262890679791, -0.2588190451025219607, 0.000000000000000000 ) ) ;
#3685 = VERTEX_POINT ( 'NONE', #1402 ) ;
#3686 = VECTOR ( 'NONE', #5998, 1000.000000000000000 ) ;
#3687 = VECTOR ( 'NONE', #5679, 1000.000000000000114 ) ;
#3688 = EDGE_LOOP ( 'NONE', ( #2079, #8060, #4264, #1854 ) ) ;
#3689 = CARTESIAN_POINT ( 'NONE',  ( 2.649999999999999911, 1.075000000000001288, 2.120000000000000551 ) ) ;
#3690 = ADVANCED_FACE ( 'NONE', ( #6834 ), #480, .F. ) ;
#3691 = CARTESIAN_POINT ( 'NONE',  ( 3.354092782221119506, 0.1971898976063921616, 2.120000000000000551 ) ) ;
#3692 = VERTEX_POINT ( 'NONE', #1287 ) ;
#3693 = VERTEX_POINT ( 'NONE', #7184 ) ;
#3694 = COLOUR_RGB ( '',0.8000000000000000444, 0.8196078431372548767, 0.9333333333333333481 ) ;
#3695 = EDGE_LOOP ( 'NONE', ( #6971, #540, #4129, #7175 ) ) ;
#3696 = ORIENTED_EDGE ( 'NONE', *, *, #2823, .T. ) ;
#3697 = CYLINDRICAL_SURFACE ( 'NONE', #3126, 0.1499999999999999667 ) ;
#3698 = CIRCLE ( 'NONE', #6935, 0.2742690327345604362 ) ;
#3699 = EDGE_CURVE ( 'NONE', #6508, #8115, #1106, .T. ) ;
#3700 = DIRECTION ( 'NONE',  ( -1.000000000000000000, 0.000000000000000000, 0.000000000000000000 ) ) ;
#3701 = CARTESIAN_POINT ( 'NONE',  ( -2.649999999999999911, 1.225000000000001199, 1.690000000000000613 ) ) ;
#3702 = VERTEX_POINT ( 'NONE', #1347 ) ;
#3703 = ORIENTED_EDGE ( 'NONE', *, *, #2687, .F. ) ;
#3704 = SURFACE_SIDE_STYLE ('',( #7006 ) ) ;
#3705 = DIRECTION ( 'NONE',  ( 1.000000000000000000, 1.623215898148971142E-15, -0.000000000000000000 ) ) ;
#3706 = DIRECTION ( 'NONE',  ( -1.000000000000000000, 0.000000000000000000, 0.000000000000000000 ) ) ;
#3707 = DIRECTION ( 'NONE',  ( 2.891205793294679017E-15, 1.000000000000000000, 0.000000000000000000 ) ) ;
#3708 = EDGE_LOOP ( 'NONE', ( #5631, #2816, #2756, #2974 ) ) ;
#3709 = DIRECTION ( 'NONE',  ( -0.08715574274765838791, -0.9961946980917455452, 0.000000000000000000 ) ) ;
#3710 = DIRECTION ( 'NONE',  ( -0.000000000000000000, -0.000000000000000000, -1.000000000000000000 ) ) ;
#3711 = ORIENTED_EDGE ( 'NONE', *, *, #2373, .T. ) ;
#3712 = CARTESIAN_POINT ( 'NONE',  ( 3.886926638587850924, 4.743384504624081899E-16, -3.389999999999999680 ) ) ;
#3713 = DIRECTION ( 'NONE',  ( 0.000000000000000000, 0.000000000000000000, 1.000000000000000000 ) ) ;
#3714 = VECTOR ( 'NONE', #7709, 1000.000000000000000 ) ;
#3715 = EDGE_CURVE ( 'NONE', #6690, #6460, #3772, .T. ) ;
#3716 = DIRECTION ( 'NONE',  ( 1.623215898148971339E-15, 1.000000000000000000, 0.000000000000000000 ) ) ;
#3717 = FACE_OUTER_BOUND ( 'NONE', #4453, .T. ) ;
#3718 = EDGE_LOOP ( 'NONE', ( #6285, #5421, #2695, #91 ) ) ;
#3719 = DIRECTION ( 'NONE',  ( -0.000000000000000000, -0.000000000000000000, -1.000000000000000000 ) ) ;
#3720 = LINE ( 'NONE', #8063, #6723 ) ;
#3721 = ORIENTED_EDGE ( 'NONE', *, *, #4160, .F. ) ;
#3722 = EDGE_CURVE ( 'NONE', #4051, #7672, #1140, .T. ) ;
#3723 = ORIENTED_EDGE ( 'NONE', *, *, #1642, .F. ) ;
#3724 = LINE ( 'NONE', #2258, #652 ) ;
#3725 = MECHANICAL_DESIGN_GEOMETRIC_PRESENTATION_REPRESENTATION (  '', ( #4442 ), #7590 ) ;
#3726 = FACE_OUTER_BOUND ( 'NONE', #4765, .T. ) ;
#3727 = CARTESIAN_POINT ( 'NONE',  ( 3.899999999999999467, 0.1494292047137622814, -2.959999999999999964 ) ) ;
#3728 = CARTESIAN_POINT ( 'NONE',  ( -3.899999999999999467, 0.1494292047137622814, -2.120000000000000107 ) ) ;
#3729 = DIRECTION ( 'NONE',  ( 0.08715574274765759688, -0.9961946980917455452, 0.000000000000000000 ) ) ;
#3730 = CARTESIAN_POINT ( 'NONE',  ( -3.244888873943359897, 0.2888228567653777779, -0.8500000000000000888 ) ) ;
#3731 = EDGE_CURVE ( 'NONE', #5145, #1934, #3891, .T. ) ;
#3732 = LINE ( 'NONE', #5052, #6676 ) ;
#3733 = PRESENTATION_LAYER_ASSIGNMENT (  '', '', ( #6813 ) ) ;
#3734 = EDGE_LOOP ( 'NONE', ( #6701, #6449, #3654, #1734 ) ) ;
#3735 = DIRECTION ( 'NONE',  ( 1.275531967630005245E-16, -0.000000000000000000, 1.000000000000000000 ) ) ;
#3736 = AXIS2_PLACEMENT_3D ( 'NONE', #1655, #2253, #5370 ) ;
#3737 = CARTESIAN_POINT ( 'NONE',  ( -3.341019420808970963, 0.04776069289263030343, -0.8500000000000000888 ) ) ;
#3738 = AXIS2_PLACEMENT_3D ( 'NONE', #62, #832, #5748 ) ;
#3739 = CIRCLE ( 'NONE', #109, 0.2742690327345604362 ) ;
#3740 = ORIENTED_EDGE ( 'NONE', *, *, #2848, .T. ) ;
#3741 = DIRECTION ( 'NONE',  ( -1.000000000000000000, 0.000000000000000000, 0.000000000000000000 ) ) ;
#3742 = VERTEX_POINT ( 'NONE', #6585 ) ;
#3743 = VECTOR ( 'NONE', #6366, 1000.000000000000227 ) ;
#3744 = FACE_OUTER_BOUND ( 'NONE', #6247, .T. ) ;
#3745 = ADVANCED_FACE ( 'NONE', ( #1164 ), #55, .F. ) ;
#3746 = VERTEX_POINT ( 'NONE', #1039 ) ;
#3747 = DIRECTION ( 'NONE',  ( 1.000000000000000000, 0.000000000000000000, -0.000000000000000000 ) ) ;
#3748 = DIRECTION ( 'NONE',  ( 1.000000000000000000, 0.000000000000000000, 0.000000000000000000 ) ) ;
#3749 = ADVANCED_FACE ( 'NONE', ( #6670 ), #2059, .F. ) ;
#3750 = CARTESIAN_POINT ( 'NONE',  ( -3.099999999999999645, 0.2499999999999996392, -1.690000000000000169 ) ) ;
#3751 = ORIENTED_EDGE ( 'NONE', *, *, #368, .F. ) ;
#3752 = DIRECTION ( 'NONE',  ( -2.891205793294679017E-15, 0.000000000000000000, 1.000000000000000000 ) ) ;
#3753 = ORIENTED_EDGE ( 'NONE', *, *, #2003, .F. ) ;
#3754 = AXIS2_PLACEMENT_3D ( 'NONE', #919, #1990, #7429 ) ;
#3755 = AXIS2_PLACEMENT_3D ( 'NONE', #890, #5324, #3952 ) ;
#3756 = DIRECTION ( 'NONE',  ( -1.000000000000000000, 0.000000000000000000, 0.000000000000000000 ) ) ;
#3757 = PRESENTATION_STYLE_ASSIGNMENT (( #7097 ) ) ;
#3758 = EDGE_LOOP ( 'NONE', ( #2948, #422, #6637, #6064 ) ) ;
#3759 = EDGE_CURVE ( 'NONE', #6340, #3702, #3937, .T. ) ;
#3760 = ORIENTED_EDGE ( 'NONE', *, *, #5912, .T. ) ;
#3761 = VECTOR ( 'NONE', #6159, 1000.000000000000227 ) ;
#3762 = DIRECTION ( 'NONE',  ( 0.000000000000000000, 0.000000000000000000, 1.000000000000000000 ) ) ;
#3763 = VERTEX_POINT ( 'NONE', #7880 ) ;
#3764 = ORIENTED_EDGE ( 'NONE', *, *, #75, .F. ) ;
#3765 = PRODUCT_CONTEXT ( 'NONE', #5609, 'mechanical' ) ;
#3766 = DIRECTION ( 'NONE',  ( 0.9961946980917455452, 0.08715574274765833240, -0.000000000000000000 ) ) ;
#3767 = CARTESIAN_POINT ( 'NONE',  ( -2.649999999999999911, 1.075000000000001288, -0.4200000000000002620 ) ) ;
#3768 = VECTOR ( 'NONE', #1521, 1000.000000000000000 ) ;
#3769 = ORIENTED_EDGE ( 'NONE', *, *, #3150, .T. ) ;
#3770 = CARTESIAN_POINT ( 'NONE',  ( -2.783586933657053564, 1.075000000000001066, -2.959999999999999964 ) ) ;
#3771 = ORIENTED_EDGE ( 'NONE', *, *, #3150, .F. ) ;
#3772 = LINE ( 'NONE', #1952, #1122 ) ;
#3773 = DIRECTION ( 'NONE',  ( -1.000000000000000000, 0.000000000000000000, 0.000000000000000000 ) ) ;
#3774 = EDGE_CURVE ( 'NONE', #2503, #3641, #3923, .T. ) ;
#3775 = DIRECTION ( 'NONE',  ( 1.000000000000000000, -2.891205793294679411E-15, -1.671814187836143479E-29 ) ) ;
#3776 = VERTEX_POINT ( 'NONE', #2715 ) ;
#3777 = CARTESIAN_POINT ( 'NONE',  ( -3.244888873943359897, 0.2888228567653777779, -4.230000000000000426 ) ) ;
#3778 = DIRECTION ( 'NONE',  ( 0.000000000000000000, 0.000000000000000000, 1.000000000000000000 ) ) ;
#3779 = LINE ( 'NONE', #513, #888 ) ;
#3780 = ORIENTED_EDGE ( 'NONE', *, *, #4366, .T. ) ;
#3781 = VERTEX_POINT ( 'NONE', #2260 ) ;
#3782 = VECTOR ( 'NONE', #6297, 1000.000000000000114 ) ;
#3783 = DIRECTION ( 'NONE',  ( -0.000000000000000000, -0.000000000000000000, -1.000000000000000000 ) ) ;
#3784 = VECTOR ( 'NONE', #2032, 1000.000000000000000 ) ;
#3785 = AXIS2_PLACEMENT_3D ( 'NONE', #4245, #4134, #4778 ) ;
#3786 = CARTESIAN_POINT ( 'NONE',  ( -3.899999999999999467, 0.1494292047137622814, -2.120000000000000107 ) ) ;
#3787 = CARTESIAN_POINT ( 'NONE',  ( 3.354092782221119506, 0.1971898976063921616, 4.230000000000000426 ) ) ;
#3788 = CARTESIAN_POINT ( 'NONE',  ( 3.899999999999999467, 0.1494292047137622814, 2.120000000000000551 ) ) ;
#3789 = DIRECTION ( 'NONE',  ( -0.000000000000000000, -0.000000000000000000, -1.000000000000000000 ) ) ;
#3790 = EDGE_CURVE ( 'NONE', #3742, #260, #2951, .T. ) ;
#3791 = ORIENTED_EDGE ( 'NONE', *, *, #5410, .F. ) ;
#3792 = DIRECTION ( 'NONE',  ( 0.000000000000000000, 0.000000000000000000, 1.000000000000000000 ) ) ;
#3793 = DIRECTION ( 'NONE',  ( 0.1391731009600657432, -0.9902680687415703620, 0.000000000000000000 ) ) ;
#3794 = CARTESIAN_POINT ( 'NONE',  ( -2.649999999999999911, 1.225000000000001199, -0.4200000000000002620 ) ) ;
#3795 = LINE ( 'NONE', #7209, #1032 ) ;
#3796 = ORIENTED_EDGE ( 'NONE', *, *, #4112, .T. ) ;
#3797 = DIRECTION ( 'NONE',  ( 0.000000000000000000, -1.000000000000000000, 0.000000000000000000 ) ) ;
#3798 = ORIENTED_EDGE ( 'NONE', *, *, #938, .F. ) ;
#3799 = VECTOR ( 'NONE', #5211, 1000.000000000000227 ) ;
#3800 = VECTOR ( 'NONE', #78, 1000.000000000000114 ) ;
#3801 = FILL_AREA_STYLE_COLOUR ( '', #6462 ) ;
#3802 = DIRECTION ( 'NONE',  ( 0.9659258262890679791, 0.2588190451025220717, 0.000000000000000000 ) ) ;
#3803 = EDGE_CURVE ( 'NONE', #350, #2264, #3822, .T. ) ;
#3804 = CARTESIAN_POINT ( 'NONE',  ( -3.364923542069633289, 0.3209860491535506677, 3.389999999999999680 ) ) ;
#3805 = ORIENTED_EDGE ( 'NONE', *, *, #2430, .T. ) ;
#3806 = DIRECTION ( 'NONE',  ( 0.9902680687415701399, -0.1391731009600661872, 0.000000000000000000 ) ) ;
#3807 = EDGE_CURVE ( 'NONE', #7847, #3080, #6728, .T. ) ;
#3808 = ORIENTED_EDGE ( 'NONE', *, *, #395, .F. ) ;
#3809 = ORIENTED_EDGE ( 'NONE', *, *, #7676, .T. ) ;
#3810 = ADVANCED_FACE ( 'NONE', ( #6775 ), #6812, .F. ) ;
#3811 = CARTESIAN_POINT ( 'NONE',  ( 3.886926638587850924, 4.743384504624081899E-16, 0.8500000000000000888 ) ) ;
#3812 = EDGE_CURVE ( 'NONE', #3425, #3196, #974, .T. ) ;
#3813 = ORIENTED_EDGE ( 'NONE', *, *, #4295, .T. ) ;
#3814 = AXIS2_PLACEMENT_3D ( 'NONE', #5642, #2461, #3793 ) ;
#3815 = CARTESIAN_POINT ( 'NONE',  ( -1.650000000000001243, 1.900000000000000799, -4.399999999999995914 ) ) ;
#3816 = DIRECTION ( 'NONE',  ( 0.000000000000000000, -1.000000000000000000, 0.000000000000000000 ) ) ;
#3817 = EDGE_CURVE ( 'NONE', #7371, #421, #1021, .T. ) ;
#3818 = VECTOR ( 'NONE', #4510, 1000.000000000000000 ) ;
#3819 = VERTEX_POINT ( 'NONE', #5971 ) ;
#3820 = CARTESIAN_POINT ( 'NONE',  ( -2.649999999999999911, 1.225000000000001199, -4.660000000000000142 ) ) ;
#3821 = ORIENTED_EDGE ( 'NONE', *, *, #4680, .T. ) ;
#3822 = CIRCLE ( 'NONE', #4746, 0.2742690327345604362 ) ;
#3823 = CARTESIAN_POINT ( 'NONE',  ( -2.783586933657053564, 1.225000000000001199, 1.690000000000000613 ) ) ;
#3824 = AXIS2_PLACEMENT_3D ( 'NONE', #5339, #776, #7260 ) ;
#3825 = DIRECTION ( 'NONE',  ( -1.000000000000000000, 0.000000000000000000, 0.000000000000000000 ) ) ;
#3826 = ORIENTED_EDGE ( 'NONE', *, *, #7481, .T. ) ;
#3827 = CARTESIAN_POINT ( 'NONE',  ( -3.364923542069633289, 0.3209860491535506677, -0.8500000000000000888 ) ) ;
#3828 = LINE ( 'NONE', #8205, #6599 ) ;
#3829 = EDGE_LOOP ( 'NONE', ( #728, #2691, #2400 ) ) ;
#3830 = EDGE_CURVE ( 'NONE', #862, #7476, #995, .T. ) ;
#3831 = ORIENTED_EDGE ( 'NONE', *, *, #6026, .T. ) ;
#3832 = VECTOR ( 'NONE', #4342, 1000.000000000000000 ) ;
#3833 = CIRCLE ( 'NONE', #1516, 0.1242690327345600532 ) ;
#3834 = AXIS2_PLACEMENT_3D ( 'NONE', #3354, #5325, #6707 ) ;
#3835 = CARTESIAN_POINT ( 'NONE',  ( 3.364923542069633289, 0.3209860491535506677, 2.959999999999999964 ) ) ;
#3836 = CARTESIAN_POINT ( 'NONE',  ( -2.903621601783326067, 0.9828941596536137082, -0.4200000000000002620 ) ) ;
#3837 = DIRECTION ( 'NONE',  ( 0.000000000000000000, 0.000000000000000000, 1.000000000000000000 ) ) ;
#3838 = DIRECTION ( 'NONE',  ( 0.9961946980917455452, -0.08715574274765840179, 0.000000000000000000 ) ) ;
#3839 = DIRECTION ( 'NONE',  ( 0.000000000000000000, 0.000000000000000000, 1.000000000000000000 ) ) ;
#3840 = AXIS2_PLACEMENT_3D ( 'NONE', #7921, #158, #876 ) ;
#3841 = EDGE_CURVE ( 'NONE', #7327, #1982, #1152, .T. ) ;
#3842 = ADVANCED_FACE ( 'NONE', ( #6618 ), #3850, .T. ) ;
#3843 = VECTOR ( 'NONE', #5156, 1000.000000000000000 ) ;
#3844 = CARTESIAN_POINT ( 'NONE',  ( -2.649999999999999911, 1.225000000000001199, -0.4200000000000002620 ) ) ;
#3845 = CARTESIAN_POINT ( 'NONE',  ( -2.649999999999999911, 1.225000000000001199, -2.959999999999999964 ) ) ;
#3846 = VECTOR ( 'NONE', #1324, 1000.000000000000227 ) ;
#3847 = ORIENTED_EDGE ( 'NONE', *, *, #5377, .F. ) ;
#3848 = CARTESIAN_POINT ( 'NONE',  ( -2.903621601783326067, 0.9828941596536137082, 3.389999999999999680 ) ) ;
#3849 = ORIENTED_EDGE ( 'NONE', *, *, #914, .F. ) ;
#3850 = CYLINDRICAL_SURFACE ( 'NONE', #6587, 0.2742690327345604362 ) ;
#3851 = FACE_OUTER_BOUND ( 'NONE', #778, .T. ) ;
#3852 = EDGE_CURVE ( 'NONE', #1726, #7729, #1070, .T. ) ;
#3853 = ORIENTED_EDGE ( 'NONE', *, *, #2608, .F. ) ;
#3854 = AXIS2_PLACEMENT_3D ( 'NONE', #2496, #6703, #7990 ) ;
#3855 = DIRECTION ( 'NONE',  ( 0.000000000000000000, 1.000000000000000000, 0.000000000000000000 ) ) ;
#3856 = DIRECTION ( 'NONE',  ( -0.000000000000000000, -0.000000000000000000, -1.000000000000000000 ) ) ;
#3857 = CARTESIAN_POINT ( 'NONE',  ( 2.649999999999999911, 1.225000000000001199, -3.389999999999999680 ) ) ;
#3858 = ORIENTED_EDGE ( 'NONE', *, *, #4680, .F. ) ;
#3859 = EDGE_CURVE ( 'NONE', #81, #951, #6741, .T. ) ;
#3860 =( LENGTH_UNIT ( ) NAMED_UNIT ( * ) SI_UNIT ( .MILLI., .METRE. ) );
#3861 = PRESENTATION_STYLE_ASSIGNMENT (( #2680 ) ) ;
#3862 = VERTEX_POINT ( 'NONE', #1614 ) ;
#3863 = AXIS2_PLACEMENT_3D ( 'NONE', #6895, #309, #3528 ) ;
#3864 = EDGE_LOOP ( 'NONE', ( #8363, #7436, #7229, #2300 ) ) ;
#3865 = VECTOR ( 'NONE', #8097, 1000.000000000000227 ) ;
#3866 = VECTOR ( 'NONE', #5345, 1000.000000000000000 ) ;
#3867 = ORIENTED_EDGE ( 'NONE', *, *, #3496, .F. ) ;
#3868 = DIRECTION ( 'NONE',  ( -1.000000000000000000, 0.000000000000000000, 0.000000000000000000 ) ) ;
#3869 = VERTEX_POINT ( 'NONE', #4235 ) ;
#3870 = CARTESIAN_POINT ( 'NONE',  ( -2.903621601783326067, 0.9828941596536137082, -2.959999999999999964 ) ) ;
#3871 = AXIS2_PLACEMENT_3D ( 'NONE', #4944, #5560, #4742 ) ;
#3872 = CARTESIAN_POINT ( 'NONE',  ( 2.649999999999997691, 1.075000000000001288, -5.099999999999996092 ) ) ;
#3873 = FILL_AREA_STYLE ('',( #5202 ) ) ;
#3874 = CIRCLE ( 'NONE', #8124, 0.1242690327345600532 ) ;
#3875 = VERTEX_POINT ( 'NONE', #7290 ) ;
#3876 = EDGE_CURVE ( 'NONE', #708, #1891, #1205, .T. ) ;
#3877 = CARTESIAN_POINT ( 'NONE',  ( 2.652822429843476826, 1.204917368148173740, 4.954282219532244014 ) ) ;
#3878 = ORIENTED_EDGE ( 'NONE', *, *, #8357, .F. ) ;
#3879 = DIRECTION ( 'NONE',  ( 0.08715574274765759688, -0.9961946980917455452, 0.000000000000000000 ) ) ;
#3880 = VECTOR ( 'NONE', #4149, 1000.000000000000000 ) ;
#3881 = ADVANCED_FACE ( 'NONE', ( #3950 ), #6866, .F. ) ;
#3882 = VERTEX_POINT ( 'NONE', #7094 ) ;
#3883 = ADVANCED_FACE ( 'NONE', ( #6794 ), #8255, .F. ) ;
#3884 = CARTESIAN_POINT ( 'NONE',  ( -2.649999999999999911, 1.225000000000001199, 4.230000000000000426 ) ) ;
#3885 = CARTESIAN_POINT ( 'NONE',  ( 2.649999999999999911, 1.075000000000001288, -0.8500000000000000888 ) ) ;
#3886 = ORIENTED_EDGE ( 'NONE', *, *, #368, .T. ) ;
#3887 = DIRECTION ( 'NONE',  ( -1.000000000000000000, 0.000000000000000000, 0.000000000000000000 ) ) ;
#3888 = ORIENTED_EDGE ( 'NONE', *, *, #3300, .F. ) ;
#3889 = EDGE_LOOP ( 'NONE', ( #511, #1401, #474, #4793, #7495, #415, #690, #427, #1374, #7638, #4782, #715 ) ) ;
#3890 = ORIENTED_EDGE ( 'NONE', *, *, #4002, .F. ) ;
#3891 = LINE ( 'NONE', #5854, #6767 ) ;
#3892 = LINE ( 'NONE', #2471, #1096 ) ;
#3893 = EDGE_CURVE ( 'NONE', #7448, #8199, #1084, .T. ) ;
#3894 = MANIFOLD_SOLID_BREP ( 'LPattern1[3]', #8285 ) ;
#3895 = VERTEX_POINT ( 'NONE', #5588 ) ;
#3896 = CARTESIAN_POINT ( 'NONE',  ( -2.649999999999999911, 1.225000000000001199, -4.230000000000000426 ) ) ;
#3897 = DIRECTION ( 'NONE',  ( -1.000000000000000000, 0.000000000000000000, 0.000000000000000000 ) ) ;
#3898 =( LENGTH_UNIT ( ) NAMED_UNIT ( * ) SI_UNIT ( .MILLI., .METRE. ) );
#3899 = CARTESIAN_POINT ( 'NONE',  ( 2.783586933657053564, 0.9507309672654410404, 2.120000000000000551 ) ) ;
#3900 = CARTESIAN_POINT ( 'NONE',  ( -2.649999999999999911, 1.075000000000001288, 0.8500000000000000888 ) ) ;
#3901 = DIRECTION ( 'NONE',  ( -0.9659258262890679791, 0.2588190451025220717, 0.000000000000000000 ) ) ;
#3902 = VECTOR ( 'NONE', #1948, 1000.000000000000000 ) ;
#3903 = CARTESIAN_POINT ( 'NONE',  ( 3.886926638587850924, 4.743384504624081899E-16, -2.959999999999999964 ) ) ;
#3904 = CARTESIAN_POINT ( 'NONE',  ( 3.364923542069633289, 0.3209860491535506677, 2.120000000000000551 ) ) ;
#3905 = PLANE ( 'NONE',  #5236 ) ;
#3906 = ORIENTED_EDGE ( 'NONE', *, *, #5713, .F. ) ;
#3907 = VERTEX_POINT ( 'NONE', #2998 ) ;
#3908 = DIRECTION ( 'NONE',  ( -0.9961946980917455452, 0.08715574274765833240, 0.000000000000000000 ) ) ;
#3909 = EDGE_LOOP ( 'NONE', ( #8048, #1681, #5563, #4845 ) ) ;
#3910 = VECTOR ( 'NONE', #7019, 1000.000000000000000 ) ;
#3911 = EDGE_CURVE ( 'NONE', #3554, #1007, #6863, .T. ) ;
#3912 = ORIENTED_EDGE ( 'NONE', *, *, #4341, .F. ) ;
#3913 = EDGE_CURVE ( 'NONE', #5760, #3454, #6663, .T. ) ;
#3914 = CARTESIAN_POINT ( 'NONE',  ( -3.899999999999999467, 0.1494292047137622814, -4.230000000000000426 ) ) ;
#3915 = CARTESIAN_POINT ( 'NONE',  ( 3.244888873943359897, 0.2888228567653777779, -0.4200000000000002620 ) ) ;
#3916 = ORIENTED_EDGE ( 'NONE', *, *, #7498, .T. ) ;
#3917 = DIRECTION ( 'NONE',  ( 0.9961946980917456562, 0.08715574274765761076, -0.000000000000000000 ) ) ;
#3918 = DIRECTION ( 'NONE',  ( 0.000000000000000000, 1.000000000000000000, 0.000000000000000000 ) ) ;
#3919 = LINE ( 'NONE', #5879, #4032 ) ;
#3920 = ORIENTED_EDGE ( 'NONE', *, *, #844, .T. ) ;
#3921 = ORIENTED_EDGE ( 'NONE', *, *, #6243, .T. ) ;
#3922 = ORIENTED_EDGE ( 'NONE', *, *, #660, .T. ) ;
#3923 = LINE ( 'NONE', #2656, #6647 ) ;
#3924 = AXIS2_PLACEMENT_3D ( 'NONE', #1529, #3588, #6119 ) ;
#3925 = LINE ( 'NONE', #2179, #947 ) ;
#3926 = AXIS2_PLACEMENT_3D ( 'NONE', #7640, #3940, #7776 ) ;
#3927 = EDGE_CURVE ( 'NONE', #5354, #350, #1036, .T. ) ;
#3928 = FACE_OUTER_BOUND ( 'NONE', #6774, .T. ) ;
#3929 = CARTESIAN_POINT ( 'NONE',  ( -2.410687842433212769, 2.000000000000000888, 4.991080853105648529 ) ) ;
#3930 =( GEOMETRIC_REPRESENTATION_CONTEXT ( 3 ) GLOBAL_UNCERTAINTY_ASSIGNED_CONTEXT ( ( #6649 ) ) GLOBAL_UNIT_ASSIGNED_CONTEXT ( ( #5358, #1743, #373 ) ) REPRESENTATION_CONTEXT ( 'NONE', 'WORKASPACE' ) );
#3931 = DIRECTION ( 'NONE',  ( 0.1391731009600657432, 0.9902680687415703620, 0.000000000000000000 ) ) ;
#3932 = PLANE ( 'NONE',  #1057 ) ;
#3933 = ORIENTED_EDGE ( 'NONE', *, *, #7331, .T. ) ;
#3934 = ORIENTED_EDGE ( 'NONE', *, *, #3522, .T. ) ;
#3935 = DIRECTION ( 'NONE',  ( -0.000000000000000000, -0.000000000000000000, -1.000000000000000000 ) ) ;
#3936 = EDGE_LOOP ( 'NONE', ( #1987, #4534, #2690, #1658 ) ) ;
#3937 = CIRCLE ( 'NONE', #6697, 0.1499999999999998557 ) ;
#3938 = CARTESIAN_POINT ( 'NONE',  ( 2.903621601783326067, 0.9828941596536137082, 0.8500000000000000888 ) ) ;
#3939 = LINE ( 'NONE', #6259, #4082 ) ;
#3940 = DIRECTION ( 'NONE',  ( -0.000000000000000000, 0.000000000000000000, 1.000000000000000000 ) ) ;
#3941 = DIRECTION ( 'NONE',  ( -1.000000000000000000, 1.623215898148971142E-15, 0.000000000000000000 ) ) ;
#3942 = EDGE_CURVE ( 'NONE', #6563, #6131, #6604, .T. ) ;
#3943 = VECTOR ( 'NONE', #935, 1000.000000000000227 ) ;
#3944 = DIRECTION ( 'NONE',  ( -0.000000000000000000, -0.000000000000000000, -1.000000000000000000 ) ) ;
#3945 = VECTOR ( 'NONE', #959, 1000.000000000000000 ) ;
#3946 = EDGE_LOOP ( 'NONE', ( #3934, #165, #2963, #5857 ) ) ;
#3947 = AXIS2_PLACEMENT_3D ( 'NONE', #6244, #4836, #8108 ) ;
#3948 = ORIENTED_EDGE ( 'NONE', *, *, #4197, .T. ) ;
#3949 = ORIENTED_EDGE ( 'NONE', *, *, #3008, .T. ) ;
#3950 = FACE_OUTER_BOUND ( 'NONE', #1121, .T. ) ;
#3951 = AXIS2_PLACEMENT_3D ( 'NONE', #7604, #329, #1038 ) ;
#3952 = DIRECTION ( 'NONE',  ( -1.000000000000000000, 0.000000000000000000, 0.000000000000000000 ) ) ;
#3953 = VECTOR ( 'NONE', #7005, 1000.000000000000000 ) ;
#3954 = ADVANCED_FACE ( 'NONE', ( #7012 ), #7608, .F. ) ;
#3955 = CARTESIAN_POINT ( 'NONE',  ( -3.364923542069633289, 0.3209860491535506677, -2.959999999999999964 ) ) ;
#3956 = CARTESIAN_POINT ( 'NONE',  ( -3.899999999999999467, 0.1494292047137622814, -4.230000000000000426 ) ) ;
#3957 = DIRECTION ( 'NONE',  ( -0.000000000000000000, -0.000000000000000000, -1.000000000000000000 ) ) ;
#3958 = CARTESIAN_POINT ( 'NONE',  ( 3.354092782221119506, 0.1971898976063921616, 0.4200000000000002620 ) ) ;
#3959 = CARTESIAN_POINT ( 'NONE',  ( -2.783586933657053564, 0.9507309672654410404, -3.389999999999999680 ) ) ;
#3960 = CYLINDRICAL_SURFACE ( 'NONE', #1583, 0.1242690327345600532 ) ;
#3961 = DIRECTION ( 'NONE',  ( 1.000000000000000000, 0.000000000000000000, 0.000000000000000000 ) ) ;
#3962 = DIRECTION ( 'NONE',  ( 0.08715574274765759688, 0.9961946980917455452, 0.000000000000000000 ) ) ;
#3963 = CARTESIAN_POINT ( 'NONE',  ( 2.783586933657053564, 1.225000000000001199, 4.660000000000000142 ) ) ;
#3964 = VERTEX_POINT ( 'NONE', #637 ) ;
#3965 = ORIENTED_EDGE ( 'NONE', *, *, #4258, .T. ) ;
#3966 = CARTESIAN_POINT ( 'NONE',  ( -2.500484260976134632, 1.075000000000001732, 5.100000000000004974 ) ) ;
#3967 = VERTEX_POINT ( 'NONE', #1310 ) ;
#3968 = SURFACE_STYLE_FILL_AREA ( #508 ) ;
#3969 = VECTOR ( 'NONE', #3137, 1000.000000000000000 ) ;
#3970 = EDGE_CURVE ( 'NONE', #2877, #650, #7092, .T. ) ;
#3971 = EDGE_CURVE ( 'NONE', #2147, #1868, #4240, .T. ) ;
#3972 = DIRECTION ( 'NONE',  ( -0.000000000000000000, -0.000000000000000000, -1.000000000000000000 ) ) ;
#3973 = SURFACE_STYLE_USAGE ( .BOTH. , #1470 ) ;
#3974 = ADVANCED_FACE ( 'NONE', ( #4218 ), #7656, .F. ) ;
#3975 = DIRECTION ( 'NONE',  ( 0.000000000000000000, -0.000000000000000000, -1.000000000000000000 ) ) ;
#3976 = AXIS2_PLACEMENT_3D ( 'NONE', #4902, #4213, #7578 ) ;
#3977 = LINE ( 'NONE', #7342, #1233 ) ;
#3978 = CARTESIAN_POINT ( 'NONE',  ( 2.783586933657053564, 0.9507309672654410404, -3.389999999999999680 ) ) ;
#3979 = DIRECTION ( 'NONE',  ( 1.000000000000000000, 1.623215898148971142E-15, -0.000000000000000000 ) ) ;
#3980 = DIRECTION ( 'NONE',  ( -0.000000000000000000, -0.000000000000000000, -1.000000000000000000 ) ) ;
#3981 = ORIENTED_EDGE ( 'NONE', *, *, #2848, .F. ) ;
#3982 = ORIENTED_EDGE ( 'NONE', *, *, #317, .T. ) ;
#3983 = EDGE_LOOP ( 'NONE', ( #4201, #5096, #5461, #4217 ) ) ;
#3984 = LINE ( 'NONE', #4987, #1321 ) ;
#3985 = AXIS2_PLACEMENT_3D ( 'NONE', #6716, #7944, #1004 ) ;
#3986 = CARTESIAN_POINT ( 'NONE',  ( -3.048510475726686764, 1.021717016418992152, -1.690000000000000169 ) ) ;
#3987 = ADVANCED_FACE ( 'NONE', ( #6907 ), #4229, .T. ) ;
#3988 = EDGE_CURVE ( 'NONE', #8220, #3656, #1357, .T. ) ;
#3989 = FACE_OUTER_BOUND ( 'NONE', #7531, .T. ) ;
#3990 = CARTESIAN_POINT ( 'NONE',  ( 3.354092782221119506, 0.1971898976063921616, -4.660000000000000142 ) ) ;
#3991 = CARTESIAN_POINT ( 'NONE',  ( -2.649999999999999911, 1.075000000000001288, 1.690000000000000613 ) ) ;
#3992 = CARTESIAN_POINT ( 'NONE',  ( 3.341019420808970963, 0.04776069289263019935, -0.4200000000000002620 ) ) ;
#3993 = LINE ( 'NONE', #7851, #4184 ) ;
#3994 = ORIENTED_EDGE ( 'NONE', *, *, #7239, .F. ) ;
#3995 = ORIENTED_EDGE ( 'NONE', *, *, #5333, .T. ) ;
#3996 = DIRECTION ( 'NONE',  ( -0.000000000000000000, -0.000000000000000000, -1.000000000000000000 ) ) ;
#3997 = ORIENTED_EDGE ( 'NONE', *, *, #5135, .F. ) ;
#3998 = VECTOR ( 'NONE', #8394, 1000.000000000000000 ) ;
#3999 = LINE ( 'NONE', #1780, #3969 ) ;
#4000 = DIRECTION ( 'NONE',  ( -0.9961946980917455452, -0.08715574274765831853, 0.000000000000000000 ) ) ;
#4001 = DIRECTION ( 'NONE',  ( -0.000000000000000000, -0.000000000000000000, -1.000000000000000000 ) ) ;
#4002 = EDGE_CURVE ( 'NONE', #6143, #1459, #6969, .T. ) ;
#4003 = DIRECTION ( 'NONE',  ( -0.08715574274765831853, 0.9961946980917455452, 0.000000000000000000 ) ) ;
#4004 = VERTEX_POINT ( 'NONE', #2513 ) ;
#4005 = ORIENTED_EDGE ( 'NONE', *, *, #288, .F. ) ;
#4006 = ORIENTED_EDGE ( 'NONE', *, *, #2939, .F. ) ;
#4007 = VECTOR ( 'NONE', #3517, 1000.000000000000000 ) ;
#4008 = EDGE_LOOP ( 'NONE', ( #2212, #1243, #6805, #3922 ) ) ;
#4009 = AXIS2_PLACEMENT_3D ( 'NONE', #3117, #3060, #3748 ) ;
#4010 = DIRECTION ( 'NONE',  ( -0.000000000000000000, -0.000000000000000000, -1.000000000000000000 ) ) ;
#4011 = DIRECTION ( 'NONE',  ( 0.000000000000000000, -0.000000000000000000, -1.000000000000000000 ) ) ;
#4012 = DIRECTION ( 'NONE',  ( -0.2588190451025220717, 0.9659258262890678681, 0.000000000000000000 ) ) ;
#4013 = CARTESIAN_POINT ( 'NONE',  ( -2.649999999999999911, 1.075000000000001288, -1.690000000000000169 ) ) ;
#4014 = DIRECTION ( 'NONE',  ( -0.000000000000000000, -0.000000000000000000, -1.000000000000000000 ) ) ;
#4015 = COLOUR_RGB ( '',0.8000000000000000444, 0.8196078431372548767, 0.9333333333333333481 ) ;
#4016 = EDGE_CURVE ( 'NONE', #4020, #924, #1372, .T. ) ;
#4017 = DIRECTION ( 'NONE',  ( -1.000000000000000000, 0.000000000000000000, 0.000000000000000000 ) ) ;
#4018 = PLANE ( 'NONE',  #1794 ) ;
#4019 = EDGE_CURVE ( 'NONE', #6550, #2326, #1332, .T. ) ;
#4020 = VERTEX_POINT ( 'NONE', #1715 ) ;
#4021 = ORIENTED_EDGE ( 'NONE', *, *, #5054, .F. ) ;
#4022 = CARTESIAN_POINT ( 'NONE',  ( 3.354092782221119506, 0.1971898976063921616, -2.959999999999999964 ) ) ;
#4023 = ORIENTED_EDGE ( 'NONE', *, *, #7031, .F. ) ;
#4024 = LINE ( 'NONE', #4207, #4007 ) ;
#4025 = ADVANCED_FACE ( 'NONE', ( #7077 ), #1303, .T. ) ;
#4026 = PLANE ( 'NONE',  #2692 ) ;
#4027 = EDGE_CURVE ( 'NONE', #6185, #3425, #1485, .T. ) ;
#4028 = DIRECTION ( 'NONE',  ( 0.000000000000000000, -0.000000000000000000, -1.000000000000000000 ) ) ;
#4029 = DIRECTION ( 'NONE',  ( 0.000000000000000000, 0.000000000000000000, 1.000000000000000000 ) ) ;
#4030 = CARTESIAN_POINT ( 'NONE',  ( -2.649999999999999911, 1.075000000000001288, -0.4200000000000002620 ) ) ;
#4031 = AXIS2_PLACEMENT_3D ( 'NONE', #6671, #6428, #1251 ) ;
#4032 = VECTOR ( 'NONE', #130, 1000.000000000000000 ) ;
#4033 = VERTEX_POINT ( 'NONE', #2563 ) ;
#4034 = VERTEX_POINT ( 'NONE', #4022 ) ;
#4035 = EDGE_CURVE ( 'NONE', #5419, #5901, #6985, .T. ) ;
#4036 = VERTEX_POINT ( 'NONE', #4784 ) ;
#4037 = FACE_OUTER_BOUND ( 'NONE', #4382, .T. ) ;
#4038 = FACE_OUTER_BOUND ( 'NONE', #2377, .T. ) ;
#4039 = AXIS2_PLACEMENT_3D ( 'NONE', #5924, #4608, #7935 ) ;
#4040 = ORIENTED_EDGE ( 'NONE', *, *, #7617, .F. ) ;
#4041 = CARTESIAN_POINT ( 'NONE',  ( -3.048510475726686764, 1.021717016418992152, 3.389999999999999680 ) ) ;
#4042 = AXIS2_PLACEMENT_3D ( 'NONE', #1690, #6124, #6839 ) ;
#4043 = ADVANCED_FACE ( 'NONE', ( #7038 ), #15, .F. ) ;
#4044 = PRESENTATION_STYLE_ASSIGNMENT (( #4233 ) ) ;
#4045 = DIRECTION ( 'NONE',  ( 0.2588190451025219607, -0.9659258262890678681, 0.000000000000000000 ) ) ;
#4046 =( BOUNDED_CURVE ( )  B_SPLINE_CURVE ( 3, ( #8136, #3097, #1802, #5006 ),
 .UNSPECIFIED., .F., .F. ) 
 B_SPLINE_CURVE_WITH_KNOTS ( ( 4, 4 ),
 ( 6.273500125511116465, 6.283185307179586232 ),
 .UNSPECIFIED. ) 
 CURVE ( )  GEOMETRIC_REPRESENTATION_ITEM ( )  RATIONAL_B_SPLINE_CURVE ( ( 1.000000000000000000, 0.9999921831199466427, 0.9999921831199466427, 1.000000000000000000 ) ) 
 REPRESENTATION_ITEM ( '' )  );
#4047 = CARTESIAN_POINT ( 'NONE',  ( -3.244888873943359897, 0.2888228567653777779, 0.4200000000000002620 ) ) ;
#4048 = ORIENTED_EDGE ( 'NONE', *, *, #6675, .T. ) ;
#4049 = EDGE_LOOP ( 'NONE', ( #5816, #2439, #1851, #5758 ) ) ;
#4050 = DIRECTION ( 'NONE',  ( 0.2588190451025220717, 0.9659258262890678681, -0.000000000000000000 ) ) ;
#4051 = VERTEX_POINT ( 'NONE', #4732 ) ;
#4052 = LINE ( 'NONE', #5452, #1284 ) ;
#4053 = DIRECTION ( 'NONE',  ( 0.000000000000000000, -0.000000000000000000, -1.000000000000000000 ) ) ;
#4054 = CIRCLE ( 'NONE', #2543, 0.1242690327345600532 ) ;
#4055 = EDGE_CURVE ( 'NONE', #1346, #6238, #4252, .T. ) ;
#4056 = ORIENTED_EDGE ( 'NONE', *, *, #338, .F. ) ;
#4058 = ADVANCED_FACE ( 'NONE', ( #4178 ), #711, .F. ) ;
#4057 =( LENGTH_UNIT ( ) NAMED_UNIT ( * ) SI_UNIT ( .MILLI., .METRE. ) );
#4059 = DIRECTION ( 'NONE',  ( 0.08715574274765759688, -0.9961946980917455452, 0.000000000000000000 ) ) ;
#4060 = CIRCLE ( 'NONE', #2508, 0.2999999999999999334 ) ;
#4061 = EDGE_CURVE ( 'NONE', #809, #6860, #4305, .T. ) ;
#4062 = DIRECTION ( 'NONE',  ( 0.000000000000000000, 0.000000000000000000, 1.000000000000000000 ) ) ;
#4063 = VERTEX_POINT ( 'NONE', #1571 ) ;
#4064 = ORIENTED_EDGE ( 'NONE', *, *, #5480, .F. ) ;
#4065 = ORIENTED_EDGE ( 'NONE', *, *, #7733, .T. ) ;
#4066 = VECTOR ( 'NONE', #8081, 1000.000000000000000 ) ;
#4067 = DIRECTION ( 'NONE',  ( -0.9961946980917455452, -0.08715574274765840179, 0.000000000000000000 ) ) ;
#4068 = DIRECTION ( 'NONE',  ( -1.000000000000000000, 0.000000000000000000, 0.000000000000000000 ) ) ;
#4069 = CARTESIAN_POINT ( 'NONE',  ( 3.899999999999999467, 0.1494292047137622814, 4.230000000000000426 ) ) ;
#4070 = DIRECTION ( 'NONE',  ( 0.9659258262890679791, 0.2588190451025220717, 0.000000000000000000 ) ) ;
#4071 = AXIS2_PLACEMENT_3D ( 'NONE', #477, #2292, #3825 ) ;
#4072 = LINE ( 'NONE', #2711, #1348 ) ;
#4073 = CARTESIAN_POINT ( 'NONE',  ( -2.500484260976135964, 1.075000000000001288, -5.099999999999996092 ) ) ;
#4074 = DIRECTION ( 'NONE',  ( 1.000000000000000000, 0.000000000000000000, -1.636531581110195656E-16 ) ) ;
#4075 = SHAPE_DEFINITION_REPRESENTATION ( #5023, #681 ) ;
#4076 = ORIENTED_EDGE ( 'NONE', *, *, #3175, .F. ) ;
#4077 = ORIENTED_EDGE ( 'NONE', *, *, #2049, .T. ) ;
#4078 = EDGE_CURVE ( 'NONE', #5018, #4332, #6298, .T. ) ;
#4079 = CARTESIAN_POINT ( 'NONE',  ( 2.410687842433212769, 1.850000000000000977, 4.860687842433215167 ) ) ;
#4080 = ORIENTED_EDGE ( 'NONE', *, *, #703, .T. ) ;
#4081 = LINE ( 'NONE', #4808, #4066 ) ;
#4082 = VECTOR ( 'NONE', #1109, 1000.000000000000114 ) ;
#4083 = AXIS2_PLACEMENT_3D ( 'NONE', #2970, #3713, #3773 ) ;
#4084 = ADVANCED_FACE ( 'NONE', ( #7054 ), #1512, .F. ) ;
#4085 = VERTEX_POINT ( 'NONE', #7843 ) ;
#4086 = CARTESIAN_POINT ( 'NONE',  ( 2.649999999999999911, 1.075000000000001288, 2.120000000000000551 ) ) ;
#4087 = DIRECTION ( 'NONE',  ( 1.000000000000000000, -2.891205793294679411E-15, -3.343628375672286958E-29 ) ) ;
#4088 = DIRECTION ( 'NONE',  ( -0.000000000000000000, -0.000000000000000000, -1.000000000000000000 ) ) ;
#4089 = LINE ( 'NONE', #1552, #7002 ) ;
#4090 = DIRECTION ( 'NONE',  ( 0.000000000000000000, -1.000000000000000000, 0.000000000000000000 ) ) ;
#4091 = DIRECTION ( 'NONE',  ( 1.000000000000000000, 1.623215898148971142E-15, -0.000000000000000000 ) ) ;
#4092 = DIRECTION ( 'NONE',  ( -0.9961946980917455452, -0.08715574274765840179, 0.000000000000000000 ) ) ;
#4093 = STYLED_ITEM ( 'NONE', ( #7577 ), #828 ) ;
#4094 = ORIENTED_EDGE ( 'NONE', *, *, #580, .T. ) ;
#4095 = EDGE_LOOP ( 'NONE', ( #3995, #6982, #5745, #2959 ) ) ;
#4096 = EDGE_LOOP ( 'NONE', ( #7338, #6757, #5685, #8251 ) ) ;
#4097 = LINE ( 'NONE', #6964, #6941 ) ;
#4098 = LINE ( 'NONE', #3079, #3953 ) ;
#4099 = EDGE_CURVE ( 'NONE', #8348, #1216, #4162, .T. ) ;
#4100 = ORIENTED_EDGE ( 'NONE', *, *, #7841, .F. ) ;
#4101 = ADVANCED_FACE ( 'NONE', ( #4281 ), #2029, .F. ) ;
#4102 = CARTESIAN_POINT ( 'NONE',  ( -3.341019420808970963, 0.04776069289263019935, -2.959999999999999964 ) ) ;
#4103 = LINE ( 'NONE', #5851, #1171 ) ;
#4104 = CARTESIAN_POINT ( 'NONE',  ( 2.649999999999999911, 1.225000000000001199, -4.230000000000000426 ) ) ;
#4105 = DIRECTION ( 'NONE',  ( -1.000000000000000000, 0.000000000000000000, 0.000000000000000000 ) ) ;
#4106 = DIRECTION ( 'NONE',  ( -0.000000000000000000, -0.000000000000000000, -1.000000000000000000 ) ) ;
#4107 = ORIENTED_EDGE ( 'NONE', *, *, #2539, .F. ) ;
#4108 = ORIENTED_EDGE ( 'NONE', *, *, #4254, .F. ) ;
#4109 = CARTESIAN_POINT ( 'NONE',  ( -1.650000000000001243, 1.900000000000000799, -4.099999999999996092 ) ) ;
#4110 = ORIENTED_EDGE ( 'NONE', *, *, #3942, .T. ) ;
#4111 = LINE ( 'NONE', #6177, #7131 ) ;
#4112 = EDGE_CURVE ( 'NONE', #3907, #827, #1318, .T. ) ;
#4113 = CARTESIAN_POINT ( 'NONE',  ( -2.903621601783326067, 0.9828941596536137082, 4.230000000000000426 ) ) ;
#4114 = LINE ( 'NONE', #5146, #1207 ) ;
#4115 = ORIENTED_EDGE ( 'NONE', *, *, #4641, .F. ) ;
#4116 = ORIENTED_EDGE ( 'NONE', *, *, #2652, .F. ) ;
#4117 = EDGE_CURVE ( 'NONE', #4584, #4085, #1386, .T. ) ;
#4118 = ADVANCED_FACE ( 'NONE', ( #4292 ), #1517, .F. ) ;
#4119 = DIRECTION ( 'NONE',  ( 0.000000000000000000, -0.000000000000000000, -1.000000000000000000 ) ) ;
#4120 = CARTESIAN_POINT ( 'NONE',  ( -2.649999999999999911, 1.225000000000001199, -3.389999999999999680 ) ) ;
#4121 = LINE ( 'NONE', #3844, #6783 ) ;
#4122 = PRODUCT ( 'CD14538BNSR', 'CD14538BNSR', '', ( #3765 ) ) ;
#4123 = CARTESIAN_POINT ( 'NONE',  ( 2.649999999999999911, 1.225000000000001199, 0.8500000000000000888 ) ) ;
#4124 = FACE_OUTER_BOUND ( 'NONE', #2250, .T. ) ;
#4125 = VERTEX_POINT ( 'NONE', #4141 ) ;
#4126 = ORIENTED_EDGE ( 'NONE', *, *, #8160, .F. ) ;
#4127 = ORIENTED_EDGE ( 'NONE', *, *, #3852, .T. ) ;
#4128 = DIRECTION ( 'NONE',  ( -0.9659258262890679791, 0.2588190451025220717, 0.000000000000000000 ) ) ;
#4129 = ORIENTED_EDGE ( 'NONE', *, *, #4210, .F. ) ;
#4130 = EDGE_CURVE ( 'NONE', #136, #5714, #6998, .T. ) ;
#4131 = CARTESIAN_POINT ( 'NONE',  ( 2.649992964849197108, 1.225050057699017092, 4.951452754537964296 ) ) ;
#4132 = CARTESIAN_POINT ( 'NONE',  ( -2.649992964849198440, 1.074949942300985173, -4.951452754537958967 ) ) ;
#4133 = CARTESIAN_POINT ( 'NONE',  ( 3.048510475726686764, 1.021717016418992152, 0.8500000000000000888 ) ) ;
#4134 = DIRECTION ( 'NONE',  ( 0.000000000000000000, 0.000000000000000000, 1.000000000000000000 ) ) ;
#4135 = EDGE_CURVE ( 'NONE', #193, #7704, #4188, .T. ) ;
#4136 = ADVANCED_FACE ( 'NONE', ( #4037 ), #4250, .F. ) ;
#4137 =( BOUNDED_CURVE ( )  B_SPLINE_CURVE ( 3, ( #583, #5654, #7664, #1264 ),
 .UNSPECIFIED., .F., .F. ) 
 B_SPLINE_CURVE_WITH_KNOTS ( ( 4, 4 ),
 ( 2.365879671860815936, 3.917305635318770740 ),
 .UNSPECIFIED. ) 
 CURVE ( )  GEOMETRIC_REPRESENTATION_ITEM ( )  RATIONAL_B_SPLINE_CURVE ( ( 1.000000000000000000, 0.8092813118237105474, 0.8092813118237105474, 1.000000000000000000 ) ) 
 REPRESENTATION_ITEM ( '' )  );
#4138 = FACE_OUTER_BOUND ( 'NONE', #8092, .T. ) ;
#4139 = EDGE_LOOP ( 'NONE', ( #535, #6405, #6951, #898 ) ) ;
#4140 = CLOSED_SHELL ( 'NONE', ( #4437, #5255, #4904, #1174, #6641, #4586, #863, #895, #5007, #950, #6600, #1847, #560, #8041 ) ) ;
#4141 = CARTESIAN_POINT ( 'NONE',  ( -3.244888873943359897, 0.2888228567653777779, -2.120000000000000107 ) ) ;
#4142 = UNCERTAINTY_MEASURE_WITH_UNIT (LENGTH_MEASURE( 1.000000000000000082E-05 ), #4206, 'distance_accuracy_value', 'NONE');
#4143 = EDGE_LOOP ( 'NONE', ( #2050, #7797, #4198, #6481 ) ) ;
#4144 = VECTOR ( 'NONE', #8149, 1000.000000000000000 ) ;
#4145 = EDGE_CURVE ( 'NONE', #4474, #809, #7118, .T. ) ;
#4146 = VECTOR ( 'NONE', #5098, 1000.000000000000000 ) ;
#4147 = ORIENTED_EDGE ( 'NONE', *, *, #899, .T. ) ;
#4148 = AXIS2_PLACEMENT_3D ( 'NONE', #2831, #6166, #1667 ) ;
#4149 = DIRECTION ( 'NONE',  ( 0.000000000000000000, -0.000000000000000000, -1.000000000000000000 ) ) ;
#4150 = DIRECTION ( 'NONE',  ( -1.000000000000000000, 0.000000000000000000, 0.000000000000000000 ) ) ;
#4151 = EDGE_CURVE ( 'NONE', #843, #707, #4111, .T. ) ;
#4152 = CARTESIAN_POINT ( 'NONE',  ( -2.783586933657053564, 1.225000000000001199, -0.4200000000000002620 ) ) ;
#4153 = CARTESIAN_POINT ( 'NONE',  ( -3.048510475726686764, 1.021717016418992152, -2.959999999999999964 ) ) ;
#4154 = PLANE ( 'NONE',  #5405 ) ;
#4155 = AXIS2_PLACEMENT_3D ( 'NONE', #429, #3674, #4493 ) ;
#4156 = ADVANCED_FACE ( 'NONE', ( #6873 ), #1244, .T. ) ;
#4157 = VERTEX_POINT ( 'NONE', #1627 ) ;
#4158 = AXIS2_PLACEMENT_3D ( 'NONE', #984, #8088, #3677 ) ;
#4159 = VERTEX_POINT ( 'NONE', #2226 ) ;
#4160 = EDGE_CURVE ( 'NONE', #3702, #277, #4052, .T. ) ;
#4161 = ORIENTED_EDGE ( 'NONE', *, *, #7909, .F. ) ;
#4162 = LINE ( 'NONE', #5179, #7148 ) ;
#4163 = STYLED_ITEM ( 'NONE', ( #2464 ), #4918 ) ;
#4164 = COLOUR_RGB ( '',1.000000000000000000, 1.000000000000000000, 1.000000000000000000 ) ;
#4165 = ORIENTED_EDGE ( 'NONE', *, *, #2142, .T. ) ;
#4166 = CARTESIAN_POINT ( 'NONE',  ( -3.899999999999999467, 0.1494292047137622814, -2.959999999999999964 ) ) ;
#4167 = CARTESIAN_POINT ( 'NONE',  ( -2.783586933657053564, 0.9507309672654410404, 0.4200000000000002620 ) ) ;
#4168 = FACE_OUTER_BOUND ( 'NONE', #878, .T. ) ;
#4169 = EDGE_CURVE ( 'NONE', #5872, #1469, #6887, .T. ) ;
#4170 = AXIS2_PLACEMENT_3D ( 'NONE', #6207, #3662, #370 ) ;
#4171 = CARTESIAN_POINT ( 'NONE',  ( 3.364923542069633289, 0.3209860491535506677, -4.230000000000000426 ) ) ;
#4172 = COLOUR_RGB ( '',0.8000000000000000444, 0.8196078431372548767, 0.9333333333333333481 ) ;
#4173 = ORIENTED_EDGE ( 'NONE', *, *, #395, .T. ) ;
#4174 = AXIS2_PLACEMENT_3D ( 'NONE', #1767, #2370, #3747 ) ;
#4175 = ORIENTED_EDGE ( 'NONE', *, *, #1034, .F. ) ;
#4176 = DIRECTION ( 'NONE',  ( 0.000000000000000000, -0.000000000000000000, -1.000000000000000000 ) ) ;
#4177 = ORIENTED_EDGE ( 'NONE', *, *, #1518, .T. ) ;
#4178 = FACE_OUTER_BOUND ( 'NONE', #985, .T. ) ;
#4179 = ORIENTED_EDGE ( 'NONE', *, *, #3114, .F. ) ;
#4180 = EDGE_CURVE ( 'NONE', #872, #1119, #4081, .T. ) ;
#4181 = CARTESIAN_POINT ( 'NONE',  ( 2.783586933657053564, 0.9507309672654410404, -0.4200000000000002620 ) ) ;
#4182 = PLANE ( 'NONE',  #3951 ) ;
#4183 = DIRECTION ( 'NONE',  ( -0.000000000000000000, 0.000000000000000000, 1.000000000000000000 ) ) ;
#4184 = VECTOR ( 'NONE', #1630, 1000.000000000000000 ) ;
#4185 = EDGE_LOOP ( 'NONE', ( #3251, #3038, #4587, #4509 ) ) ;
#4186 = ORIENTED_EDGE ( 'NONE', *, *, #7778, .F. ) ;
#4187 = ORIENTED_EDGE ( 'NONE', *, *, #7971, .T. ) ;
#4188 = LINE ( 'NONE', #6827, #1270 ) ;
#4189 = DIRECTION ( 'NONE',  ( -1.000000000000000000, 0.000000000000000000, 0.000000000000000000 ) ) ;
#4190 = LINE ( 'NONE', #4104, #7025 ) ;
#4191 = ORIENTED_EDGE ( 'NONE', *, *, #7381, .T. ) ;
#4192 = DIRECTION ( 'NONE',  ( 1.000000000000000000, 0.000000000000000000, 0.000000000000000000 ) ) ;
#4193 = DIRECTION ( 'NONE',  ( 1.000000000000000000, 0.000000000000000000, 0.000000000000000000 ) ) ;
#4194 = DIRECTION ( 'NONE',  ( -0.2588190451025220717, 0.9659258262890678681, 0.000000000000000000 ) ) ;
#4195 = AXIS2_PLACEMENT_3D ( 'NONE', #7711, #1111, #7957 ) ;
#4196 = ADVANCED_FACE ( 'NONE', ( #4202, #6928 ), #2143, .T. ) ;
#4197 = EDGE_CURVE ( 'NONE', #2467, #7327, #4097, .T. ) ;
#4198 = ORIENTED_EDGE ( 'NONE', *, *, #3852, .F. ) ;
#4199 = ORIENTED_EDGE ( 'NONE', *, *, #6661, .T. ) ;
#4200 = DIRECTION ( 'NONE',  ( 0.000000000000000000, 0.000000000000000000, 1.000000000000000000 ) ) ;
#4201 = ORIENTED_EDGE ( 'NONE', *, *, #183, .F. ) ;
#4202 = FACE_BOUND ( 'NONE', #4859, .T. ) ;
#4203 = LINE ( 'NONE', #3990, #1400 ) ;
#4204 = ORIENTED_EDGE ( 'NONE', *, *, #8339, .T. ) ;
#4205 = AXIS2_PLACEMENT_3D ( 'NONE', #8120, #6835, #2855 ) ;
#4206 =( LENGTH_UNIT ( ) NAMED_UNIT ( * ) SI_UNIT ( .MILLI., .METRE. ) );
#4207 = CARTESIAN_POINT ( 'NONE',  ( -2.903621601783326067, 0.9828941596536137082, -1.690000000000000169 ) ) ;
#4208 = PLANE ( 'NONE',  #6659 ) ;
#4209 = CARTESIAN_POINT ( 'NONE',  ( -3.048510475726686764, 1.021717016418992152, -4.660000000000000142 ) ) ;
#4210 = EDGE_CURVE ( 'NONE', #2064, #3554, #1773, .T. ) ;
#4211 = DIRECTION ( 'NONE',  ( -1.000000000000000000, 0.000000000000000000, 0.000000000000000000 ) ) ;
#4212 = MANIFOLD_SOLID_BREP ( 'LPattern1[11]', #310 ) ;
#4213 = DIRECTION ( 'NONE',  ( -5.839238655789085775E-15, 0.000000000000000000, -1.000000000000000000 ) ) ;
#4214 = ORIENTED_EDGE ( 'NONE', *, *, #8087, .F. ) ;
#4215 = ORIENTED_EDGE ( 'NONE', *, *, #1960, .T. ) ;
#4216 = DIRECTION ( 'NONE',  ( 0.000000000000000000, 0.000000000000000000, 1.000000000000000000 ) ) ;
#4217 = ORIENTED_EDGE ( 'NONE', *, *, #127, .T. ) ;
#4218 = FACE_OUTER_BOUND ( 'NONE', #5109, .T. ) ;
#4219 = LINE ( 'NONE', #5364, #7055 ) ;
#4220 = EDGE_LOOP ( 'NONE', ( #6201, #4345, #3441, #3538 ) ) ;
#4221 = CARTESIAN_POINT ( 'NONE',  ( -3.048510475726686764, 1.021717016418992152, 1.690000000000000613 ) ) ;
#4222 = DIRECTION ( 'NONE',  ( -0.000000000000000000, 1.000000000000000000, -0.000000000000000000 ) ) ;
#4223 = EDGE_CURVE ( 'NONE', #4034, #6495, #4409, .T. ) ;
#4224 = DIRECTION ( 'NONE',  ( 0.000000000000000000, 1.000000000000000000, 0.000000000000000000 ) ) ;
#4225 = ORIENTED_EDGE ( 'NONE', *, *, #5390, .T. ) ;
#4226 = ORIENTED_EDGE ( 'NONE', *, *, #3683, .F. ) ;
#4227 = CARTESIAN_POINT ( 'NONE',  ( -1.650000000000001243, 1.900000000000000799, -4.099999999999996092 ) ) ;
#4228 = VERTEX_POINT ( 'NONE', #3469 ) ;
#4229 = CYLINDRICAL_SURFACE ( 'NONE', #4527, 0.1499999999999999667 ) ;
#4230 = CARTESIAN_POINT ( 'NONE',  ( -2.649154974055153655, 1.068987327977420243, 5.037973030627476589 ) ) ;
#4231 = VECTOR ( 'NONE', #3705, 1000.000000000000000 ) ;
#4232 = VERTEX_POINT ( 'NONE', #2345 ) ;
#4233 = SURFACE_STYLE_USAGE ( .BOTH. , #5910 ) ;
#4234 = DIRECTION ( 'NONE',  ( -0.9961946980917455452, -0.08715574274765840179, 0.000000000000000000 ) ) ;
#4235 = CARTESIAN_POINT ( 'NONE',  ( 3.899999999999999467, 0.1494292047137622814, -0.4200000000000002620 ) ) ;
#4236 = EDGE_LOOP ( 'NONE', ( #168, #504, #1411, #485 ) ) ;
#4237 = ORIENTED_EDGE ( 'NONE', *, *, #4414, .F. ) ;
#4238 = EDGE_CURVE ( 'NONE', #6860, #5434, #1673, .T. ) ;
#4239 = ORIENTED_EDGE ( 'NONE', *, *, #6176, .T. ) ;
#4240 = LINE ( 'NONE', #442, #1426 ) ;
#4241 = DIRECTION ( 'NONE',  ( -1.000000000000000000, 1.623215898148971142E-15, 0.000000000000000000 ) ) ;
#4242 = LINE ( 'NONE', #2071, #1437 ) ;
#4243 = ORIENTED_EDGE ( 'NONE', *, *, #6549, .F. ) ;
#4244 = DIRECTION ( 'NONE',  ( 0.000000000000000000, -0.000000000000000000, -1.000000000000000000 ) ) ;
#4245 = CARTESIAN_POINT ( 'NONE',  ( -3.364923542069633289, 0.3209860491535506677, -2.120000000000000107 ) ) ;
#4246 = CARTESIAN_POINT ( 'NONE',  ( -3.099999999999999645, 0.2499999999999996392, 1.690000000000000613 ) ) ;
#4247 = EDGE_CURVE ( 'NONE', #6051, #3604, #7346, .T. ) ;
#4248 = ORIENTED_EDGE ( 'NONE', *, *, #4169, .T. ) ;
#4249 = VERTEX_POINT ( 'NONE', #4221 ) ;
#4250 = PLANE ( 'NONE',  #2612 ) ;
#4251 = ORIENTED_EDGE ( 'NONE', *, *, #1880, .T. ) ;
#4252 = LINE ( 'NONE', #3373, #1448 ) ;
#4253 = VECTOR ( 'NONE', #923, 1000.000000000000114 ) ;
#4254 = EDGE_CURVE ( 'NONE', #635, #421, #4420, .T. ) ;
#4255 = VERTEX_POINT ( 'NONE', #5524 ) ;
#4256 =( GEOMETRIC_REPRESENTATION_CONTEXT ( 3 ) GLOBAL_UNCERTAINTY_ASSIGNED_CONTEXT ( ( #7569 ) ) GLOBAL_UNIT_ASSIGNED_CONTEXT ( ( #5304, #4645, #6073 ) ) REPRESENTATION_CONTEXT ( 'NONE', 'WORKASPACE' ) );
#4257 = DIRECTION ( 'NONE',  ( 0.9961946980917455452, -0.08715574274765840179, 0.000000000000000000 ) ) ;
#4258 = EDGE_CURVE ( 'NONE', #1314, #7186, #7309, .T. ) ;
#4259 = AXIS2_PLACEMENT_3D ( 'NONE', #6062, #965, #6001 ) ;
#4260 = CARTESIAN_POINT ( 'NONE',  ( -2.649999999999999911, 1.075000000000001288, 2.959999999999999964 ) ) ;
#4261 = CARTESIAN_POINT ( 'NONE',  ( -2.410687842433213657, 0.4500000000000009548, -4.860687842433208061 ) ) ;
#4262 = DIRECTION ( 'NONE',  ( 0.000000000000000000, -0.000000000000000000, -1.000000000000000000 ) ) ;
#4263 = DIRECTION ( 'NONE',  ( 1.000000000000000000, -1.623215898148971339E-15, 0.000000000000000000 ) ) ;
#4264 = ORIENTED_EDGE ( 'NONE', *, *, #1935, .T. ) ;
#4265 = ORIENTED_EDGE ( 'NONE', *, *, #799, .T. ) ;
#4266 = CARTESIAN_POINT ( 'NONE',  ( -2.587973030627474191, 1.231012672022580912, -5.099154974055148948 ) ) ;
#4267 = ORIENTED_EDGE ( 'NONE', *, *, #4016, .T. ) ;
#4268 = VECTOR ( 'NONE', #4678, 1000.000000000000114 ) ;
#4269 = VECTOR ( 'NONE', #2097, 1000.000000000000114 ) ;
#4270 = ORIENTED_EDGE ( 'NONE', *, *, #8382, .F. ) ;
#4271 = CARTESIAN_POINT ( 'NONE',  ( -3.364923542069633289, 0.3209860491535506677, 3.389999999999999680 ) ) ;
#4272 = DIRECTION ( 'NONE',  ( -0.9659258262890679791, 0.2588190451025220717, 0.000000000000000000 ) ) ;
#4273 = EDGE_CURVE ( 'NONE', #4461, #6773, #1566, .T. ) ;
#4274 = DIRECTION ( 'NONE',  ( -0.000000000000000000, -0.000000000000000000, -1.000000000000000000 ) ) ;
#4275 = CARTESIAN_POINT ( 'NONE',  ( 2.649999999999999911, 1.075000000000001288, 4.950000000000003730 ) ) ;
#4276 = ORIENTED_EDGE ( 'NONE', *, *, #7259, .F. ) ;
#4277 = ORIENTED_EDGE ( 'NONE', *, *, #323, .F. ) ;
#4279 = EDGE_CURVE ( 'NONE', #707, #3521, #1659, .T. ) ;
#4278 = CARTESIAN_POINT ( 'NONE',  ( 2.649999999999999911, 1.075000000000001288, -0.4200000000000002620 ) ) ;
#4280 = ORIENTED_EDGE ( 'NONE', *, *, #2910, .F. ) ;
#4281 = FACE_OUTER_BOUND ( 'NONE', #2499, .T. ) ;
#4282 = DIRECTION ( 'NONE',  ( 0.9659258262890679791, -0.2588190451025219607, 0.000000000000000000 ) ) ;
#4283 = LINE ( 'NONE', #1961, #4451 ) ;
#4284 = ORIENTED_EDGE ( 'NONE', *, *, #7858, .T. ) ;
#4285 = CARTESIAN_POINT ( 'NONE',  ( -2.649999999999999911, 1.225000000000001199, -0.4200000000000002620 ) ) ;
#4286 = CARTESIAN_POINT ( 'NONE',  ( 2.649999999999999911, 1.225000000000001199, -1.690000000000000169 ) ) ;
#4287 = CARTESIAN_POINT ( 'NONE',  ( 2.783586933657053564, 0.9507309672654410404, 3.389999999999999680 ) ) ;
#4288 = VECTOR ( 'NONE', #7496, 1000.000000000000000 ) ;
#4289 = ORIENTED_EDGE ( 'NONE', *, *, #4273, .F. ) ;
#4290 = ORIENTED_EDGE ( 'NONE', *, *, #3988, .F. ) ;
#4291 = ORIENTED_EDGE ( 'NONE', *, *, #1230, .T. ) ;
#4292 = FACE_OUTER_BOUND ( 'NONE', #5319, .T. ) ;
#4293 = CARTESIAN_POINT ( 'NONE',  ( 2.649999999999999911, 1.225000000000001199, -4.230000000000000426 ) ) ;
#4294 = CYLINDRICAL_SURFACE ( 'NONE', #5122, 0.2742690327345604362 ) ;
#4295 = EDGE_CURVE ( 'NONE', #5088, #5974, #1594, .T. ) ;
#4296 = VERTEX_POINT ( 'NONE', #7970 ) ;
#4297 = CARTESIAN_POINT ( 'NONE',  ( -3.341019420808970963, 0.04776069289263030343, 3.389999999999999680 ) ) ;
#4298 = CARTESIAN_POINT ( 'NONE',  ( 7.954669160060334739E-16, 1.850000000000000977, 4.860687842433215167 ) ) ;
#4299 = DIRECTION ( 'NONE',  ( -0.000000000000000000, -0.000000000000000000, -1.000000000000000000 ) ) ;
#4300 = CYLINDRICAL_SURFACE ( 'NONE', #2062, 0.2742690327345599921 ) ;
#4301 = ORIENTED_EDGE ( 'NONE', *, *, #7341, .F. ) ;
#4302 = ORIENTED_EDGE ( 'NONE', *, *, #5038, .T. ) ;
#4303 = DIRECTION ( 'NONE',  ( 0.000000000000000000, -0.000000000000000000, -1.000000000000000000 ) ) ;
#4304 = ORIENTED_EDGE ( 'NONE', *, *, #5849, .F. ) ;
#4305 = LINE ( 'NONE', #3301, #4268 ) ;
#4306 = ORIENTED_EDGE ( 'NONE', *, *, #8297, .F. ) ;
#4307 = EDGE_CURVE ( 'NONE', #2478, #4584, #4535, .T. ) ;
#4308 = CARTESIAN_POINT ( 'NONE',  ( -2.649999999999999911, 1.075000000000001288, -3.389999999999999680 ) ) ;
#4309 = CARTESIAN_POINT ( 'NONE',  ( 3.364923542069633289, 0.3209860491535506677, 0.8500000000000000888 ) ) ;
#4310 = CARTESIAN_POINT ( 'NONE',  ( 2.783586933657053564, 0.9507309672654410404, 0.4200000000000002620 ) ) ;
#4311 = DIRECTION ( 'NONE',  ( 0.000000000000000000, -0.000000000000000000, -1.000000000000000000 ) ) ;
#4312 = CARTESIAN_POINT ( 'NONE',  ( -3.341019420808970963, 0.04776069289263019935, -3.389999999999999680 ) ) ;
#4313 = CARTESIAN_POINT ( 'NONE',  ( 3.244888873943359897, 0.2888228567653777779, -1.690000000000000169 ) ) ;
#4314 = CIRCLE ( 'NONE', #5016, 0.2742690327345599921 ) ;
#4315 = ORIENTED_EDGE ( 'NONE', *, *, #4577, .T. ) ;
#4316 = ORIENTED_EDGE ( 'NONE', *, *, #7799, .T. ) ;
#4317 = ORIENTED_EDGE ( 'NONE', *, *, #6598, .F. ) ;
#4318 = VERTEX_POINT ( 'NONE', #2293 ) ;
#4319 = CARTESIAN_POINT ( 'NONE',  ( 2.783586933657053564, 0.9507309672654410404, 4.660000000000000142 ) ) ;
#4320 = DIRECTION ( 'NONE',  ( -0.2588190451025219607, -0.9659258262890678681, 0.000000000000000000 ) ) ;
#4321 = CARTESIAN_POINT ( 'NONE',  ( -2.649999999999999911, 1.225000000000001199, 2.959999999999999964 ) ) ;
#4322 = EDGE_CURVE ( 'NONE', #1331, #2249, #7372, .T. ) ;
#4323 = DIRECTION ( 'NONE',  ( -0.000000000000000000, -0.000000000000000000, -1.000000000000000000 ) ) ;
#4324 = AXIS2_PLACEMENT_3D ( 'NONE', #6352, #8242, #1189 ) ;
#4325 = CARTESIAN_POINT ( 'NONE',  ( 2.649992964849194887, 1.225050057699017758, -4.951452754537959855 ) ) ;
#4326 = CIRCLE ( 'NONE', #4636, 0.2742690327345599921 ) ;
#4327 = ORIENTED_EDGE ( 'NONE', *, *, #5390, .F. ) ;
#4328 = VERTEX_POINT ( 'NONE', #4386 ) ;
#4329 = CARTESIAN_POINT ( 'NONE',  ( -3.354092782221119506, 0.1971898976063921616, 0.8500000000000000888 ) ) ;
#4330 = DIRECTION ( 'NONE',  ( -1.000000000000000000, 0.000000000000000000, 0.000000000000000000 ) ) ;
#4332 = VERTEX_POINT ( 'NONE', #5570 ) ;
#4331 = DIRECTION ( 'NONE',  ( -1.000000000000000000, 0.000000000000000000, 0.000000000000000000 ) ) ;
#4333 = VECTOR ( 'NONE', #5757, 1000.000000000000000 ) ;
#4334 = CARTESIAN_POINT ( 'NONE',  ( -2.903621601783326067, 0.9828941596536137082, 3.389999999999999680 ) ) ;
#4335 = VECTOR ( 'NONE', #6632, 1000.000000000000000 ) ;
#4336 = ORIENTED_EDGE ( 'NONE', *, *, #7414, .T. ) ;
#4337 = AXIS2_PLACEMENT_3D ( 'NONE', #1502, #6036, #5383 ) ;
#4338 = DIRECTION ( 'NONE',  ( -0.2588190451025220717, 0.9659258262890678681, 0.000000000000000000 ) ) ;
#4339 = ADVANCED_FACE ( 'NONE', ( #4597 ), #1578, .T. ) ;
#4340 = CARTESIAN_POINT ( 'NONE',  ( -2.783586933657053564, 1.075000000000001066, 0.4200000000000002620 ) ) ;
#4341 = EDGE_CURVE ( 'NONE', #7390, #978, #7426, .T. ) ;
#4342 = DIRECTION ( 'NONE',  ( -0.000000000000000000, 1.000000000000000000, -0.000000000000000000 ) ) ;
#4343 = LINE ( 'NONE', #990, #1185 ) ;
#4344 = ORIENTED_EDGE ( 'NONE', *, *, #2672, .F. ) ;
#4345 = ORIENTED_EDGE ( 'NONE', *, *, #1232, .F. ) ;
#4346 = ORIENTED_EDGE ( 'NONE', *, *, #2648, .F. ) ;
#4347 = VECTOR ( 'NONE', #921, 1000.000000000000000 ) ;
#4348 = DIRECTION ( 'NONE',  ( -1.623215898148971339E-15, 1.000000000000000000, 0.000000000000000000 ) ) ;
#4349 = LINE ( 'NONE', #2, #1541 ) ;
#4350 = ORIENTED_EDGE ( 'NONE', *, *, #1723, .T. ) ;
#4351 = DIRECTION ( 'NONE',  ( -1.000000000000000000, 0.000000000000000000, 0.000000000000000000 ) ) ;
#4352 = EDGE_CURVE ( 'NONE', #1313, #4892, #1721, .T. ) ;
#4353 = CARTESIAN_POINT ( 'NONE',  ( 3.341019420808970963, 0.04776069289263019935, 0.4200000000000002620 ) ) ;
#4354 = DIRECTION ( 'NONE',  ( -0.9961946980917455452, -0.08715574274765840179, 0.000000000000000000 ) ) ;
#4355 = CARTESIAN_POINT ( 'NONE',  ( 2.649999999999997691, 1.225000000000001199, -4.949999999999995737 ) ) ;
#4356 = CARTESIAN_POINT ( 'NONE',  ( -2.410687842433212325, 0.4500000000000009548, 4.860687842433216055 ) ) ;
#4357 = EDGE_CURVE ( 'NONE', #1520, #1575, #4462, .T. ) ;
#4358 = VECTOR ( 'NONE', #2228, 1000.000000000000227 ) ;
#4359 = ORIENTED_EDGE ( 'NONE', *, *, #7066, .F. ) ;
#4360 = ORIENTED_EDGE ( 'NONE', *, *, #6506, .T. ) ;
#4361 = ORIENTED_EDGE ( 'NONE', *, *, #4002, .T. ) ;
#4362 = VECTOR ( 'NONE', #469, 1000.000000000000000 ) ;
#4363 = AXIS2_PLACEMENT_3D ( 'NONE', #1547, #7441, #7493 ) ;
#4364 = VECTOR ( 'NONE', #6592, 1000.000000000000000 ) ;
#4365 = CLOSED_SHELL ( 'NONE', ( #4058, #8353, #4339, #627, #7042, #6855, #184, #4101, #6494, #4887, #4932, #5677, #5083, #1706 ) ) ;
#4366 = EDGE_CURVE ( 'NONE', #7034, #6109, #4483, .T. ) ;
#4367 = PRESENTATION_LAYER_ASSIGNMENT (  '', '', ( #4163 ) ) ;
#4368 = ADVANCED_FACE ( 'NONE', ( #7383 ), #4427, .F. ) ;
#4369 = CARTESIAN_POINT ( 'NONE',  ( -3.364923542069633289, 0.3209860491535506677, 2.120000000000000551 ) ) ;
#4370 = DIRECTION ( 'NONE',  ( -0.000000000000000000, 0.000000000000000000, 1.000000000000000000 ) ) ;
#4371 = DIRECTION ( 'NONE',  ( 1.000000000000000000, 0.000000000000000000, -1.636531581110195656E-16 ) ) ;
#4372 = DIRECTION ( 'NONE',  ( -0.9961946980917455452, 0.08715574274765838791, 0.000000000000000000 ) ) ;
#4373 = CARTESIAN_POINT ( 'NONE',  ( -3.354092782221119506, 0.1971898976063921616, -2.959999999999999964 ) ) ;
#4374 = CARTESIAN_POINT ( 'NONE',  ( 2.504282219532241172, 1.184041403004163717, 4.954282219532244014 ) ) ;
#4375 = LINE ( 'NONE', #7549, #4607 ) ;
#4376 = ORIENTED_EDGE ( 'NONE', *, *, #6598, .T. ) ;
#4377 = ORIENTED_EDGE ( 'NONE', *, *, #5696, .F. ) ;
#4378 = AXIS2_PLACEMENT_3D ( 'NONE', #4791, #5455, #241 ) ;
#4379 = ORIENTED_EDGE ( 'NONE', *, *, #7202, .T. ) ;
#4380 = LINE ( 'NONE', #7725, #7230 ) ;
#4381 = FACE_OUTER_BOUND ( 'NONE', #7270, .T. ) ;
#4382 = EDGE_LOOP ( 'NONE', ( #2802, #4688, #217, #2847, #5781, #7397, #7686, #7557, #2065, #7511, #7888, #102 ) ) ;
#4383 = DIRECTION ( 'NONE',  ( 0.9961946980917455452, -0.08715574274765831853, 0.000000000000000000 ) ) ;
#4384 = DIRECTION ( 'NONE',  ( -0.000000000000000000, 1.000000000000000000, -0.000000000000000000 ) ) ;
#4385 = CARTESIAN_POINT ( 'NONE',  ( -3.886926638587850924, 4.743384504624081899E-16, -4.660000000000000142 ) ) ;
#4386 = CARTESIAN_POINT ( 'NONE',  ( 2.649999999999999911, 1.225000000000001199, 2.959999999999999964 ) ) ;
#4387 = EDGE_CURVE ( 'NONE', #6459, #3639, #7325, .T. ) ;
#4388 = CARTESIAN_POINT ( 'NONE',  ( 3.354092782221119506, 0.1971898976063921616, 0.8500000000000000888 ) ) ;
#4389 = FACE_OUTER_BOUND ( 'NONE', #3116, .T. ) ;
#4390 = ORIENTED_EDGE ( 'NONE', *, *, #3666, .F. ) ;
#4391 = VERTEX_POINT ( 'NONE', #8327 ) ;
#4392 =( NAMED_UNIT ( * ) SI_UNIT ( $, .STERADIAN. ) SOLID_ANGLE_UNIT ( ) );
#4393 = CARTESIAN_POINT ( 'NONE',  ( -2.410687842433213657, 1.850000000000001199, -4.860687842433208061 ) ) ;
#4394 = DIRECTION ( 'NONE',  ( -1.000000000000000000, 0.000000000000000000, 0.000000000000000000 ) ) ;
#4395 = ORIENTED_EDGE ( 'NONE', *, *, #2955, .T. ) ;
#4396 =( NAMED_UNIT ( * ) SI_UNIT ( $, .STERADIAN. ) SOLID_ANGLE_UNIT ( ) );
#4397 = LINE ( 'NONE', #7247, #1462 ) ;
#4398 = ORIENTED_EDGE ( 'NONE', *, *, #338, .T. ) ;
#4399 = AXIS2_PLACEMENT_3D ( 'NONE', #409, #1114, #3707 ) ;
#4400 = CARTESIAN_POINT ( 'NONE',  ( -2.649999999999999911, 1.075000000000001288, 4.950000000000004619 ) ) ;
#4401 = STYLED_ITEM ( 'NONE', ( #2186 ), #6892 ) ;
#4402 = DIRECTION ( 'NONE',  ( -1.000000000000000000, 0.000000000000000000, 0.000000000000000000 ) ) ;
#4403 = EDGE_CURVE ( 'NONE', #7528, #1019, #4551, .T. ) ;
#4404 =( BOUNDED_CURVE ( )  B_SPLINE_CURVE ( 3, ( #4889, #7306, #4073, #7840 ),
 .UNSPECIFIED., .F., .F. ) 
 B_SPLINE_CURVE_WITH_KNOTS ( ( 4, 4 ),
 ( 3.131907471921324237, 3.141592653589793116 ),
 .UNSPECIFIED. ) 
 CURVE ( )  GEOMETRIC_REPRESENTATION_ITEM ( )  RATIONAL_B_SPLINE_CURVE ( ( 1.000000000000000000, 0.9999921831199466427, 0.9999921831199466427, 1.000000000000000000 ) ) 
 REPRESENTATION_ITEM ( '' )  );
#4405 = LINE ( 'NONE', #3109, #7356 ) ;
#4406 = ORIENTED_EDGE ( 'NONE', *, *, #905, .T. ) ;
#4407 = ORIENTED_EDGE ( 'NONE', *, *, #2262, .F. ) ;
#4408 = ORIENTED_EDGE ( 'NONE', *, *, #8364, .F. ) ;
#4409 = LINE ( 'NONE', #7588, #1697 ) ;
#4410 = ORIENTED_EDGE ( 'NONE', *, *, #6052, .F. ) ;
#4411 = DIRECTION ( 'NONE',  ( -1.000000000000000000, 0.000000000000000000, 0.000000000000000000 ) ) ;
#4412 = DIRECTION ( 'NONE',  ( 0.000000000000000000, 1.000000000000000000, 0.000000000000000000 ) ) ;
#4413 = CARTESIAN_POINT ( 'NONE',  ( 2.649999999999999911, 1.075000000000001288, -1.690000000000000169 ) ) ;
#4414 = EDGE_CURVE ( 'NONE', #821, #5787, #1731, .T. ) ;
#4415 = CIRCLE ( 'NONE', #336, 0.2742690327345604362 ) ;
#4416 = ORIENTED_EDGE ( 'NONE', *, *, #6686, .F. ) ;
#4417 = ORIENTED_EDGE ( 'NONE', *, *, #4684, .F. ) ;
#4418 = DIRECTION ( 'NONE',  ( -0.000000000000000000, 0.000000000000000000, 1.000000000000000000 ) ) ;
#4419 = ORIENTED_EDGE ( 'NONE', *, *, #7066, .T. ) ;
#4420 = CIRCLE ( 'NONE', #4439, 0.1242690327345600532 ) ;
#4421 = LINE ( 'NONE', #7332, #4269 ) ;
#4422 = EDGE_LOOP ( 'NONE', ( #6387, #6651, #295, #729 ) ) ;
#4423 = AXIS2_PLACEMENT_3D ( 'NONE', #5762, #2570, #6492 ) ;
#4424 = APPLICATION_PROTOCOL_DEFINITION ( 'draft international standard', 'automotive_design', 1998, #2331 ) ;
#4425 = CARTESIAN_POINT ( 'NONE',  ( -2.903621601783326067, 0.9828941596536137082, -4.660000000000000142 ) ) ;
#4426 = CARTESIAN_POINT ( 'NONE',  ( 2.410687842433210992, 0.4500000000000009548, -5.124849011667611744E-16 ) ) ;
#4427 = PLANE ( 'NONE',  #5908 ) ;
#4428 = EDGE_CURVE ( 'NONE', #3554, #1784, #4568, .T. ) ;
#4429 = DIRECTION ( 'NONE',  ( 0.9961946980917455452, 0.08715574274765833240, -0.000000000000000000 ) ) ;
#4430 = CARTESIAN_POINT ( 'NONE',  ( 2.649999999999999911, 1.075000000000001288, -1.690000000000000169 ) ) ;
#4431 = VECTOR ( 'NONE', #1864, 1000.000000000000000 ) ;
#4432 = ADVANCED_FACE ( 'NONE', ( #7218 ), #5669, .T. ) ;
#4433 = ORIENTED_EDGE ( 'NONE', *, *, #4099, .F. ) ;
#4434 = EDGE_CURVE ( 'NONE', #5566, #3485, #7398, .T. ) ;
#4435 = ORIENTED_EDGE ( 'NONE', *, *, #1252, .F. ) ;
#4436 = EDGE_LOOP ( 'NONE', ( #3258, #6216, #3118, #334 ) ) ;
#4437 = ADVANCED_FACE ( 'NONE', ( #7204 ), #1116, .F. ) ;
#4438 = PLANE ( 'NONE',  #2268 ) ;
#4439 = AXIS2_PLACEMENT_3D ( 'NONE', #4167, #3719, #8133 ) ;
#4440 = DIRECTION ( 'NONE',  ( -0.1378445374916288935, 0.9808148484639890308, 0.1378445374916289490 ) ) ;
#4441 = DIRECTION ( 'NONE',  ( -1.000000000000000000, 0.000000000000000000, 0.000000000000000000 ) ) ;
#4442 = STYLED_ITEM ( 'NONE', ( #2850 ), #2836 ) ;
#4443 = CYLINDRICAL_SURFACE ( 'NONE', #2880, 0.2742690327345604362 ) ;
#4444 = CARTESIAN_POINT ( 'NONE',  ( 3.899999999999999467, 0.1494292047137622814, 2.120000000000000551 ) ) ;
#4445 = DIRECTION ( 'NONE',  ( 0.000000000000000000, 1.000000000000000000, 0.000000000000000000 ) ) ;
#4446 = PLANE ( 'NONE',  #1110 ) ;
#4448 = ORIENTED_EDGE ( 'NONE', *, *, #5300, .T. ) ;
#4447 = CARTESIAN_POINT ( 'NONE',  ( -2.903621601783326067, 0.9828941596536137082, -0.4200000000000002620 ) ) ;
#4449 = CIRCLE ( 'NONE', #445, 0.1242690327345600532 ) ;
#4450 = CARTESIAN_POINT ( 'NONE',  ( 2.903621601783326067, 0.9828941596536137082, 0.4200000000000002620 ) ) ;
#4451 = VECTOR ( 'NONE', #7695, 1000.000000000000000 ) ;
#4452 = EDGE_CURVE ( 'NONE', #1784, #8231, #4380, .T. ) ;
#4453 = EDGE_LOOP ( 'NONE', ( #7626, #4359, #2830, #4638 ) ) ;
#4454 = CARTESIAN_POINT ( 'NONE',  ( -2.649999999999999911, 1.225000000000001199, 4.660000000000000142 ) ) ;
#4455 = MECHANICAL_DESIGN_GEOMETRIC_PRESENTATION_REPRESENTATION (  '', ( #6813 ), #252 ) ;
#4456 = DIRECTION ( 'NONE',  ( -0.000000000000000000, -0.000000000000000000, -1.000000000000000000 ) ) ;
#4457 = AXIS2_PLACEMENT_3D ( 'NONE', #3959, #7197, #6349 ) ;
#4458 = DIRECTION ( 'NONE',  ( -0.000000000000000000, -0.000000000000000000, -1.000000000000000000 ) ) ;
#4459 = CARTESIAN_POINT ( 'NONE',  ( -2.649999999999999911, 1.225000000000001199, 0.8500000000000000888 ) ) ;
#4460 = VECTOR ( 'NONE', #5231, 1000.000000000000000 ) ;
#4461 = VERTEX_POINT ( 'NONE', #4373 ) ;
#4462 = LINE ( 'NONE', #3770, #7409 ) ;
#4463 = CYLINDRICAL_SURFACE ( 'NONE', #7861, 0.1242690327345600532 ) ;
#4464 = ORIENTED_EDGE ( 'NONE', *, *, #4295, .F. ) ;
#4465 = FILL_AREA_STYLE ('',( #3801 ) ) ;
#4466 = CARTESIAN_POINT ( 'NONE',  ( -3.048510475726686764, 1.021717016418992152, 2.120000000000000551 ) ) ;
#4467 = ADVANCED_FACE ( 'NONE', ( #7257 ), #7271, .T. ) ;
#4468 = DIRECTION ( 'NONE',  ( -0.000000000000000000, -0.000000000000000000, -1.000000000000000000 ) ) ;
#4469 = EDGE_CURVE ( 'NONE', #8231, #5282, #4449, .T. ) ;
#4470 = DIRECTION ( 'NONE',  ( 0.000000000000000000, 0.1391731009600661872, 0.9902680687415701399 ) ) ;
#4471 = EDGE_CURVE ( 'NONE', #3307, #1982, #7281, .T. ) ;
#4472 = LINE ( 'NONE', #5091, #7343 ) ;
#4473 = CARTESIAN_POINT ( 'NONE',  ( -3.048510475726686764, 1.021717016418992152, 2.959999999999999964 ) ) ;
#4474 = VERTEX_POINT ( 'NONE', #8278 ) ;
#4475 = LINE ( 'NONE', #5897, #4335 ) ;
#4476 = ORIENTED_EDGE ( 'NONE', *, *, #6257, .T. ) ;
#4477 = PLANE ( 'NONE',  #1129 ) ;
#4478 = DIRECTION ( 'NONE',  ( -1.000000000000000000, 0.000000000000000000, 0.000000000000000000 ) ) ;
#4479 = DIRECTION ( 'NONE',  ( 0.000000000000000000, -0.000000000000000000, -1.000000000000000000 ) ) ;
#4480 = CARTESIAN_POINT ( 'NONE',  ( -1.650000000000001243, 1.900000000000000799, -4.099999999999996092 ) ) ;
#4481 = FACE_OUTER_BOUND ( 'NONE', #3682, .T. ) ;
#4482 = EDGE_LOOP ( 'NONE', ( #6128, #1720, #7292, #7486 ) ) ;
#4483 = LINE ( 'NONE', #2968, #1757 ) ;
#4484 = CIRCLE ( 'NONE', #2723, 0.1499999999999999667 ) ;
#4485 = EDGE_CURVE ( 'NONE', #1953, #4685, #4497, .T. ) ;
#4486 = ORIENTED_EDGE ( 'NONE', *, *, #1922, .F. ) ;
#4487 = PLANE ( 'NONE',  #7673 ) ;
#4488 = DIRECTION ( 'NONE',  ( -0.000000000000000000, -0.000000000000000000, -1.000000000000000000 ) ) ;
#4489 = CARTESIAN_POINT ( 'NONE',  ( -3.341019420808970963, 0.04776069289263019935, 0.8500000000000000888 ) ) ;
#4490 = LINE ( 'NONE', #13, #4460 ) ;
#4491 = DIRECTION ( 'NONE',  ( -0.08715574274765831853, 0.9961946980917455452, 0.000000000000000000 ) ) ;
#4492 = AXIS2_PLACEMENT_3D ( 'NONE', #788, #7803, #5945 ) ;
#4493 = DIRECTION ( 'NONE',  ( -1.000000000000000000, 0.000000000000000000, 0.000000000000000000 ) ) ;
#4494 = CARTESIAN_POINT ( 'NONE',  ( -2.649999999999999911, 1.075000000000001288, 4.660000000000000142 ) ) ;
#4495 = CARTESIAN_POINT ( 'NONE',  ( -2.649997654931401048, 1.074983313969896326, 4.950968516274158127 ) ) ;
#4496 = VERTEX_POINT ( 'NONE', #4531 ) ;
#4497 = LINE ( 'NONE', #3877, #2061 ) ;
#4498 = DIRECTION ( 'NONE',  ( -0.2588190451025219052, 0.9659258262890678681, 0.000000000000000000 ) ) ;
#4499 = LINE ( 'NONE', #5219, #7078 ) ;
#4500 = EDGE_LOOP ( 'NONE', ( #1002, #859, #6999, #6084 ) ) ;
#4501 = ADVANCED_FACE ( 'NONE', ( #4854 ), #5152, .F. ) ;
#4502 = EDGE_CURVE ( 'NONE', #441, #1224, #4777, .T. ) ;
#4503 = DIRECTION ( 'NONE',  ( -0.08715574274765838791, -0.9961946980917455452, 0.000000000000000000 ) ) ;
#4504 = DIRECTION ( 'NONE',  ( 1.000000000000000000, 2.891205793294679411E-15, 1.671814187836143479E-29 ) ) ;
#4505 = CARTESIAN_POINT ( 'NONE',  ( -3.244888873943359897, 0.2888228567653777779, 2.120000000000000551 ) ) ;
#4506 = DIRECTION ( 'NONE',  ( -0.000000000000000000, 0.000000000000000000, 1.000000000000000000 ) ) ;
#4507 = CYLINDRICAL_SURFACE ( 'NONE', #5164, 0.1242690327345600532 ) ;
#4508 = EDGE_LOOP ( 'NONE', ( #8143, #8218, #7253, #6740 ) ) ;
#4509 = ORIENTED_EDGE ( 'NONE', *, *, #4387, .T. ) ;
#4510 = DIRECTION ( 'NONE',  ( 0.000000000000000000, -0.000000000000000000, -1.000000000000000000 ) ) ;
#4511 = FILL_AREA_STYLE_COLOUR ( '', #1085 ) ;
#4512 = DIRECTION ( 'NONE',  ( 0.000000000000000000, -0.000000000000000000, -1.000000000000000000 ) ) ;
#4513 = DIRECTION ( 'NONE',  ( -0.000000000000000000, -0.000000000000000000, -1.000000000000000000 ) ) ;
#4514 = DIRECTION ( 'NONE',  ( -0.000000000000000000, -0.000000000000000000, -1.000000000000000000 ) ) ;
#4515 = EDGE_CURVE ( 'NONE', #8348, #4391, #7611, .T. ) ;
#4516 =( NAMED_UNIT ( * ) SI_UNIT ( $, .STERADIAN. ) SOLID_ANGLE_UNIT ( ) );
#4517 = CIRCLE ( 'NONE', #5271, 0.2742690327345604362 ) ;
#4518 = CARTESIAN_POINT ( 'NONE',  ( 2.649999999999999911, 1.225000000000001199, -0.4200000000000002620 ) ) ;
#4519 = ORIENTED_EDGE ( 'NONE', *, *, #1656, .F. ) ;
#4520 = COLOUR_RGB ( '',0.8000000000000000444, 0.8196078431372548767, 0.9333333333333333481 ) ;
#4521 = EDGE_CURVE ( 'NONE', #4625, #7168, #4763, .T. ) ;
#4522 = FACE_OUTER_BOUND ( 'NONE', #4980, .T. ) ;
#4523 = VERTEX_POINT ( 'NONE', #7176 ) ;
#4524 = ADVANCED_FACE ( 'NONE', ( #4806 ), #5203, .T. ) ;
#4525 = AXIS2_PLACEMENT_3D ( 'NONE', #8036, #6692, #162 ) ;
#4526 = DIRECTION ( 'NONE',  ( -0.000000000000000000, -0.000000000000000000, -1.000000000000000000 ) ) ;
#4527 = AXIS2_PLACEMENT_3D ( 'NONE', #2363, #3797, #2308 ) ;
#4528 = DIRECTION ( 'NONE',  ( 0.9961946980917455452, 0.08715574274765833240, -0.000000000000000000 ) ) ;
#4529 = EDGE_CURVE ( 'NONE', #1044, #1685, #7512, .T. ) ;
#4530 = SURFACE_SIDE_STYLE ('',( #5238 ) ) ;
#4531 = CARTESIAN_POINT ( 'NONE',  ( 2.410687842433210548, 0.4291240348559910989, -5.009228052744443715 ) ) ;
#4532 = CARTESIAN_POINT ( 'NONE',  ( 3.364923542069633289, 0.3209860491535506677, 2.120000000000000551 ) ) ;
#4533 = FACE_OUTER_BOUND ( 'NONE', #7386, .T. ) ;
#4534 = ORIENTED_EDGE ( 'NONE', *, *, #2592, .F. ) ;
#4535 = CIRCLE ( 'NONE', #2145, 0.1242690327345600532 ) ;
#4536 = CIRCLE ( 'NONE', #2625, 0.2742690327345604362 ) ;
#4537 = ORIENTED_EDGE ( 'NONE', *, *, #8280, .T. ) ;
#4538 = DIRECTION ( 'NONE',  ( -1.000000000000000000, 0.000000000000000000, 0.000000000000000000 ) ) ;
#4539 = CARTESIAN_POINT ( 'NONE',  ( -1.650000000000001243, 1.900000000000000799, -4.099999999999996092 ) ) ;
#4540 = AXIS2_PLACEMENT_3D ( 'NONE', #8158, #1722, #2320 ) ;
#4541 = CARTESIAN_POINT ( 'NONE',  ( 3.048510475726686764, 1.021717016418992152, -1.690000000000000169 ) ) ;
#4542 = ADVANCED_FACE ( 'NONE', ( #1983 ), #7529, .F. ) ;
#4543 = EDGE_CURVE ( 'NONE', #1564, #872, #4682, .T. ) ;
#4544 = DIRECTION ( 'NONE',  ( 0.000000000000000000, -0.000000000000000000, -1.000000000000000000 ) ) ;
#4545 = LINE ( 'NONE', #7057, #7378 ) ;
#4546 = MECHANICAL_DESIGN_GEOMETRIC_PRESENTATION_REPRESENTATION (  '', ( #7431 ), #8250 ) ;
#4547 = CARTESIAN_POINT ( 'NONE',  ( -3.364923542069633289, 0.3209860491535506677, -1.690000000000000169 ) ) ;
#4548 = CARTESIAN_POINT ( 'NONE',  ( 2.903621601783326067, 0.9828941596536137082, -3.389999999999999680 ) ) ;
#4549 = DIRECTION ( 'NONE',  ( 1.620604968260581562E-16, 0.1391731009600657432, 0.9902680687415703620 ) ) ;
#4550 = VERTEX_POINT ( 'NONE', #3266 ) ;
#4551 = LINE ( 'NONE', #7068, #7172 ) ;
#4552 = AXIS2_PLACEMENT_3D ( 'NONE', #3899, #1238, #5011 ) ;
#4553 = VERTEX_POINT ( 'NONE', #6574 ) ;
#4554 = DIRECTION ( 'NONE',  ( -0.2588190451025220162, -0.9659258262890678681, 0.000000000000000000 ) ) ;
#4555 = EDGE_CURVE ( 'NONE', #7035, #3307, #4670, .T. ) ;
#4556 = ORIENTED_EDGE ( 'NONE', *, *, #7259, .T. ) ;
#4557 = AXIS2_PLACEMENT_3D ( 'NONE', #4539, #7730, #6645 ) ;
#4558 = EDGE_CURVE ( 'NONE', #2540, #7050, #4651, .T. ) ;
#4559 = DIRECTION ( 'NONE',  ( -0.9961946980917456562, 0.08715574274765761076, 0.000000000000000000 ) ) ;
#4560 = CARTESIAN_POINT ( 'NONE',  ( -3.886926638587850924, 4.743384504624081899E-16, -0.4200000000000002620 ) ) ;
#4561 = DIRECTION ( 'NONE',  ( 0.2588190451025220717, 0.9659258262890678681, -0.000000000000000000 ) ) ;
#4562 = VECTOR ( 'NONE', #7671, 1000.000000000000000 ) ;
#4563 = EDGE_CURVE ( 'NONE', #2174, #7067, #4639, .T. ) ;
#4564 = MANIFOLD_SOLID_BREP ( 'LPattern1[6]', #2000 ) ;
#4565 = ADVANCED_FACE ( 'NONE', ( #7692 ), #4840, .T. ) ;
#4566 = AXIS2_PLACEMENT_3D ( 'NONE', #1011, #7954, #8118 ) ;
#4567 = ORIENTED_EDGE ( 'NONE', *, *, #4959, .T. ) ;
#4568 = LINE ( 'NONE', #8383, #1524 ) ;
#4569 = AXIS2_PLACEMENT_3D ( 'NONE', #8044, #6497, #1716 ) ;
#4570 = CIRCLE ( 'NONE', #7501, 0.1499999999999999667 ) ;
#4571 = EDGE_LOOP ( 'NONE', ( #5294, #1590, #4395, #7130 ) ) ;
#4572 = CARTESIAN_POINT ( 'NONE',  ( -2.650000000000001243, 1.075000000000001288, -5.099999999999995204 ) ) ;
#4573 = CARTESIAN_POINT ( 'NONE',  ( 2.783586933657053564, 0.9507309672654410404, 4.660000000000000142 ) ) ;
#4574 = VERTEX_POINT ( 'NONE', #875 ) ;
#4575 = ADVANCED_FACE ( 'NONE', ( #1826 ), #8029, .F. ) ;
#4576 = DIRECTION ( 'NONE',  ( 0.000000000000000000, 1.000000000000000000, 0.000000000000000000 ) ) ;
#4577 = EDGE_CURVE ( 'NONE', #3693, #5704, #4710, .T. ) ;
#4578 = CARTESIAN_POINT ( 'NONE',  ( 2.903621601783326067, 0.9828941596536137082, 2.120000000000000551 ) ) ;
#4579 = CARTESIAN_POINT ( 'NONE',  ( 2.903621601783326067, 0.9828941596536137082, -4.230000000000000426 ) ) ;
#4580 = DIRECTION ( 'NONE',  ( 0.000000000000000000, -0.000000000000000000, -1.000000000000000000 ) ) ;
#4581 = FACE_OUTER_BOUND ( 'NONE', #5303, .T. ) ;
#4582 = ORIENTED_EDGE ( 'NONE', *, *, #8325, .T. ) ;
#4583 = FACE_OUTER_BOUND ( 'NONE', #2102, .T. ) ;
#4584 = VERTEX_POINT ( 'NONE', #4814 ) ;
#4585 = ORIENTED_EDGE ( 'NONE', *, *, #6808, .T. ) ;
#4586 = ADVANCED_FACE ( 'NONE', ( #1877 ), #5963, .F. ) ;
#4587 = ORIENTED_EDGE ( 'NONE', *, *, #1542, .F. ) ;
#4588 = CARTESIAN_POINT ( 'NONE',  ( 2.783586933657053564, 0.9507309672654410404, -2.959999999999999964 ) ) ;
#4589 =( GEOMETRIC_REPRESENTATION_CONTEXT ( 3 ) GLOBAL_UNCERTAINTY_ASSIGNED_CONTEXT ( ( #5850 ) ) GLOBAL_UNIT_ASSIGNED_CONTEXT ( ( #5199, #530, #7009 ) ) REPRESENTATION_CONTEXT ( 'NONE', 'WORKASPACE' ) );
#4590 = PLANE ( 'NONE',  #1819 ) ;
#4591 = CARTESIAN_POINT ( 'NONE',  ( -3.899999999999999467, 0.1494292047137622814, 2.959999999999999964 ) ) ;
#4592 = EDGE_CURVE ( 'NONE', #2767, #2618, #1954, .T. ) ;
#4593 = DIRECTION ( 'NONE',  ( 1.000000000000000000, 0.000000000000000000, -0.000000000000000000 ) ) ;
#4594 = CARTESIAN_POINT ( 'NONE',  ( 3.048510475726686764, 1.021717016418992152, -0.8500000000000000888 ) ) ;
#4595 = LINE ( 'NONE', #632, #1536 ) ;
#4596 = ORIENTED_EDGE ( 'NONE', *, *, #8100, .F. ) ;
#4597 = FACE_OUTER_BOUND ( 'NONE', #1796, .T. ) ;
#4598 = ORIENTED_EDGE ( 'NONE', *, *, #5740, .T. ) ;
#4599 = ORIENTED_EDGE ( 'NONE', *, *, #3970, .F. ) ;
#4601 = ADVANCED_FACE ( 'NONE', ( #7566 ), #4868, .F. ) ;
#4600 = CARTESIAN_POINT ( 'NONE',  ( -3.099999999999999645, 0.2499999999999996392, 4.230000000000000426 ) ) ;
#4602 = CARTESIAN_POINT ( 'NONE',  ( -3.886926638587850924, 4.743384504624081899E-16, 3.389999999999999680 ) ) ;
#4603 = CARTESIAN_POINT ( 'NONE',  ( -3.048510475726686764, 1.021717016418992152, -4.230000000000000426 ) ) ;
#4604 = AXIS2_PLACEMENT_3D ( 'NONE', #4930, #5029, #5597 ) ;
#4605 = DIRECTION ( 'NONE',  ( -0.2588190451025220162, -0.9659258262890678681, 0.000000000000000000 ) ) ;
#4606 = EDGE_CURVE ( 'NONE', #3606, #5088, #1887, .T. ) ;
#4607 = VECTOR ( 'NONE', #8354, 1000.000000000000000 ) ;
#4608 = DIRECTION ( 'NONE',  ( -0.000000000000000000, -0.000000000000000000, -1.000000000000000000 ) ) ;
#4609 = DIRECTION ( 'NONE',  ( -0.2588190451025220162, -0.9659258262890678681, 0.000000000000000000 ) ) ;
#4610 = CARTESIAN_POINT ( 'NONE',  ( -3.048510475726686764, 1.021717016418992152, 0.8500000000000000888 ) ) ;
#4611 = ORIENTED_EDGE ( 'NONE', *, *, #5721, .T. ) ;
#4612 = PRESENTATION_STYLE_ASSIGNMENT (( #2192 ) ) ;
#4613 = DIRECTION ( 'NONE',  ( 0.9961946980917455452, -0.08715574274765840179, 0.000000000000000000 ) ) ;
#4614 = VERTEX_POINT ( 'NONE', #3415 ) ;
#4615 = ORIENTED_EDGE ( 'NONE', *, *, #554, .T. ) ;
#4616 = CARTESIAN_POINT ( 'NONE',  ( 3.886926638587850924, 4.743384504624081899E-16, -1.690000000000000169 ) ) ;
#4617 = CARTESIAN_POINT ( 'NONE',  ( -3.899999999999999467, 0.1494292047137622814, 4.660000000000000142 ) ) ;
#4618 = DIRECTION ( 'NONE',  ( -0.9961946980917456562, 0.08715574274765761076, 0.000000000000000000 ) ) ;
#4619 = CARTESIAN_POINT ( 'NONE',  ( -2.500968516274153952, 1.074983313969896770, 5.099997654931405222 ) ) ;
#4620 = VECTOR ( 'NONE', #436, 1000.000000000000000 ) ;
#4621 = EDGE_CURVE ( 'NONE', #5354, #1685, #7555, .T. ) ;
#4622 = ORIENTED_EDGE ( 'NONE', *, *, #404, .F. ) ;
#4623 = VECTOR ( 'NONE', #2919, 1000.000000000000000 ) ;
#4624 = FACE_OUTER_BOUND ( 'NONE', #1425, .T. ) ;
#4625 = VERTEX_POINT ( 'NONE', #6800 ) ;
#4626 =( NAMED_UNIT ( * ) PLANE_ANGLE_UNIT ( ) SI_UNIT ( $, .RADIAN. ) );
#4627 = ORIENTED_EDGE ( 'NONE', *, *, #4273, .T. ) ;
#4628 = EDGE_LOOP ( 'NONE', ( #1434, #7388, #7113, #7158 ) ) ;
#4629 = DIRECTION ( 'NONE',  ( -0.000000000000000000, 1.000000000000000000, -0.000000000000000000 ) ) ;
#4630 = CARTESIAN_POINT ( 'NONE',  ( -2.903621601783326067, 0.9828941596536137082, -2.959999999999999964 ) ) ;
#4631 = DIRECTION ( 'NONE',  ( -0.000000000000000000, -0.000000000000000000, -1.000000000000000000 ) ) ;
#4632 = AXIS2_PLACEMENT_3D ( 'NONE', #6974, #4445, #3837 ) ;
#4633 = DIRECTION ( 'NONE',  ( 1.000000000000000000, 0.000000000000000000, -1.636531581110195409E-16 ) ) ;
#4634 = LINE ( 'NONE', #6179, #7214 ) ;
#4635 = ADVANCED_FACE ( 'NONE', ( #1930 ), #5478, .F. ) ;
#4636 = AXIS2_PLACEMENT_3D ( 'NONE', #1660, #2654, #5312 ) ;
#4637 = CARTESIAN_POINT ( 'NONE',  ( 2.649999999999999911, 1.075000000000001288, -0.4200000000000002620 ) ) ;
#4638 = ORIENTED_EDGE ( 'NONE', *, *, #3084, .T. ) ;
#4639 = LINE ( 'NONE', #6635, #7682 ) ;
#4640 = VECTOR ( 'NONE', #5009, 1000.000000000000000 ) ;
#4641 = EDGE_CURVE ( 'NONE', #277, #441, #5450, .T. ) ;
#4642 = VERTEX_POINT ( 'NONE', #7029 ) ;
#4643 = ORIENTED_EDGE ( 'NONE', *, *, #6784, .T. ) ;
#4644 = ORIENTED_EDGE ( 'NONE', *, *, #5756, .T. ) ;
#4645 =( NAMED_UNIT ( * ) PLANE_ANGLE_UNIT ( ) SI_UNIT ( $, .RADIAN. ) );
#4646 = CARTESIAN_POINT ( 'NONE',  ( -3.048510475726686764, 1.021717016418992152, -0.4200000000000002620 ) ) ;
#4647 = DIRECTION ( 'NONE',  ( -0.000000000000000000, 1.000000000000000000, -0.000000000000000000 ) ) ;
#4648 = CARTESIAN_POINT ( 'NONE',  ( -2.410687842433212769, 0.4500000000000009548, 3.074909407000568328E-16 ) ) ;
#4649 = LINE ( 'NONE', #6945, #4785 ) ;
#4650 = EDGE_LOOP ( 'NONE', ( #5698, #2706, #2899, #1565 ) ) ;
#4651 = LINE ( 'NONE', #2703, #7487 ) ;
#4652 = LINE ( 'NONE', #4444, #4788 ) ;
#4653 = ORIENTED_EDGE ( 'NONE', *, *, #5508, .T. ) ;
#4654 = EDGE_LOOP ( 'NONE', ( #300, #4753, #12, #8061 ) ) ;
#4655 = ADVANCED_FACE ( 'NONE', ( #1938 ), #2252, .F. ) ;
#4656 = DIRECTION ( 'NONE',  ( -0.9961946980917455452, 0.08715574274765833240, 0.000000000000000000 ) ) ;
#4657 = VERTEX_POINT ( 'NONE', #1237 ) ;
#4658 = DIRECTION ( 'NONE',  ( -1.000000000000000000, 0.000000000000000000, 0.000000000000000000 ) ) ;
#4659 = DIRECTION ( 'NONE',  ( -0.000000000000000000, -0.000000000000000000, -1.000000000000000000 ) ) ;
#4660 = AXIS2_PLACEMENT_3D ( 'NONE', #6689, #7340, #1081 ) ;
#4661 = AXIS2_PLACEMENT_3D ( 'NONE', #6122, #6730, #8071 ) ;
#4662 = PLANE ( 'NONE',  #2544 ) ;
#4663 = CIRCLE ( 'NONE', #7163, 0.1242690327345600532 ) ;
#4664 = CARTESIAN_POINT ( 'NONE',  ( 2.649999999999999911, 1.075000000000001288, 0.8500000000000000888 ) ) ;
#4665 = CARTESIAN_POINT ( 'NONE',  ( -3.886926638587850924, 4.743384504624081899E-16, 0.4200000000000002620 ) ) ;
#4666 = DIRECTION ( 'NONE',  ( -2.125886612716675573E-16, -0.000000000000000000, -1.000000000000000000 ) ) ;
#4667 = DIRECTION ( 'NONE',  ( -1.000000000000000000, -1.623215898148971339E-15, 0.000000000000000000 ) ) ;
#4669 = ORIENTED_EDGE ( 'NONE', *, *, #7434, .F. ) ;
#4668 = CARTESIAN_POINT ( 'NONE',  ( -2.649999999999999911, 1.225000000000001199, -0.8500000000000000888 ) ) ;
#4670 = LINE ( 'NONE', #928, #7716 ) ;
#4671 = DIRECTION ( 'NONE',  ( -0.000000000000000000, -0.000000000000000000, -1.000000000000000000 ) ) ;
#4672 = ORIENTED_EDGE ( 'NONE', *, *, #3722, .F. ) ;
#4673 = ORIENTED_EDGE ( 'NONE', *, *, #897, .F. ) ;
#4674 = ADVANCED_FACE ( 'NONE', ( #4787 ), #3101, .F. ) ;
#4675 = CARTESIAN_POINT ( 'NONE',  ( 3.244888873943359897, 0.2888228567653777779, -0.8500000000000000888 ) ) ;
#4676 = DIRECTION ( 'NONE',  ( 0.000000000000000000, -0.000000000000000000, -1.000000000000000000 ) ) ;
#4677 = STYLED_ITEM ( 'NONE', ( #976 ), #5775 ) ;
#4678 = DIRECTION ( 'NONE',  ( -0.9961946980917455452, 0.08715574274765833240, 0.000000000000000000 ) ) ;
#4679 = VECTOR ( 'NONE', #7998, 1000.000000000000000 ) ;
#4680 = EDGE_CURVE ( 'NONE', #3562, #260, #7658, .T. ) ;
#4681 = ORIENTED_EDGE ( 'NONE', *, *, #1049, .T. ) ;
#4682 = CIRCLE ( 'NONE', #7763, 0.2742690327345599921 ) ;
#4683 = VECTOR ( 'NONE', #4722, 1000.000000000000000 ) ;
#4684 = EDGE_CURVE ( 'NONE', #1299, #3967, #1970, .T. ) ;
#4685 = VERTEX_POINT ( 'NONE', #1079 ) ;
#4686 = DIRECTION ( 'NONE',  ( 0.9961946980917455452, 0.08715574274765833240, -0.000000000000000000 ) ) ;
#4687 = DIRECTION ( 'NONE',  ( -0.000000000000000000, -0.000000000000000000, -1.000000000000000000 ) ) ;
#4688 = ORIENTED_EDGE ( 'NONE', *, *, #6103, .T. ) ;
#4689 = VERTEX_POINT ( 'NONE', #7648 ) ;
#4690 = CARTESIAN_POINT ( 'NONE',  ( -3.341019420808970963, 0.04776069289263019935, 2.959999999999999964 ) ) ;
#4691 = CARTESIAN_POINT ( 'NONE',  ( -2.903621601783326067, 0.9828941596536137082, 2.120000000000000551 ) ) ;
#4692 = DIRECTION ( 'NONE',  ( -1.000000000000000000, 0.000000000000000000, 0.000000000000000000 ) ) ;
#4693 = LINE ( 'NONE', #8316, #7607 ) ;
#4694 = AXIS2_PLACEMENT_3D ( 'NONE', #2702, #4224, #1489 ) ;
#4695 = CARTESIAN_POINT ( 'NONE',  ( -2.541080853105645243, 0.3000000000000009881, 4.860687842433215167 ) ) ;
#4696 = ORIENTED_EDGE ( 'NONE', *, *, #7622, .F. ) ;
#4697 = COLOUR_RGB ( '',0.8000000000000000444, 0.8196078431372548767, 0.9333333333333333481 ) ;
#4698 = CYLINDRICAL_SURFACE ( 'NONE', #5923, 0.1242690327345600532 ) ;
#4699 = EDGE_LOOP ( 'NONE', ( #7056, #1747, #605, #1499 ) ) ;
#4700 = ORIENTED_EDGE ( 'NONE', *, *, #5943, .F. ) ;
#4701 = VERTEX_POINT ( 'NONE', #3614 ) ;
#4702 = EDGE_CURVE ( 'NONE', #4496, #8391, #2010, .T. ) ;
#4703 = FILL_AREA_STYLE_COLOUR ( '', #1611 ) ;
#4704 = CARTESIAN_POINT ( 'NONE',  ( -3.886926638587850924, 4.743384504624081899E-16, 3.389999999999999680 ) ) ;
#4705 = CARTESIAN_POINT ( 'NONE',  ( -2.783586933657053564, 1.075000000000001066, -3.389999999999999680 ) ) ;
#4706 = DIRECTION ( 'NONE',  ( 0.000000000000000000, 0.000000000000000000, 1.000000000000000000 ) ) ;
#4707 = DIRECTION ( 'NONE',  ( -1.000000000000000000, 0.000000000000000000, -0.000000000000000000 ) ) ;
#4708 = ADVANCED_FACE ( 'NONE', ( #7668 ), #2046, .F. ) ;
#4709 = ORIENTED_EDGE ( 'NONE', *, *, #2116, .T. ) ;
#4710 = LINE ( 'NONE', #3480, #7459 ) ;
#4711 = FACE_OUTER_BOUND ( 'NONE', #2368, .T. ) ;
#4712 = EDGE_LOOP ( 'NONE', ( #1800, #7462, #7451, #7983, #7088, #5494, #4433, #3994, #7874, #7269, #3981, #4161 ) ) ;
#4713 = ORIENTED_EDGE ( 'NONE', *, *, #6127, .T. ) ;
#4714 = ADVANCED_FACE ( 'NONE', ( #7705 ), #4998, .F. ) ;
#4715 = DIRECTION ( 'NONE',  ( 0.08715574274765759688, 0.9961946980917455452, 0.000000000000000000 ) ) ;
#4716 = ORIENTED_EDGE ( 'NONE', *, *, #1626, .T. ) ;
#4717 = DIRECTION ( 'NONE',  ( -1.000000000000000000, 0.000000000000000000, 0.000000000000000000 ) ) ;
#4718 = EDGE_CURVE ( 'NONE', #1953, #3907, #2296, .T. ) ;
#4719 = CARTESIAN_POINT ( 'NONE',  ( -3.341019420808970963, 0.04776069289263030343, 4.230000000000000426 ) ) ;
#4720 = VECTOR ( 'NONE', #7456, 1000.000000000000000 ) ;
#4721 = CARTESIAN_POINT ( 'NONE',  ( -1.650000000000001243, 2.000000000000000888, -3.799999999999996270 ) ) ;
#4722 = DIRECTION ( 'NONE',  ( -0.000000000000000000, -0.000000000000000000, -1.000000000000000000 ) ) ;
#4723 = CARTESIAN_POINT ( 'NONE',  ( -3.244888873943359897, 0.2888228567653777779, 4.230000000000000426 ) ) ;
#4724 = ORIENTED_EDGE ( 'NONE', *, *, #5360, .T. ) ;
#4725 = CARTESIAN_POINT ( 'NONE',  ( 2.783586933657053564, 1.075000000000001066, 1.690000000000000613 ) ) ;
#4726 = LINE ( 'NONE', #4329, #4640 ) ;
#4727 = ORIENTED_EDGE ( 'NONE', *, *, #4160, .T. ) ;
#4728 = EDGE_LOOP ( 'NONE', ( #602, #3294, #822, #7458 ) ) ;
#4729 = ADVANCED_FACE ( 'NONE', ( #7772 ), #2196, .T. ) ;
#4730 = CARTESIAN_POINT ( 'NONE',  ( -2.500000000000001332, 1.225000000000001199, -5.099999999999995204 ) ) ;
#4731 = EDGE_CURVE ( 'NONE', #6610, #259, #4952, .T. ) ;
#4732 = CARTESIAN_POINT ( 'NONE',  ( -3.048510475726686764, 1.021717016418992152, -4.230000000000000426 ) ) ;
#4733 = LINE ( 'NONE', #2670, #4966 ) ;
#4734 = AXIS2_PLACEMENT_3D ( 'NONE', #982, #6688, #7339 ) ;
#4735 = ORIENTED_EDGE ( 'NONE', *, *, #1498, .T. ) ;
#4736 = VECTOR ( 'NONE', #5423, 1000.000000000000227 ) ;
#4737 = ORIENTED_EDGE ( 'NONE', *, *, #2049, .F. ) ;
#4738 = CARTESIAN_POINT ( 'NONE',  ( -2.652822429843478158, 1.204917368148173740, -4.954282219532236020 ) ) ;
#4739 = CARTESIAN_POINT ( 'NONE',  ( 3.354092782221119506, 0.1971898976063921616, -1.690000000000000169 ) ) ;
#4740 = ORIENTED_EDGE ( 'NONE', *, *, #897, .T. ) ;
#4741 = ADVANCED_FACE ( 'NONE', ( #2135 ), #7782, .T. ) ;
#4742 = DIRECTION ( 'NONE',  ( 1.000000000000000000, 0.000000000000000000, 0.000000000000000000 ) ) ;
#4743 = CARTESIAN_POINT ( 'NONE',  ( -3.899999999999999467, 0.1494292047137622814, 1.690000000000000613 ) ) ;
#4744 = CARTESIAN_POINT ( 'NONE',  ( -2.559228052744449311, 1.870875965144010777, -4.860687842433207173 ) ) ;
#4745 = DIRECTION ( 'NONE',  ( 1.000000000000000000, 0.000000000000000000, 0.000000000000000000 ) ) ;
#4746 = AXIS2_PLACEMENT_3D ( 'NONE', #3494, #4062, #6090 ) ;
#4747 = DIRECTION ( 'NONE',  ( -0.9961946980917455452, 0.08715574274765833240, 0.000000000000000000 ) ) ;
#4748 = EDGE_CURVE ( 'NONE', #6393, #4228, #7844, .T. ) ;
#4749 = UNCERTAINTY_MEASURE_WITH_UNIT (LENGTH_MEASURE( 1.000000000000000082E-05 ), #6040, 'distance_accuracy_value', 'NONE');
#4750 = EDGE_CURVE ( 'NONE', #1775, #7408, #4967, .T. ) ;
#4751 = LINE ( 'NONE', #1964, #7715 ) ;
#4752 = CARTESIAN_POINT ( 'NONE',  ( 2.649999999999999911, 1.075000000000001288, 4.660000000000000142 ) ) ;
#4753 = ORIENTED_EDGE ( 'NONE', *, *, #2103, .F. ) ;
#4754 = ORIENTED_EDGE ( 'NONE', *, *, #2840, .F. ) ;
#4755 = ORIENTED_EDGE ( 'NONE', *, *, #931, .F. ) ;
#4756 = CARTESIAN_POINT ( 'NONE',  ( -2.649999999999999911, 1.225000000000001199, 3.389999999999999680 ) ) ;
#4757 = CARTESIAN_POINT ( 'NONE',  ( -2.649999999999999911, 1.225000000000001199, 0.8500000000000000888 ) ) ;
#4758 = DIRECTION ( 'NONE',  ( 0.9961946980917455452, 0.08715574274765838791, 0.000000000000000000 ) ) ;
#4759 = DIRECTION ( 'NONE',  ( -0.000000000000000000, -0.000000000000000000, -1.000000000000000000 ) ) ;
#4760 = VECTOR ( 'NONE', #5277, 1000.000000000000114 ) ;
#4761 = EDGE_CURVE ( 'NONE', #4895, #8391, #7829, .T. ) ;
#4762 = ORIENTED_EDGE ( 'NONE', *, *, #2004, .F. ) ;
#4763 = LINE ( 'NONE', #1844, #1904 ) ;
#4764 = LINE ( 'NONE', #3896, #7581 ) ;
#4765 = EDGE_LOOP ( 'NONE', ( #1482, #4290, #3491, #7102 ) ) ;
#4766 = ORIENTED_EDGE ( 'NONE', *, *, #4180, .F. ) ;
#4767 = PLANE ( 'NONE',  #8040 ) ;
#4768 = AXIS2_PLACEMENT_3D ( 'NONE', #4965, #4282, #6747 ) ;
#4769 = CARTESIAN_POINT ( 'NONE',  ( 2.541080853105643023, 1.870875965144010999, -5.009228052744444604 ) ) ;
#4770 = AXIS2_PLACEMENT_3D ( 'NONE', #3160, #7834, #2606 ) ;
#4771 = DIRECTION ( 'NONE',  ( 0.000000000000000000, 0.000000000000000000, 1.000000000000000000 ) ) ;
#4772 = DIRECTION ( 'NONE',  ( -0.08715574274765759688, 0.9961946980917455452, 0.000000000000000000 ) ) ;
#4773 = FACE_OUTER_BOUND ( 'NONE', #2865, .T. ) ;
#4774 = ADVANCED_FACE ( 'NONE', ( #7883 ), #8293, .F. ) ;
#4775 = CARTESIAN_POINT ( 'NONE',  ( -3.899999999999999467, 0.1494292047137622814, -3.389999999999999680 ) ) ;
#4776 = ORIENTED_EDGE ( 'NONE', *, *, #6009, .F. ) ;
#4777 = LINE ( 'NONE', #7679, #4817 ) ;
#4778 = DIRECTION ( 'NONE',  ( -1.000000000000000000, 0.000000000000000000, 0.000000000000000000 ) ) ;
#4779 = CYLINDRICAL_SURFACE ( 'NONE', #6706, 0.2742690327345604362 ) ;
#4780 = EDGE_LOOP ( 'NONE', ( #1783, #4040, #5773, #3427 ) ) ;
#4781 = ORIENTED_EDGE ( 'NONE', *, *, #6156, .F. ) ;
#4782 = ORIENTED_EDGE ( 'NONE', *, *, #3625, .F. ) ;
#4783 = EDGE_CURVE ( 'NONE', #6503, #2224, #7896, .T. ) ;
#4784 = CARTESIAN_POINT ( 'NONE',  ( 3.899999999999999467, 0.1494292047137622814, -0.8500000000000000888 ) ) ;
#4785 = VECTOR ( 'NONE', #2278, 1000.000000000000000 ) ;
#4786 = ORIENTED_EDGE ( 'NONE', *, *, #3489, .T. ) ;
#4787 = FACE_OUTER_BOUND ( 'NONE', #4728, .T. ) ;
#4788 = VECTOR ( 'NONE', #2302, 1000.000000000000114 ) ;
#4789 = VERTEX_POINT ( 'NONE', #2667 ) ;
#4790 = DIRECTION ( 'NONE',  ( -1.000000000000000000, 0.000000000000000000, 0.000000000000000000 ) ) ;
#4791 = CARTESIAN_POINT ( 'NONE',  ( -2.783586933657053564, 0.9507309672654410404, 3.389999999999999680 ) ) ;
#4792 = ORIENTED_EDGE ( 'NONE', *, *, #7369, .T. ) ;
#4793 = ORIENTED_EDGE ( 'NONE', *, *, #4452, .F. ) ;
#4794 = DIRECTION ( 'NONE',  ( -0.9961946980917455452, -0.08715574274765831853, 0.000000000000000000 ) ) ;
#4795 = CARTESIAN_POINT ( 'NONE',  ( -7.954669160060322906E-16, 0.4500000000000009548, -4.860687842433207173 ) ) ;
#4796 = CARTESIAN_POINT ( 'NONE',  ( -2.649999999999999911, 1.225000000000001199, -1.690000000000000169 ) ) ;
#4797 = PLANE ( 'NONE',  #3274 ) ;
#4798 = DIRECTION ( 'NONE',  ( -1.000000000000000000, 0.000000000000000000, 0.000000000000000000 ) ) ;
#4799 = AXIS2_PLACEMENT_3D ( 'NONE', #5708, #6379, #8156 ) ;
#4800 = AXIS2_PLACEMENT_3D ( 'NONE', #7435, #1441, #1545 ) ;
#4801 = CARTESIAN_POINT ( 'NONE',  ( -2.649999999999999911, 1.225000000000001199, -2.959999999999999964 ) ) ;
#4802 = EDGE_CURVE ( 'NONE', #6809, #5515, #5055, .T. ) ;
#4803 = CIRCLE ( 'NONE', #7548, 0.2742690327345604362 ) ;
#4804 = PLANE ( 'NONE',  #1222 ) ;
#4805 = VERTEX_POINT ( 'NONE', #7137 ) ;
#4806 = FACE_OUTER_BOUND ( 'NONE', #6214, .T. ) ;
#4807 = LINE ( 'NONE', #5536, #4818 ) ;
#4808 = CARTESIAN_POINT ( 'NONE',  ( -3.048510475726686764, 1.021717016418992152, 4.660000000000000142 ) ) ;
#4809 = ORIENTED_EDGE ( 'NONE', *, *, #1684, .F. ) ;
#4810 = VERTEX_POINT ( 'NONE', #6537 ) ;
#4811 = DIRECTION ( 'NONE',  ( 1.000000000000000000, 0.000000000000000000, 0.000000000000000000 ) ) ;
#4812 = CARTESIAN_POINT ( 'NONE',  ( 3.244888873943359897, 0.2888228567653777779, -2.120000000000000107 ) ) ;
#4813 = DIRECTION ( 'NONE',  ( 0.000000000000000000, 0.000000000000000000, 1.000000000000000000 ) ) ;
#4814 = CARTESIAN_POINT ( 'NONE',  ( -2.783586933657053564, 1.075000000000001066, -0.4200000000000002620 ) ) ;
#4815 = EDGE_CURVE ( 'NONE', #6542, #3311, #4979, .T. ) ;
#4816 = VERTEX_POINT ( 'NONE', #5805 ) ;
#4817 = VECTOR ( 'NONE', #669, 1000.000000000000000 ) ;
#4818 = VECTOR ( 'NONE', #3043, 1000.000000000000000 ) ;
#4819 = ORIENTED_EDGE ( 'NONE', *, *, #2841, .F. ) ;
#4820 = ORIENTED_EDGE ( 'NONE', *, *, #7182, .F. ) ;
#4821 = CARTESIAN_POINT ( 'NONE',  ( 2.783586933657053564, 0.9507309672654410404, 0.8500000000000000888 ) ) ;
#4822 = PLANE ( 'NONE',  #2744 ) ;
#4823 = CARTESIAN_POINT ( 'NONE',  ( -3.364923542069633289, 0.3209860491535506677, -4.660000000000000142 ) ) ;
#4824 = MECHANICAL_DESIGN_GEOMETRIC_PRESENTATION_REPRESENTATION (  '', ( #6362 ), #2406 ) ;
#4825 = ADVANCED_FACE ( 'NONE', ( #2144 ), #5220, .T. ) ;
#4826 = PLANE ( 'NONE',  #269 ) ;
#4827 = LINE ( 'NONE', #7719, #1950 ) ;
#4828 = EDGE_CURVE ( 'NONE', #314, #2666, #7794, .T. ) ;
#4829 = DIRECTION ( 'NONE',  ( 0.9961946980917455452, 0.08715574274765838791, 0.000000000000000000 ) ) ;
#4830 = VERTEX_POINT ( 'NONE', #5926 ) ;
#4831 = CARTESIAN_POINT ( 'NONE',  ( -2.410687842433213213, 0.3000000000000009881, -4.860687842433206285 ) ) ;
#4832 = LINE ( 'NONE', #3750, #4919 ) ;
#4833 = EDGE_CURVE ( 'NONE', #1829, #6150, #4917, .T. ) ;
#4834 = ORIENTED_EDGE ( 'NONE', *, *, #4718, .F. ) ;
#4835 = ORIENTED_EDGE ( 'NONE', *, *, #6127, .F. ) ;
#4836 = DIRECTION ( 'NONE',  ( -0.9961946980917456562, 0.08715574274765761076, 0.000000000000000000 ) ) ;
#4837 = DIRECTION ( 'NONE',  ( 0.000000000000000000, 0.000000000000000000, -1.000000000000000000 ) ) ;
#4838 = AXIS2_PLACEMENT_3D ( 'NONE', #4319, #4996, #6273 ) ;
#4839 = ORIENTED_EDGE ( 'NONE', *, *, #4621, .F. ) ;
#4840 = CYLINDRICAL_SURFACE ( 'NONE', #8135, 0.2742690327345599921 ) ;
#4841 = EDGE_LOOP ( 'NONE', ( #5247, #5446, #2340, #2238 ) ) ;
#4842 = CARTESIAN_POINT ( 'NONE',  ( -2.783586933657053564, 0.9507309672654410404, 0.4200000000000002620 ) ) ;
#4843 = CARTESIAN_POINT ( 'NONE',  ( -2.903621601783326067, 0.9828941596536137082, 4.660000000000000142 ) ) ;
#4844 = UNCERTAINTY_MEASURE_WITH_UNIT (LENGTH_MEASURE( 1.000000000000000082E-05 ), #4925, 'distance_accuracy_value', 'NONE');
#4845 = ORIENTED_EDGE ( 'NONE', *, *, #5131, .T. ) ;
#4846 = ORIENTED_EDGE ( 'NONE', *, *, #868, .T. ) ;
#4847 = PLANE ( 'NONE',  #7353 ) ;
#4848 = EDGE_CURVE ( 'NONE', #3781, #400, #7859, .T. ) ;
#4849 = DIRECTION ( 'NONE',  ( 0.08715574274765759688, 0.9961946980917455452, 0.000000000000000000 ) ) ;
#4850 = PLANE ( 'NONE',  #2058 ) ;
#4851 = DIRECTION ( 'NONE',  ( 0.000000000000000000, 0.000000000000000000, 1.000000000000000000 ) ) ;
#4852 = DIRECTION ( 'NONE',  ( 1.000000000000000000, 0.000000000000000000, -0.000000000000000000 ) ) ;
#4853 = EDGE_LOOP ( 'NONE', ( #4094, #1385, #5472, #7863 ) ) ;
#4854 = FACE_OUTER_BOUND ( 'NONE', #6048, .T. ) ;
#4855 = CARTESIAN_POINT ( 'NONE',  ( 2.410687842433210548, 0.4500000000000009548, -4.860687842433208061 ) ) ;
#4856 = CYLINDRICAL_SURFACE ( 'NONE', #6547, 0.1242690327345600532 ) ;
#4857 = DIRECTION ( 'NONE',  ( 1.000000000000000000, 0.000000000000000000, 0.000000000000000000 ) ) ;
#4858 = ORIENTED_EDGE ( 'NONE', *, *, #1947, .F. ) ;
#4859 = EDGE_LOOP ( 'NONE', ( #7284, #1764 ) ) ;
#4860 = ADVANCED_FACE ( 'NONE', ( #2261 ), #1352, .F. ) ;
#4861 = EDGE_CURVE ( 'NONE', #5704, #6014, #2221, .T. ) ;
#4862 = EDGE_CURVE ( 'NONE', #8144, #5434, #5069, .T. ) ;
#4863 = CARTESIAN_POINT ( 'NONE',  ( 3.886926638587850924, 4.743384504624081899E-16, 2.120000000000000551 ) ) ;
#4864 = MANIFOLD_SOLID_BREP ( 'LPattern1[2]', #616 ) ;
#4865 = CARTESIAN_POINT ( 'NONE',  ( -2.783586933657053564, 1.075000000000001066, 2.120000000000000551 ) ) ;
#4866 = CARTESIAN_POINT ( 'NONE',  ( -3.886926638587850924, 4.743384504624081899E-16, -0.8500000000000000888 ) ) ;
#4867 = AXIS2_PLACEMENT_3D ( 'NONE', #1290, #1349, #6034 ) ;
#4868 = PLANE ( 'NONE',  #4734 ) ;
#4869 = FACE_OUTER_BOUND ( 'NONE', #1330, .T. ) ;
#4870 = EDGE_CURVE ( 'NONE', #1384, #742, #2110, .T. ) ;
#4871 = VERTEX_POINT ( 'NONE', #4723 ) ;
#4872 = VECTOR ( 'NONE', #5651, 1000.000000000000000 ) ;
#4873 = ORIENTED_EDGE ( 'NONE', *, *, #2884, .F. ) ;
#4874 = ORIENTED_EDGE ( 'NONE', *, *, #4750, .F. ) ;
#4875 = CARTESIAN_POINT ( 'NONE',  ( 3.341019420808970963, 0.04776069289263019935, 3.389999999999999680 ) ) ;
#4876 = CARTESIAN_POINT ( 'NONE',  ( 2.649999999999999911, 1.075000000000001288, -1.690000000000000169 ) ) ;
#4877 = CARTESIAN_POINT ( 'NONE',  ( -2.649999999999999911, 1.225000000000001199, 0.8500000000000000888 ) ) ;
#4878 = VECTOR ( 'NONE', #6976, 1000.000000000000000 ) ;
#4879 = CARTESIAN_POINT ( 'NONE',  ( -3.899999999999999467, 0.1494292047137622814, 0.4200000000000002620 ) ) ;
#4880 = ORIENTED_EDGE ( 'NONE', *, *, #17, .T. ) ;
#4881 = CARTESIAN_POINT ( 'NONE',  ( 2.504282219532239395, 1.115958596995838770, -4.954282219532236908 ) ) ;
#4882 = AXIS2_PLACEMENT_3D ( 'NONE', #6685, #8025, #5898 ) ;
#4883 = LINE ( 'NONE', #6169, #2136 ) ;
#4884 = VERTEX_POINT ( 'NONE', #4132 ) ;
#4885 = EDGE_LOOP ( 'NONE', ( #3438, #6223, #1395, #3805 ) ) ;
#4886 = EDGE_CURVE ( 'NONE', #3206, #1193, #2184, .T. ) ;
#4887 = ADVANCED_FACE ( 'NONE', ( #2273 ), #2018, .F. ) ;
#4888 = DIRECTION ( 'NONE',  ( -0.08715574274765759688, -0.9961946980917455452, 0.000000000000000000 ) ) ;
#4889 = CARTESIAN_POINT ( 'NONE',  ( -2.501452754537962786, 1.074949942300984729, -5.099992964849191956 ) ) ;
#4890 = SURFACE_STYLE_FILL_AREA ( #7651 ) ;
#4891 = ADVANCED_FACE ( 'NONE', ( #2234 ), #2118, .F. ) ;
#4892 = VERTEX_POINT ( 'NONE', #6762 ) ;
#4893 = VECTOR ( 'NONE', #326, 1000.000000000000114 ) ;
#4894 = AXIS2_PLACEMENT_3D ( 'NONE', #1528, #4029, #7319 ) ;
#4895 = VERTEX_POINT ( 'NONE', #7995 ) ;
#4896 =( NAMED_UNIT ( * ) PLANE_ANGLE_UNIT ( ) SI_UNIT ( $, .RADIAN. ) );
#4897 = ORIENTED_EDGE ( 'NONE', *, *, #5234, .T. ) ;
#4898 = DIRECTION ( 'NONE',  ( 1.000000000000000000, 0.000000000000000000, 0.000000000000000000 ) ) ;
#4899 = PLANE ( 'NONE',  #6324 ) ;
#4900 = EDGE_CURVE ( 'NONE', #7408, #4255, #5085, .T. ) ;
#4901 = CARTESIAN_POINT ( 'NONE',  ( 2.649997654931398827, 1.074983313969896326, -4.950968516274150133 ) ) ;
#4902 = CARTESIAN_POINT ( 'NONE',  ( 2.410687842433210548, 1.850000000000000977, -4.860687842433208061 ) ) ;
#4903 = FACE_OUTER_BOUND ( 'NONE', #5178, .T. ) ;
#4904 = ADVANCED_FACE ( 'NONE', ( #7922 ), #7933, .T. ) ;
#4905 = CARTESIAN_POINT ( 'NONE',  ( -3.048510475726686764, 1.021717016418992152, 4.660000000000000142 ) ) ;
#4906 = VECTOR ( 'NONE', #6015, 1000.000000000000114 ) ;
#4907 = FACE_OUTER_BOUND ( 'NONE', #6392, .T. ) ;
#4908 = CARTESIAN_POINT ( 'NONE',  ( -2.783586933657053564, 0.9507309672654410404, 1.690000000000000613 ) ) ;
#4909 = VERTEX_POINT ( 'NONE', #5439 ) ;
#4910 = ORIENTED_EDGE ( 'NONE', *, *, #3053, .F. ) ;
#4911 = DIRECTION ( 'NONE',  ( -0.000000000000000000, -0.000000000000000000, -1.000000000000000000 ) ) ;
#4912 = DIRECTION ( 'NONE',  ( -0.9961946980917455452, 0.08715574274765838791, 0.000000000000000000 ) ) ;
#4913 = EDGE_CURVE ( 'NONE', #6423, #6165, #2338, .T. ) ;
#4914 = CARTESIAN_POINT ( 'NONE',  ( 2.783586933657053564, 0.9507309672654410404, -1.690000000000000169 ) ) ;
#4915 = CARTESIAN_POINT ( 'NONE',  ( -2.649999999999999911, 1.075000000000001288, 4.950000000000004619 ) ) ;
#4916 = LINE ( 'NONE', #2217, #4679 ) ;
#4917 = LINE ( 'NONE', #4548, #2088 ) ;
#4918 = MANIFOLD_SOLID_BREP ( 'Boss-Extrude4', #5699 ) ;
#4919 = VECTOR ( 'NONE', #340, 1000.000000000000000 ) ;
#4920 = VERTEX_POINT ( 'NONE', #4312 ) ;
#4921 = ORIENTED_EDGE ( 'NONE', *, *, #4926, .F. ) ;
#4922 = DIRECTION ( 'NONE',  ( -1.000000000000000000, 0.000000000000000000, 0.000000000000000000 ) ) ;
#4923 = EDGE_CURVE ( 'NONE', #6016, #3776, #566, .T. ) ;
#4924 = DIRECTION ( 'NONE',  ( 0.000000000000000000, 1.000000000000000000, 0.000000000000000000 ) ) ;
#4925 =( LENGTH_UNIT ( ) NAMED_UNIT ( * ) SI_UNIT ( .MILLI., .METRE. ) );
#4926 = EDGE_CURVE ( 'NONE', #2993, #464, #2364, .T. ) ;
#4927 = DIRECTION ( 'NONE',  ( -1.000000000000000000, 0.000000000000000000, 2.125886612716674587E-16 ) ) ;
#4928 = LINE ( 'NONE', #5999, #2096 ) ;
#4929 = CARTESIAN_POINT ( 'NONE',  ( -3.048510475726686764, 1.021717016418992152, 3.389999999999999680 ) ) ;
#4930 = CARTESIAN_POINT ( 'NONE',  ( 2.783586933657053564, 0.9507309672654410404, 4.230000000000000426 ) ) ;
#4931 = EDGE_LOOP ( 'NONE', ( #7820, #2227, #5111, #7819 ) ) ;
#4932 = ADVANCED_FACE ( 'NONE', ( #2436 ), #2423, .F. ) ;
#4933 = VERTEX_POINT ( 'NONE', #1638 ) ;
#4934 = CARTESIAN_POINT ( 'NONE',  ( -2.410687842433213213, 0.3000000000000009881, -4.991080853105640536 ) ) ;
#4935 = AXIS2_PLACEMENT_3D ( 'NONE', #5794, #3778, #3094 ) ;
#4936 = ORIENTED_EDGE ( 'NONE', *, *, #1569, .F. ) ;
#4937 = VECTOR ( 'NONE', #7904, 1000.000000000000000 ) ;
#4938 = EDGE_CURVE ( 'NONE', #3362, #4034, #5289, .T. ) ;
#4939 = ADVANCED_FACE ( 'NONE', ( #5416 ), #7322, .T. ) ;
#4940 = COLOUR_RGB ( '',0.8000000000000000444, 0.8196078431372548767, 0.9333333333333333481 ) ;
#4941 = VERTEX_POINT ( 'NONE', #1582 ) ;
#4942 = DIRECTION ( 'NONE',  ( -0.2588190451025220162, -0.9659258262890678681, 0.000000000000000000 ) ) ;
#4943 = ORIENTED_EDGE ( 'NONE', *, *, #5916, .T. ) ;
#4944 = CARTESIAN_POINT ( 'NONE',  ( -2.783586933657053564, 0.9507309672654410404, -2.959999999999999964 ) ) ;
#4945 = CARTESIAN_POINT ( 'NONE',  ( -2.504282219532241172, 1.184041403004163717, 4.954282219532244902 ) ) ;
#4946 = DIRECTION ( 'NONE',  ( -2.125886612716675573E-16, -0.000000000000000000, -1.000000000000000000 ) ) ;
#4947 = CARTESIAN_POINT ( 'NONE',  ( -3.364923542069633289, 0.3209860491535506677, 0.4200000000000002620 ) ) ;
#4948 = CARTESIAN_POINT ( 'NONE',  ( -2.783586933657053564, 0.9507309672654410404, 1.690000000000000613 ) ) ;
#4949 = LINE ( 'NONE', #646, #7945 ) ;
#4950 = DIRECTION ( 'NONE',  ( -0.9961946980917455452, 0.08715574274765833240, 0.000000000000000000 ) ) ;
#4951 = EDGE_CURVE ( 'NONE', #1591, #6309, #2526, .T. ) ;
#4952 = LINE ( 'NONE', #3786, #5015 ) ;
#4953 = FACE_OUTER_BOUND ( 'NONE', #2542, .T. ) ;
#4954 = DIRECTION ( 'NONE',  ( -0.000000000000000000, 0.000000000000000000, 1.000000000000000000 ) ) ;
#4955 = EDGE_LOOP ( 'NONE', ( #5534, #8035, #2303, #3401 ) ) ;
#4956 = AXIS2_PLACEMENT_3D ( 'NONE', #186, #7363, #4942 ) ;
#4957 = EDGE_LOOP ( 'NONE', ( #2932, #6049, #3753, #5832 ) ) ;
#4958 = AXIS2_PLACEMENT_3D ( 'NONE', #2371, #1150, #4411 ) ;
#4959 = EDGE_CURVE ( 'NONE', #290, #5600, #8045, .T. ) ;
#4960 = CARTESIAN_POINT ( 'NONE',  ( 3.354092782221119506, 0.1971898976063921616, 3.389999999999999680 ) ) ;
#4961 = DIRECTION ( 'NONE',  ( 0.000000000000000000, 0.000000000000000000, 1.000000000000000000 ) ) ;
#4962 = PLANE ( 'NONE',  #1882 ) ;
#4963 = CARTESIAN_POINT ( 'NONE',  ( 2.783586933657053564, 0.9507309672654410404, 4.660000000000000142 ) ) ;
#4964 = CARTESIAN_POINT ( 'NONE',  ( -2.783586933657053564, 0.9507309672654410404, -0.8500000000000000888 ) ) ;
#4965 = CARTESIAN_POINT ( 'NONE',  ( -3.048510475726686764, 1.021717016418992152, -2.959999999999999964 ) ) ;
#4966 = VECTOR ( 'NONE', #2837, 1000.000000000000227 ) ;
#4967 = LINE ( 'NONE', #7084, #5039 ) ;
#4968 = LINE ( 'NONE', #5084, #5071 ) ;
#4969 = ORIENTED_EDGE ( 'NONE', *, *, #6389, .F. ) ;
#4970 = ORIENTED_EDGE ( 'NONE', *, *, #7872, .F. ) ;
#4971 = DIRECTION ( 'NONE',  ( 0.000000000000000000, 0.000000000000000000, 1.000000000000000000 ) ) ;
#4972 = DIRECTION ( 'NONE',  ( 1.000000000000000000, 0.000000000000000000, -0.000000000000000000 ) ) ;
#4973 = DIRECTION ( 'NONE',  ( 0.08715574274765831853, 0.9961946980917455452, 0.000000000000000000 ) ) ;
#4974 = CARTESIAN_POINT ( 'NONE',  ( 2.410687842433211436, 1.850000000000000977, -5.124849011667612730E-16 ) ) ;
#4975 = EDGE_CURVE ( 'NONE', #1093, #6872, #8151, .T. ) ;
#4976 = LINE ( 'NONE', #2318, #2244 ) ;
#4977 = CARTESIAN_POINT ( 'NONE',  ( 2.783586933657053564, 1.225000000000001199, -0.8500000000000000888 ) ) ;
#4978 = PLANE ( 'NONE',  #7111 ) ;
#4979 = LINE ( 'NONE', #174, #2247 ) ;
#4980 = EDGE_LOOP ( 'NONE', ( #465, #5771, #1257, #5799 ) ) ;
#4981 = ORIENTED_EDGE ( 'NONE', *, *, #239, .F. ) ;
#4982 = STYLED_ITEM ( 'NONE', ( #8042 ), #1533 ) ;
#4983 = LINE ( 'NONE', #6101, #7792 ) ;
#4984 = EDGE_CURVE ( 'NONE', #4332, #6340, #5315, .T. ) ;
#4985 = ORIENTED_EDGE ( 'NONE', *, *, #7909, .T. ) ;
#4986 = CARTESIAN_POINT ( 'NONE',  ( 0.000000000000000000, 0.000000000000000000, 0.000000000000000000 ) ) ;
#4987 = CARTESIAN_POINT ( 'NONE',  ( -3.899999999999999467, 0.1494292047137622814, -4.230000000000000426 ) ) ;
#4988 = ADVANCED_FACE ( 'NONE', ( #5330 ), #2475, .T. ) ;
#4989 = ORIENTED_EDGE ( 'NONE', *, *, #6847, .T. ) ;
#4990 = DIRECTION ( 'NONE',  ( 0.08715574274765759688, -0.9961946980917455452, 0.000000000000000000 ) ) ;
#4991 = CARTESIAN_POINT ( 'NONE',  ( 2.410687842433211880, 0.3000000000000009881, 4.991080853105647641 ) ) ;
#4992 = DIRECTION ( 'NONE',  ( 0.1378445374916289490, -0.9808148484639890308, 0.1378445374916288935 ) ) ;
#4993 = CARTESIAN_POINT ( 'NONE',  ( 2.783586933657053564, 1.075000000000001066, -4.230000000000000426 ) ) ;
#4994 = DIRECTION ( 'NONE',  ( 0.000000000000000000, -0.000000000000000000, -1.000000000000000000 ) ) ;
#4995 = CIRCLE ( 'NONE', #4894, 0.2742690327345599921 ) ;
#4996 = DIRECTION ( 'NONE',  ( -0.000000000000000000, -0.000000000000000000, -1.000000000000000000 ) ) ;
#4997 = CARTESIAN_POINT ( 'NONE',  ( 2.559228052744447979, 1.870875965144010777, 4.991080853105647641 ) ) ;
#4998 = CYLINDRICAL_SURFACE ( 'NONE', #7000, 0.1242690327345600532 ) ;
#4999 = DIRECTION ( 'NONE',  ( 0.000000000000000000, -0.000000000000000000, -1.000000000000000000 ) ) ;
#5000 = LINE ( 'NONE', #110, #4872 ) ;
#5001 = EDGE_CURVE ( 'NONE', #4884, #6183, #5375, .T. ) ;
#5002 = CARTESIAN_POINT ( 'NONE',  ( -3.099999999999999645, 0.2499999999999996392, 3.389999999999999680 ) ) ;
#5003 = VERTEX_POINT ( 'NONE', #856 ) ;
#5004 = ORIENTED_EDGE ( 'NONE', *, *, #5576, .F. ) ;
#5005 = ORIENTED_EDGE ( 'NONE', *, *, #7758, .F. ) ;
#5006 = CARTESIAN_POINT ( 'NONE',  ( 2.499999999999997780, 1.225000000000001199, -5.099999999999996092 ) ) ;
#5007 = ADVANCED_FACE ( 'NONE', ( #7991 ), #8141, .T. ) ;
#5008 = DIRECTION ( 'NONE',  ( -1.000000000000000000, 0.000000000000000000, 0.000000000000000000 ) ) ;
#5009 = DIRECTION ( 'NONE',  ( -0.000000000000000000, -0.000000000000000000, -1.000000000000000000 ) ) ;
#5010 = CARTESIAN_POINT ( 'NONE',  ( -2.649992964849197108, 1.074949942300984729, 4.951452754537965184 ) ) ;
#5011 = DIRECTION ( 'NONE',  ( -1.000000000000000000, 0.000000000000000000, 0.000000000000000000 ) ) ;
#5012 = DIRECTION ( 'NONE',  ( -0.000000000000000000, -0.000000000000000000, -1.000000000000000000 ) ) ;
#5013 = LINE ( 'NONE', #63, #7977 ) ;
#5014 = STYLED_ITEM ( 'NONE', ( #6810 ), #3894 ) ;
#5015 = VECTOR ( 'NONE', #3729, 1000.000000000000114 ) ;
#5016 = AXIS2_PLACEMENT_3D ( 'NONE', #8388, #1343, #2005 ) ;
#5017 = ORIENTED_EDGE ( 'NONE', *, *, #1398, .T. ) ;
#5018 = VERTEX_POINT ( 'NONE', #2183 ) ;
#5019 = DIRECTION ( 'NONE',  ( 0.000000000000000000, -0.000000000000000000, -1.000000000000000000 ) ) ;
#5020 = DIRECTION ( 'NONE',  ( 1.000000000000000000, 0.000000000000000000, -0.000000000000000000 ) ) ;
#5021 = EDGE_CURVE ( 'NONE', #7412, #955, #8258, .T. ) ;
#5022 = VERTEX_POINT ( 'NONE', #2087 ) ;
#5023 = PRODUCT_DEFINITION_SHAPE ( 'NONE', 'NONE',  #5892 ) ;
#5024 = DIRECTION ( 'NONE',  ( 0.000000000000000000, -1.000000000000000000, 0.000000000000000000 ) ) ;
#5025 = CYLINDRICAL_SURFACE ( 'NONE', #1158, 0.1499999999999998834 ) ;
#5026 = CARTESIAN_POINT ( 'NONE',  ( -2.504282219532241172, 1.115958596995838770, 4.954282219532244902 ) ) ;
#5027 = DIRECTION ( 'NONE',  ( -1.623215898148971339E-15, 1.000000000000000000, 0.000000000000000000 ) ) ;
#5028 = VECTOR ( 'NONE', #4666, 1000.000000000000000 ) ;
#5029 = DIRECTION ( 'NONE',  ( -0.000000000000000000, -0.000000000000000000, -1.000000000000000000 ) ) ;
#5030 = AXIS2_PLACEMENT_3D ( 'NONE', #4454, #8300, #2460 ) ;
#5031 = ORIENTED_EDGE ( 'NONE', *, *, #6962, .T. ) ;
#5032 = ORIENTED_EDGE ( 'NONE', *, *, #3212, .F. ) ;
#5034 = VERTEX_POINT ( 'NONE', #3392 ) ;
#5033 = CARTESIAN_POINT ( 'NONE',  ( -2.649154974055154543, 1.068987327977420909, -5.037973030627469484 ) ) ;
#5035 = EDGE_CURVE ( 'NONE', #2326, #7308, #8031, .T. ) ;
#5036 = CARTESIAN_POINT ( 'NONE',  ( 2.783586933657053564, 0.9507309672654410404, -1.690000000000000169 ) ) ;
#5037 = AXIS2_PLACEMENT_3D ( 'NONE', #4480, #7122, #748 ) ;
#5038 = EDGE_CURVE ( 'NONE', #7936, #5670, #5471, .T. ) ;
#5039 = VECTOR ( 'NONE', #2987, 1000.000000000000000 ) ;
#5040 = VECTOR ( 'NONE', #8309, 1000.000000000000000 ) ;
#5041 = ORIENTED_EDGE ( 'NONE', *, *, #3237, .T. ) ;
#5042 =( NAMED_UNIT ( * ) SI_UNIT ( $, .STERADIAN. ) SOLID_ANGLE_UNIT ( ) );
#5043 = DIRECTION ( 'NONE',  ( 0.9961946980917455452, 0.08715574274765833240, -0.000000000000000000 ) ) ;
#5044 = VERTEX_POINT ( 'NONE', #6891 ) ;
#5045 = CARTESIAN_POINT ( 'NONE',  ( 2.649992964849197108, 1.074949942300985395, 4.951452754537966960 ) ) ;
#5046 = ORIENTED_EDGE ( 'NONE', *, *, #7369, .F. ) ;
#5047 = DIRECTION ( 'NONE',  ( -0.9961946980917455452, 0.08715574274765838791, 0.000000000000000000 ) ) ;
#5048 = CARTESIAN_POINT ( 'NONE',  ( 2.783586933657053564, 0.9507309672654410404, 3.389999999999999680 ) ) ;
#5049 = CARTESIAN_POINT ( 'NONE',  ( -3.341019420808970963, 0.04776069289263030343, -4.660000000000000142 ) ) ;
#5050 = CARTESIAN_POINT ( 'NONE',  ( -2.504282219532242504, 1.115958596995838770, -4.954282219532236020 ) ) ;
#5051 = VECTOR ( 'NONE', #1670, 1000.000000000000000 ) ;
#5052 = CARTESIAN_POINT ( 'NONE',  ( 3.341019420808970963, 0.04776069289263030343, 4.230000000000000426 ) ) ;
#5053 = CARTESIAN_POINT ( 'NONE',  ( -2.783586933657053564, 1.225000000000001199, -1.690000000000000169 ) ) ;
#5054 = EDGE_CURVE ( 'NONE', #4034, #6206, #8111, .T. ) ;
#5055 = LINE ( 'NONE', #7739, #5028 ) ;
#5056 = LINE ( 'NONE', #3691, #2100 ) ;
#5057 = ORIENTED_EDGE ( 'NONE', *, *, #4783, .F. ) ;
#5058 = ADVANCED_FACE ( 'NONE', ( #5361 ), #8166, .T. ) ;
#5059 = ORIENTED_EDGE ( 'NONE', *, *, #5961, .F. ) ;
#5060 = EDGE_CURVE ( 'NONE', #6791, #5668, #8017, .T. ) ;
#5061 = ORIENTED_EDGE ( 'NONE', *, *, #7051, .F. ) ;
#5062 = DIRECTION ( 'NONE',  ( -0.2588190451025220717, 0.9659258262890678681, 0.000000000000000000 ) ) ;
#5063 = CARTESIAN_POINT ( 'NONE',  ( 2.783586933657053564, 0.9507309672654410404, 4.230000000000000426 ) ) ;
#5064 = DIRECTION ( 'NONE',  ( -0.08715574274765759688, -0.9961946980917455452, 0.000000000000000000 ) ) ;
#5065 = DIRECTION ( 'NONE',  ( -8.126649509720501569E-16, -5.782411586589355667E-15, -1.000000000000000000 ) ) ;
#5066 = CARTESIAN_POINT ( 'NONE',  ( -2.500000000000001332, 1.225000000000001199, -5.099999999999995204 ) ) ;
#5067 = CARTESIAN_POINT ( 'NONE',  ( 3.048510475726686764, 1.021717016418992152, 4.230000000000000426 ) ) ;
#5068 = CIRCLE ( 'NONE', #4799, 0.1242690327345600532 ) ;
#5069 = LINE ( 'NONE', #1911, #5094 ) ;
#5070 = AXIS2_PLACEMENT_3D ( 'NONE', #6513, #7677, #8277 ) ;
#5071 = VECTOR ( 'NONE', #7753, 1000.000000000000000 ) ;
#5072 = EDGE_LOOP ( 'NONE', ( #3821, #1054, #1163, #1674, #6859, #6509 ) ) ;
#5073 = EDGE_LOOP ( 'NONE', ( #5621, #4302, #3151, #2978, #5977, #6433, #105, #10, #1550, #376, #2879, #301 ) ) ;
#5074 = CARTESIAN_POINT ( 'NONE',  ( -3.364923542069633289, 0.3209860491535506677, 2.120000000000000551 ) ) ;
#5075 = AXIS2_PLACEMENT_3D ( 'NONE', #5507, #8065, #4794 ) ;
#5076 = DIRECTION ( 'NONE',  ( 0.1378445374916293376, -0.9808148484639888087, -0.1378445374916303645 ) ) ;
#5077 = ORIENTED_EDGE ( 'NONE', *, *, #2947, .T. ) ;
#5078 = EDGE_CURVE ( 'NONE', #3590, #5727, #5267, .T. ) ;
#5079 = DIRECTION ( 'NONE',  ( 0.2588190451025219052, 0.9659258262890678681, 0.000000000000000000 ) ) ;
#5080 = ADVANCED_FACE ( 'NONE', ( #5388 ), #5402, .F. ) ;
#5081 = CYLINDRICAL_SURFACE ( 'NONE', #8198, 0.1242690327345600532 ) ;
#5082 =( LENGTH_UNIT ( ) NAMED_UNIT ( * ) SI_UNIT ( .MILLI., .METRE. ) );
#5083 = ADVANCED_FACE ( 'NONE', ( #5243 ), #2006, .T. ) ;
#5084 = CARTESIAN_POINT ( 'NONE',  ( -2.903621601783326067, 0.9828941596536137082, 0.8500000000000000888 ) ) ;
#5085 = LINE ( 'NONE', #2166, #5120 ) ;
#5086 = FACE_OUTER_BOUND ( 'NONE', #1458, .T. ) ;
#5087 = ORIENTED_EDGE ( 'NONE', *, *, #2272, .F. ) ;
#5088 = VERTEX_POINT ( 'NONE', #7125 ) ;
#5089 = ORIENTED_EDGE ( 'NONE', *, *, #6368, .F. ) ;
#5090 = EDGE_CURVE ( 'NONE', #3627, #5044, #5444, .T. ) ;
#5091 = CARTESIAN_POINT ( 'NONE',  ( 3.099999999999999645, 0.2499999999999996392, -4.230000000000000426 ) ) ;
#5092 = FACE_OUTER_BOUND ( 'NONE', #96, .T. ) ;
#5093 = ADVANCED_FACE ( 'NONE', ( #8246 ), #1399, .F. ) ;
#5094 = VECTOR ( 'NONE', #1962, 1000.000000000000000 ) ;
#5095 = CYLINDRICAL_SURFACE ( 'NONE', #7999, 0.1242690327345600532 ) ;
#5096 = ORIENTED_EDGE ( 'NONE', *, *, #5976, .F. ) ;
#5097 =( NAMED_UNIT ( * ) SI_UNIT ( $, .STERADIAN. ) SOLID_ANGLE_UNIT ( ) );
#5098 = DIRECTION ( 'NONE',  ( -1.000000000000000000, 0.000000000000000000, 0.000000000000000000 ) ) ;
#5099 = VERTEX_POINT ( 'NONE', #5157 ) ;
#5100 = CARTESIAN_POINT ( 'NONE',  ( 3.341019420808970963, 0.04776069289263030343, -0.4200000000000002620 ) ) ;
#5101 = ORIENTED_EDGE ( 'NONE', *, *, #6787, .F. ) ;
#5102 = CARTESIAN_POINT ( 'NONE',  ( 2.649999999999999911, 1.225000000000001199, -1.690000000000000169 ) ) ;
#5103 = PLANE ( 'NONE',  #699 ) ;
#5104 = EDGE_CURVE ( 'NONE', #7547, #6107, #8074, .T. ) ;
#5105 = ADVANCED_FACE ( 'NONE', ( #5457 ), #8389, .F. ) ;
#5106 = CARTESIAN_POINT ( 'NONE',  ( -1.650000000000001243, 1.900000000000000799, -4.099999999999996092 ) ) ;
#5107 = CYLINDRICAL_SURFACE ( 'NONE', #3565, 0.1242690327345600532 ) ;
#5108 = CARTESIAN_POINT ( 'NONE',  ( -3.341019420808970963, 0.04776069289263030343, -4.230000000000000426 ) ) ;
#5109 = EDGE_LOOP ( 'NONE', ( #7160, #7473, #7660, #5572 ) ) ;
#5110 = VERTEX_POINT ( 'NONE', #7288 ) ;
#5111 = ORIENTED_EDGE ( 'NONE', *, *, #50, .T. ) ;
#5112 = CARTESIAN_POINT ( 'NONE',  ( 2.649999999999999911, 1.225000000000001199, 0.4200000000000002620 ) ) ;
#5113 = AXIS2_PLACEMENT_3D ( 'NONE', #2493, #3944, #612 ) ;
#5114 = AXIS2_PLACEMENT_3D ( 'NONE', #3297, #3235, #3369 ) ;
#5115 = CARTESIAN_POINT ( 'NONE',  ( 2.649999999999999911, 1.075000000000001288, 0.4200000000000002620 ) ) ;
#5116 = CARTESIAN_POINT ( 'NONE',  ( -2.649999999999999911, 1.075000000000001288, 4.950484260976138806 ) ) ;
#5117 = CARTESIAN_POINT ( 'NONE',  ( -3.899999999999999467, 0.1494292047137622814, 0.8500000000000000888 ) ) ;
#5118 = CARTESIAN_POINT ( 'NONE',  ( -3.048510475726686764, 1.021717016418992152, 2.120000000000000551 ) ) ;
#5119 = EDGE_CURVE ( 'NONE', #2249, #3895, #2349, .T. ) ;
#5120 = VECTOR ( 'NONE', #948, 1000.000000000000000 ) ;
#5121 = DIRECTION ( 'NONE',  ( 0.000000000000000000, -0.000000000000000000, -1.000000000000000000 ) ) ;
#5122 = AXIS2_PLACEMENT_3D ( 'NONE', #1293, #1910, #7192 ) ;
#5123 = LINE ( 'NONE', #7522, #5362 ) ;
#5124 = VERTEX_POINT ( 'NONE', #2107 ) ;
#5125 = ORIENTED_EDGE ( 'NONE', *, *, #7096, .T. ) ;
#5126 = DIRECTION ( 'NONE',  ( -0.000000000000000000, -0.000000000000000000, -1.000000000000000000 ) ) ;
#5127 = DIRECTION ( 'NONE',  ( 0.000000000000000000, -5.782411586589358822E-15, 1.000000000000000000 ) ) ;
#5128 = EDGE_LOOP ( 'NONE', ( #7941, #5149, #4186, #568 ) ) ;
#5129 = CARTESIAN_POINT ( 'NONE',  ( -3.341019420808970963, 0.04776069289263019935, 3.389999999999999680 ) ) ;
#5130 = CARTESIAN_POINT ( 'NONE',  ( 3.341019420808970963, 0.04776069289263030343, 2.120000000000000551 ) ) ;
#5131 = EDGE_CURVE ( 'NONE', #7335, #4574, #2376, .T. ) ;
#5132 = LINE ( 'NONE', #2949, #7963 ) ;
#5133 =( NAMED_UNIT ( * ) SI_UNIT ( $, .STERADIAN. ) SOLID_ANGLE_UNIT ( ) );
#5134 = CARTESIAN_POINT ( 'NONE',  ( 2.783586933657053564, 1.075000000000001066, -2.959999999999999964 ) ) ;
#5135 = EDGE_CURVE ( 'NONE', #1855, #4933, #8330, .T. ) ;
#5136 = EDGE_CURVE ( 'NONE', #4810, #7599, #2704, .T. ) ;
#5137 = CARTESIAN_POINT ( 'NONE',  ( 2.649999999999999911, 1.075000000000001288, -3.389999999999999680 ) ) ;
#5138 = CIRCLE ( 'NONE', #970, 0.2742690327345604362 ) ;
#5139 = ORIENTED_EDGE ( 'NONE', *, *, #1184, .T. ) ;
#5140 = VERTEX_POINT ( 'NONE', #4602 ) ;
#5141 = ORIENTED_EDGE ( 'NONE', *, *, #4403, .T. ) ;
#5142 = CARTESIAN_POINT ( 'NONE',  ( 3.341019420808970963, 0.04776069289263019935, 3.389999999999999680 ) ) ;
#5143 = LINE ( 'NONE', #4630, #7746 ) ;
#5144 = ADVANCED_FACE ( 'NONE', ( #2689 ), #5736, .F. ) ;
#5145 = VERTEX_POINT ( 'NONE', #6465 ) ;
#5146 = CARTESIAN_POINT ( 'NONE',  ( -3.341019420808970963, 0.04776069289263030343, 4.660000000000000142 ) ) ;
#5147 = ORIENTED_EDGE ( 'NONE', *, *, #4748, .F. ) ;
#5148 = DIRECTION ( 'NONE',  ( 1.000000000000000000, 0.000000000000000000, 0.000000000000000000 ) ) ;
#5149 = ORIENTED_EDGE ( 'NONE', *, *, #6944, .F. ) ;
#5150 = AXIS2_PLACEMENT_3D ( 'NONE', #595, #7627, #5837 ) ;
#5151 = CARTESIAN_POINT ( 'NONE',  ( 3.244888873943359897, 0.2888228567653777779, -4.230000000000000426 ) ) ;
#5152 = PLANE ( 'NONE',  #3010 ) ;
#5153 = EDGE_CURVE ( 'NONE', #857, #5354, #132, .T. ) ;
#5154 = LINE ( 'NONE', #581, #5194 ) ;
#5155 = ADVANCED_FACE ( 'NONE', ( #5614 ), #5852, .T. ) ;
#5156 = DIRECTION ( 'NONE',  ( -1.000000000000000000, 0.000000000000000000, 0.000000000000000000 ) ) ;
#5157 = CARTESIAN_POINT ( 'NONE',  ( -3.354092782221119506, 0.1971898976063921616, 4.660000000000000142 ) ) ;
#5158 = SURFACE_STYLE_FILL_AREA ( #695 ) ;
#5159 = LINE ( 'NONE', #2473, #8168 ) ;
#5160 = CARTESIAN_POINT ( 'NONE',  ( 2.903621601783326067, 0.9828941596536137082, 4.230000000000000426 ) ) ;
#5161 = ORIENTED_EDGE ( 'NONE', *, *, #7971, .F. ) ;
#5162 = EDGE_LOOP ( 'NONE', ( #2028, #1781, #4820, #1907 ) ) ;
#5163 = ORIENTED_EDGE ( 'NONE', *, *, #7182, .T. ) ;
#5164 = AXIS2_PLACEMENT_3D ( 'NONE', #2328, #7164, #1212 ) ;
#5165 = CARTESIAN_POINT ( 'NONE',  ( -2.587973030627471971, 1.231012672022580912, 5.099154974055156941 ) ) ;
#5166 = DIRECTION ( 'NONE',  ( 0.9659258262890679791, -0.2588190451025219607, 0.000000000000000000 ) ) ;
#5167 = CARTESIAN_POINT ( 'NONE',  ( -2.649999999999999911, 1.075000000000001288, -0.4200000000000002620 ) ) ;
#5168 = DIRECTION ( 'NONE',  ( -0.9961946980917455452, -0.08715574274765840179, 0.000000000000000000 ) ) ;
#5169 = PLANE ( 'NONE',  #7644 ) ;
#5170 = DIRECTION ( 'NONE',  ( 0.000000000000000000, 0.000000000000000000, 1.000000000000000000 ) ) ;
#5171 = ADVANCED_FACE ( 'NONE', ( #2658 ), #5491, .T. ) ;
#5172 = EDGE_CURVE ( 'NONE', #37, #3509, #2675, .T. ) ;
#5173 = CARTESIAN_POINT ( 'NONE',  ( -3.099999999999999645, 0.2499999999999996392, 4.660000000000000142 ) ) ;
#5174 = VECTOR ( 'NONE', #5881, 1000.000000000000227 ) ;
#5175 = ORIENTED_EDGE ( 'NONE', *, *, #762, .T. ) ;
#5176 = ORIENTED_EDGE ( 'NONE', *, *, #8037, .F. ) ;
#5177 = CARTESIAN_POINT ( 'NONE',  ( 3.886926638587850924, 4.743384504624081899E-16, 2.959999999999999964 ) ) ;
#5178 = EDGE_LOOP ( 'NONE', ( #5407, #7024, #1412, #5433, #7280, #8114, #1069, #1356, #1748, #5334, #4267, #1105 ) ) ;
#5179 = CARTESIAN_POINT ( 'NONE',  ( 3.899999999999999467, 0.1494292047137622814, -4.230000000000000426 ) ) ;
#5180 =( BOUNDED_CURVE ( )  B_SPLINE_CURVE ( 3, ( #5488, #8212, #6441, #7047 ),
 .UNSPECIFIED., .F., .F. ) 
 B_SPLINE_CURVE_WITH_KNOTS ( ( 4, 4 ),
 ( 5.507472325450606832, 7.058898288908565632 ),
 .UNSPECIFIED. ) 
 CURVE ( )  GEOMETRIC_REPRESENTATION_ITEM ( )  RATIONAL_B_SPLINE_CURVE ( ( 1.000000000000000000, 0.8092813118237096592, 0.8092813118237096592, 1.000000000000000000 ) ) 
 REPRESENTATION_ITEM ( '' )  );
#5181 = VECTOR ( 'NONE', #3503, 1000.000000000000114 ) ;
#5182 = DIRECTION ( 'NONE',  ( -1.620604968260581808E-16, -0.1391731009600657432, -0.9902680687415703620 ) ) ;
#5183 = CARTESIAN_POINT ( 'NONE',  ( 2.649999999999999911, 1.225000000000001199, -4.230000000000000426 ) ) ;
#5184 = PLANE ( 'NONE',  #2671 ) ;
#5185 = SURFACE_STYLE_FILL_AREA ( #8049 ) ;
#5186 = CARTESIAN_POINT ( 'NONE',  ( 2.649999999999999911, 1.075000000000001288, 1.690000000000000613 ) ) ;
#5187 = VECTOR ( 'NONE', #2417, 1000.000000000000000 ) ;
#5188 = EDGE_CURVE ( 'NONE', #3967, #6446, #47, .T. ) ;
#5189 = ORIENTED_EDGE ( 'NONE', *, *, #4352, .T. ) ;
#5190 = ADVANCED_FACE ( 'NONE', ( #2887 ), #4822, .T. ) ;
#5191 = VERTEX_POINT ( 'NONE', #6087 ) ;
#5192 = EDGE_LOOP ( 'NONE', ( #5379, #2528, #4361, #4187 ) ) ;
#5193 = MANIFOLD_SOLID_BREP ( 'LPattern1[5]', #653 ) ;
#5194 = VECTOR ( 'NONE', #6993, 1000.000000000000000 ) ;
#5195 = VECTOR ( 'NONE', #3941, 1000.000000000000000 ) ;
#5196 = VECTOR ( 'NONE', #4629, 1000.000000000000000 ) ;
#5197 = ORIENTED_EDGE ( 'NONE', *, *, #4926, .T. ) ;
#5198 = VERTEX_POINT ( 'NONE', #6226 ) ;
#5199 =( LENGTH_UNIT ( ) NAMED_UNIT ( * ) SI_UNIT ( .MILLI., .METRE. ) );
#5200 = EDGE_CURVE ( 'NONE', #2480, #4496, #5655, .T. ) ;
#5201 = ORIENTED_EDGE ( 'NONE', *, *, #4563, .F. ) ;
#5202 = FILL_AREA_STYLE_COLOUR ( '', #5224 ) ;
#5203 = PLANE ( 'NONE',  #5807 ) ;
#5204 = CARTESIAN_POINT ( 'NONE',  ( 2.783586933657053564, 1.225000000000001199, -1.690000000000000169 ) ) ;
#5205 = ADVANCED_FACE ( 'NONE', ( #8295 ), #4182, .F. ) ;
#5206 = AXIS2_PLACEMENT_3D ( 'NONE', #5048, #6332, #8175 ) ;
#5207 = VECTOR ( 'NONE', #5780, 1000.000000000000227 ) ;
#5208 = DIRECTION ( 'NONE',  ( -0.2588190451025220717, 0.9659258262890678681, 0.000000000000000000 ) ) ;
#5209 = EDGE_CURVE ( 'NONE', #260, #1897, #6311, .T. ) ;
#5210 = FACE_OUTER_BOUND ( 'NONE', #7774, .T. ) ;
#5211 = DIRECTION ( 'NONE',  ( -0.2588190451025219607, -0.9659258262890678681, 0.000000000000000000 ) ) ;
#5212 = EDGE_LOOP ( 'NONE', ( #7095, #4243, #574, #887 ) ) ;
#5213 = ORIENTED_EDGE ( 'NONE', *, *, #2177, .T. ) ;
#5214 = VERTEX_POINT ( 'NONE', #275 ) ;
#5215 = EDGE_CURVE ( 'NONE', #1267, #1177, #8373, .T. ) ;
#5216 = CARTESIAN_POINT ( 'NONE',  ( -2.649999999999999911, 1.225000000000001199, 4.950484260976139694 ) ) ;
#5217 = PLANE ( 'NONE',  #2153 ) ;
#5218 = DIRECTION ( 'NONE',  ( -1.000000000000000000, 0.000000000000000000, 0.000000000000000000 ) ) ;
#5219 = CARTESIAN_POINT ( 'NONE',  ( -2.649999999999999911, 1.225000000000001199, -0.4200000000000002620 ) ) ;
#5220 = PLANE ( 'NONE',  #1884 ) ;
#5221 = CARTESIAN_POINT ( 'NONE',  ( -3.364923542069633289, 0.3209860491535506677, -1.690000000000000169 ) ) ;
#5222 = CARTESIAN_POINT ( 'NONE',  ( 3.364923542069633289, 0.3209860491535506677, 0.8500000000000000888 ) ) ;
#5223 = DIRECTION ( 'NONE',  ( 0.9961946980917455452, -0.08715574274765831853, 0.000000000000000000 ) ) ;
#5224 = COLOUR_RGB ( '',0.8000000000000000444, 0.8196078431372548767, 0.9333333333333333481 ) ;
#5225 = ADVANCED_FACE ( 'NONE', ( #2786 ), #7497, .T. ) ;
#5226 = VECTOR ( 'NONE', #7929, 1000.000000000000000 ) ;
#5227 = CARTESIAN_POINT ( 'NONE',  ( 2.783586933657053564, 0.9507309672654410404, 2.959999999999999964 ) ) ;
#5228 = CYLINDRICAL_SURFACE ( 'NONE', #6070, 0.1242690327345600532 ) ;
#5229 = ORIENTED_EDGE ( 'NONE', *, *, #4016, .F. ) ;
#5230 = ORIENTED_EDGE ( 'NONE', *, *, #7940, .F. ) ;
#5231 = DIRECTION ( 'NONE',  ( 0.000000000000000000, -0.000000000000000000, -1.000000000000000000 ) ) ;
#5232 = PLANE ( 'NONE',  #7236 ) ;
#5233 = ORIENTED_EDGE ( 'NONE', *, *, #5394, .F. ) ;
#5234 = EDGE_CURVE ( 'NONE', #6107, #2835, #5509, .T. ) ;
#5235 = EDGE_CURVE ( 'NONE', #6518, #3304, #2765, .T. ) ;
#5236 = AXIS2_PLACEMENT_3D ( 'NONE', #7655, #4618, #2613 ) ;
#5237 = AXIS2_PLACEMENT_3D ( 'NONE', #4974, #1557, #4927 ) ;
#5238 = SURFACE_STYLE_FILL_AREA ( #3873 ) ;
#5239 = DIRECTION ( 'NONE',  ( 0.000000000000000000, -1.000000000000000000, -0.000000000000000000 ) ) ;
#5240 = DIRECTION ( 'NONE',  ( -1.000000000000000000, -0.000000000000000000, 1.636531581110195656E-16 ) ) ;
#5241 = DIRECTION ( 'NONE',  ( 1.000000000000000000, 0.000000000000000000, 0.000000000000000000 ) ) ;
#5242 = EDGE_CURVE ( 'NONE', #2893, #6424, #5755, .T. ) ;
#5243 = FACE_OUTER_BOUND ( 'NONE', #3176, .T. ) ;
#5244 = DIRECTION ( 'NONE',  ( -0.2588190451025219052, 0.9659258262890678681, 0.000000000000000000 ) ) ;
#5245 = DIRECTION ( 'NONE',  ( 0.000000000000000000, -0.000000000000000000, -1.000000000000000000 ) ) ;
#5246 = LINE ( 'NONE', #1012, #2311 ) ;
#5247 = ORIENTED_EDGE ( 'NONE', *, *, #6261, .F. ) ;
#5248 = ORIENTED_EDGE ( 'NONE', *, *, #3803, .T. ) ;
#5249 = CARTESIAN_POINT ( 'NONE',  ( 3.364923542069633289, 0.3209860491535506677, -0.8500000000000000888 ) ) ;
#5250 = VERTEX_POINT ( 'NONE', #4876 ) ;
#5251 = CARTESIAN_POINT ( 'NONE',  ( -3.048510475726686764, 1.021717016418992152, 1.690000000000000613 ) ) ;
#5252 = VECTOR ( 'NONE', #2387, 1000.000000000000000 ) ;
#5253 = EDGE_LOOP ( 'NONE', ( #4407, #7200, #3017, #6180 ) ) ;
#5254 = CARTESIAN_POINT ( 'NONE',  ( -2.410687842433211880, 0.4500000000000009548, 4.860687842433215167 ) ) ;
#5255 = ADVANCED_FACE ( 'NONE', ( #2801 ), #8201, .F. ) ;
#5256 = ORIENTED_EDGE ( 'NONE', *, *, #1759, .F. ) ;
#5257 = AXIS2_PLACEMENT_3D ( 'NONE', #3804, #6439, #7099 ) ;
#5258 = CARTESIAN_POINT ( 'NONE',  ( -2.649999999999999911, 1.075000000000001288, 3.389999999999999680 ) ) ;
#5259 = VERTEX_POINT ( 'NONE', #2361 ) ;
#5260 = DIRECTION ( 'NONE',  ( -0.08715574274765838791, -0.9961946980917455452, 0.000000000000000000 ) ) ;
#5261 = EDGE_CURVE ( 'NONE', #1685, #4523, #20, .T. ) ;
#5262 = DIRECTION ( 'NONE',  ( -0.08715574274765759688, -0.9961946980917455452, 0.000000000000000000 ) ) ;
#5263 = DIRECTION ( 'NONE',  ( -0.000000000000000000, -0.000000000000000000, -1.000000000000000000 ) ) ;
#5264 = FACE_OUTER_BOUND ( 'NONE', #67, .T. ) ;
#5265 = DIRECTION ( 'NONE',  ( 1.000000000000000000, 0.000000000000000000, 0.000000000000000000 ) ) ;
#5266 = DIRECTION ( 'NONE',  ( 0.000000000000000000, 1.000000000000000000, 0.000000000000000000 ) ) ;
#5267 = LINE ( 'NONE', #3279, #8192 ) ;
#5268 = CARTESIAN_POINT ( 'NONE',  ( 3.354092782221119506, 0.1971898976063921616, 3.389999999999999680 ) ) ;
#5269 = ORIENTED_EDGE ( 'NONE', *, *, #1112, .F. ) ;
#5270 = EDGE_LOOP ( 'NONE', ( #4126, #6269, #532, #4215 ) ) ;
#5271 = AXIS2_PLACEMENT_3D ( 'NONE', #1832, #8372, #5774 ) ;
#5272 = ORIENTED_EDGE ( 'NONE', *, *, #2209, .F. ) ;
#5273 = EDGE_CURVE ( 'NONE', #8310, #3678, #5666, .T. ) ;
#5274 = CARTESIAN_POINT ( 'NONE',  ( -3.341019420808970963, 0.04776069289263030343, 3.389999999999999680 ) ) ;
#5275 = ADVANCED_FACE ( 'NONE', ( #2751 ), #7744, .T. ) ;
#5276 = CARTESIAN_POINT ( 'NONE',  ( -3.048510475726686764, 1.021717016418992152, -4.230000000000000426 ) ) ;
#5277 = DIRECTION ( 'NONE',  ( -0.08715574274765759688, -0.9961946980917455452, 0.000000000000000000 ) ) ;
#5278 = LINE ( 'NONE', #6262, #8189 ) ;
#5279 = CARTESIAN_POINT ( 'NONE',  ( -3.899999999999999467, 0.1494292047137622814, 2.120000000000000551 ) ) ;
#5280 = LINE ( 'NONE', #79, #2351 ) ;
#5281 = ORIENTED_EDGE ( 'NONE', *, *, #2946, .F. ) ;
#5282 = VERTEX_POINT ( 'NONE', #5695 ) ;
#5283 = ORIENTED_EDGE ( 'NONE', *, *, #2330, .F. ) ;
#5284 = CARTESIAN_POINT ( 'NONE',  ( 3.341019420808970963, 0.04776069289263030343, -2.959999999999999964 ) ) ;
#5285 = EDGE_CURVE ( 'NONE', #7207, #6423, #2776, .T. ) ;
#5286 = CIRCLE ( 'NONE', #4399, 0.1499999999999999667 ) ;
#5287 = PLANE ( 'NONE',  #2641 ) ;
#5288 = DIRECTION ( 'NONE',  ( 0.000000000000000000, 0.000000000000000000, 1.000000000000000000 ) ) ;
#5289 = CIRCLE ( 'NONE', #4259, 0.1242690327345600532 ) ;
#5290 = DIRECTION ( 'NONE',  ( 0.08715574274765759688, -0.9961946980917455452, 0.000000000000000000 ) ) ;
#5291 = DIRECTION ( 'NONE',  ( -0.08715574274765759688, 0.9961946980917455452, 0.000000000000000000 ) ) ;
#5292 = CARTESIAN_POINT ( 'NONE',  ( 2.500000000000000000, 1.225000000000001199, 5.100000000000003197 ) ) ;
#5293 = LINE ( 'NONE', #2230, #7924 ) ;
#5294 = ORIENTED_EDGE ( 'NONE', *, *, #3601, .F. ) ;
#5295 = ORIENTED_EDGE ( 'NONE', *, *, #1215, .F. ) ;
#5296 = EDGE_LOOP ( 'NONE', ( #1699, #732, #7348, #242 ) ) ;
#5297 = DIRECTION ( 'NONE',  ( 0.2588190451025220717, 0.9659258262890678681, -0.000000000000000000 ) ) ;
#5298 = AXIS2_PLACEMENT_3D ( 'NONE', #4459, #5024, #1869 ) ;
#5299 = VECTOR ( 'NONE', #2795, 1000.000000000000000 ) ;
#5300 = EDGE_CURVE ( 'NONE', #1216, #1313, #150, .T. ) ;
#5301 = ADVANCED_FACE ( 'NONE', ( #2644 ), #6485, .F. ) ;
#5302 = VECTOR ( 'NONE', #3526, 1000.000000000000000 ) ;
#5303 = EDGE_LOOP ( 'NONE', ( #2051, #7997, #5089, #8283 ) ) ;
#5304 =( LENGTH_UNIT ( ) NAMED_UNIT ( * ) SI_UNIT ( .MILLI., .METRE. ) );
#5305 = ORIENTED_EDGE ( 'NONE', *, *, #723, .T. ) ;
#5306 = DIRECTION ( 'NONE',  ( -0.000000000000000000, -0.000000000000000000, -1.000000000000000000 ) ) ;
#5307 = ORIENTED_EDGE ( 'NONE', *, *, #883, .F. ) ;
#5308 = DIRECTION ( 'NONE',  ( 0.000000000000000000, 1.000000000000000000, 0.000000000000000000 ) ) ;
#5309 = DIRECTION ( 'NONE',  ( 0.000000000000000000, -0.000000000000000000, 1.000000000000000000 ) ) ;
#5310 = DIRECTION ( 'NONE',  ( 1.000000000000000000, 0.000000000000000000, 0.000000000000000000 ) ) ;
#5311 = VECTOR ( 'NONE', #6634, 1000.000000000000000 ) ;
#5312 = DIRECTION ( 'NONE',  ( -1.000000000000000000, 0.000000000000000000, 0.000000000000000000 ) ) ;
#5313 = CARTESIAN_POINT ( 'NONE',  ( -3.886926638587850924, 4.743384504624081899E-16, 4.660000000000000142 ) ) ;
#5314 = EDGE_CURVE ( 'NONE', #4228, #940, #36, .T. ) ;
#5315 = LINE ( 'NONE', #2748, #8058 ) ;
#5316 = VECTOR ( 'NONE', #356, 1000.000000000000000 ) ;
#5317 = DIRECTION ( 'NONE',  ( 1.000000000000000000, 0.000000000000000000, -0.000000000000000000 ) ) ;
#5318 = ORIENTED_EDGE ( 'NONE', *, *, #1737, .F. ) ;
#5319 = EDGE_LOOP ( 'NONE', ( #8374, #119, #5061, #1825 ) ) ;
#5320 = AXIS2_PLACEMENT_3D ( 'NONE', #7083, #4272, #3159 ) ;
#5321 = VERTEX_POINT ( 'NONE', #3963 ) ;
#5322 = AXIS2_PLACEMENT_3D ( 'NONE', #5222, #834, #3223 ) ;
#5323 = AXIS2_PLACEMENT_3D ( 'NONE', #7526, #2233, #5408 ) ;
#5324 = DIRECTION ( 'NONE',  ( -0.000000000000000000, -0.000000000000000000, -1.000000000000000000 ) ) ;
#5325 = DIRECTION ( 'NONE',  ( -1.000000000000000000, 0.000000000000000000, 0.000000000000000000 ) ) ;
#5326 = CARTESIAN_POINT ( 'NONE',  ( 2.649999999999999911, 1.225000000000001199, -3.389999999999999680 ) ) ;
#5327 = DIRECTION ( 'NONE',  ( 0.000000000000000000, -1.000000000000000000, -0.000000000000000000 ) ) ;
#5328 = CARTESIAN_POINT ( 'NONE',  ( 2.649999999999999911, 1.225000000000001199, 3.389999999999999680 ) ) ;
#5329 = LINE ( 'NONE', #4260, #5252 ) ;
#5330 = FACE_OUTER_BOUND ( 'NONE', #4780, .T. ) ;
#5331 = CARTESIAN_POINT ( 'NONE',  ( -2.649999999999999911, 1.075000000000001288, 2.120000000000000551 ) ) ;
#5332 = FACE_OUTER_BOUND ( 'NONE', #6287, .T. ) ;
#5333 = EDGE_CURVE ( 'NONE', #6446, #38, #5682, .T. ) ;
#5334 = ORIENTED_EDGE ( 'NONE', *, *, #2422, .T. ) ;
#5335 = EDGE_LOOP ( 'NONE', ( #8020, #4585, #1495, #6906, #4643, #2550, #7994, #6862, #8298, #4291, #1139, #5139 ) ) ;
#5336 = CARTESIAN_POINT ( 'NONE',  ( 2.903621601783326067, 0.9828941596536137082, -2.959999999999999964 ) ) ;
#5337 = ORIENTED_EDGE ( 'NONE', *, *, #2492, .T. ) ;
#5338 = AXIS2_PLACEMENT_3D ( 'NONE', #7018, #5522, #8127 ) ;
#5339 = CARTESIAN_POINT ( 'NONE',  ( -3.364923542069633289, 0.3209860491535506677, -0.4200000000000002620 ) ) ;
#5340 = UNCERTAINTY_MEASURE_WITH_UNIT (LENGTH_MEASURE( 1.000000000000000082E-05 ), #5082, 'distance_accuracy_value', 'NONE');
#5341 = EDGE_CURVE ( 'NONE', #8220, #4614, #8307, .T. ) ;
#5342 = ADVANCED_FACE ( 'NONE', ( #2845 ), #2860, .F. ) ;
#5343 = VECTOR ( 'NONE', #724, 1000.000000000000114 ) ;
#5344 = DIRECTION ( 'NONE',  ( 0.000000000000000000, -0.000000000000000000, -1.000000000000000000 ) ) ;
#5345 = DIRECTION ( 'NONE',  ( 0.000000000000000000, -0.000000000000000000, -1.000000000000000000 ) ) ;
#5346 = DIRECTION ( 'NONE',  ( 0.9961946980917455452, -0.08715574274765840179, 0.000000000000000000 ) ) ;
#5347 = CARTESIAN_POINT ( 'NONE',  ( -3.354092782221119506, 0.1971898976063921616, 2.120000000000000551 ) ) ;
#5348 = CARTESIAN_POINT ( 'NONE',  ( 3.886926638587850924, 4.743384504624081899E-16, -0.8500000000000000888 ) ) ;
#5349 = CARTESIAN_POINT ( 'NONE',  ( -2.783586933657053564, 0.9507309672654410404, -1.690000000000000169 ) ) ;
#5350 = VECTOR ( 'NONE', #1682, 1000.000000000000000 ) ;
#5351 = ORIENTED_EDGE ( 'NONE', *, *, #6389, .T. ) ;
#5352 = CARTESIAN_POINT ( 'NONE',  ( 3.354092782221119506, 0.1971898976063921616, -2.959999999999999964 ) ) ;
#5353 = ORIENTED_EDGE ( 'NONE', *, *, #6822, .F. ) ;
#5354 = VERTEX_POINT ( 'NONE', #4560 ) ;
#5355 = CARTESIAN_POINT ( 'NONE',  ( 3.899999999999999467, 0.1494292047137622814, -1.690000000000000169 ) ) ;
#5356 = PRESENTATION_LAYER_ASSIGNMENT (  '', '', ( #393 ) ) ;
#5357 = LINE ( 'NONE', #4578, #8162 ) ;
#5358 =( LENGTH_UNIT ( ) NAMED_UNIT ( * ) SI_UNIT ( .MILLI., .METRE. ) );
#5359 = ADVANCED_FACE ( 'NONE', ( #201 ), #5779, .F. ) ;
#5360 = EDGE_CURVE ( 'NONE', #639, #1937, #177, .T. ) ;
#5361 = FACE_OUTER_BOUND ( 'NONE', #7926, .T. ) ;
#5362 = VECTOR ( 'NONE', #2682, 1000.000000000000227 ) ;
#5363 = ORIENTED_EDGE ( 'NONE', *, *, #6808, .F. ) ;
#5364 = CARTESIAN_POINT ( 'NONE',  ( 3.048510475726686764, 1.021717016418992152, -2.959999999999999964 ) ) ;
#5365 = ORIENTED_EDGE ( 'NONE', *, *, #5426, .F. ) ;
#5366 = DIRECTION ( 'NONE',  ( -0.000000000000000000, -0.000000000000000000, -1.000000000000000000 ) ) ;
#5367 = CLOSED_SHELL ( 'NONE', ( #1946, #7734, #5443, #3532, #7211, #2708, #5969, #3095, #6736, #4196, #8238, #7245, #4939, #327, #3433, #7956, #5058, #108, #6857, #3308, #3382, #1234, #3352, #2095, #3448, #4156, #5371, #1319, #3207, #1449, #1071, #1155, #3987, #6020, #1123, #2218, #8126, #4988, #1415, #1898, #498, #3228, #1967, #4542, #4524 ) ) ;
#5368 = DIRECTION ( 'NONE',  ( 0.08715574274765759688, -0.9961946980917455452, 0.000000000000000000 ) ) ;
#5369 = FILL_AREA_STYLE ('',( #7233 ) ) ;
#5370 = DIRECTION ( 'NONE',  ( -1.000000000000000000, 0.000000000000000000, 0.000000000000000000 ) ) ;
#5371 = ADVANCED_FACE ( 'NONE', ( #187 ), #2940, .T. ) ;
#5373 = ADVANCED_FACE ( 'NONE', ( #3611 ), #5232, .T. ) ;
#5372 = CARTESIAN_POINT ( 'NONE',  ( -3.886926638587850924, 4.743384504624081899E-16, -2.120000000000000107 ) ) ;
#5374 = DIRECTION ( 'NONE',  ( -0.08715574274765759688, -0.9961946980917455452, 0.000000000000000000 ) ) ;
#5375 = LINE ( 'NONE', #7961, #2495 ) ;
#5376 = CIRCLE ( 'NONE', #3871, 0.2742690327345599921 ) ;
#5377 = EDGE_CURVE ( 'NONE', #517, #1696, #6172, .T. ) ;
#5378 = DIRECTION ( 'NONE',  ( 1.623215898148971339E-15, 1.000000000000000000, 0.000000000000000000 ) ) ;
#5379 = ORIENTED_EDGE ( 'NONE', *, *, #76, .F. ) ;
#5380 = VERTEX_POINT ( 'NONE', #706 ) ;
#5381 = EDGE_LOOP ( 'NONE', ( #3331, #268, #673, #6111 ) ) ;
#5382 = CARTESIAN_POINT ( 'NONE',  ( -2.649999999999999911, 1.225000000000001199, 4.950000000000004619 ) ) ;
#5383 = DIRECTION ( 'NONE',  ( 0.000000000000000000, 0.1391731009600661872, -0.9902680687415701399 ) ) ;
#5384 = PLANE ( 'NONE',  #7323 ) ;
#5385 = SURFACE_STYLE_USAGE ( .BOTH. , #998 ) ;
#5386 = DIRECTION ( 'NONE',  ( 1.000000000000000000, 0.000000000000000000, 0.000000000000000000 ) ) ;
#5387 = DIRECTION ( 'NONE',  ( 1.000000000000000000, 0.000000000000000000, 0.000000000000000000 ) ) ;
#5388 = FACE_OUTER_BOUND ( 'NONE', #2352, .T. ) ;
#5389 = CARTESIAN_POINT ( 'NONE',  ( 2.783586933657053564, 0.9507309672654410404, 3.389999999999999680 ) ) ;
#5390 = EDGE_CURVE ( 'NONE', #4933, #741, #556, .T. ) ;
#5391 = CIRCLE ( 'NONE', #4800, 0.1499999999999998557 ) ;
#5392 = ORIENTED_EDGE ( 'NONE', *, *, #7551, .F. ) ;
#5393 = ORIENTED_EDGE ( 'NONE', *, *, #7652, .F. ) ;
#5394 = EDGE_CURVE ( 'NONE', #344, #2530, #847, .T. ) ;
#5395 = ORIENTED_EDGE ( 'NONE', *, *, #3385, .T. ) ;
#5396 = ADVANCED_FACE ( 'NONE', ( #3547 ), #3905, .F. ) ;
#5397 = AXIS2_PLACEMENT_3D ( 'NONE', #2457, #490, #7491 ) ;
#5398 = LINE ( 'NONE', #963, #5299 ) ;
#5399 = CARTESIAN_POINT ( 'NONE',  ( 3.244888873943359897, 0.2888228567653777779, 3.389999999999999680 ) ) ;
#5400 = CARTESIAN_POINT ( 'NONE',  ( 3.364923542069633289, 0.3209860491535506677, -2.120000000000000107 ) ) ;
#5401 = CARTESIAN_POINT ( 'NONE',  ( -2.783586933657053564, 0.9507309672654410404, -1.690000000000000169 ) ) ;
#5402 = CYLINDRICAL_SURFACE ( 'NONE', #3646, 0.1242690327345600532 ) ;
#5403 = DIRECTION ( 'NONE',  ( 0.2588190451025219607, -0.9659258262890678681, 0.000000000000000000 ) ) ;
#5404 = CARTESIAN_POINT ( 'NONE',  ( 3.341019420808970963, 0.04776069289263030343, -4.230000000000000426 ) ) ;
#5405 = AXIS2_PLACEMENT_3D ( 'NONE', #1580, #8070, #6000 ) ;
#5406 = LINE ( 'NONE', #5258, #5746 ) ;
#5407 = ORIENTED_EDGE ( 'NONE', *, *, #2840, .T. ) ;
#5408 = DIRECTION ( 'NONE',  ( 1.636531581110195409E-16, 0.000000000000000000, 1.000000000000000000 ) ) ;
#5409 = ORIENTED_EDGE ( 'NONE', *, *, #2116, .F. ) ;
#5410 = EDGE_CURVE ( 'NONE', #6693, #1891, #6442, .T. ) ;
#5411 = VERTEX_POINT ( 'NONE', #502 ) ;
#5412 = EDGE_CURVE ( 'NONE', #2224, #4920, #3264, .T. ) ;
#5413 = DIRECTION ( 'NONE',  ( 0.000000000000000000, 0.000000000000000000, 1.000000000000000000 ) ) ;
#5414 = LINE ( 'NONE', #3083, #5207 ) ;
#5415 = CARTESIAN_POINT ( 'NONE',  ( 3.364923542069633289, 0.3209860491535506677, 0.4200000000000002620 ) ) ;
#5416 = FACE_OUTER_BOUND ( 'NONE', #5072, .T. ) ;
#5417 = ORIENTED_EDGE ( 'NONE', *, *, #2928, .T. ) ;
#5418 = DIRECTION ( 'NONE',  ( -1.000000000000000000, -0.000000000000000000, -2.919619327894516855E-15 ) ) ;
#5419 = VERTEX_POINT ( 'NONE', #3056 ) ;
#5420 = CARTESIAN_POINT ( 'NONE',  ( 2.903621601783326067, 0.9828941596536137082, 4.660000000000000142 ) ) ;
#5421 = ORIENTED_EDGE ( 'NONE', *, *, #231, .F. ) ;
#5422 = DIRECTION ( 'NONE',  ( 0.08715574274765838791, -0.9961946980917455452, 0.000000000000000000 ) ) ;
#5423 = DIRECTION ( 'NONE',  ( 0.2588190451025219607, -0.9659258262890678681, 0.000000000000000000 ) ) ;
#5424 = CARTESIAN_POINT ( 'NONE',  ( -3.354092782221119506, 0.1971898976063921616, 4.230000000000000426 ) ) ;
#5425 = EDGE_CURVE ( 'NONE', #7186, #6150, #6152, .T. ) ;
#5426 = EDGE_CURVE ( 'NONE', #2530, #3882, #3464, .T. ) ;
#5427 = LINE ( 'NONE', #7173, #8226 ) ;
#5428 = ADVANCED_FACE ( 'NONE', ( #3395 ), #126, .F. ) ;
#5429 = DIRECTION ( 'NONE',  ( -1.000000000000000000, 0.000000000000000000, 0.000000000000000000 ) ) ;
#5430 = DIRECTION ( 'NONE',  ( 0.000000000000000000, -0.000000000000000000, 1.000000000000000000 ) ) ;
#5431 = PLANE ( 'NONE',  #8336 ) ;
#5432 = VECTOR ( 'NONE', #3706, 1000.000000000000000 ) ;
#5433 = ORIENTED_EDGE ( 'NONE', *, *, #745, .T. ) ;
#5434 = VERTEX_POINT ( 'NONE', #1465 ) ;
#5435 = ORIENTED_EDGE ( 'NONE', *, *, #3069, .F. ) ;
#5436 = DIRECTION ( 'NONE',  ( 1.000000000000000000, 0.000000000000000000, 0.000000000000000000 ) ) ;
#5437 = ORIENTED_EDGE ( 'NONE', *, *, #559, .T. ) ;
#5438 = DIRECTION ( 'NONE',  ( 1.000000000000000000, 0.000000000000000000, -1.636531581110195409E-16 ) ) ;
#5439 = CARTESIAN_POINT ( 'NONE',  ( 2.903621601783326067, 0.9828941596536137082, 4.660000000000000142 ) ) ;
#5440 = CARTESIAN_POINT ( 'NONE',  ( -2.903621601783326067, 0.9828941596536137082, -0.8500000000000000888 ) ) ;
#5441 = LINE ( 'NONE', #4991, #8279 ) ;
#5442 = AXIS2_PLACEMENT_3D ( 'NONE', #4752, #33, #1588 ) ;
#5443 = ADVANCED_FACE ( 'NONE', ( #3299 ), #4018, .F. ) ;
#5444 = CIRCLE ( 'NONE', #6291, 0.1242690327345600532 ) ;
#5445 = CYLINDRICAL_SURFACE ( 'NONE', #6842, 0.1242690327345600532 ) ;
#5446 = ORIENTED_EDGE ( 'NONE', *, *, #2415, .F. ) ;
#5447 = EDGE_CURVE ( 'NONE', #1396, #567, #3564, .T. ) ;
#5448 = ORIENTED_EDGE ( 'NONE', *, *, #6926, .T. ) ;
#5449 = VERTEX_POINT ( 'NONE', #6717 ) ;
#5450 =( BOUNDED_CURVE ( )  B_SPLINE_CURVE ( 3, ( #5010, #4495, #5116, #4915 ),
 .UNSPECIFIED., .F., .F. ) 
 B_SPLINE_CURVE_WITH_KNOTS ( ( 4, 4 ),
 ( 3.131907471921324237, 3.141592653589787787 ),
 .UNSPECIFIED. ) 
 CURVE ( )  GEOMETRIC_REPRESENTATION_ITEM ( )  RATIONAL_B_SPLINE_CURVE ( ( 1.000000000000000000, 0.9999921831199466427, 0.9999921831199466427, 1.000000000000000000 ) ) 
 REPRESENTATION_ITEM ( '' )  );
#5451 = EDGE_CURVE ( 'NONE', #6440, #1346, #6112, .T. ) ;
#5452 = CARTESIAN_POINT ( 'NONE',  ( -2.652822429843476826, 1.095082631851828969, 4.954282219532244902 ) ) ;
#5453 = VERTEX_POINT ( 'NONE', #4041 ) ;
#5454 = VECTOR ( 'NONE', #1943, 1000.000000000000000 ) ;
#5455 = DIRECTION ( 'NONE',  ( 0.000000000000000000, 0.000000000000000000, 1.000000000000000000 ) ) ;
#5456 = CARTESIAN_POINT ( 'NONE',  ( -2.783586933657053564, 1.075000000000001066, -4.230000000000000426 ) ) ;
#5457 = FACE_OUTER_BOUND ( 'NONE', #2610, .T. ) ;
#5458 = DIRECTION ( 'NONE',  ( -0.1378445374916288935, -0.9808148484639891418, 0.1378445374916289490 ) ) ;
#5459 = CARTESIAN_POINT ( 'NONE',  ( 2.649999999999999911, 1.225000000000001199, 2.120000000000000551 ) ) ;
#5460 = CARTESIAN_POINT ( 'NONE',  ( 3.899999999999999467, 0.1494292047137622814, 3.389999999999999680 ) ) ;
#5461 = ORIENTED_EDGE ( 'NONE', *, *, #3970, .T. ) ;
#5462 = DIRECTION ( 'NONE',  ( 0.000000000000000000, -0.9902680687415703620, -0.1391731009600657432 ) ) ;
#5463 = ORIENTED_EDGE ( 'NONE', *, *, #419, .F. ) ;
#5464 = PRESENTATION_LAYER_ASSIGNMENT (  '', '', ( #4093 ) ) ;
#5465 = DIRECTION ( 'NONE',  ( 1.000000000000000000, 0.000000000000000000, 0.000000000000000000 ) ) ;
#5466 = VERTEX_POINT ( 'NONE', #4166 ) ;
#5467 = MECHANICAL_DESIGN_GEOMETRIC_PRESENTATION_REPRESENTATION (  '', ( #4401 ), #6199 ) ;
#5468 = EDGE_CURVE ( 'NONE', #656, #2091, #3497, .T. ) ;
#5469 = PLANE ( 'NONE',  #4170 ) ;
#5470 = LINE ( 'NONE', #1336, #8241 ) ;
#5471 = LINE ( 'NONE', #6194, #2484 ) ;
#5472 = ORIENTED_EDGE ( 'NONE', *, *, #6933, .F. ) ;
#5473 = DIRECTION ( 'NONE',  ( 0.000000000000000000, 1.000000000000000000, 0.000000000000000000 ) ) ;
#5474 = ORIENTED_EDGE ( 'NONE', *, *, #4145, .F. ) ;
#5475 = CARTESIAN_POINT ( 'NONE',  ( -3.899999999999999467, 0.1494292047137622814, -2.959999999999999964 ) ) ;
#5476 = ORIENTED_EDGE ( 'NONE', *, *, #883, .T. ) ;
#5477 = CARTESIAN_POINT ( 'NONE',  ( 2.649999999999999911, 1.225000000000001199, -4.660000000000000142 ) ) ;
#5478 = PLANE ( 'NONE',  #4324 ) ;
#5479 = ADVANCED_FACE ( 'NONE', ( #640 ), #6565, .F. ) ;
#5480 = EDGE_CURVE ( 'NONE', #2489, #7371, #3318, .T. ) ;
#5481 = CARTESIAN_POINT ( 'NONE',  ( -3.099999999999999645, 0.2499999999999996392, -2.959999999999999964 ) ) ;
#5482 = ORIENTED_EDGE ( 'NONE', *, *, #7107, .T. ) ;
#5483 = VERTEX_POINT ( 'NONE', #2694 ) ;
#5484 = STYLED_ITEM ( 'NONE', ( #3861 ), #8269 ) ;
#5485 = ORIENTED_EDGE ( 'NONE', *, *, #4238, .T. ) ;
#5486 = DIRECTION ( 'NONE',  ( -0.000000000000000000, 0.000000000000000000, 1.000000000000000000 ) ) ;
#5487 = CARTESIAN_POINT ( 'NONE',  ( -3.899999999999999467, 0.1494292047137622814, 4.660000000000000142 ) ) ;
#5488 = CARTESIAN_POINT ( 'NONE',  ( 2.501452754537959233, 1.074949942300985395, -5.099992964849192845 ) ) ;
#5489 = LINE ( 'NONE', #7790, #5608 ) ;
#5490 = EDGE_CURVE ( 'NONE', #3742, #2666, #6258, .T. ) ;
#5491 = CYLINDRICAL_SURFACE ( 'NONE', #2532, 0.2742690327345604362 ) ;
#5492 = PLANE ( 'NONE',  #3947 ) ;
#5493 = CIRCLE ( 'NONE', #1732, 0.1242690327345600532 ) ;
#5494 = ORIENTED_EDGE ( 'NONE', *, *, #5300, .F. ) ;
#5495 = VERTEX_POINT ( 'NONE', #4102 ) ;
#5496 = VECTOR ( 'NONE', #4580, 1000.000000000000000 ) ;
#5497 = PRESENTATION_LAYER_ASSIGNMENT (  '', '', ( #129 ) ) ;
#5498 = EDGE_LOOP ( 'NONE', ( #8196, #6792, #8337, #5305 ) ) ;
#5499 = CARTESIAN_POINT ( 'NONE',  ( 3.899999999999999467, 0.1494292047137622814, 0.4200000000000002620 ) ) ;
#5500 = CARTESIAN_POINT ( 'NONE',  ( -2.500000000000001332, 1.225000000000001199, -5.099999999999995204 ) ) ;
#5501 = EDGE_CURVE ( 'NONE', #314, #7728, #3577, .T. ) ;
#5502 = DIRECTION ( 'NONE',  ( -0.000000000000000000, 1.000000000000000000, -0.000000000000000000 ) ) ;
#5503 = PRESENTATION_LAYER_ASSIGNMENT (  '', '', ( #4442 ) ) ;
#5504 = PRESENTATION_LAYER_ASSIGNMENT (  '', '', ( #6590 ) ) ;
#5505 = FACE_OUTER_BOUND ( 'NONE', #3583, .T. ) ;
#5506 = CARTESIAN_POINT ( 'NONE',  ( -2.649992964849198440, 1.074949942300985173, -4.951452754537958967 ) ) ;
#5507 = CARTESIAN_POINT ( 'NONE',  ( -3.341019420808970963, 0.04776069289263030343, 4.660000000000000142 ) ) ;
#5508 = EDGE_CURVE ( 'NONE', #3685, #6508, #6412, .T. ) ;
#5509 = LINE ( 'NONE', #5586, #2733 ) ;
#5510 = DIRECTION ( 'NONE',  ( 0.000000000000000000, -0.1391731009600661872, -0.9902680687415701399 ) ) ;
#5511 = CARTESIAN_POINT ( 'NONE',  ( -3.364923542069633289, 0.3209860491535506677, 2.120000000000000551 ) ) ;
#5512 = LINE ( 'NONE', #5100, #2527 ) ;
#5513 = ORIENTED_EDGE ( 'NONE', *, *, #8268, .F. ) ;
#5514 = DIRECTION ( 'NONE',  ( 1.000000000000000000, 0.000000000000000000, 0.000000000000000000 ) ) ;
#5515 = VERTEX_POINT ( 'NONE', #198 ) ;
#5516 = AXIS2_PLACEMENT_3D ( 'NONE', #2781, #7045, #1718 ) ;
#5517 = CARTESIAN_POINT ( 'NONE',  ( 2.501452754537962342, 1.225050057699011319, 5.099992964849200838 ) ) ;
#5518 = LINE ( 'NONE', #5460, #5658 ) ;
#5519 = EDGE_LOOP ( 'NONE', ( #6319, #6533, #6163, #3229, #7159, #1510, #6304, #6271 ) ) ;
#5520 = AXIS2_PLACEMENT_3D ( 'NONE', #3593, #8123, #1739 ) ;
#5521 = CARTESIAN_POINT ( 'NONE',  ( 3.354092782221119506, 0.1971898976063921616, 1.690000000000000613 ) ) ;
#5522 = DIRECTION ( 'NONE',  ( 1.623215898148971339E-15, 1.000000000000000000, 0.000000000000000000 ) ) ;
#5523 = LINE ( 'NONE', #7917, #1 ) ;
#5524 = CARTESIAN_POINT ( 'NONE',  ( -2.649999999999999911, 1.075000000000001288, -2.120000000000000107 ) ) ;
#5525 = VECTOR ( 'NONE', #4059, 1000.000000000000114 ) ;
#5526 = VECTOR ( 'NONE', #4222, 1000.000000000000000 ) ;
#5527 = EDGE_CURVE ( 'NONE', #4892, #1986, #831, .T. ) ;
#5528 = EDGE_CURVE ( 'NONE', #6404, #4816, #6224, .T. ) ;
#5529 = ORIENTED_EDGE ( 'NONE', *, *, #5593, .T. ) ;
#5530 = DIRECTION ( 'NONE',  ( -1.000000000000000000, 0.000000000000000000, 0.000000000000000000 ) ) ;
#5531 = ORIENTED_EDGE ( 'NONE', *, *, #2446, .F. ) ;
#5532 = VECTOR ( 'NONE', #6561, 1000.000000000000000 ) ;
#5533 = DIRECTION ( 'NONE',  ( -0.000000000000000000, -0.000000000000000000, -1.000000000000000000 ) ) ;
#5534 = ORIENTED_EDGE ( 'NONE', *, *, #7724, .T. ) ;
#5535 = PLANE ( 'NONE',  #8098 ) ;
#5536 = CARTESIAN_POINT ( 'NONE',  ( -1.650000000000001243, 1.900000000000000799, -3.799999999999996270 ) ) ;
#5537 = CARTESIAN_POINT ( 'NONE',  ( -2.500968516274154840, 1.225016686030106161, -5.099997654931396340 ) ) ;
#5538 = CARTESIAN_POINT ( 'NONE',  ( -2.410687842433213657, 0.4500000000000008993, -4.860687842433207173 ) ) ;
#5539 = EDGE_CURVE ( 'NONE', #6309, #6882, #3285, .T. ) ;
#5540 = CARTESIAN_POINT ( 'NONE',  ( 3.354092782221119506, 0.1971898976063921616, 4.660000000000000142 ) ) ;
#5541 = SURFACE_SIDE_STYLE ('',( #64 ) ) ;
#5542 = VECTOR ( 'NONE', #7444, 1000.000000000000114 ) ;
#5543 = DIRECTION ( 'NONE',  ( -0.000000000000000000, 0.000000000000000000, 1.000000000000000000 ) ) ;
#5544 = ORIENTED_EDGE ( 'NONE', *, *, #2449, .T. ) ;
#5545 = EDGE_LOOP ( 'NONE', ( #8274, #2392, #5742, #531 ) ) ;
#5546 = ORIENTED_EDGE ( 'NONE', *, *, #953, .F. ) ;
#5547 = CARTESIAN_POINT ( 'NONE',  ( -2.649999999999999911, 1.225000000000001199, -4.660000000000000142 ) ) ;
#5548 = DIRECTION ( 'NONE',  ( 0.9961946980917455452, 0.08715574274765833240, -0.000000000000000000 ) ) ;
#5549 = CARTESIAN_POINT ( 'NONE',  ( -3.099999999999999645, 0.2499999999999996392, -4.230000000000000426 ) ) ;
#5550 = LINE ( 'NONE', #2587, #2858 ) ;
#5551 = CARTESIAN_POINT ( 'NONE',  ( -1.650000000000001243, 2.000000000000000888, -4.399999999999995914 ) ) ;
#5552 = EDGE_CURVE ( 'NONE', #6238, #635, #3332, .T. ) ;
#5553 = PRESENTATION_STYLE_ASSIGNMENT (( #6807 ) ) ;
#5554 = CARTESIAN_POINT ( 'NONE',  ( -3.899999999999999467, 0.1494292047137622814, 2.120000000000000551 ) ) ;
#5555 = VERTEX_POINT ( 'NONE', #5955 ) ;
#5556 = ORIENTED_EDGE ( 'NONE', *, *, #1866, .F. ) ;
#5557 = VERTEX_POINT ( 'NONE', #2141 ) ;
#5558 = VECTOR ( 'NONE', #156, 1000.000000000000000 ) ;
#5559 = PLANE ( 'NONE',  #4566 ) ;
#5560 = DIRECTION ( 'NONE',  ( 0.000000000000000000, 0.000000000000000000, 1.000000000000000000 ) ) ;
#5561 = DIRECTION ( 'NONE',  ( 0.000000000000000000, 0.000000000000000000, 1.000000000000000000 ) ) ;
#5562 = EDGE_CURVE ( 'NONE', #4810, #5250, #575, .T. ) ;
#5563 = ORIENTED_EDGE ( 'NONE', *, *, #5801, .F. ) ;
#5564 =( NAMED_UNIT ( * ) SI_UNIT ( $, .STERADIAN. ) SOLID_ANGLE_UNIT ( ) );
#5565 = ORIENTED_EDGE ( 'NONE', *, *, #3830, .T. ) ;
#5566 = VERTEX_POINT ( 'NONE', #3255 ) ;
#5567 = DIRECTION ( 'NONE',  ( -0.000000000000000000, 0.000000000000000000, -1.000000000000000000 ) ) ;
#5568 = CARTESIAN_POINT ( 'NONE',  ( -3.048510475726686764, 1.021717016418992152, -1.690000000000000169 ) ) ;
#5569 = LINE ( 'NONE', #6972, #8371 ) ;
#5570 = CARTESIAN_POINT ( 'NONE',  ( -2.501452754537961454, 1.074949942300985395, 5.099992964849200838 ) ) ;
#5571 = ADVANCED_FACE ( 'NONE', ( #3411 ), #6678, .F. ) ;
#5572 = ORIENTED_EDGE ( 'NONE', *, *, #4180, .T. ) ;
#5573 = CLOSED_SHELL ( 'NONE', ( #933, #3486, #4467, #4674, #7313, #3745, #2379, #2568, #3842, #7955, #2205, #3148, #4432, #8094 ) ) ;
#5574 = LINE ( 'NONE', #5167, #167 ) ;
#5575 = CARTESIAN_POINT ( 'NONE',  ( -3.354092782221119506, 0.1971898976063921616, -0.4200000000000002620 ) ) ;
#5576 = EDGE_CURVE ( 'NONE', #1811, #5634, #735, .T. ) ;
#5577 = EDGE_LOOP ( 'NONE', ( #2889, #4596, #2973, #7532 ) ) ;
#5578 = DIRECTION ( 'NONE',  ( -0.000000000000000000, 1.000000000000000000, -0.000000000000000000 ) ) ;
#5579 = DIRECTION ( 'NONE',  ( -0.000000000000000000, -0.000000000000000000, -1.000000000000000000 ) ) ;
#5580 = DIRECTION ( 'NONE',  ( 0.000000000000000000, -0.000000000000000000, -1.000000000000000000 ) ) ;
#5581 = ADVANCED_FACE ( 'NONE', ( #3430 ), #4804, .T. ) ;
#5582 = PLANE ( 'NONE',  #5720 ) ;
#5583 = CIRCLE ( 'NONE', #4457, 0.1242690327345600532 ) ;
#5584 = DIRECTION ( 'NONE',  ( -1.000000000000000000, -0.000000000000000000, 1.636531581110195656E-16 ) ) ;
#5585 = EDGE_CURVE ( 'NONE', #2662, #1520, #693, .T. ) ;
#5586 = CARTESIAN_POINT ( 'NONE',  ( -1.650000000000001243, 1.900000000000000799, -4.399999999999995914 ) ) ;
#5587 = VECTOR ( 'NONE', #5374, 1000.000000000000114 ) ;
#5588 = CARTESIAN_POINT ( 'NONE',  ( 2.649999999999999911, 1.075000000000001288, -0.8500000000000000888 ) ) ;
#5589 = ORIENTED_EDGE ( 'NONE', *, *, #4592, .T. ) ;
#5590 = ORIENTED_EDGE ( 'NONE', *, *, #3231, .T. ) ;
#5591 = LINE ( 'NONE', #6955, #5632 ) ;
#5592 = ORIENTED_EDGE ( 'NONE', *, *, #1034, .T. ) ;
#5593 = EDGE_CURVE ( 'NONE', #8210, #2805, #3511, .T. ) ;
#5594 = DIRECTION ( 'NONE',  ( -0.000000000000000000, 1.000000000000000000, -0.000000000000000000 ) ) ;
#5595 = CARTESIAN_POINT ( 'NONE',  ( -3.899999999999999467, 0.1494292047137622814, -1.690000000000000169 ) ) ;
#5596 = FILL_AREA_STYLE ('',( #6097 ) ) ;
#5597 = DIRECTION ( 'NONE',  ( -1.000000000000000000, 0.000000000000000000, 0.000000000000000000 ) ) ;
#5598 = AXIS2_PLACEMENT_3D ( 'NONE', #200, #6278, #6071 ) ;
#5599 = DIRECTION ( 'NONE',  ( 1.000000000000000000, 0.000000000000000000, 0.000000000000000000 ) ) ;
#5600 = VERTEX_POINT ( 'NONE', #3986 ) ;
#5601 = VERTEX_POINT ( 'NONE', #4637 ) ;
#5602 = CYLINDRICAL_SURFACE ( 'NONE', #6803, 0.2742690327345604362 ) ;
#5603 = AXIS2_PLACEMENT_3D ( 'NONE', #2117, #2722, #2068 ) ;
#5604 = ORIENTED_EDGE ( 'NONE', *, *, #3374, .T. ) ;
#5605 = DIRECTION ( 'NONE',  ( -0.000000000000000000, -0.000000000000000000, -1.000000000000000000 ) ) ;
#5606 = EDGE_CURVE ( 'NONE', #4249, #1841, #798, .T. ) ;
#5607 = ADVANCED_FACE ( 'NONE', ( #6277 ), #5469, .F. ) ;
#5608 = VECTOR ( 'NONE', #3673, 1000.000000000000000 ) ;
#5609 = APPLICATION_CONTEXT ( 'automotive_design' ) ;
#5610 = DIRECTION ( 'NONE',  ( 0.1378445374916288935, -0.9808148484639890308, -0.1378445374916289490 ) ) ;
#5611 = AXIS2_PLACEMENT_3D ( 'NONE', #1490, #2104, #2705 ) ;
#5612 = FILL_AREA_STYLE_COLOUR ( '', #72 ) ;
#5613 = EDGE_CURVE ( 'NONE', #872, #7312, #3349, .T. ) ;
#5614 = FACE_OUTER_BOUND ( 'NONE', #4712, .T. ) ;
#5615 = AXIS2_PLACEMENT_3D ( 'NONE', #5637, #5065, #5690 ) ;
#5616 = PLANE ( 'NONE',  #756 ) ;
#5617 = VERTEX_POINT ( 'NONE', #8229 ) ;
#5618 = DIRECTION ( 'NONE',  ( 0.2588190451025220717, 0.9659258262890678681, -0.000000000000000000 ) ) ;
#5619 = ORIENTED_EDGE ( 'NONE', *, *, #1001, .F. ) ;
#5620 = CARTESIAN_POINT ( 'NONE',  ( -2.903621601783326067, 0.9828941596536137082, 2.120000000000000551 ) ) ;
#5621 = ORIENTED_EDGE ( 'NONE', *, *, #7464, .T. ) ;
#5622 = DIRECTION ( 'NONE',  ( 0.000000000000000000, 0.000000000000000000, 1.000000000000000000 ) ) ;
#5623 = DIRECTION ( 'NONE',  ( 0.000000000000000000, -0.000000000000000000, -1.000000000000000000 ) ) ;
#5624 = ORIENTED_EDGE ( 'NONE', *, *, #2512, .F. ) ;
#5625 = CARTESIAN_POINT ( 'NONE',  ( 3.354092782221119506, 0.1971898976063921616, 4.660000000000000142 ) ) ;
#5626 = EDGE_CURVE ( 'NONE', #38, #1953, #657, .T. ) ;
#5627 = AXIS2_PLACEMENT_3D ( 'NONE', #394, #2267, #2888 ) ;
#5628 = VECTOR ( 'NONE', #4458, 1000.000000000000000 ) ;
#5629 = ORIENTED_EDGE ( 'NONE', *, *, #5172, .F. ) ;
#5630 = EDGE_CURVE ( 'NONE', #6170, #4892, #6187, .T. ) ;
#5631 = ORIENTED_EDGE ( 'NONE', *, *, #6682, .F. ) ;
#5632 = VECTOR ( 'NONE', #4946, 1000.000000000000000 ) ;
#5633 = DIRECTION ( 'NONE',  ( 0.9961946980917455452, -0.08715574274765840179, 0.000000000000000000 ) ) ;
#5634 = VERTEX_POINT ( 'NONE', #5625 ) ;
#5635 = CARTESIAN_POINT ( 'NONE',  ( -2.783586933657053564, 1.075000000000001066, -4.230000000000000426 ) ) ;
#5636 = DIRECTION ( 'NONE',  ( 0.000000000000000000, 0.000000000000000000, 1.000000000000000000 ) ) ;
#5637 = CARTESIAN_POINT ( 'NONE',  ( 2.410687842433210548, 0.4500000000000009548, -4.860687842433208061 ) ) ;
#5638 = AXIS2_PLACEMENT_3D ( 'NONE', #7471, #1018, #6960 ) ;
#5639 = CARTESIAN_POINT ( 'NONE',  ( -2.650000000000001243, 1.225000000000001199, -5.099999999999995204 ) ) ;
#5640 = LINE ( 'NONE', #3413, #148 ) ;
#5641 = ADVANCED_FACE ( 'NONE', ( #3477 ), #6341, .F. ) ;
#5642 = CARTESIAN_POINT ( 'NONE',  ( -2.649999999999999911, 1.075000000000001288, 5.100000000000004086 ) ) ;
#5643 = CARTESIAN_POINT ( 'NONE',  ( 2.783586933657053564, 0.9507309672654410404, 0.8500000000000000888 ) ) ;
#5644 = CARTESIAN_POINT ( 'NONE',  ( 3.354092782221119506, 0.1971898976063921616, 2.959999999999999964 ) ) ;
#5645 = ORIENTED_EDGE ( 'NONE', *, *, #7434, .T. ) ;
#5646 = ORIENTED_EDGE ( 'NONE', *, *, #4061, .T. ) ;
#5647 = CIRCLE ( 'NONE', #2922, 0.2742690327345604362 ) ;
#5648 = ORIENTED_EDGE ( 'NONE', *, *, #5936, .F. ) ;
#5649 = EDGE_CURVE ( 'NONE', #1575, #6004, #6209, .T. ) ;
#5650 = CARTESIAN_POINT ( 'NONE',  ( 3.099999999999999645, 0.2499999999999996392, 0.8500000000000000888 ) ) ;
#5651 = DIRECTION ( 'NONE',  ( 0.000000000000000000, -0.000000000000000000, -1.000000000000000000 ) ) ;
#5652 = DIRECTION ( 'NONE',  ( 0.000000000000000000, -1.156482317317871764E-14, -1.000000000000000000 ) ) ;
#5653 = VECTOR ( 'NONE', #4106, 1000.000000000000000 ) ;
#5654 = CARTESIAN_POINT ( 'NONE',  ( 2.649154974055155876, 1.231012672022577803, 5.037973030627475701 ) ) ;
#5655 = LINE ( 'NONE', #6155, #5542 ) ;
#5656 = VERTEX_POINT ( 'NONE', #6134 ) ;
#5657 = ORIENTED_EDGE ( 'NONE', *, *, #2481, .T. ) ;
#5658 = VECTOR ( 'NONE', #7368, 1000.000000000000114 ) ;
#5659 = ORIENTED_EDGE ( 'NONE', *, *, #4938, .T. ) ;
#5660 = LINE ( 'NONE', #7116, #8259 ) ;
#5661 = CARTESIAN_POINT ( 'NONE',  ( -3.364923542069633289, 0.3209860491535506677, 2.959999999999999964 ) ) ;
#5662 = ADVANCED_FACE ( 'NONE', ( #812 ), #4438, .F. ) ;
#5663 = EDGE_CURVE ( 'NONE', #4232, #2893, #6325, .T. ) ;
#5664 = FACE_OUTER_BOUND ( 'NONE', #5928, .T. ) ;
#5665 = CARTESIAN_POINT ( 'NONE',  ( 3.886926638587850924, 4.743384504624081899E-16, -4.660000000000000142 ) ) ;
#5666 = LINE ( 'NONE', #7987, #161 ) ;
#5667 = CARTESIAN_POINT ( 'NONE',  ( 3.354092782221119506, 0.1971898976063921616, 2.120000000000000551 ) ) ;
#5668 = VERTEX_POINT ( 'NONE', #6841 ) ;
#5669 = PLANE ( 'NONE',  #5206 ) ;
#5670 = VERTEX_POINT ( 'NONE', #7587 ) ;
#5671 = DIRECTION ( 'NONE',  ( -0.2588190451025220717, 0.9659258262890678681, 0.000000000000000000 ) ) ;
#5672 = CARTESIAN_POINT ( 'NONE',  ( 2.649999999999999911, 1.075000000000001288, -2.959999999999999964 ) ) ;
#5673 = VECTOR ( 'NONE', #7620, 1000.000000000000000 ) ;
#5674 = EDGE_LOOP ( 'NONE', ( #3906, #1932, #2027, #1890 ) ) ;
#5675 = VECTOR ( 'NONE', #4528, 1000.000000000000114 ) ;
#5676 = VERTEX_POINT ( 'NONE', #8180 ) ;
#5677 = ADVANCED_FACE ( 'NONE', ( #3595 ), #7533, .F. ) ;
#5678 = CARTESIAN_POINT ( 'NONE',  ( -2.783586933657053564, 1.225000000000001199, -2.959999999999999964 ) ) ;
#5679 = DIRECTION ( 'NONE',  ( -0.1378445374916289490, 0.9808148484639890308, -0.1378445374916288935 ) ) ;
#5680 = LINE ( 'NONE', #8027, #2775 ) ;
#5681 = CARTESIAN_POINT ( 'NONE',  ( 3.099999999999999645, 0.2499999999999996392, 1.690000000000000613 ) ) ;
#5682 = CIRCLE ( 'NONE', #1414, 0.1499999999999998834 ) ;
#5683 = ORIENTED_EDGE ( 'NONE', *, *, #35, .T. ) ;
#5684 = ORIENTED_EDGE ( 'NONE', *, *, #2043, .T. ) ;
#5685 = ORIENTED_EDGE ( 'NONE', *, *, #2177, .F. ) ;
#5686 = VECTOR ( 'NONE', #5366, 1000.000000000000000 ) ;
#5687 = DIRECTION ( 'NONE',  ( 1.000000000000000000, 0.000000000000000000, 0.000000000000000000 ) ) ;
#5688 = CARTESIAN_POINT ( 'NONE',  ( -3.899999999999999467, 0.1494292047137622814, 2.959999999999999964 ) ) ;
#5689 = ORIENTED_EDGE ( 'NONE', *, *, #3568, .T. ) ;
#5690 = DIRECTION ( 'NONE',  ( 0.000000000000000000, 1.000000000000000000, -5.782411586589358033E-15 ) ) ;
#5691 = DIRECTION ( 'NONE',  ( 0.08715574274765759688, 0.9961946980917455452, 0.000000000000000000 ) ) ;
#5692 = PLANE ( 'NONE',  #7700 ) ;
#5693 = VECTOR ( 'NONE', #3226, 1000.000000000000114 ) ;
#5694 = DIRECTION ( 'NONE',  ( 0.000000000000000000, 0.000000000000000000, 1.000000000000000000 ) ) ;
#5695 = CARTESIAN_POINT ( 'NONE',  ( -2.783586933657053564, 1.075000000000001066, 2.959999999999999964 ) ) ;
#5696 = EDGE_CURVE ( 'NONE', #4614, #7412, #6425, .T. ) ;
#5697 =( NAMED_UNIT ( * ) PLANE_ANGLE_UNIT ( ) SI_UNIT ( $, .RADIAN. ) );
#5698 = ORIENTED_EDGE ( 'NONE', *, *, #1625, .T. ) ;
#5699 = CLOSED_SHELL ( 'NONE', ( #7110, #7291, #1822, #4860, #133, #5205, #5855, #3555, #6705, #7822, #7923, #1271, #5275, #1333 ) ) ;
#5700 = FACE_OUTER_BOUND ( 'NONE', #6577, .T. ) ;
#5701 = ORIENTED_EDGE ( 'NONE', *, *, #6828, .F. ) ;
#5702 = AXIS2_PLACEMENT_3D ( 'NONE', #5415, #2981, #6902 ) ;
#5703 = CARTESIAN_POINT ( 'NONE',  ( -2.649999999999999911, 1.075000000000001288, -4.660000000000000142 ) ) ;
#5704 = VERTEX_POINT ( 'NONE', #1643 ) ;
#5705 = CARTESIAN_POINT ( 'NONE',  ( 2.903621601783326067, 0.9828941596536137082, -2.120000000000000107 ) ) ;
#5706 = CARTESIAN_POINT ( 'NONE',  ( -3.364923542069633289, 0.3209860491535506677, -1.690000000000000169 ) ) ;
#5707 = CARTESIAN_POINT ( 'NONE',  ( -3.341019420808970963, 0.04776069289263019935, 4.230000000000000426 ) ) ;
#5708 = CARTESIAN_POINT ( 'NONE',  ( 3.364923542069633289, 0.3209860491535506677, 2.120000000000000551 ) ) ;
#5709 = CIRCLE ( 'NONE', #2826, 0.2742690327345604362 ) ;
#5710 =( NAMED_UNIT ( * ) PLANE_ANGLE_UNIT ( ) SI_UNIT ( $, .RADIAN. ) );
#5711 = VECTOR ( 'NONE', #6025, 1000.000000000000114 ) ;
#5712 = EDGE_CURVE ( 'NONE', #5466, #6503, #716, .T. ) ;
#5713 = EDGE_CURVE ( 'NONE', #8248, #1969, #6381, .T. ) ;
#5714 = VERTEX_POINT ( 'NONE', #2344 ) ;
#5715 = ORIENTED_EDGE ( 'NONE', *, *, #629, .T. ) ;
#5716 = LINE ( 'NONE', #2086, #2693 ) ;
#5717 = ORIENTED_EDGE ( 'NONE', *, *, #7481, .F. ) ;
#5718 = LINE ( 'NONE', #6140, #125 ) ;
#5719 = AXIS2_PLACEMENT_3D ( 'NONE', #3835, #5579, #8342 ) ;
#5720 = AXIS2_PLACEMENT_3D ( 'NONE', #6360, #4503, #495 ) ;
#5721 = EDGE_CURVE ( 'NONE', #290, #136, #988, .T. ) ;
#5722 = STYLED_ITEM ( 'NONE', ( #5553 ), #5193 ) ;
#5723 = VECTOR ( 'NONE', #3333, 1000.000000000000000 ) ;
#5724 = CARTESIAN_POINT ( 'NONE',  ( 3.899999999999999467, 0.1494292047137622814, 2.959999999999999964 ) ) ;
#5725 = VECTOR ( 'NONE', #7550, 1000.000000000000000 ) ;
#5726 = CARTESIAN_POINT ( 'NONE',  ( 2.783586933657053564, 1.225000000000001199, 2.120000000000000551 ) ) ;
#5727 = VERTEX_POINT ( 'NONE', #4385 ) ;
#5728 = DIRECTION ( 'NONE',  ( -0.000000000000000000, -0.000000000000000000, -1.000000000000000000 ) ) ;
#5729 = ORIENTED_EDGE ( 'NONE', *, *, #5038, .F. ) ;
#5730 = DIRECTION ( 'NONE',  ( -1.000000000000000000, 0.000000000000000000, 0.000000000000000000 ) ) ;
#5731 = SURFACE_STYLE_FILL_AREA ( #1209 ) ;
#5732 = ORIENTED_EDGE ( 'NONE', *, *, #3913, .F. ) ;
#5733 = ADVANCED_FACE ( 'NONE', ( #3744 ), #7479, .F. ) ;
#5734 = CYLINDRICAL_SURFACE ( 'NONE', #287, 0.2742690327345604362 ) ;
#5735 = CARTESIAN_POINT ( 'NONE',  ( -2.649999999999999911, 1.225000000000001199, 2.120000000000000551 ) ) ;
#5736 = PLANE ( 'NONE',  #2359 ) ;
#5737 = EDGE_CURVE ( 'NONE', #7390, #5557, #3642, .T. ) ;
#5738 = VECTOR ( 'NONE', #7976, 1000.000000000000000 ) ;
#5739 = DIRECTION ( 'NONE',  ( 0.000000000000000000, 0.000000000000000000, 1.000000000000000000 ) ) ;
#5740 = EDGE_CURVE ( 'NONE', #6690, #951, #6584, .T. ) ;
#5741 = ORIENTED_EDGE ( 'NONE', *, *, #1880, .F. ) ;
#5742 = ORIENTED_EDGE ( 'NONE', *, *, #5663, .F. ) ;
#5743 = FACE_OUTER_BOUND ( 'NONE', #408, .T. ) ;
#5744 = PLANE ( 'NONE',  #2175 ) ;
#5745 = ORIENTED_EDGE ( 'NONE', *, *, #7639, .F. ) ;
#5746 = VECTOR ( 'NONE', #6852, 1000.000000000000000 ) ;
#5747 = CARTESIAN_POINT ( 'NONE',  ( -3.364923542069633289, 0.3209860491535506677, -4.230000000000000426 ) ) ;
#5748 = DIRECTION ( 'NONE',  ( 1.000000000000000000, 0.000000000000000000, 0.000000000000000000 ) ) ;
#5749 = CARTESIAN_POINT ( 'NONE',  ( 3.899999999999999467, 0.1494292047137622814, 4.660000000000000142 ) ) ;
#5750 = PLANE ( 'NONE',  #6856 ) ;
#5751 = ADVANCED_FACE ( 'NONE', ( #3726 ), #3306, .F. ) ;
#5752 = VECTOR ( 'NONE', #1966, 1000.000000000000000 ) ;
#5753 = CARTESIAN_POINT ( 'NONE',  ( -1.650000000000001243, 1.900000000000000799, -4.399999999999995914 ) ) ;
#5754 = CARTESIAN_POINT ( 'NONE',  ( 3.341019420808970963, 0.04776069289263030343, -4.230000000000000426 ) ) ;
#5755 = LINE ( 'NONE', #3557, #8386 ) ;
#5756 = EDGE_CURVE ( 'NONE', #424, #567, #6683, .T. ) ;
#5757 = DIRECTION ( 'NONE',  ( 0.000000000000000000, -0.000000000000000000, -1.000000000000000000 ) ) ;
#5758 = ORIENTED_EDGE ( 'NONE', *, *, #3270, .T. ) ;
#5759 = ORIENTED_EDGE ( 'NONE', *, *, #7081, .F. ) ;
#5760 = VERTEX_POINT ( 'NONE', #4466 ) ;
#5761 = DIRECTION ( 'NONE',  ( -0.000000000000000000, 0.000000000000000000, 1.000000000000000000 ) ) ;
#5762 = CARTESIAN_POINT ( 'NONE',  ( -2.783586933657053564, 0.9507309672654410404, 0.8500000000000000888 ) ) ;
#5763 = CARTESIAN_POINT ( 'NONE',  ( 3.341019420808970963, 0.04776069289263030343, -2.120000000000000107 ) ) ;
#5764 = CARTESIAN_POINT ( 'NONE',  ( -2.783586933657053564, 0.9507309672654410404, -0.4200000000000002620 ) ) ;
#5765 = CARTESIAN_POINT ( 'NONE',  ( -2.783586933657053564, 1.225000000000001199, 4.230000000000000426 ) ) ;
#5766 = DIRECTION ( 'NONE',  ( -0.08715574274765759688, -0.9961946980917455452, 0.000000000000000000 ) ) ;
#5767 = CARTESIAN_POINT ( 'NONE',  ( 3.886926638587850924, 4.743384504624081899E-16, 3.389999999999999680 ) ) ;
#5768 = ORIENTED_EDGE ( 'NONE', *, *, #4802, .F. ) ;
#5769 = ORIENTED_EDGE ( 'NONE', *, *, #4027, .T. ) ;
#5770 = EDGE_CURVE ( 'NONE', #3639, #1868, #6605, .T. ) ;
#5771 = ORIENTED_EDGE ( 'NONE', *, *, #5468, .F. ) ;
#5772 = PRESENTATION_STYLE_ASSIGNMENT (( #2386 ) ) ;
#5773 = ORIENTED_EDGE ( 'NONE', *, *, #6280, .F. ) ;
#5774 = DIRECTION ( 'NONE',  ( 1.000000000000000000, 0.000000000000000000, 0.000000000000000000 ) ) ;
#5775 = MANIFOLD_SOLID_BREP ( 'LPattern1[4]', #8008 ) ;
#5776 = AXIS2_PLACEMENT_3D ( 'NONE', #2620, #6829, #4790 ) ;
#5777 = DIRECTION ( 'NONE',  ( -0.000000000000000000, -0.000000000000000000, -1.000000000000000000 ) ) ;
#5778 = CARTESIAN_POINT ( 'NONE',  ( -2.403576301995952846, 1.921477204650809067, -5.002116512307181573 ) ) ;
#5779 = CYLINDRICAL_SURFACE ( 'NONE', #1785, 0.1242690327345600532 ) ;
#5780 = DIRECTION ( 'NONE',  ( -0.2588190451025219607, -0.9659258262890678681, 0.000000000000000000 ) ) ;
#5781 = ORIENTED_EDGE ( 'NONE', *, *, #8148, .T. ) ;
#5782 = CARTESIAN_POINT ( 'NONE',  ( -3.354092782221119506, 0.1971898976063921616, -2.959999999999999964 ) ) ;
#5783 = ORIENTED_EDGE ( 'NONE', *, *, #4471, .F. ) ;
#5784 = EDGE_CURVE ( 'NONE', #3475, #5495, #3892, .T. ) ;
#5785 = CARTESIAN_POINT ( 'NONE',  ( 2.559228052744447979, 1.870875965144010777, 4.860687842433215167 ) ) ;
#5786 = VECTOR ( 'NONE', #1024, 1000.000000000000114 ) ;
#5787 = VERTEX_POINT ( 'NONE', #1872 ) ;
#5788 = CIRCLE ( 'NONE', #1440, 0.1242690327345600532 ) ;
#5789 = EDGE_CURVE ( 'NONE', #6568, #6068, #1023, .T. ) ;
#5790 = CARTESIAN_POINT ( 'NONE',  ( 2.559228052744445758, 1.870875965144010777, -4.860687842433208949 ) ) ;
#5791 = CARTESIAN_POINT ( 'NONE',  ( 2.783586933657053564, 0.9507309672654410404, -4.230000000000000426 ) ) ;
#5792 = AXIS2_PLACEMENT_3D ( 'NONE', #1858, #2925, #1703 ) ;
#5793 = CYLINDRICAL_SURFACE ( 'NONE', #6623, 0.1242690327345600532 ) ;
#5794 = CARTESIAN_POINT ( 'NONE',  ( -3.364923542069633289, 0.3209860491535506677, 4.230000000000000426 ) ) ;
#5795 = VECTOR ( 'NONE', #633, 1000.000000000000000 ) ;
#5796 = ORIENTED_EDGE ( 'NONE', *, *, #8260, .T. ) ;
#5797 = ORIENTED_EDGE ( 'NONE', *, *, #3817, .F. ) ;
#5798 = AXIS2_PLACEMENT_3D ( 'NONE', #2556, #491, #2402 ) ;
#5799 = ORIENTED_EDGE ( 'NONE', *, *, #5035, .T. ) ;
#5800 = ADVANCED_FACE ( 'NONE', ( #997 ), #5287, .F. ) ;
#5801 = EDGE_CURVE ( 'NONE', #7335, #7847, #3698, .T. ) ;
#5802 = VECTOR ( 'NONE', #5533, 1000.000000000000000 ) ;
#5803 = CARTESIAN_POINT ( 'NONE',  ( 2.903621601783326067, 0.9828941596536137082, 4.660000000000000142 ) ) ;
#5804 = DIRECTION ( 'NONE',  ( -0.000000000000000000, -0.000000000000000000, -1.000000000000000000 ) ) ;
#5805 = CARTESIAN_POINT ( 'NONE',  ( 2.649999999999999911, 1.225000000000001199, 0.4200000000000002620 ) ) ;
#5806 = DIRECTION ( 'NONE',  ( 1.000000000000000000, 1.623215898148971142E-15, -0.000000000000000000 ) ) ;
#5807 = AXIS2_PLACEMENT_3D ( 'NONE', #4227, #7978, #5309 ) ;
#5808 = CARTESIAN_POINT ( 'NONE',  ( 3.899999999999999467, 0.1494292047137622814, -1.690000000000000169 ) ) ;
#5809 = EDGE_CURVE ( 'NONE', #1353, #1044, #1056, .T. ) ;
#5810 = DIRECTION ( 'NONE',  ( -1.000000000000000000, 0.000000000000000000, 0.000000000000000000 ) ) ;
#5811 = ADVANCED_FACE ( 'NONE', ( #3851 ), #6553, .F. ) ;
#5812 = CARTESIAN_POINT ( 'NONE',  ( 3.099999999999999645, 0.2499999999999996392, -2.959999999999999964 ) ) ;
#5813 = CYLINDRICAL_SURFACE ( 'NONE', #5037, 0.2999999999999999334 ) ;
#5814 = CARTESIAN_POINT ( 'NONE',  ( 3.899999999999999467, 0.1494292047137622814, 4.660000000000000142 ) ) ;
#5815 = DIRECTION ( 'NONE',  ( 0.000000000000000000, -0.1391731009600676305, 0.9902680687415701399 ) ) ;
#5816 = ORIENTED_EDGE ( 'NONE', *, *, #782, .F. ) ;
#5817 = EDGE_LOOP ( 'NONE', ( #3296, #1322, #7585, #4165 ) ) ;
#5818 = ORIENTED_EDGE ( 'NONE', *, *, #3683, .T. ) ;
#5819 = FACE_OUTER_BOUND ( 'NONE', #7427, .T. ) ;
#5820 = ORIENTED_EDGE ( 'NONE', *, *, #3253, .T. ) ;
#5821 = SURFACE_SIDE_STYLE ('',( #3667 ) ) ;
#5822 = DIRECTION ( 'NONE',  ( 0.000000000000000000, 0.000000000000000000, 1.000000000000000000 ) ) ;
#5823 = CARTESIAN_POINT ( 'NONE',  ( 3.364923542069633289, 0.3209860491535506677, -0.4200000000000002620 ) ) ;
#5824 = EDGE_CURVE ( 'NONE', #4125, #6359, #1046, .T. ) ;
#5825 = EDGE_CURVE ( 'NONE', #1855, #4642, #3659, .T. ) ;
#5826 = CARTESIAN_POINT ( 'NONE',  ( 2.783586933657053564, 0.9507309672654410404, -2.120000000000000107 ) ) ;
#5827 = DIRECTION ( 'NONE',  ( -0.000000000000000000, 1.000000000000000000, -0.000000000000000000 ) ) ;
#5828 = VERTEX_POINT ( 'NONE', #131 ) ;
#5829 = ORIENTED_EDGE ( 'NONE', *, *, #1077, .F. ) ;
#5830 = AXIS2_PLACEMENT_3D ( 'NONE', #2783, #3501, #4193 ) ;
#5831 = CIRCLE ( 'NONE', #2424, 0.1242690327345600532 ) ;
#5832 = ORIENTED_EDGE ( 'NONE', *, *, #6702, .T. ) ;
#5833 = VECTOR ( 'NONE', #1652, 1000.000000000000000 ) ;
#5834 = DIRECTION ( 'NONE',  ( -0.2588190451025220717, 0.9659258262890678681, 0.000000000000000000 ) ) ;
#5835 = ADVANCED_FACE ( 'NONE', ( #6631 ), #879, .T. ) ;
#5836 = VECTOR ( 'NONE', #4053, 1000.000000000000000 ) ;
#5837 = DIRECTION ( 'NONE',  ( -1.000000000000000000, 0.000000000000000000, 0.000000000000000000 ) ) ;
#5838 = CARTESIAN_POINT ( 'NONE',  ( -2.649999999999999911, 1.225000000000001199, 1.690000000000000613 ) ) ;
#5839 = AXIS2_PLACEMENT_3D ( 'NONE', #4573, #1925, #7098 ) ;
#5840 =( NAMED_UNIT ( * ) PLANE_ANGLE_UNIT ( ) SI_UNIT ( $, .RADIAN. ) );
#5841 = EDGE_LOOP ( 'NONE', ( #4819, #3847, #4985, #6711 ) ) ;
#5842 = DIRECTION ( 'NONE',  ( 0.000000000000000000, 1.000000000000000000, 0.000000000000000000 ) ) ;
#5843 = ORIENTED_EDGE ( 'NONE', *, *, #2319, .F. ) ;
#5844 = CARTESIAN_POINT ( 'NONE',  ( 3.341019420808970963, 0.04776069289263019935, -3.389999999999999680 ) ) ;
#5845 = FACE_OUTER_BOUND ( 'NONE', #7129, .T. ) ;
#5846 = CLOSED_SHELL ( 'NONE', ( #961, #3193, #4729, #3690, #6948, #1461, #4635, #3883, #607, #5751, #846, #3330, #2688, #8387 ) ) ;
#5847 = VECTOR ( 'NONE', #2197, 1000.000000000000000 ) ;
#5848 = ORIENTED_EDGE ( 'NONE', *, *, #3337, .F. ) ;
#5849 = EDGE_CURVE ( 'NONE', #22, #5668, #6467, .T. ) ;
#5850 = UNCERTAINTY_MEASURE_WITH_UNIT (LENGTH_MEASURE( 1.000000000000000082E-05 ), #5199, 'distance_accuracy_value', 'NONE');
#5851 = CARTESIAN_POINT ( 'NONE',  ( -2.649999999999999911, 1.075000000000001288, -2.959999999999999964 ) ) ;
#5852 = PLANE ( 'NONE',  #1113 ) ;
#5853 = FACE_OUTER_BOUND ( 'NONE', #2299, .T. ) ;
#5854 = CARTESIAN_POINT ( 'NONE',  ( 3.048510475726686764, 1.021717016418992152, -4.230000000000000426 ) ) ;
#5855 = ADVANCED_FACE ( 'NONE', ( #6729 ), #2518, .F. ) ;
#5856 = ORIENTED_EDGE ( 'NONE', *, *, #4731, .F. ) ;
#5857 = ORIENTED_EDGE ( 'NONE', *, *, #2254, .T. ) ;
#5858 = VECTOR ( 'NONE', #6192, 1000.000000000000000 ) ;
#5859 = DIRECTION ( 'NONE',  ( 1.000000000000000000, 0.000000000000000000, 0.000000000000000000 ) ) ;
#5860 = ORIENTED_EDGE ( 'NONE', *, *, #2290, .T. ) ;
#5861 =( GEOMETRIC_REPRESENTATION_CONTEXT ( 3 ) GLOBAL_UNCERTAINTY_ASSIGNED_CONTEXT ( ( #2382 ) ) GLOBAL_UNIT_ASSIGNED_CONTEXT ( ( #2459, #493, #4396 ) ) REPRESENTATION_CONTEXT ( 'NONE', 'WORKASPACE' ) );
#5862 = VECTOR ( 'NONE', #551, 1000.000000000000000 ) ;
#5863 = DIRECTION ( 'NONE',  ( -0.000000000000000000, -0.000000000000000000, -1.000000000000000000 ) ) ;
#5864 = CARTESIAN_POINT ( 'NONE',  ( -3.099999999999999645, 0.2499999999999996392, 2.120000000000000551 ) ) ;
#5865 = DIRECTION ( 'NONE',  ( 0.9961946980917455452, 0.08715574274765833240, -0.000000000000000000 ) ) ;
#5866 = CARTESIAN_POINT ( 'NONE',  ( 2.783586933657053564, 1.075000000000001066, -4.660000000000000142 ) ) ;
#5867 = AXIS2_PLACEMENT_3D ( 'NONE', #6056, #4088, #4898 ) ;
#5868 = EDGE_CURVE ( 'NONE', #7312, #5099, #6544, .T. ) ;
#5869 = CARTESIAN_POINT ( 'NONE',  ( 2.783586933657053564, 1.075000000000001066, -0.8500000000000000888 ) ) ;
#5870 = VECTOR ( 'NONE', #4994, 1000.000000000000000 ) ;
#5871 = DIRECTION ( 'NONE',  ( 0.000000000000000000, 0.000000000000000000, 1.000000000000000000 ) ) ;
#5872 = VERTEX_POINT ( 'NONE', #5941 ) ;
#5873 = ORIENTED_EDGE ( 'NONE', *, *, #7286, .F. ) ;
#5874 = CIRCLE ( 'NONE', #3618, 0.1242690327345600532 ) ;
#5875 = ORIENTED_EDGE ( 'NONE', *, *, #6640, .F. ) ;
#5876 = ADVANCED_FACE ( 'NONE', ( #1125 ), #934, .T. ) ;
#5877 = FACE_OUTER_BOUND ( 'NONE', #2566, .T. ) ;
#5878 = ORIENTED_EDGE ( 'NONE', *, *, #844, .F. ) ;
#5879 = CARTESIAN_POINT ( 'NONE',  ( 3.244888873943359897, 0.2888228567653777779, -0.4200000000000002620 ) ) ;
#5880 = DIRECTION ( 'NONE',  ( 0.9961946980917455452, 0.08715574274765833240, -0.000000000000000000 ) ) ;
#5881 = DIRECTION ( 'NONE',  ( -0.2588190451025220717, 0.9659258262890678681, 0.000000000000000000 ) ) ;
#5882 = CARTESIAN_POINT ( 'NONE',  ( 3.354092782221119506, 0.1971898976063921616, -1.690000000000000169 ) ) ;
#5883 = DIRECTION ( 'NONE',  ( 0.2588190451025220162, -0.9659258262890678681, 0.000000000000000000 ) ) ;
#5884 = CIRCLE ( 'NONE', #7503, 0.2742690327345599921 ) ;
#5885 = EDGE_CURVE ( 'NONE', #7543, #4884, #6608, .T. ) ;
#5886 = CARTESIAN_POINT ( 'NONE',  ( 3.886926638587850924, 4.743384504624081899E-16, -4.230000000000000426 ) ) ;
#5887 = ORIENTED_EDGE ( 'NONE', *, *, #4307, .F. ) ;
#5888 = ORIENTED_EDGE ( 'NONE', *, *, #6994, .F. ) ;
#5889 = LINE ( 'NONE', #249, #377 ) ;
#5890 = ORIENTED_EDGE ( 'NONE', *, *, #6468, .F. ) ;
#5891 = VECTOR ( 'NONE', #802, 1000.000000000000000 ) ;
#5892 = PRODUCT_DEFINITION ( 'UNKNOWN', '', #7950, #3290 ) ;
#5893 = DIRECTION ( 'NONE',  ( -1.000000000000000000, -0.000000000000000000, 1.636531581110195409E-16 ) ) ;
#5894 = ORIENTED_EDGE ( 'NONE', *, *, #6549, .T. ) ;
#5895 = ADVANCED_FACE ( 'NONE', ( #6560 ), #8172, .F. ) ;
#5896 = CIRCLE ( 'NONE', #8370, 0.2742690327345604362 ) ;
#5897 = CARTESIAN_POINT ( 'NONE',  ( -2.649999999999999911, 1.225000000000001199, 0.4200000000000002620 ) ) ;
#5898 = DIRECTION ( 'NONE',  ( 1.000000000000000000, 0.000000000000000000, 0.000000000000000000 ) ) ;
#5899 = EDGE_CURVE ( 'NONE', #7207, #3295, #3925, .T. ) ;
#5900 = DIRECTION ( 'NONE',  ( 2.125886612716676067E-16, 0.000000000000000000, 1.000000000000000000 ) ) ;
#5901 = VERTEX_POINT ( 'NONE', #4843 ) ;
#5902 = DIRECTION ( 'NONE',  ( 0.000000000000000000, -0.000000000000000000, -1.000000000000000000 ) ) ;
#5903 = ORIENTED_EDGE ( 'NONE', *, *, #3066, .F. ) ;
#5904 = CARTESIAN_POINT ( 'NONE',  ( 3.099999999999999645, 0.2499999999999996392, -4.660000000000000142 ) ) ;
#5905 = VECTOR ( 'NONE', #31, 1000.000000000000000 ) ;
#5906 = ORIENTED_EDGE ( 'NONE', *, *, #1791, .T. ) ;
#5907 = LINE ( 'NONE', #2297, #3232 ) ;
#5908 = AXIS2_PLACEMENT_3D ( 'NONE', #6958, #3202, #3026 ) ;
#5909 = VERTEX_POINT ( 'NONE', #2128 ) ;
#5911 = ADVANCED_FACE ( 'NONE', ( #6499 ), #6189, .T. ) ;
#5910 = SURFACE_SIDE_STYLE ('',( #6900 ) ) ;
#5912 = EDGE_CURVE ( 'NONE', #7413, #5124, #3833, .T. ) ;
#5913 = CARTESIAN_POINT ( 'NONE',  ( 2.783586933657053564, 0.9507309672654410404, -2.959999999999999964 ) ) ;
#5914 = AXIS2_PLACEMENT_3D ( 'NONE', #1687, #1637, #4692 ) ;
#5915 = LINE ( 'NONE', #2485, #6061 ) ;
#5916 = EDGE_CURVE ( 'NONE', #5600, #5714, #865, .T. ) ;
#5917 = ORIENTED_EDGE ( 'NONE', *, *, #372, .T. ) ;
#5918 = ORIENTED_EDGE ( 'NONE', *, *, #7331, .F. ) ;
#5919 = FACE_OUTER_BOUND ( 'NONE', #6408, .T. ) ;
#5920 = DIRECTION ( 'NONE',  ( 0.9961946980917455452, 0.08715574274765833240, -0.000000000000000000 ) ) ;
#5921 = ORIENTED_EDGE ( 'NONE', *, *, #3069, .T. ) ;
#5922 = VECTOR ( 'NONE', #5633, 1000.000000000000114 ) ;
#5923 = AXIS2_PLACEMENT_3D ( 'NONE', #1702, #1856, #7135 ) ;
#5924 = CARTESIAN_POINT ( 'NONE',  ( -3.364923542069633289, 0.3209860491535506677, 2.120000000000000551 ) ) ;
#5925 = CARTESIAN_POINT ( 'NONE',  ( -2.649999999999999911, 1.225000000000001199, 2.120000000000000551 ) ) ;
#5926 = CARTESIAN_POINT ( 'NONE',  ( 2.649999999999999911, 1.225000000000001199, 0.8500000000000000888 ) ) ;
#5927 = CARTESIAN_POINT ( 'NONE',  ( -3.364923542069633289, 0.3209860491535506677, -4.660000000000000142 ) ) ;
#5928 = EDGE_LOOP ( 'NONE', ( #246, #6725, #7089, #5952 ) ) ;
#5929 = CARTESIAN_POINT ( 'NONE',  ( -3.341019420808970963, 0.04776069289263030343, 2.959999999999999964 ) ) ;
#5930 = CARTESIAN_POINT ( 'NONE',  ( -3.886926638587850924, 4.743384504624081899E-16, -3.389999999999999680 ) ) ;
#5931 = LINE ( 'NONE', #8328, #397 ) ;
#5932 = CARTESIAN_POINT ( 'NONE',  ( -2.649999999999999911, 1.225000000000001199, -0.8500000000000000888 ) ) ;
#5933 = DIRECTION ( 'NONE',  ( 0.2588190451025220162, -0.9659258262890678681, 0.000000000000000000 ) ) ;
#5934 = ORIENTED_EDGE ( 'NONE', *, *, #7712, .F. ) ;
#5935 = ORIENTED_EDGE ( 'NONE', *, *, #3812, .F. ) ;
#5936 = EDGE_CURVE ( 'NONE', #3862, #6077, #1072, .T. ) ;
#5937 = ORIENTED_EDGE ( 'NONE', *, *, #5552, .F. ) ;
#5938 = VECTOR ( 'NONE', #6798, 1000.000000000000000 ) ;
#5939 = EDGE_LOOP ( 'NONE', ( #3769, #4936, #1650, #5689 ) ) ;
#5940 = CARTESIAN_POINT ( 'NONE',  ( 2.649999999999999911, 1.225000000000001199, 4.230000000000000426 ) ) ;
#5941 = CARTESIAN_POINT ( 'NONE',  ( -3.048510475726686764, 1.021717016418992152, -2.959999999999999964 ) ) ;
#5942 = CARTESIAN_POINT ( 'NONE',  ( -3.354092782221119506, 0.1971898976063921616, 2.120000000000000551 ) ) ;
#5943 = EDGE_CURVE ( 'NONE', #4830, #4816, #6715, .T. ) ;
#5944 = CARTESIAN_POINT ( 'NONE',  ( -2.501452754537961454, 1.225050057699017314, 5.099992964849200838 ) ) ;
#5945 = DIRECTION ( 'NONE',  ( 1.636531581110195409E-16, 0.000000000000000000, 1.000000000000000000 ) ) ;
#5946 = DIRECTION ( 'NONE',  ( 0.000000000000000000, 0.000000000000000000, 1.000000000000000000 ) ) ;
#5947 = DIRECTION ( 'NONE',  ( -0.000000000000000000, -0.000000000000000000, -1.000000000000000000 ) ) ;
#5948 = FACE_OUTER_BOUND ( 'NONE', #4096, .T. ) ;
#5949 = CARTESIAN_POINT ( 'NONE',  ( -2.783586933657053564, 0.9507309672654410404, -3.389999999999999680 ) ) ;
#5950 = EDGE_LOOP ( 'NONE', ( #6178, #2591, #969, #6765 ) ) ;
#5951 = ORIENTED_EDGE ( 'NONE', *, *, #6312, .F. ) ;
#5952 = ORIENTED_EDGE ( 'NONE', *, *, #3418, .T. ) ;
#5953 = ADVANCED_FACE ( 'NONE', ( #3672 ), #6864, .T. ) ;
#5954 = VECTOR ( 'NONE', #4067, 1000.000000000000114 ) ;
#5955 = CARTESIAN_POINT ( 'NONE',  ( -2.903621601783326067, 0.9828941596536137082, -4.230000000000000426 ) ) ;
#5956 = ORIENTED_EDGE ( 'NONE', *, *, #4606, .F. ) ;
#5957 = FACE_OUTER_BOUND ( 'NONE', #8103, .T. ) ;
#5958 = CARTESIAN_POINT ( 'NONE',  ( -2.649999999999999911, 1.075000000000001288, 0.8500000000000000888 ) ) ;
#5959 = CARTESIAN_POINT ( 'NONE',  ( 2.559228052744445758, 0.4291240348559910989, -4.991080853105641424 ) ) ;
#5960 = CARTESIAN_POINT ( 'NONE',  ( -2.649999999999999911, 1.225000000000001199, -0.4200000000000002620 ) ) ;
#5961 = EDGE_CURVE ( 'NONE', #3080, #2618, #4024, .T. ) ;
#5962 = ORIENTED_EDGE ( 'NONE', *, *, #2939, .T. ) ;
#5963 = PLANE ( 'NONE',  #2333 ) ;
#5964 = ORIENTED_EDGE ( 'NONE', *, *, #4555, .T. ) ;
#5965 = DIRECTION ( 'NONE',  ( 0.000000000000000000, 1.000000000000000000, 0.000000000000000000 ) ) ;
#5966 = VECTOR ( 'NONE', #1014, 1000.000000000000000 ) ;
#5967 = ORIENTED_EDGE ( 'NONE', *, *, #4606, .T. ) ;
#5968 = ORIENTED_EDGE ( 'NONE', *, *, #3911, .F. ) ;
#5969 = ADVANCED_FACE ( 'NONE', ( #6837 ), #5559, .T. ) ;
#5970 = CYLINDRICAL_SURFACE ( 'NONE', #2742, 0.1499999999999999667 ) ;
#5971 = CARTESIAN_POINT ( 'NONE',  ( 3.341019420808970963, 0.04776069289263019935, -0.4200000000000002620 ) ) ;
#5972 = AXIS2_PLACEMENT_3D ( 'NONE', #4310, #5561, #7576 ) ;
#5973 = VERTEX_POINT ( 'NONE', #1631 ) ;
#5974 = VERTEX_POINT ( 'NONE', #4739 ) ;
#5975 = LINE ( 'NONE', #2182, #6018 ) ;
#5976 = EDGE_CURVE ( 'NONE', #2877, #510, #6942, .T. ) ;
#5977 = ORIENTED_EDGE ( 'NONE', *, *, #5663, .T. ) ;
#5978 = CARTESIAN_POINT ( 'NONE',  ( -3.364923542069633289, 0.3209860491535506677, -4.230000000000000426 ) ) ;
#5979 = DIRECTION ( 'NONE',  ( 1.000000000000000000, 0.000000000000000000, 0.000000000000000000 ) ) ;
#5980 = DIRECTION ( 'NONE',  ( -0.000000000000000000, -0.000000000000000000, -1.000000000000000000 ) ) ;
#5981 = PLANE ( 'NONE',  #4552 ) ;
#5982 = ORIENTED_EDGE ( 'NONE', *, *, #453, .F. ) ;
#5983 = DIRECTION ( 'NONE',  ( 1.000000000000000000, 0.000000000000000000, -0.000000000000000000 ) ) ;
#5984 = CIRCLE ( 'NONE', #3976, 0.1499999999999999667 ) ;
#5985 = PLANE ( 'NONE',  #3985 ) ;
#5986 = DIRECTION ( 'NONE',  ( -0.000000000000000000, 1.000000000000000000, -0.000000000000000000 ) ) ;
#5987 = CARTESIAN_POINT ( 'NONE',  ( 2.783586933657053564, 0.9507309672654410404, -0.4200000000000002620 ) ) ;
#5988 = ORIENTED_EDGE ( 'NONE', *, *, #1765, .T. ) ;
#5989 = EDGE_LOOP ( 'NONE', ( #178, #6063, #8105, #773 ) ) ;
#5990 = FACE_OUTER_BOUND ( 'NONE', #6751, .T. ) ;
#5991 = VERTEX_POINT ( 'NONE', #405 ) ;
#5992 = FACE_OUTER_BOUND ( 'NONE', #3651, .T. ) ;
#5993 = EDGE_CURVE ( 'NONE', #5668, #1469, #6970, .T. ) ;
#5994 = ORIENTED_EDGE ( 'NONE', *, *, #4428, .T. ) ;
#5995 = PLANE ( 'NONE',  #7472 ) ;
#5996 = ORIENTED_EDGE ( 'NONE', *, *, #2525, .T. ) ;
#5997 = DIRECTION ( 'NONE',  ( 0.000000000000000000, -0.000000000000000000, -1.000000000000000000 ) ) ;
#5998 = DIRECTION ( 'NONE',  ( -0.000000000000000000, -0.000000000000000000, -1.000000000000000000 ) ) ;
#5999 = CARTESIAN_POINT ( 'NONE',  ( 3.354092782221119506, 0.1971898976063921616, -2.120000000000000107 ) ) ;
#6000 = DIRECTION ( 'NONE',  ( 0.9961946980917455452, -0.08715574274765831853, 0.000000000000000000 ) ) ;
#6001 = DIRECTION ( 'NONE',  ( 1.000000000000000000, 0.000000000000000000, 0.000000000000000000 ) ) ;
#6002 = DIRECTION ( 'NONE',  ( 1.000000000000000000, -1.623215898148971339E-15, 0.000000000000000000 ) ) ;
#6003 = ORIENTED_EDGE ( 'NONE', *, *, #6770, .F. ) ;
#6004 = VERTEX_POINT ( 'NONE', #4308 ) ;
#6005 = CYLINDRICAL_SURFACE ( 'NONE', #140, 0.2742690327345599921 ) ;
#6006 = ORIENTED_EDGE ( 'NONE', *, *, #3790, .F. ) ;
#6007 = CIRCLE ( 'NONE', #2269, 0.2742690327345604362 ) ;
#6008 = DIRECTION ( 'NONE',  ( -0.000000000000000000, -0.000000000000000000, -1.000000000000000000 ) ) ;
#6009 = EDGE_CURVE ( 'NONE', #6359, #6610, #3939, .T. ) ;
#6010 = DIRECTION ( 'NONE',  ( -0.2588190451025220717, 0.9659258262890678681, 0.000000000000000000 ) ) ;
#6011 = VECTOR ( 'NONE', #700, 1000.000000000000114 ) ;
#6012 = AXIS2_PLACEMENT_3D ( 'NONE', #74, #7793, #3238 ) ;
#6013 = CARTESIAN_POINT ( 'NONE',  ( 2.649999999999999911, 1.225000000000001199, 1.690000000000000613 ) ) ;
#6014 = VERTEX_POINT ( 'NONE', #6947 ) ;
#6015 = DIRECTION ( 'NONE',  ( 0.08715574274765759688, -0.9961946980917455452, 0.000000000000000000 ) ) ;
#6016 = VERTEX_POINT ( 'NONE', #7574 ) ;
#6017 = CARTESIAN_POINT ( 'NONE',  ( 3.244888873943359897, 0.2888228567653777779, 0.8500000000000000888 ) ) ;
#6018 = VECTOR ( 'NONE', #4092, 1000.000000000000114 ) ;
#6019 = ORIENTED_EDGE ( 'NONE', *, *, #1133, .F. ) ;
#6020 = ADVANCED_FACE ( 'NONE', ( #4038 ), #6795, .T. ) ;
#6021 = LINE ( 'NONE', #2659, #5954 ) ;
#6022 = AXIS2_PLACEMENT_3D ( 'NONE', #3252, #3980, #6622 ) ;
#6023 = EDGE_LOOP ( 'NONE', ( #151, #8334, #2958, #4582 ) ) ;
#6024 = CARTESIAN_POINT ( 'NONE',  ( 2.501452754537962342, 1.074949942300991168, 5.099992964849200838 ) ) ;
#6025 = DIRECTION ( 'NONE',  ( 0.9961946980917455452, 0.08715574274765833240, -0.000000000000000000 ) ) ;
#6026 = EDGE_CURVE ( 'NONE', #2428, #6337, #1141, .T. ) ;
#6027 = LINE ( 'NONE', #43, #257 ) ;
#6028 = AXIS2_PLACEMENT_3D ( 'NONE', #379, #2920, #3607 ) ;
#6029 = AXIS2_PLACEMENT_3D ( 'NONE', #4, #6354, #7085 ) ;
#6030 = ORIENTED_EDGE ( 'NONE', *, *, #3360, .T. ) ;
#6031 = ORIENTED_EDGE ( 'NONE', *, *, #5468, .T. ) ;
#6032 = AXIS2_PLACEMENT_3D ( 'NONE', #1015, #8014, #5514 ) ;
#6033 = FACE_OUTER_BOUND ( 'NONE', #6886, .T. ) ;
#6034 = DIRECTION ( 'NONE',  ( -1.000000000000000000, 0.000000000000000000, 0.000000000000000000 ) ) ;
#6035 = CLOSED_SHELL ( 'NONE', ( #1795, #5479, #5835, #785, #2082, #2443, #500, #8, #5876, #5428, #4714, #5571, #1862, #6564 ) ) ;
#6036 = DIRECTION ( 'NONE',  ( 0.1378445374916288935, -0.9808148484639891418, -0.1378445374916289490 ) ) ;
#6037 = LINE ( 'NONE', #58, #3197 ) ;
#6038 = EDGE_CURVE ( 'NONE', #2662, #6420, #1416, .T. ) ;
#6039 = CARTESIAN_POINT ( 'NONE',  ( -2.649999999999999911, 1.075000000000001288, 2.120000000000000551 ) ) ;
#6040 =( LENGTH_UNIT ( ) NAMED_UNIT ( * ) SI_UNIT ( .MILLI., .METRE. ) );
#6041 = ORIENTED_EDGE ( 'NONE', *, *, #3112, .F. ) ;
#6042 = VERTEX_POINT ( 'NONE', #41 ) ;
#6043 = CARTESIAN_POINT ( 'NONE',  ( 2.500000000000000000, 1.225000000000001199, 5.100000000000003197 ) ) ;
#6044 = CIRCLE ( 'NONE', #1609, 0.2742690327345599921 ) ;
#6045 = EDGE_CURVE ( 'NONE', #3641, #4657, #1286, .T. ) ;
#6046 = AXIS2_PLACEMENT_3D ( 'NONE', #4588, #5777, #1218 ) ;
#6047 = DIRECTION ( 'NONE',  ( -0.000000000000000000, -0.000000000000000000, -1.000000000000000000 ) ) ;
#6048 = EDGE_LOOP ( 'NONE', ( #1226, #1523, #2600, #4627 ) ) ;
#6049 = ORIENTED_EDGE ( 'NONE', *, *, #5285, .F. ) ;
#6050 = VECTOR ( 'NONE', #6126, 1000.000000000000227 ) ;
#6051 = VERTEX_POINT ( 'NONE', #1167 ) ;
#6052 = EDGE_CURVE ( 'NONE', #6460, #3590, #3984, .T. ) ;
#6053 = FACE_OUTER_BOUND ( 'NONE', #3421, .T. ) ;
#6054 = ORIENTED_EDGE ( 'NONE', *, *, #4452, .T. ) ;
#6055 = DIRECTION ( 'NONE',  ( 0.000000000000000000, -0.000000000000000000, -1.000000000000000000 ) ) ;
#6056 = CARTESIAN_POINT ( 'NONE',  ( -2.783586933657053564, 0.9507309672654410404, 4.660000000000000142 ) ) ;
#6057 = CARTESIAN_POINT ( 'NONE',  ( 3.099999999999999645, 0.2499999999999996392, -2.959999999999999964 ) ) ;
#6058 = DIRECTION ( 'NONE',  ( 0.000000000000000000, -1.000000000000000000, -0.000000000000000000 ) ) ;
#6059 = CARTESIAN_POINT ( 'NONE',  ( 3.899999999999999467, 0.1494292047137622814, 4.660000000000000142 ) ) ;
#6060 = CARTESIAN_POINT ( 'NONE',  ( -2.783586933657053564, 0.9507309672654410404, 4.660000000000000142 ) ) ;
#6061 = VECTOR ( 'NONE', #2054, 1000.000000000000000 ) ;
#6062 = CARTESIAN_POINT ( 'NONE',  ( 3.364923542069633289, 0.3209860491535506677, -2.959999999999999964 ) ) ;
#6063 = ORIENTED_EDGE ( 'NONE', *, *, #5360, .F. ) ;
#6064 = ORIENTED_EDGE ( 'NONE', *, *, #5021, .T. ) ;
#6065 = CYLINDRICAL_SURFACE ( 'NONE', #349, 0.1242690327345600532 ) ;
#6066 = ORIENTED_EDGE ( 'NONE', *, *, #522, .T. ) ;
#6067 = DIRECTION ( 'NONE',  ( 0.000000000000000000, 0.000000000000000000, 1.000000000000000000 ) ) ;
#6068 = VERTEX_POINT ( 'NONE', #3020 ) ;
#6069 = ORIENTED_EDGE ( 'NONE', *, *, #5200, .F. ) ;
#6070 = AXIS2_PLACEMENT_3D ( 'NONE', #6614, #7264, #7853 ) ;
#6071 = DIRECTION ( 'NONE',  ( 1.000000000000000000, 0.000000000000000000, 0.000000000000000000 ) ) ;
#6072 = EDGE_CURVE ( 'NONE', #7371, #6342, #1165, .T. ) ;
#6073 =( NAMED_UNIT ( * ) SI_UNIT ( $, .STERADIAN. ) SOLID_ANGLE_UNIT ( ) );
#6074 = CARTESIAN_POINT ( 'NONE',  ( -3.354092782221119506, 0.1971898976063921616, 4.660000000000000142 ) ) ;
#6075 = ADVANCED_FACE ( 'NONE', ( #1245 ), #4477, .F. ) ;
#6076 = CARTESIAN_POINT ( 'NONE',  ( -3.899999999999999467, 0.1494292047137622814, 3.389999999999999680 ) ) ;
#6077 = VERTEX_POINT ( 'NONE', #2965 ) ;
#6078 = DIRECTION ( 'NONE',  ( -0.000000000000000000, -0.000000000000000000, -1.000000000000000000 ) ) ;
#6079 = ORIENTED_EDGE ( 'NONE', *, *, #8084, .T. ) ;
#6080 = DIRECTION ( 'NONE',  ( 0.000000000000000000, -0.000000000000000000, -1.000000000000000000 ) ) ;
#6081 = FACE_OUTER_BOUND ( 'NONE', #1042, .T. ) ;
#6082 = ORIENTED_EDGE ( 'NONE', *, *, #1820, .F. ) ;
#6083 = FACE_OUTER_BOUND ( 'NONE', #4482, .T. ) ;
#6084 = ORIENTED_EDGE ( 'NONE', *, *, #453, .T. ) ;
#6085 = AXIS2_PLACEMENT_3D ( 'NONE', #1808, #5012, #1913 ) ;
#6086 = ORIENTED_EDGE ( 'NONE', *, *, #1570, .T. ) ;
#6087 = CARTESIAN_POINT ( 'NONE',  ( -2.649999999999999911, 1.075000000000001288, -1.690000000000000169 ) ) ;
#6088 = FACE_OUTER_BOUND ( 'NONE', #2113, .T. ) ;
#6089 = EDGE_CURVE ( 'NONE', #3454, #7060, #4054, .T. ) ;
#6090 = DIRECTION ( 'NONE',  ( -1.000000000000000000, 0.000000000000000000, 0.000000000000000000 ) ) ;
#6091 = VERTEX_POINT ( 'NONE', #6511 ) ;
#6092 = ORIENTED_EDGE ( 'NONE', *, *, #5912, .F. ) ;
#6093 = CIRCLE ( 'NONE', #6254, 0.1242690327345600532 ) ;
#6094 = DIRECTION ( 'NONE',  ( 1.000000000000000000, 0.000000000000000000, 0.000000000000000000 ) ) ;
#6095 = ORIENTED_EDGE ( 'NONE', *, *, #664, .T. ) ;
#6096 = VECTOR ( 'NONE', #1530, 1000.000000000000000 ) ;
#6097 = FILL_AREA_STYLE_COLOUR ( '', #2171 ) ;
#6098 = CARTESIAN_POINT ( 'NONE',  ( -3.341019420808970963, 0.04776069289263030343, 1.690000000000000613 ) ) ;
#6099 = CARTESIAN_POINT ( 'NONE',  ( -2.649999999999999911, 1.075000000000001288, 3.389999999999999680 ) ) ;
#6100 = ORIENTED_EDGE ( 'NONE', *, *, #2316, .T. ) ;
#6101 = CARTESIAN_POINT ( 'NONE',  ( 3.048510475726686764, 1.021717016418992152, -2.120000000000000107 ) ) ;
#6102 = CIRCLE ( 'NONE', #7418, 0.2742690327345599921 ) ;
#6103 = EDGE_CURVE ( 'NONE', #7050, #8248, #4098, .T. ) ;
#6104 = VECTOR ( 'NONE', #1912, 1000.000000000000000 ) ;
#6105 = CARTESIAN_POINT ( 'NONE',  ( -3.048510475726686764, 1.021717016418992152, -2.959999999999999964 ) ) ;
#6106 = ORIENTED_EDGE ( 'NONE', *, *, #2777, .F. ) ;
#6107 = VERTEX_POINT ( 'NONE', #3815 ) ;
#6108 = LINE ( 'NONE', #7849, #6318 ) ;
#6109 = VERTEX_POINT ( 'NONE', #4425 ) ;
#6110 = PLANE ( 'NONE',  #7393 ) ;
#6111 = ORIENTED_EDGE ( 'NONE', *, *, #7453, .T. ) ;
#6112 = CIRCLE ( 'NONE', #6824, 0.2742690327345604362 ) ;
#6113 =( LENGTH_UNIT ( ) NAMED_UNIT ( * ) SI_UNIT ( .MILLI., .METRE. ) );
#6114 = CARTESIAN_POINT ( 'NONE',  ( -3.048510475726686764, 1.021717016418992152, -1.690000000000000169 ) ) ;
#6115 = ADVANCED_FACE ( 'NONE', ( #6890 ), #1304, .F. ) ;
#6116 = EDGE_CURVE ( 'NONE', #2147, #1564, #1263, .T. ) ;
#6117 = DIRECTION ( 'NONE',  ( 1.000000000000000000, 0.000000000000000000, 0.000000000000000000 ) ) ;
#6118 = CARTESIAN_POINT ( 'NONE',  ( -2.783586933657053564, 0.9507309672654410404, -4.660000000000000142 ) ) ;
#6119 = DIRECTION ( 'NONE',  ( 1.000000000000000000, 0.000000000000000000, 0.000000000000000000 ) ) ;
#6120 = CARTESIAN_POINT ( 'NONE',  ( 2.649999999999999911, 1.075000000000001288, -2.959999999999999964 ) ) ;
#6121 = FACE_OUTER_BOUND ( 'NONE', #4571, .T. ) ;
#6122 = CARTESIAN_POINT ( 'NONE',  ( 2.783586933657053564, 0.9507309672654410404, -2.959999999999999964 ) ) ;
#6123 = AXIS2_PLACEMENT_3D ( 'NONE', #4821, #2207, #2821 ) ;
#6124 = DIRECTION ( 'NONE',  ( -0.000000000000000000, -0.000000000000000000, -1.000000000000000000 ) ) ;
#6125 = LINE ( 'NONE', #7653, #3570 ) ;
#6126 = DIRECTION ( 'NONE',  ( 0.2588190451025219607, -0.9659258262890678681, 0.000000000000000000 ) ) ;
#6127 = EDGE_CURVE ( 'NONE', #5321, #7833, #3999, .T. ) ;
#6128 = ORIENTED_EDGE ( 'NONE', *, *, #4731, .T. ) ;
#6129 = ORIENTED_EDGE ( 'NONE', *, *, #3616, .T. ) ;
#6130 = CYLINDRICAL_SURFACE ( 'NONE', #4031, 0.1499999999999999667 ) ;
#6131 = VERTEX_POINT ( 'NONE', #5724 ) ;
#6132 = VECTOR ( 'NONE', #6930, 1000.000000000000227 ) ;
#6133 = ORIENTED_EDGE ( 'NONE', *, *, #2469, .F. ) ;
#6134 = CARTESIAN_POINT ( 'NONE',  ( 3.048510475726686764, 1.021717016418992152, 2.120000000000000551 ) ) ;
#6135 = ORIENTED_EDGE ( 'NONE', *, *, #2316, .F. ) ;
#6136 = VECTOR ( 'NONE', #542, 1000.000000000000000 ) ;
#6137 = EDGE_CURVE ( 'NONE', #5380, #5449, #6986, .T. ) ;
#6138 = LINE ( 'NONE', #7251, #3531 ) ;
#6139 = CARTESIAN_POINT ( 'NONE',  ( -2.649999999999999911, 1.225000000000001199, 1.690000000000000613 ) ) ;
#6140 = CARTESIAN_POINT ( 'NONE',  ( -2.783586933657053564, 1.075000000000001066, 3.389999999999999680 ) ) ;
#6141 = FACE_OUTER_BOUND ( 'NONE', #3909, .T. ) ;
#6142 = CARTESIAN_POINT ( 'NONE',  ( -3.354092782221119506, 0.1971898976063921616, 2.120000000000000551 ) ) ;
#6143 = VERTEX_POINT ( 'NONE', #6453 ) ;
#6144 = ORIENTED_EDGE ( 'NONE', *, *, #3522, .F. ) ;
#6145 = DIRECTION ( 'NONE',  ( 0.000000000000000000, -0.000000000000000000, -1.000000000000000000 ) ) ;
#6146 = VECTOR ( 'NONE', #5671, 1000.000000000000227 ) ;
#6147 = EDGE_CURVE ( 'NONE', #6446, #7591, #1358, .T. ) ;
#6148 = ORIENTED_EDGE ( 'NONE', *, *, #4913, .F. ) ;
#6149 = EDGE_LOOP ( 'NONE', ( #5619, #1225, #2771, #5657 ) ) ;
#6150 = VERTEX_POINT ( 'NONE', #7721 ) ;
#6151 = STYLED_ITEM ( 'NONE', ( #7337 ), #6256 ) ;
#6152 = LINE ( 'NONE', #5336, #608 ) ;
#6153 = FILL_AREA_STYLE_COLOUR ( '', #4015 ) ;
#6154 = AXIS2_PLACEMENT_3D ( 'NONE', #7177, #671, #1337 ) ;
#6155 = CARTESIAN_POINT ( 'NONE',  ( 2.403576301995949294, 0.3785227953491934749, -5.002116512307182461 ) ) ;
#6156 = EDGE_CURVE ( 'NONE', #37, #8146, #4114, .T. ) ;
#6157 = AXIS2_PLACEMENT_3D ( 'NONE', #4947, #2284, #4798 ) ;
#6158 = VECTOR ( 'NONE', #1704, 1000.000000000000114 ) ;
#6159 = DIRECTION ( 'NONE',  ( -0.2588190451025219607, -0.9659258262890678681, 0.000000000000000000 ) ) ;
#6160 = EDGE_CURVE ( 'NONE', #1420, #3470, #6850, .T. ) ;
#6161 = FACE_OUTER_BOUND ( 'NONE', #858, .T. ) ;
#6162 = ORIENTED_EDGE ( 'NONE', *, *, #416, .F. ) ;
#6163 = ORIENTED_EDGE ( 'NONE', *, *, #1061, .F. ) ;
#6164 = LINE ( 'NONE', #2500, #6302 ) ;
#6165 = VERTEX_POINT ( 'NONE', #7766 ) ;
#6166 = DIRECTION ( 'NONE',  ( 1.623215898148971339E-15, 1.000000000000000000, 0.000000000000000000 ) ) ;
#6167 = CIRCLE ( 'NONE', #6414, 0.1499999999999999667 ) ;
#6168 = ORIENTED_EDGE ( 'NONE', *, *, #1166, .F. ) ;
#6169 = CARTESIAN_POINT ( 'NONE',  ( 2.649999999999999911, 1.075000000000001288, 4.230000000000000426 ) ) ;
#6170 = VERTEX_POINT ( 'NONE', #5665 ) ;
#6171 = DIRECTION ( 'NONE',  ( -0.2588190451025219607, -0.9659258262890678681, 0.000000000000000000 ) ) ;
#6172 = LINE ( 'NONE', #3236, #675 ) ;
#6173 = VECTOR ( 'NONE', #2558, 1000.000000000000114 ) ;
#6174 = EDGE_CURVE ( 'NONE', #3444, #5828, #8161, .T. ) ;
#6175 = MANIFOLD_SOLID_BREP ( 'Boss-Extrude7', #7556 ) ;
#6176 = EDGE_CURVE ( 'NONE', #6988, #1267, #1217, .T. ) ;
#6177 = CARTESIAN_POINT ( 'NONE',  ( 3.899999999999999467, 0.1494292047137622814, 0.8500000000000000888 ) ) ;
#6178 = ORIENTED_EDGE ( 'NONE', *, *, #4815, .T. ) ;
#6180 = ORIENTED_EDGE ( 'NONE', *, *, #5825, .T. ) ;
#6179 = CARTESIAN_POINT ( 'NONE',  ( 2.541080853105643023, 0.3000000000000009881, -4.860687842433207173 ) ) ;
#6181 = LINE ( 'NONE', #4743, #3404 ) ;
#6182 = AXIS2_PLACEMENT_3D ( 'NONE', #5050, #968, #3658 ) ;
#6183 = VERTEX_POINT ( 'NONE', #8083 ) ;
#6184 = FACE_OUTER_BOUND ( 'NONE', #7463, .T. ) ;
#6185 = VERTEX_POINT ( 'NONE', #4863 ) ;
#6186 = EDGE_LOOP ( 'NONE', ( #7685, #7696, #7049, #6617 ) ) ;
#6187 = LINE ( 'NONE', #2864, #6310 ) ;
#6188 = FILL_AREA_STYLE_COLOUR ( '', #4172 ) ;
#6189 = PLANE ( 'NONE',  #4378 ) ;
#6190 = CARTESIAN_POINT ( 'NONE',  ( -2.649999999999999911, 1.225000000000001199, -4.230000000000000426 ) ) ;
#6191 = DIRECTION ( 'NONE',  ( 2.125886612716676067E-16, -0.000000000000000000, 1.000000000000000000 ) ) ;
#6192 = DIRECTION ( 'NONE',  ( 0.000000000000000000, -0.000000000000000000, -1.000000000000000000 ) ) ;
#6193 = VECTOR ( 'NONE', #7839, 1000.000000000000000 ) ;
#6194 = CARTESIAN_POINT ( 'NONE',  ( -2.649999999999999911, 1.225000000000001199, 0.8500000000000000888 ) ) ;
#6195 =( GEOMETRIC_REPRESENTATION_CONTEXT ( 3 ) GLOBAL_UNCERTAINTY_ASSIGNED_CONTEXT ( ( #3586 ) ) GLOBAL_UNIT_ASSIGNED_CONTEXT ( ( #1390, #5840, #6573 ) ) REPRESENTATION_CONTEXT ( 'NONE', 'WORKASPACE' ) );
#6196 = DIRECTION ( 'NONE',  ( 0.9902680687415701399, 0.1391731009600661872, 0.000000000000000000 ) ) ;
#6197 = DIRECTION ( 'NONE',  ( 1.623215898148971339E-15, 1.000000000000000000, 0.000000000000000000 ) ) ;
#6198 = LINE ( 'NONE', #2669, #6104 ) ;
#6199 =( GEOMETRIC_REPRESENTATION_CONTEXT ( 3 ) GLOBAL_UNCERTAINTY_ASSIGNED_CONTEXT ( ( #576 ) ) GLOBAL_UNIT_ASSIGNED_CONTEXT ( ( #6992, #7616, #3569 ) ) REPRESENTATION_CONTEXT ( 'NONE', 'WORKASPACE' ) );
#6200 = VERTEX_POINT ( 'NONE', #4756 ) ;
#6201 = ORIENTED_EDGE ( 'NONE', *, *, #1555, .T. ) ;
#6202 = CIRCLE ( 'NONE', #4838, 0.2742690327345599921 ) ;
#6203 = EDGE_CURVE ( 'NONE', #3409, #517, #4190, .T. ) ;
#6204 = ORIENTED_EDGE ( 'NONE', *, *, #4247, .F. ) ;
#6205 = LINE ( 'NONE', #6059, #6375 ) ;
#6206 = VERTEX_POINT ( 'NONE', #801 ) ;
#6207 = CARTESIAN_POINT ( 'NONE',  ( -2.649999999999999911, 1.225000000000001199, -0.4200000000000002620 ) ) ;
#6208 = ORIENTED_EDGE ( 'NONE', *, *, #4802, .T. ) ;
#6209 = LINE ( 'NONE', #1124, #3445 ) ;
#6210 = DIRECTION ( 'NONE',  ( 1.000000000000000000, 0.000000000000000000, 0.000000000000000000 ) ) ;
#6211 = LINE ( 'NONE', #4133, #3273 ) ;
#6212 = DIRECTION ( 'NONE',  ( 1.000000000000000000, 0.000000000000000000, 0.000000000000000000 ) ) ;
#6213 = CARTESIAN_POINT ( 'NONE',  ( -2.649999999999999911, 1.075000000000001288, 2.120000000000000551 ) ) ;
#6214 = EDGE_LOOP ( 'NONE', ( #3515, #952 ) ) ;
#6215 = DIRECTION ( 'NONE',  ( 0.000000000000000000, 0.000000000000000000, 1.000000000000000000 ) ) ;
#6216 = ORIENTED_EDGE ( 'NONE', *, *, #1960, .F. ) ;
#6217 = CARTESIAN_POINT ( 'NONE',  ( -2.649999999999999911, 1.075000000000001288, -0.8500000000000000888 ) ) ;
#6218 = FACE_OUTER_BOUND ( 'NONE', #4236, .T. ) ;
#6219 = ORIENTED_EDGE ( 'NONE', *, *, #1013, .T. ) ;
#6220 = LINE ( 'NONE', #3689, #520 ) ;
#6221 = ORIENTED_EDGE ( 'NONE', *, *, #1723, .F. ) ;
#6222 = EDGE_CURVE ( 'NONE', #411, #4391, #4203, .T. ) ;
#6223 = ORIENTED_EDGE ( 'NONE', *, *, #2254, .F. ) ;
#6224 = LINE ( 'NONE', #147, #781 ) ;
#6225 = CARTESIAN_POINT ( 'NONE',  ( 3.354092782221119506, 0.1971898976063921616, -4.660000000000000142 ) ) ;
#6226 = CARTESIAN_POINT ( 'NONE',  ( 2.783586933657053564, 1.225000000000001199, -2.120000000000000107 ) ) ;
#6227 = VECTOR ( 'NONE', #385, 1000.000000000000000 ) ;
#6228 = DIRECTION ( 'NONE',  ( -1.000000000000000000, 0.000000000000000000, 0.000000000000000000 ) ) ;
#6229 =( GEOMETRIC_REPRESENTATION_CONTEXT ( 3 ) GLOBAL_UNCERTAINTY_ASSIGNED_CONTEXT ( ( #7179 ) ) GLOBAL_UNIT_ASSIGNED_CONTEXT ( ( #6113, #2127, #3379 ) ) REPRESENTATION_CONTEXT ( 'NONE', 'WORKASPACE' ) );
#6230 = LINE ( 'NONE', #1828, #819 ) ;
#6231 = ORIENTED_EDGE ( 'NONE', *, *, #2599, .F. ) ;
#6232 = ORIENTED_EDGE ( 'NONE', *, *, #6759, .F. ) ;
#6233 = FACE_OUTER_BOUND ( 'NONE', #4699, .T. ) ;
#6234 = CARTESIAN_POINT ( 'NONE',  ( -3.048510475726686764, 1.021717016418992152, -0.8500000000000000888 ) ) ;
#6235 = ORIENTED_EDGE ( 'NONE', *, *, #6978, .T. ) ;
#6236 = CARTESIAN_POINT ( 'NONE',  ( 3.899999999999999467, 0.1494292047137622814, 1.690000000000000613 ) ) ;
#6237 = FACE_OUTER_BOUND ( 'NONE', #5128, .T. ) ;
#6238 = VERTEX_POINT ( 'NONE', #320 ) ;
#6239 = CARTESIAN_POINT ( 'NONE',  ( 2.783586933657053564, 0.9507309672654410404, -4.230000000000000426 ) ) ;
#6240 = ORIENTED_EDGE ( 'NONE', *, *, #2152, .F. ) ;
#6241 = CARTESIAN_POINT ( 'NONE',  ( -3.899999999999999467, 0.1494292047137622814, -0.8500000000000000888 ) ) ;
#6242 = VECTOR ( 'NONE', #2804, 1000.000000000000114 ) ;
#6243 = EDGE_CURVE ( 'NONE', #4657, #3362, #4219, .T. ) ;
#6244 = CARTESIAN_POINT ( 'NONE',  ( 3.899999999999999467, 0.1494292047137622814, 3.389999999999999680 ) ) ;
#6245 = VECTOR ( 'NONE', #2730, 1000.000000000000000 ) ;
#6246 = VECTOR ( 'NONE', #2019, 1000.000000000000000 ) ;
#6247 = EDGE_LOOP ( 'NONE', ( #5474, #2341, #6432, #8129 ) ) ;
#6248 = ORIENTED_EDGE ( 'NONE', *, *, #4938, .F. ) ;
#6249 = VECTOR ( 'NONE', #5502, 1000.000000000000000 ) ;
#6250 = EDGE_CURVE ( 'NONE', #1635, #6568, #1428, .T. ) ;
#6251 = ORIENTED_EDGE ( 'NONE', *, *, #4521, .T. ) ;
#6252 = LINE ( 'NONE', #6234, #6132 ) ;
#6253 = ORIENTED_EDGE ( 'NONE', *, *, #7286, .T. ) ;
#6254 = AXIS2_PLACEMENT_3D ( 'NONE', #6371, #5761, #1312 ) ;
#6255 = ORIENTED_EDGE ( 'NONE', *, *, #6174, .F. ) ;
#6256 = MANIFOLD_SOLID_BREP ( 'Cut-Extrude3', #5367 ) ;
#6257 = EDGE_CURVE ( 'NONE', #400, #3210, #1567, .T. ) ;
#6258 = LINE ( 'NONE', #3399, #6394 ) ;
#6259 = CARTESIAN_POINT ( 'NONE',  ( -3.354092782221119506, 0.1971898976063921616, -2.120000000000000107 ) ) ;
#6260 = CARTESIAN_POINT ( 'NONE',  ( 2.649999999999999911, 1.075000000000001288, 4.660000000000000142 ) ) ;
#6261 = EDGE_CURVE ( 'NONE', #4036, #8078, #4421, .T. ) ;
#6262 = CARTESIAN_POINT ( 'NONE',  ( 3.048510475726686764, 1.021717016418992152, -0.8500000000000000888 ) ) ;
#6263 = PLANE ( 'NONE',  #1099 ) ;
#6264 = VECTOR ( 'NONE', #8030, 1000.000000000000114 ) ;
#6265 = DIRECTION ( 'NONE',  ( 0.9961946980917455452, -0.08715574274765840179, 0.000000000000000000 ) ) ;
#6266 = PLANE ( 'NONE',  #4083 ) ;
#6267 = CIRCLE ( 'NONE', #6029, 0.1499999999999999667 ) ;
#6268 = ORIENTED_EDGE ( 'NONE', *, *, #3144, .T. ) ;
#6269 = ORIENTED_EDGE ( 'NONE', *, *, #5273, .F. ) ;
#6270 = VECTOR ( 'NONE', #544, 1000.000000000000000 ) ;
#6271 = ORIENTED_EDGE ( 'NONE', *, *, #2823, .F. ) ;
#6272 = FACE_OUTER_BOUND ( 'NONE', #2266, .T. ) ;
#6273 = DIRECTION ( 'NONE',  ( -1.000000000000000000, 0.000000000000000000, 0.000000000000000000 ) ) ;
#6274 = VERTEX_POINT ( 'NONE', #6684 ) ;
#6275 = CARTESIAN_POINT ( 'NONE',  ( -3.364923542069633289, 0.3209860491535506677, 0.8500000000000000888 ) ) ;
#6276 = EDGE_LOOP ( 'NONE', ( #2569, #6536, #3965, #2721 ) ) ;
#6277 = FACE_OUTER_BOUND ( 'NONE', #3134, .T. ) ;
#6278 = DIRECTION ( 'NONE',  ( 0.000000000000000000, -0.000000000000000000, -1.000000000000000000 ) ) ;
#6279 = VECTOR ( 'NONE', #6145, 1000.000000000000000 ) ;
#6280 = EDGE_CURVE ( 'NONE', #7728, #6340, #4484, .T. ) ;
#6281 = CARTESIAN_POINT ( 'NONE',  ( -2.650000000000001243, 1.225000000000001199, -4.949999999999994849 ) ) ;
#6282 = LINE ( 'NONE', #5117, #3600 ) ;
#6283 = DIRECTION ( 'NONE',  ( -0.000000000000000000, 0.000000000000000000, 1.000000000000000000 ) ) ;
#6284 = CARTESIAN_POINT ( 'NONE',  ( 2.783586933657053564, 0.9507309672654410404, -3.389999999999999680 ) ) ;
#6285 = ORIENTED_EDGE ( 'NONE', *, *, #4555, .F. ) ;
#6286 = DIRECTION ( 'NONE',  ( 1.000000000000000000, 0.000000000000000000, 0.000000000000000000 ) ) ;
#6287 = EDGE_LOOP ( 'NONE', ( #7374, #6376, #3461, #3920 ) ) ;
#6288 = CARTESIAN_POINT ( 'NONE',  ( 3.899999999999999467, 0.1494292047137622814, 0.8500000000000000888 ) ) ;
#6289 = LINE ( 'NONE', #4489, #667 ) ;
#6290 = ORIENTED_EDGE ( 'NONE', *, *, #4471, .T. ) ;
#6291 = AXIS2_PLACEMENT_3D ( 'NONE', #752, #676, #4658 ) ;
#6292 = EDGE_LOOP ( 'NONE', ( #6092, #3316, #3813, #3215 ) ) ;
#6293 = ORIENTED_EDGE ( 'NONE', *, *, #5447, .T. ) ;
#6294 = VECTOR ( 'NONE', #1433, 1000.000000000000000 ) ;
#6295 = CARTESIAN_POINT ( 'NONE',  ( -2.649999999999999911, 1.225000000000001199, -4.230000000000000426 ) ) ;
#6296 = FACE_OUTER_BOUND ( 'NONE', #2876, .T. ) ;
#6297 = DIRECTION ( 'NONE',  ( 0.9961946980917455452, -0.08715574274765840179, 0.000000000000000000 ) ) ;
#6298 =( BOUNDED_CURVE ( )  B_SPLINE_CURVE ( 3, ( #2080, #3966, #4619, #1365 ),
 .UNSPECIFIED., .F., .F. ) 
 B_SPLINE_CURVE_WITH_KNOTS ( ( 4, 4 ),
 ( 3.141592653589793116, 3.151277835258262439 ),
 .UNSPECIFIED. ) 
 CURVE ( )  GEOMETRIC_REPRESENTATION_ITEM ( )  RATIONAL_B_SPLINE_CURVE ( ( 1.000000000000000000, 0.9999921831199466427, 0.9999921831199466427, 1.000000000000000000 ) ) 
 REPRESENTATION_ITEM ( '' )  );
#6299 = ORIENTED_EDGE ( 'NONE', *, *, #2081, .T. ) ;
#6300 = AXIS2_PLACEMENT_3D ( 'NONE', #642, #3856, #1424 ) ;
#6301 = ORIENTED_EDGE ( 'NONE', *, *, #1504, .F. ) ;
#6302 = VECTOR ( 'NONE', #2683, 1000.000000000000000 ) ;
#6303 = CARTESIAN_POINT ( 'NONE',  ( 2.649999999999999911, 1.225000000000001199, 4.230000000000000426 ) ) ;
#6304 = ORIENTED_EDGE ( 'NONE', *, *, #7639, .T. ) ;
#6305 = DIRECTION ( 'NONE',  ( 0.08715574274765759688, -0.9961946980917455452, 0.000000000000000000 ) ) ;
#6306 = LINE ( 'NONE', #1404, #687 ) ;
#6307 = EDGE_LOOP ( 'NONE', ( #4147, #3234, #5848, #1527 ) ) ;
#6308 = DIRECTION ( 'NONE',  ( -1.000000000000000000, 0.000000000000000000, 0.000000000000000000 ) ) ;
#6309 = VERTEX_POINT ( 'NONE', #1651 ) ;
#6310 = VECTOR ( 'NONE', #4950, 1000.000000000000114 ) ;
#6311 =( BOUNDED_CURVE ( )  B_SPLINE_CURVE ( 3, ( #2883, #3681, #3490, #3624 ),
 .UNSPECIFIED., .F., .F. ) 
 B_SPLINE_CURVE_WITH_KNOTS ( ( 4, 4 ),
 ( 3.131907471921318464, 3.141592653589793116 ),
 .UNSPECIFIED. ) 
 CURVE ( )  GEOMETRIC_REPRESENTATION_ITEM ( )  RATIONAL_B_SPLINE_CURVE ( ( 1.000000000000000000, 0.9999921831199466427, 0.9999921831199466427, 1.000000000000000000 ) ) 
 REPRESENTATION_ITEM ( '' )  );
#6312 = EDGE_CURVE ( 'NONE', #4159, #4553, #4475, .T. ) ;
#6313 = LINE ( 'NONE', #5812, #494 ) ;
#6314 = LINE ( 'NONE', #286, #3467 ) ;
#6315 = ORIENTED_EDGE ( 'NONE', *, *, #2066, .F. ) ;
#6317 = ORIENTED_EDGE ( 'NONE', *, *, #1555, .F. ) ;
#6316 = CARTESIAN_POINT ( 'NONE',  ( -2.903621601783326067, 0.9828941596536137082, -4.230000000000000426 ) ) ;
#6318 = VECTOR ( 'NONE', #7350, 1000.000000000000227 ) ;
#6319 = ORIENTED_EDGE ( 'NONE', *, *, #3489, .F. ) ;
#6320 = CIRCLE ( 'NONE', #7619, 0.1242690327345600532 ) ;
#6321 = ORIENTED_EDGE ( 'NONE', *, *, #911, .T. ) ;
#6322 = ADVANCED_FACE ( 'NONE', ( #4381 ), #2698, .F. ) ;
#6323 = ORIENTED_EDGE ( 'NONE', *, *, #5490, .F. ) ;
#6324 = AXIS2_PLACEMENT_3D ( 'NONE', #6118, #1169, #1786 ) ;
#6325 = CIRCLE ( 'NONE', #1620, 0.1242690327345600532 ) ;
#6326 =( LENGTH_UNIT ( ) NAMED_UNIT ( * ) SI_UNIT ( .MILLI., .METRE. ) );
#6327 = CARTESIAN_POINT ( 'NONE',  ( -3.244888873943359897, 0.2888228567653777779, 4.660000000000000142 ) ) ;
#6328 = CARTESIAN_POINT ( 'NONE',  ( -3.354092782221119506, 0.1971898976063921616, 4.230000000000000426 ) ) ;
#6329 = CARTESIAN_POINT ( 'NONE',  ( 3.341019420808970963, 0.04776069289263019935, 2.959999999999999964 ) ) ;
#6330 = LINE ( 'NONE', #2075, #6245 ) ;
#6331 = EDGE_CURVE ( 'NONE', #7308, #2091, #7149, .T. ) ;
#6332 = DIRECTION ( 'NONE',  ( 0.000000000000000000, 0.000000000000000000, 1.000000000000000000 ) ) ;
#6333 = DIRECTION ( 'NONE',  ( 1.275531967630005245E-16, 0.000000000000000000, 1.000000000000000000 ) ) ;
#6334 = ORIENTED_EDGE ( 'NONE', *, *, #1791, .F. ) ;
#6335 = VERTEX_POINT ( 'NONE', #7867 ) ;
#6336 = VECTOR ( 'NONE', #7127, 1000.000000000000114 ) ;
#6337 = VERTEX_POINT ( 'NONE', #206 ) ;
#6338 = VECTOR ( 'NONE', #1616, 1000.000000000000000 ) ;
#6339 = DIRECTION ( 'NONE',  ( -0.000000000000000000, -0.000000000000000000, -1.000000000000000000 ) ) ;
#6340 = VERTEX_POINT ( 'NONE', #2638 ) ;
#6341 = PLANE ( 'NONE',  #2369 ) ;
#6342 = VERTEX_POINT ( 'NONE', #5958 ) ;
#6343 = VECTOR ( 'NONE', #5297, 1000.000000000000227 ) ;
#6344 = DIRECTION ( 'NONE',  ( 0.000000000000000000, 0.000000000000000000, 1.000000000000000000 ) ) ;
#6345 = VECTOR ( 'NONE', #68, 1000.000000000000227 ) ;
#6346 = CARTESIAN_POINT ( 'NONE',  ( 2.541080853105645243, 0.4291240348559910434, 5.009228052744451709 ) ) ;
#6347 = EDGE_CURVE ( 'NONE', #7864, #2480, #29, .T. ) ;
#6348 = VECTOR ( 'NONE', #1195, 1000.000000000000000 ) ;
#6349 = DIRECTION ( 'NONE',  ( 1.000000000000000000, 0.000000000000000000, 0.000000000000000000 ) ) ;
#6350 = CARTESIAN_POINT ( 'NONE',  ( -3.341019420808970963, 0.04776069289263019935, -0.4200000000000002620 ) ) ;
#6351 = ORIENTED_EDGE ( 'NONE', *, *, #244, .T. ) ;
#6352 = CARTESIAN_POINT ( 'NONE',  ( 3.899999999999999467, 0.1494292047137622814, 2.120000000000000551 ) ) ;
#6353 = ORIENTED_EDGE ( 'NONE', *, *, #6250, .F. ) ;
#6354 = DIRECTION ( 'NONE',  ( -1.000000000000000000, 0.000000000000000000, 0.000000000000000000 ) ) ;
#6355 = CARTESIAN_POINT ( 'NONE',  ( 3.048510475726686764, 1.021717016418992152, 4.660000000000000142 ) ) ;
#6356 = VECTOR ( 'NONE', #8351, 1000.000000000000114 ) ;
#6357 = EDGE_LOOP ( 'NONE', ( #2515, #5147, #5741, #3275, #7984, #7643, #2313, #7809, #5004, #6003, #1929, #7798 ) ) ;
#6358 = FACE_OUTER_BOUND ( 'NONE', #3889, .T. ) ;
#6359 = VERTEX_POINT ( 'NONE', #977 ) ;
#6360 = CARTESIAN_POINT ( 'NONE',  ( 3.354092782221119506, 0.1971898976063921616, 4.660000000000000142 ) ) ;
#6361 = ORIENTED_EDGE ( 'NONE', *, *, #6506, .F. ) ;
#6362 = STYLED_ITEM ( 'NONE', ( #1393 ), #681 ) ;
#6363 = VECTOR ( 'NONE', #1814, 1000.000000000000114 ) ;
#6364 = DIRECTION ( 'NONE',  ( -0.000000000000000000, 0.000000000000000000, 1.000000000000000000 ) ) ;
#6365 = VECTOR ( 'NONE', #4759, 1000.000000000000000 ) ;
#6366 = DIRECTION ( 'NONE',  ( 0.2588190451025220717, 0.9659258262890678681, -0.000000000000000000 ) ) ;
#6367 = LINE ( 'NONE', #1156, #755 ) ;
#6368 = EDGE_CURVE ( 'NONE', #5191, #3182, #7258, .T. ) ;
#6369 = ORIENTED_EDGE ( 'NONE', *, *, #7165, .F. ) ;
#6370 = ORIENTED_EDGE ( 'NONE', *, *, #3790, .T. ) ;
#6371 = CARTESIAN_POINT ( 'NONE',  ( 3.364923542069633289, 0.3209860491535506677, 0.8500000000000000888 ) ) ;
#6372 = CIRCLE ( 'NONE', #4935, 0.2742690327345604362 ) ;
#6373 = VERTEX_POINT ( 'NONE', #3543 ) ;
#6374 = DIRECTION ( 'NONE',  ( 0.000000000000000000, 1.000000000000000000, 0.000000000000000000 ) ) ;
#6375 = VECTOR ( 'NONE', #5245, 1000.000000000000000 ) ;
#6376 = ORIENTED_EDGE ( 'NONE', *, *, #922, .T. ) ;
#6377 = DIRECTION ( 'NONE',  ( 0.000000000000000000, 0.000000000000000000, 1.000000000000000000 ) ) ;
#6378 = EDGE_LOOP ( 'NONE', ( #3282, #444, #6208, #3696, #6797, #7273 ) ) ;
#6379 = DIRECTION ( 'NONE',  ( -0.000000000000000000, 0.000000000000000000, 1.000000000000000000 ) ) ;
#6380 = AXIS2_PLACEMENT_3D ( 'NONE', #4079, #7311, #7895 ) ;
#6381 = CIRCLE ( 'NONE', #7334, 0.2742690327345599921 ) ;
#6382 = CIRCLE ( 'NONE', #3840, 0.1242690327345600532 ) ;
#6383 = AXIS2_PLACEMENT_3D ( 'NONE', #5108, #4003, #2008 ) ;
#6384 = FACE_OUTER_BOUND ( 'NONE', #3983, .T. ) ;
#6385 = ORIENTED_EDGE ( 'NONE', *, *, #2777, .T. ) ;
#6387 = ORIENTED_EDGE ( 'NONE', *, *, #829, .F. ) ;
#6386 = DIRECTION ( 'NONE',  ( -0.000000000000000000, -0.000000000000000000, -1.000000000000000000 ) ) ;
#6388 = VECTOR ( 'NONE', #4440, 1000.000000000000114 ) ;
#6389 = EDGE_CURVE ( 'NONE', #1459, #8310, #7310, .T. ) ;
#6390 = ORIENTED_EDGE ( 'NONE', *, *, #7414, .F. ) ;
#6391 = VECTOR ( 'NONE', #4631, 1000.000000000000000 ) ;
#6392 = EDGE_LOOP ( 'NONE', ( #3324, #3402, #3751, #1132 ) ) ;
#6393 = VERTEX_POINT ( 'NONE', #1236 ) ;
#6394 = VECTOR ( 'NONE', #7966, 1000.000000000000114 ) ;
#6395 = DIRECTION ( 'NONE',  ( 0.000000000000000000, 0.000000000000000000, 1.000000000000000000 ) ) ;
#6396 = CARTESIAN_POINT ( 'NONE',  ( -2.500968516274153952, 1.225016686030105717, 5.099997654931405222 ) ) ;
#6397 = ADVANCED_FACE ( 'NONE', ( #7093 ), #1857, .F. ) ;
#6398 = AXIS2_PLACEMENT_3D ( 'NONE', #7145, #6427, #6548 ) ;
#6399 = CARTESIAN_POINT ( 'NONE',  ( -3.048510475726686764, 1.021717016418992152, -3.389999999999999680 ) ) ;
#6400 = LINE ( 'NONE', #3938, #543 ) ;
#6401 = DIRECTION ( 'NONE',  ( 0.9961946980917455452, 0.08715574274765838791, 0.000000000000000000 ) ) ;
#6402 = FACE_OUTER_BOUND ( 'NONE', #6464, .T. ) ;
#6403 = ORIENTED_EDGE ( 'NONE', *, *, #416, .T. ) ;
#6404 = VERTEX_POINT ( 'NONE', #5115 ) ;
#6405 = ORIENTED_EDGE ( 'NONE', *, *, #2430, .F. ) ;
#6406 = LINE ( 'NONE', #4293, #3389 ) ;
#6407 = CARTESIAN_POINT ( 'NONE',  ( -2.649999999999999911, 1.225000000000001199, -1.690000000000000169 ) ) ;
#6408 = EDGE_LOOP ( 'NONE', ( #5087, #4344, #7117, #4177 ) ) ;
#6409 = CARTESIAN_POINT ( 'NONE',  ( 3.899999999999999467, 0.1494292047137622814, 0.8500000000000000888 ) ) ;
#6410 = EDGE_CURVE ( 'NONE', #3210, #6739, #7104, .T. ) ;
#6411 = ORIENTED_EDGE ( 'NONE', *, *, #1340, .F. ) ;
#6412 = LINE ( 'NONE', #2755, #3372 ) ;
#6413 = CARTESIAN_POINT ( 'NONE',  ( -2.783586933657053564, 1.225000000000001199, -4.230000000000000426 ) ) ;
#6414 = AXIS2_PLACEMENT_3D ( 'NONE', #2132, #2747, #3459 ) ;
#6415 = VECTOR ( 'NONE', #2875, 1000.000000000000000 ) ;
#6416 = EDGE_CURVE ( 'NONE', #8093, #1484, #4397, .T. ) ;
#6417 = VECTOR ( 'NONE', #7996, 1000.000000000000227 ) ;
#6418 = DIRECTION ( 'NONE',  ( 0.000000000000000000, 1.000000000000000000, 0.000000000000000000 ) ) ;
#6419 = ORIENTED_EDGE ( 'NONE', *, *, #7564, .T. ) ;
#6420 = VERTEX_POINT ( 'NONE', #2455 ) ;
#6421 = CARTESIAN_POINT ( 'NONE',  ( 2.783586933657053564, 0.9507309672654410404, 2.120000000000000551 ) ) ;
#6422 = VECTOR ( 'NONE', #2034, 1000.000000000000000 ) ;
#6423 = VERTEX_POINT ( 'NONE', #3100 ) ;
#6424 = VERTEX_POINT ( 'NONE', #8292 ) ;
#6425 = CIRCLE ( 'NONE', #4071, 0.1242690327345600532 ) ;
#6426 = CARTESIAN_POINT ( 'NONE',  ( -3.364923542069633289, 0.3209860491535506677, 4.660000000000000142 ) ) ;
#6427 = DIRECTION ( 'NONE',  ( -0.000000000000000000, -0.000000000000000000, -1.000000000000000000 ) ) ;
#6428 = DIRECTION ( 'NONE',  ( 0.000000000000000000, -1.000000000000000000, 0.000000000000000000 ) ) ;
#6429 = LINE ( 'NONE', #2766, #3417 ) ;
#6430 = DIRECTION ( 'NONE',  ( 0.9961946980917455452, 0.08715574274765833240, -0.000000000000000000 ) ) ;
#6431 = CIRCLE ( 'NONE', #1601, 0.2999999999999999334 ) ;
#6432 = ORIENTED_EDGE ( 'NONE', *, *, #4151, .T. ) ;
#6433 = ORIENTED_EDGE ( 'NONE', *, *, #5242, .T. ) ;
#6434 = EDGE_CURVE ( 'NONE', #390, #6724, #4283, .T. ) ;
#6435 = DIRECTION ( 'NONE',  ( 0.000000000000000000, -1.000000000000000000, 0.000000000000000000 ) ) ;
#6436 = DIRECTION ( 'NONE',  ( -0.9659258262890679791, -0.2588190451025219607, 0.000000000000000000 ) ) ;
#6437 = VECTOR ( 'NONE', #5766, 1000.000000000000114 ) ;
#6438 = ORIENTED_EDGE ( 'NONE', *, *, #6410, .T. ) ;
#6439 = DIRECTION ( 'NONE',  ( -0.000000000000000000, -0.000000000000000000, -1.000000000000000000 ) ) ;
#6440 = VERTEX_POINT ( 'NONE', #2870 ) ;
#6441 = CARTESIAN_POINT ( 'NONE',  ( 2.649154974055152767, 1.068987327977421131, -5.037973030627469484 ) ) ;
#6442 = LINE ( 'NONE', #8254, #765 ) ;
#6443 = AXIS2_PLACEMENT_3D ( 'NONE', #5667, #5260, #5047 ) ;
#6444 = ORIENTED_EDGE ( 'NONE', *, *, #4279, .F. ) ;
#6446 = VERTEX_POINT ( 'NONE', #7737 ) ;
#6445 = DIRECTION ( 'NONE',  ( 0.2588190451025219607, -0.9659258262890678681, 0.000000000000000000 ) ) ;
#6447 = LINE ( 'NONE', #4030, #6096 ) ;
#6448 = ADVANCED_FACE ( 'NONE', ( #7283 ), #4463, .F. ) ;
#6449 = ORIENTED_EDGE ( 'NONE', *, *, #554, .F. ) ;
#6450 = EDGE_CURVE ( 'NONE', #3378, #7636, #7415, .T. ) ;
#6451 = ORIENTED_EDGE ( 'NONE', *, *, #3722, .T. ) ;
#6452 = VECTOR ( 'NONE', #3171, 1000.000000000000000 ) ;
#6453 = CARTESIAN_POINT ( 'NONE',  ( 2.903621601783326067, 0.9828941596536137082, 3.389999999999999680 ) ) ;
#6454 = DIRECTION ( 'NONE',  ( -0.9961946980917455452, 0.08715574274765833240, 0.000000000000000000 ) ) ;
#6455 = FACE_OUTER_BOUND ( 'NONE', #4957, .T. ) ;
#6456 = DIRECTION ( 'NONE',  ( 0.000000000000000000, 0.000000000000000000, 1.000000000000000000 ) ) ;
#6457 = CARTESIAN_POINT ( 'NONE',  ( -2.783586933657053564, 0.9507309672654410404, -0.8500000000000000888 ) ) ;
#6458 = LINE ( 'NONE', #624, #3288 ) ;
#6459 = VERTEX_POINT ( 'NONE', #4494 ) ;
#6460 = VERTEX_POINT ( 'NONE', #3956 ) ;
#6461 = EDGE_CURVE ( 'NONE', #7672, #6690, #7294, .T. ) ;
#6462 = COLOUR_RGB ( '',0.8000000000000000444, 0.8196078431372548767, 0.9333333333333333481 ) ;
#6463 = DIRECTION ( 'NONE',  ( 1.000000000000000000, 0.000000000000000000, 0.000000000000000000 ) ) ;
#6464 = EDGE_LOOP ( 'NONE', ( #5032, #1915, #6030, #5448 ) ) ;
#6465 = CARTESIAN_POINT ( 'NONE',  ( 3.048510475726686764, 1.021717016418992152, -4.230000000000000426 ) ) ;
#6466 = ORIENTED_EDGE ( 'NONE', *, *, #6461, .F. ) ;
#6467 = LINE ( 'NONE', #2621, #3714 ) ;
#6468 = EDGE_CURVE ( 'NONE', #3344, #331, #7174, .T. ) ;
#6469 = DIRECTION ( 'NONE',  ( -0.000000000000000000, -0.000000000000000000, -1.000000000000000000 ) ) ;
#6470 = LINE ( 'NONE', #8197, #852 ) ;
#6471 = DIRECTION ( 'NONE',  ( 1.000000000000000000, 0.000000000000000000, 0.000000000000000000 ) ) ;
#6472 = VECTOR ( 'NONE', #5208, 1000.000000000000227 ) ;
#6473 = CARTESIAN_POINT ( 'NONE',  ( 3.244888873943359897, 0.2888228567653777779, -4.660000000000000142 ) ) ;
#6474 = ORIENTED_EDGE ( 'NONE', *, *, #7152, .F. ) ;
#6475 = DIRECTION ( 'NONE',  ( -0.000000000000000000, 0.000000000000000000, -1.000000000000000000 ) ) ;
#6476 = EDGE_LOOP ( 'NONE', ( #5031, #4076, #2287, #1341 ) ) ;
#6477 = SURFACE_SIDE_STYLE ('',( #4890 ) ) ;
#6478 = VECTOR ( 'NONE', #6374, 1000.000000000000000 ) ;
#6479 = ORIENTED_EDGE ( 'NONE', *, *, #4515, .F. ) ;
#6480 = CARTESIAN_POINT ( 'NONE',  ( 3.354092782221119506, 0.1971898976063921616, -1.690000000000000169 ) ) ;
#6481 = ORIENTED_EDGE ( 'NONE', *, *, #7220, .T. ) ;
#6482 = VECTOR ( 'NONE', #2681, 1000.000000000000114 ) ;
#6483 = AXIS2_PLACEMENT_3D ( 'NONE', #4287, #4506, #3741 ) ;
#6484 = CARTESIAN_POINT ( 'NONE',  ( -2.649999999999999911, 1.225000000000001199, -1.690000000000000169 ) ) ;
#6485 = PLANE ( 'NONE',  #2828 ) ;
#6486 = EDGE_CURVE ( 'NONE', #1484, #825, #1662, .T. ) ;
#6487 = VECTOR ( 'NONE', #2405, 1000.000000000000000 ) ;
#6488 = FACE_OUTER_BOUND ( 'NONE', #4650, .T. ) ;
#6489 = ADVANCED_FACE ( 'NONE', ( #7326 ), #6909, .F. ) ;
#6490 = ORIENTED_EDGE ( 'NONE', *, *, #2578, .T. ) ;
#6491 = ORIENTED_EDGE ( 'NONE', *, *, #3876, .T. ) ;
#6492 = DIRECTION ( 'NONE',  ( 1.000000000000000000, 0.000000000000000000, 0.000000000000000000 ) ) ;
#6493 = FILL_AREA_STYLE ('',( #4511 ) ) ;
#6494 = ADVANCED_FACE ( 'NONE', ( #7132 ), #4294, .T. ) ;
#6495 = VERTEX_POINT ( 'NONE', #694 ) ;
#6496 = ORIENTED_EDGE ( 'NONE', *, *, #3731, .T. ) ;
#6497 = DIRECTION ( 'NONE',  ( 0.000000000000000000, -0.000000000000000000, -1.000000000000000000 ) ) ;
#6498 = AXIS2_PLACEMENT_3D ( 'NONE', #5949, #4216, #4852 ) ;
#6499 = FACE_OUTER_BOUND ( 'NONE', #181, .T. ) ;
#6500 = CARTESIAN_POINT ( 'NONE',  ( -2.903621601783326067, 0.9828941596536137082, -4.230000000000000426 ) ) ;
#6501 = EDGE_CURVE ( 'NONE', #1775, #5191, #4349, .T. ) ;
#6502 = VECTOR ( 'NONE', #7181, 1000.000000000000114 ) ;
#6503 = VERTEX_POINT ( 'NONE', #1351 ) ;
#6504 = DIRECTION ( 'NONE',  ( -1.000000000000000000, 0.000000000000000000, 0.000000000000000000 ) ) ;
#6505 = AXIS2_PLACEMENT_3D ( 'NONE', #4532, #5263, #538 ) ;
#6506 = EDGE_CURVE ( 'NONE', #1016, #3606, #7219, .T. ) ;
#6507 = AXIS2_PLACEMENT_3D ( 'NONE', #5913, #6526, #6581 ) ;
#6508 = VERTEX_POINT ( 'NONE', #3220 ) ;
#6509 = ORIENTED_EDGE ( 'NONE', *, *, #7617, .T. ) ;
#6510 = EDGE_CURVE ( 'NONE', #344, #1384, #4499, .T. ) ;
#6511 = CARTESIAN_POINT ( 'NONE',  ( 2.649992964849194887, 1.225050057699017758, -4.951452754537959855 ) ) ;
#6512 = DIRECTION ( 'NONE',  ( -0.1378445374916289490, 0.9808148484639890308, -0.1378445374916288935 ) ) ;
#6513 = CARTESIAN_POINT ( 'NONE',  ( -3.354092782221119506, 0.1971898976063921616, 0.8500000000000000888 ) ) ;
#6514 = DIRECTION ( 'NONE',  ( 0.08715574274765838791, -0.9961946980917455452, 0.000000000000000000 ) ) ;
#6515 = PLANE ( 'NONE',  #45 ) ;
#6516 = EDGE_CURVE ( 'NONE', #7785, #2366, #7231, .T. ) ;
#6517 = EDGE_CURVE ( 'NONE', #6871, #1568, #1683, .T. ) ;
#6518 = VERTEX_POINT ( 'NONE', #4069 ) ;
#6519 = ORIENTED_EDGE ( 'NONE', *, *, #4151, .F. ) ;
#6520 = AXIS2_PLACEMENT_3D ( 'NONE', #7417, #7520, #2793 ) ;
#6521 = AXIS2_PLACEMENT_3D ( 'NONE', #7296, #618, #4772 ) ;
#6522 = LINE ( 'NONE', #5595, #6679 ) ;
#6524 = ADVANCED_FACE ( 'NONE', ( #4522 ), #112, .F. ) ;
#6523 = PLANE ( 'NONE',  #7396 ) ;
#6525 = ORIENTED_EDGE ( 'NONE', *, *, #5078, .F. ) ;
#6526 = DIRECTION ( 'NONE',  ( 0.000000000000000000, 0.000000000000000000, 1.000000000000000000 ) ) ;
#6527 = EDGE_CURVE ( 'NONE', #7729, #375, #4242, .T. ) ;
#6528 = ORIENTED_EDGE ( 'NONE', *, *, #3568, .F. ) ;
#6529 = LINE ( 'NONE', #5129, #3363 ) ;
#6530 = VECTOR ( 'NONE', #850, 1000.000000000000000 ) ;
#6531 = CARTESIAN_POINT ( 'NONE',  ( 2.459011041377407114, 2.583957053492868639, -4.760470831066172970 ) ) ;
#6532 = DIRECTION ( 'NONE',  ( 0.2588190451025220717, 0.9659258262890678681, -0.000000000000000000 ) ) ;
#6533 = ORIENTED_EDGE ( 'NONE', *, *, #4923, .F. ) ;
#6534 = DIRECTION ( 'NONE',  ( -0.9902680687415703620, 0.1391731009600657432, 1.263118578203100545E-16 ) ) ;
#6535 = CARTESIAN_POINT ( 'NONE',  ( 3.899999999999999467, 0.1494292047137622814, 1.690000000000000613 ) ) ;
#6536 = ORIENTED_EDGE ( 'NONE', *, *, #2245, .F. ) ;
#6537 = CARTESIAN_POINT ( 'NONE',  ( 2.783586933657053564, 1.075000000000001066, -1.690000000000000169 ) ) ;
#6538 = DIRECTION ( 'NONE',  ( -0.000000000000000000, -0.000000000000000000, -1.000000000000000000 ) ) ;
#6539 = CARTESIAN_POINT ( 'NONE',  ( 3.364923542069633289, 0.3209860491535506677, 4.230000000000000426 ) ) ;
#6540 = VECTOR ( 'NONE', #1924, 1000.000000000000114 ) ;
#6541 = ORIENTED_EDGE ( 'NONE', *, *, #7958, .F. ) ;
#6542 = VERTEX_POINT ( 'NONE', #4665 ) ;
#6543 = LINE ( 'NONE', #3701, #6249 ) ;
#6544 = CIRCLE ( 'NONE', #2759, 0.1242690327345600532 ) ;
#6545 = ADVANCED_FACE ( 'NONE', ( #1450 ), #2604, .F. ) ;
#6546 = CARTESIAN_POINT ( 'NONE',  ( -3.364923542069633289, 0.3209860491535506677, -3.389999999999999680 ) ) ;
#6547 = AXIS2_PLACEMENT_3D ( 'NONE', #6239, #8208, #447 ) ;
#6548 = DIRECTION ( 'NONE',  ( -1.000000000000000000, 0.000000000000000000, 0.000000000000000000 ) ) ;
#6549 = EDGE_CURVE ( 'NONE', #254, #8093, #7624, .T. ) ;
#6550 = VERTEX_POINT ( 'NONE', #6213 ) ;
#6551 = ORIENTED_EDGE ( 'NONE', *, *, #3841, .T. ) ;
#6552 = DIRECTION ( 'NONE',  ( -0.000000000000000000, -0.000000000000000000, -1.000000000000000000 ) ) ;
#6553 = PLANE ( 'NONE',  #3412 ) ;
#6554 = VECTOR ( 'NONE', #6435, 1000.000000000000000 ) ;
#6555 = ORIENTED_EDGE ( 'NONE', *, *, #6450, .T. ) ;
#6556 = CARTESIAN_POINT ( 'NONE',  ( 2.649999999999999911, 1.225000000000001199, -4.230000000000000426 ) ) ;
#6557 = ORIENTED_EDGE ( 'NONE', *, *, #5626, .F. ) ;
#6558 = FACE_OUTER_BOUND ( 'NONE', #6307, .T. ) ;
#6559 = CARTESIAN_POINT ( 'NONE',  ( -1.650000000000001243, 2.000000000000000888, -4.099999999999996092 ) ) ;
#6560 = FACE_OUTER_BOUND ( 'NONE', #1272, .T. ) ;
#6561 = DIRECTION ( 'NONE',  ( 0.000000000000000000, -0.000000000000000000, -1.000000000000000000 ) ) ;
#6562 = EDGE_CURVE ( 'NONE', #1621, #1543, #4536, .T. ) ;
#6563 = VERTEX_POINT ( 'NONE', #1136 ) ;
#6564 = ADVANCED_FACE ( 'NONE', ( #1798 ), #4962, .F. ) ;
#6565 = PLANE ( 'NONE',  #3754 ) ;
#6566 = ORIENTED_EDGE ( 'NONE', *, *, #4951, .F. ) ;
#6567 = SURFACE_STYLE_FILL_AREA ( #3452 ) ;
#6568 = VERTEX_POINT ( 'NONE', #2501 ) ;
#6569 = ORIENTED_EDGE ( 'NONE', *, *, #5078, .T. ) ;
#6570 = LINE ( 'NONE', #4297, #484 ) ;
#6571 = VECTOR ( 'NONE', #8282, 1000.000000000000000 ) ;
#6572 = CARTESIAN_POINT ( 'NONE',  ( 3.048510475726686764, 1.021717016418992152, 2.120000000000000551 ) ) ;
#6573 =( NAMED_UNIT ( * ) SI_UNIT ( $, .STERADIAN. ) SOLID_ANGLE_UNIT ( ) );
#6574 = CARTESIAN_POINT ( 'NONE',  ( -2.649999999999999911, 1.225000000000001199, 0.4200000000000002620 ) ) ;
#6575 = DIRECTION ( 'NONE',  ( -1.000000000000000000, -3.111476739543301837E-33, 1.636531581110195656E-16 ) ) ;
#6576 = VECTOR ( 'NONE', #4538, 1000.000000000000000 ) ;
#6577 = EDGE_LOOP ( 'NONE', ( #52, #4766, #1730, #4379 ) ) ;
#6578 = ADVANCED_FACE ( 'NONE', ( #1761 ), #7593, .F. ) ;
#6579 = FACE_OUTER_BOUND ( 'NONE', #8356, .T. ) ;
#6580 = EDGE_LOOP ( 'NONE', ( #2199, #5318, #6821, #1511 ) ) ;
#6581 = DIRECTION ( 'NONE',  ( -1.000000000000000000, 0.000000000000000000, 0.000000000000000000 ) ) ;
#6582 = EDGE_LOOP ( 'NONE', ( #5768, #7914, #5077, #4786 ) ) ;
#6583 = VECTOR ( 'NONE', #6430, 1000.000000000000114 ) ;
#6584 = LINE ( 'NONE', #7687, #6571 ) ;
#6585 = CARTESIAN_POINT ( 'NONE',  ( 2.649992964849197108, 1.074949942300985395, 4.951452754537966960 ) ) ;
#6586 = CARTESIAN_POINT ( 'NONE',  ( -2.649999999999999911, 1.075000000000001288, 5.100000000000004086 ) ) ;
#6587 = AXIS2_PLACEMENT_3D ( 'NONE', #939, #169, #1452 ) ;
#6588 = ORIENTED_EDGE ( 'NONE', *, *, #3039, .F. ) ;
#6589 = MANIFOLD_SOLID_BREP ( 'LPattern1[1]', #1117 ) ;
#6590 = STYLED_ITEM ( 'NONE', ( #4044 ), #170 ) ;
#6591 = CARTESIAN_POINT ( 'NONE',  ( -2.501452754537961454, 1.225050057699017314, 5.099992964849200838 ) ) ;
#6592 = DIRECTION ( 'NONE',  ( -0.000000000000000000, -0.000000000000000000, -1.000000000000000000 ) ) ;
#6593 = ORIENTED_EDGE ( 'NONE', *, *, #3195, .T. ) ;
#6594 = CARTESIAN_POINT ( 'NONE',  ( -2.783586933657053564, 0.9507309672654410404, 4.660000000000000142 ) ) ;
#6595 = DIRECTION ( 'NONE',  ( -0.000000000000000000, -0.000000000000000000, -1.000000000000000000 ) ) ;
#6596 = PLANE ( 'NONE',  #823 ) ;
#6597 = DIRECTION ( 'NONE',  ( 0.000000000000000000, 0.000000000000000000, 1.000000000000000000 ) ) ;
#6598 = EDGE_CURVE ( 'NONE', #1331, #5601, #1973, .T. ) ;
#6599 = VECTOR ( 'NONE', #7153, 1000.000000000000000 ) ;
#6600 = ADVANCED_FACE ( 'NONE', ( #4624 ), #7513, .F. ) ;
#6601 = ORIENTED_EDGE ( 'NONE', *, *, #588, .T. ) ;
#6602 = CARTESIAN_POINT ( 'NONE',  ( 3.341019420808970963, 0.04776069289263019935, -0.8500000000000000888 ) ) ;
#6603 = ORIENTED_EDGE ( 'NONE', *, *, #1419, .T. ) ;
#6604 = LINE ( 'NONE', #5644, #3782 ) ;
#6605 = LINE ( 'NONE', #3243, #6530 ) ;
#6606 = DIRECTION ( 'NONE',  ( -0.000000000000000000, -0.000000000000000000, -1.000000000000000000 ) ) ;
#6607 = CARTESIAN_POINT ( 'NONE',  ( 3.364923542069633289, 0.3209860491535506677, 3.389999999999999680 ) ) ;
#6608 =( BOUNDED_CURVE ( )  B_SPLINE_CURVE ( 3, ( #6771, #960, #3584, #5506 ),
 .UNSPECIFIED., .F., .F. ) 
 B_SPLINE_CURVE_WITH_KNOTS ( ( 4, 4 ),
 ( 3.141592653589793116, 3.151277835258279758 ),
 .UNSPECIFIED. ) 
 CURVE ( )  GEOMETRIC_REPRESENTATION_ITEM ( )  RATIONAL_B_SPLINE_CURVE ( ( 1.000000000000000000, 0.9999921831199466427, 0.9999921831199466427, 1.000000000000000000 ) ) 
 REPRESENTATION_ITEM ( '' )  );
#6609 = EDGE_CURVE ( 'NONE', #2893, #6309, #4726, .T. ) ;
#6610 = VERTEX_POINT ( 'NONE', #3728 ) ;
#6611 = CARTESIAN_POINT ( 'NONE',  ( 3.364923542069633289, 0.3209860491535506677, -0.4200000000000002620 ) ) ;
#6612 = DIRECTION ( 'NONE',  ( -0.000000000000000000, 0.000000000000000000, -1.000000000000000000 ) ) ;
#6613 = ORIENTED_EDGE ( 'NONE', *, *, #1569, .T. ) ;
#6614 = CARTESIAN_POINT ( 'NONE',  ( 3.364923542069633289, 0.3209860491535506677, -2.959999999999999964 ) ) ;
#6615 = EDGE_CURVE ( 'NONE', #3367, #4051, #1774, .T. ) ;
#6616 = EDGE_CURVE ( 'NONE', #3964, #6185, #4652, .T. ) ;
#6617 = ORIENTED_EDGE ( 'NONE', *, *, #4515, .T. ) ;
#6618 = FACE_OUTER_BOUND ( 'NONE', #1033, .T. ) ;
#6619 = DIRECTION ( 'NONE',  ( 0.9961946980917455452, -0.08715574274765840179, 0.000000000000000000 ) ) ;
#6620 = CARTESIAN_POINT ( 'NONE',  ( 2.783586933657053564, 1.075000000000001066, -4.230000000000000426 ) ) ;
#6621 = ADVANCED_FACE ( 'NONE', ( #4711 ), #7410, .T. ) ;
#6622 = DIRECTION ( 'NONE',  ( -1.000000000000000000, 0.000000000000000000, 0.000000000000000000 ) ) ;
#6623 = AXIS2_PLACEMENT_3D ( 'NONE', #6636, #7070, #5310 ) ;
#6624 = EDGE_CURVE ( 'NONE', #350, #4523, #7385, .T. ) ;
#6625 = MECHANICAL_DESIGN_GEOMETRIC_PRESENTATION_REPRESENTATION (  '', ( #2630 ), #8067 ) ;
#6626 = EDGE_LOOP ( 'NONE', ( #235, #5797, #4064, #1138 ) ) ;
#6627 = CARTESIAN_POINT ( 'NONE',  ( 3.364923542069633289, 0.3209860491535506677, 4.660000000000000142 ) ) ;
#6628 = VERTEX_POINT ( 'NONE', #6473 ) ;
#6629 = VERTEX_POINT ( 'NONE', #2399 ) ;
#6630 = COLOUR_RGB ( '',0.8000000000000000444, 0.8196078431372548767, 0.9333333333333333481 ) ;
#6631 = FACE_OUTER_BOUND ( 'NONE', #2012, .T. ) ;
#6632 = DIRECTION ( 'NONE',  ( -0.000000000000000000, 1.000000000000000000, -0.000000000000000000 ) ) ;
#6633 = CARTESIAN_POINT ( 'NONE',  ( -3.099999999999999645, 0.2499999999999996392, -0.8500000000000000888 ) ) ;
#6634 = DIRECTION ( 'NONE',  ( -0.000000000000000000, -0.000000000000000000, -1.000000000000000000 ) ) ;
#6635 = CARTESIAN_POINT ( 'NONE',  ( 3.048510475726686764, 1.021717016418992152, 0.4200000000000002620 ) ) ;
#6636 = CARTESIAN_POINT ( 'NONE',  ( 3.364923542069633289, 0.3209860491535506677, 4.660000000000000142 ) ) ;
#6637 = ORIENTED_EDGE ( 'NONE', *, *, #5696, .T. ) ;
#6638 = EDGE_CURVE ( 'NONE', #7547, #3527, #4807, .T. ) ;
#6639 = ADVANCED_FACE ( 'NONE', ( #7541 ), #7694, .F. ) ;
#6640 = EDGE_CURVE ( 'NONE', #3862, #6629, #7635, .T. ) ;
#6641 = ADVANCED_FACE ( 'NONE', ( #7474 ), #4698, .F. ) ;
#6642 = CYLINDRICAL_SURFACE ( 'NONE', #1381, 0.1242690327345600532 ) ;
#6643 = CARTESIAN_POINT ( 'NONE',  ( -3.341019420808970963, 0.04776069289263030343, -2.959999999999999964 ) ) ;
#6644 = ORIENTED_EDGE ( 'NONE', *, *, #8357, .T. ) ;
#6645 = DIRECTION ( 'NONE',  ( 0.000000000000000000, -0.000000000000000000, 1.000000000000000000 ) ) ;
#6646 = ORIENTED_EDGE ( 'NONE', *, *, #4641, .T. ) ;
#6647 = VECTOR ( 'NONE', #3347, 1000.000000000000000 ) ;
#6648 = CARTESIAN_POINT ( 'NONE',  ( 2.649999999999999911, 1.075000000000001288, -0.4200000000000002620 ) ) ;
#6649 = UNCERTAINTY_MEASURE_WITH_UNIT (LENGTH_MEASURE( 1.000000000000000082E-05 ), #5358, 'distance_accuracy_value', 'NONE');
#6650 = CARTESIAN_POINT ( 'NONE',  ( 3.354092782221119506, 0.1971898976063921616, -3.389999999999999680 ) ) ;
#6651 = ORIENTED_EDGE ( 'NONE', *, *, #7498, .F. ) ;
#6652 = MECHANICAL_DESIGN_GEOMETRIC_PRESENTATION_REPRESENTATION (  '', ( #4982 ), #6195 ) ;
#6653 = DIRECTION ( 'NONE',  ( -0.000000000000000000, -0.000000000000000000, -1.000000000000000000 ) ) ;
#6654 = DIRECTION ( 'NONE',  ( -0.9659258262890679791, 0.2588190451025220717, 0.000000000000000000 ) ) ;
#6655 = DIRECTION ( 'NONE',  ( 0.08715574274765759688, -0.9961946980917455452, 0.000000000000000000 ) ) ;
#6656 = CARTESIAN_POINT ( 'NONE',  ( -2.903621601783326067, 0.9828941596536137082, -2.959999999999999964 ) ) ;
#6657 = CARTESIAN_POINT ( 'NONE',  ( -2.783586933657053564, 1.075000000000001066, 4.230000000000000426 ) ) ;
#6658 = CARTESIAN_POINT ( 'NONE',  ( -3.354092782221119506, 0.1971898976063921616, -4.660000000000000142 ) ) ;
#6659 = AXIS2_PLACEMENT_3D ( 'NONE', #1634, #2084, #6952 ) ;
#6660 = EDGE_LOOP ( 'NONE', ( #3780, #1956, #4873, #6793 ) ) ;
#6661 = EDGE_CURVE ( 'NONE', #1299, #2428, #4570, .T. ) ;
#6662 = ORIENTED_EDGE ( 'NONE', *, *, #3024, .F. ) ;
#6663 = LINE ( 'NONE', #7040, #1227 ) ;
#6664 = CARTESIAN_POINT ( 'NONE',  ( -3.244888873943359897, 0.2888228567653777779, -1.690000000000000169 ) ) ;
#6665 = CARTESIAN_POINT ( 'NONE',  ( 3.364923542069633289, 0.3209860491535506677, 4.660000000000000142 ) ) ;
#6666 = ORIENTED_EDGE ( 'NONE', *, *, #6347, .T. ) ;
#6667 = PLANE ( 'NONE',  #149 ) ;
#6668 = CARTESIAN_POINT ( 'NONE',  ( 3.886926638587850924, 4.743384504624081899E-16, 4.660000000000000142 ) ) ;
#6669 = ORIENTED_EDGE ( 'NONE', *, *, #4099, .T. ) ;
#6670 = FACE_OUTER_BOUND ( 'NONE', #2123, .T. ) ;
#6671 = CARTESIAN_POINT ( 'NONE',  ( 2.500000000000000000, 1.225000000000001199, 4.950000000000003730 ) ) ;
#6672 = CARTESIAN_POINT ( 'NONE',  ( 3.354092782221119506, 0.1971898976063921616, -0.8500000000000000888 ) ) ;
#6673 = CARTESIAN_POINT ( 'NONE',  ( 2.500484260976135076, 1.224999999999995204, 5.100000000000004974 ) ) ;
#6674 = CARTESIAN_POINT ( 'NONE',  ( 3.341019420808970963, 0.04776069289263019935, 4.660000000000000142 ) ) ;
#6675 = EDGE_CURVE ( 'NONE', #2943, #2993, #1852, .T. ) ;
#6676 = VECTOR ( 'NONE', #7238, 1000.000000000000114 ) ;
#6677 = MECHANICAL_DESIGN_GEOMETRIC_PRESENTATION_REPRESENTATION (  '', ( #3594 ), #528 ) ;
#6678 = PLANE ( 'NONE',  #5442 ) ;
#6679 = VECTOR ( 'NONE', #6305, 1000.000000000000114 ) ;
#6680 = ORIENTED_EDGE ( 'NONE', *, *, #5200, .T. ) ;
#6681 = ORIENTED_EDGE ( 'NONE', *, *, #5490, .T. ) ;
#6682 = EDGE_CURVE ( 'NONE', #6150, #1942, #7489, .T. ) ;
#6683 = LINE ( 'NONE', #2571, #1009 ) ;
#6684 = CARTESIAN_POINT ( 'NONE',  ( -3.354092782221119506, 0.1971898976063921616, -0.4200000000000002620 ) ) ;
#6685 = CARTESIAN_POINT ( 'NONE',  ( 2.783586933657053564, 0.9507309672654410404, -4.230000000000000426 ) ) ;
#6686 = EDGE_CURVE ( 'NONE', #4909, #3627, #1838, .T. ) ;
#6687 = CARTESIAN_POINT ( 'NONE',  ( 3.341019420808970963, 0.04776069289263019935, 4.230000000000000426 ) ) ;
#6688 = DIRECTION ( 'NONE',  ( -0.9659258262890679791, -0.2588190451025219607, 0.000000000000000000 ) ) ;
#6689 = CARTESIAN_POINT ( 'NONE',  ( 2.783586933657053564, 0.9507309672654410404, 3.389999999999999680 ) ) ;
#6690 = VERTEX_POINT ( 'NONE', #2603 ) ;
#6691 = CYLINDRICAL_SURFACE ( 'NONE', #2953, 0.1499999999999998834 ) ;
#6692 = DIRECTION ( 'NONE',  ( -0.000000000000000000, -0.000000000000000000, -1.000000000000000000 ) ) ;
#6693 = VERTEX_POINT ( 'NONE', #2725 ) ;
#6694 = CARTESIAN_POINT ( 'NONE',  ( 2.903621601783326067, 0.9828941596536137082, 0.8500000000000000888 ) ) ;
#6695 = ORIENTED_EDGE ( 'NONE', *, *, #6461, .T. ) ;
#6696 = VECTOR ( 'NONE', #7825, 1000.000000000000000 ) ;
#6697 = AXIS2_PLACEMENT_3D ( 'NONE', #7344, #1665, #2109 ) ;
#6698 = VECTOR ( 'NONE', #3650, 1000.000000000000000 ) ;
#6699 = DIRECTION ( 'NONE',  ( 1.000000000000000000, -1.623215898148971339E-15, 0.000000000000000000 ) ) ;
#6700 = AXIS2_PLACEMENT_3D ( 'NONE', #6546, #2076, #4017 ) ;
#6701 = ORIENTED_EDGE ( 'NONE', *, *, #2139, .F. ) ;
#6702 = EDGE_CURVE ( 'NONE', #2327, #1554, #1746, .T. ) ;
#6703 = DIRECTION ( 'NONE',  ( 0.9659258262890679791, -0.2588190451025219607, 0.000000000000000000 ) ) ;
#6704 = FACE_OUTER_BOUND ( 'NONE', #3946, .T. ) ;
#6705 = ADVANCED_FACE ( 'NONE', ( #4583 ), #4779, .T. ) ;
#6706 = AXIS2_PLACEMENT_3D ( 'NONE', #5978, #1406, #4068 ) ;
#6707 = DIRECTION ( 'NONE',  ( 0.000000000000000000, 0.000000000000000000, 1.000000000000000000 ) ) ;
#6708 = CARTESIAN_POINT ( 'NONE',  ( -3.899999999999999467, 0.1494292047137622814, -0.4200000000000002620 ) ) ;
#6709 = CARTESIAN_POINT ( 'NONE',  ( 2.649999999999999911, 1.225000000000001199, 2.120000000000000551 ) ) ;
#6710 = LINE ( 'NONE', #718, #6554 ) ;
#6711 = ORIENTED_EDGE ( 'NONE', *, *, #6137, .T. ) ;
#6712 = ORIENTED_EDGE ( 'NONE', *, *, #7562, .F. ) ;
#6713 = VECTOR ( 'NONE', #1556, 1000.000000000000000 ) ;
#6714 = EDGE_CURVE ( 'NONE', #760, #2541, #7567, .T. ) ;
#6715 = LINE ( 'NONE', #2332, #3880 ) ;
#6716 = CARTESIAN_POINT ( 'NONE',  ( 3.048510475726686764, 1.021717016418992152, -2.959999999999999964 ) ) ;
#6717 = CARTESIAN_POINT ( 'NONE',  ( 2.783586933657053564, 1.225000000000001199, -4.660000000000000142 ) ) ;
#6718 = DIRECTION ( 'NONE',  ( 0.9659258262890679791, 0.2588190451025220717, 0.000000000000000000 ) ) ;
#6719 = EDGE_CURVE ( 'NONE', #375, #5566, #4764, .T. ) ;
#6720 = VERTEX_POINT ( 'NONE', #946 ) ;
#6721 = CARTESIAN_POINT ( 'NONE',  ( 2.783586933657053564, 0.9507309672654410404, 1.690000000000000613 ) ) ;
#6722 = DIRECTION ( 'NONE',  ( 0.000000000000000000, 1.156482317317871764E-14, -1.000000000000000000 ) ) ;
#6723 = VECTOR ( 'NONE', #298, 1000.000000000000114 ) ;
#6724 = VERTEX_POINT ( 'NONE', #4664 ) ;
#6725 = ORIENTED_EDGE ( 'NONE', *, *, #6702, .F. ) ;
#6726 = DIRECTION ( 'NONE',  ( 0.000000000000000000, 0.000000000000000000, 1.000000000000000000 ) ) ;
#6727 = ORIENTED_EDGE ( 'NONE', *, *, #2422, .F. ) ;
#6728 = LINE ( 'NONE', #3428, #3865 ) ;
#6729 = FACE_OUTER_BOUND ( 'NONE', #539, .T. ) ;
#6730 = DIRECTION ( 'NONE',  ( 0.000000000000000000, -0.000000000000000000, -1.000000000000000000 ) ) ;
#6731 = ORIENTED_EDGE ( 'NONE', *, *, #3039, .T. ) ;
#6732 = ORIENTED_EDGE ( 'NONE', *, *, #159, .T. ) ;
#6733 = DIRECTION ( 'NONE',  ( 0.000000000000000000, 1.000000000000000000, 0.000000000000000000 ) ) ;
#6734 = CARTESIAN_POINT ( 'NONE',  ( 3.354092782221119506, 0.1971898976063921616, 4.660000000000000142 ) ) ;
#6735 = DIRECTION ( 'NONE',  ( -0.9961946980917455452, 0.08715574274765833240, 0.000000000000000000 ) ) ;
#6736 = ADVANCED_FACE ( 'NONE', ( #1931 ), #3158, .T. ) ;
#6737 = ADVANCED_FACE ( 'NONE', ( #7693 ), #764, .F. ) ;
#6738 = ORIENTED_EDGE ( 'NONE', *, *, #3859, .T. ) ;
#6739 = VERTEX_POINT ( 'NONE', #4721 ) ;
#6740 = ORIENTED_EDGE ( 'NONE', *, *, #5849, .T. ) ;
#6741 = CIRCLE ( 'NONE', #7003, 0.1242690327345600532 ) ;
#6742 = CARTESIAN_POINT ( 'NONE',  ( 2.499999999999997780, 1.075000000000001288, -5.099999999999996092 ) ) ;
#6743 = CARTESIAN_POINT ( 'NONE',  ( 2.649999999999999911, 1.075000000000001288, 0.8500000000000000888 ) ) ;
#6744 = DIRECTION ( 'NONE',  ( -1.000000000000000000, -0.000000000000000000, 1.636531581110195656E-16 ) ) ;
#6745 = EDGE_CURVE ( 'NONE', #4685, #6809, #8324, .T. ) ;
#6746 =( LENGTH_UNIT ( ) NAMED_UNIT ( * ) SI_UNIT ( .MILLI., .METRE. ) );
#6747 = DIRECTION ( 'NONE',  ( 0.2588190451025219052, 0.9659258262890678681, 0.000000000000000000 ) ) ;
#6748 = CIRCLE ( 'NONE', #8321, 0.1242690327345600532 ) ;
#6749 = CARTESIAN_POINT ( 'NONE',  ( -2.783586933657053564, 1.225000000000001199, -2.120000000000000107 ) ) ;
#6750 = ORIENTED_EDGE ( 'NONE', *, *, #2884, .T. ) ;
#6751 = EDGE_LOOP ( 'NONE', ( #5213, #8263, #598 ) ) ;
#6752 = CARTESIAN_POINT ( 'NONE',  ( -1.650000000000001243, 2.000000000000000888, -4.099999999999996092 ) ) ;
#6753 = ORIENTED_EDGE ( 'NONE', *, *, #7107, .F. ) ;
#6754 = LINE ( 'NONE', #8234, #3998 ) ;
#6755 = SURFACE_STYLE_FILL_AREA ( #6493 ) ;
#6756 = AXIS2_PLACEMENT_3D ( 'NONE', #5328, #1000, #1619 ) ;
#6757 = ORIENTED_EDGE ( 'NONE', *, *, #5737, .F. ) ;
#6758 = ADVANCED_FACE ( 'NONE', ( #4907 ), #2211, .T. ) ;
#6759 = EDGE_CURVE ( 'NONE', #3444, #6870, #1065, .T. ) ;
#6760 = LINE ( 'NONE', #3884, #6576 ) ;
#6761 = DIRECTION ( 'NONE',  ( -1.623215898148971339E-15, 1.000000000000000000, 0.000000000000000000 ) ) ;
#6762 = CARTESIAN_POINT ( 'NONE',  ( 3.341019420808970963, 0.04776069289263019935, -4.660000000000000142 ) ) ;
#6763 = DIRECTION ( 'NONE',  ( -0.000000000000000000, 1.000000000000000000, -0.000000000000000000 ) ) ;
#6764 = ORIENTED_EDGE ( 'NONE', *, *, #5501, .T. ) ;
#6765 = ORIENTED_EDGE ( 'NONE', *, *, #1778, .T. ) ;
#6766 = ORIENTED_EDGE ( 'NONE', *, *, #7879, .T. ) ;
#6767 = VECTOR ( 'NONE', #3283, 1000.000000000000227 ) ;
#6768 = DIRECTION ( 'NONE',  ( 0.000000000000000000, 0.000000000000000000, 1.000000000000000000 ) ) ;
#6769 = ADVANCED_FACE ( 'NONE', ( #2237 ), #5384, .F. ) ;
#6770 = EDGE_CURVE ( 'NONE', #8210, #1811, #7796, .T. ) ;
#6771 = CARTESIAN_POINT ( 'NONE',  ( -2.650000000000001243, 1.075000000000001288, -4.949999999999994849 ) ) ;
#6772 = ORIENTED_EDGE ( 'NONE', *, *, #2910, .T. ) ;
#6773 = VERTEX_POINT ( 'NONE', #3219 ) ;
#6774 = EDGE_LOOP ( 'NONE', ( #5392, #1241, #1371, #1409 ) ) ;
#6775 = FACE_OUTER_BOUND ( 'NONE', #4931, .T. ) ;
#6776 = CARTESIAN_POINT ( 'NONE',  ( -2.501452754537962786, 1.225050057699017536, -5.099992964849191956 ) ) ;
#6777 = CARTESIAN_POINT ( 'NONE',  ( 3.354092782221119506, 0.1971898976063921616, 2.120000000000000551 ) ) ;
#6778 = DIRECTION ( 'NONE',  ( -1.000000000000000000, 0.000000000000000000, 0.000000000000000000 ) ) ;
#6779 = DIRECTION ( 'NONE',  ( -1.000000000000000000, 1.623215898148971142E-15, 0.000000000000000000 ) ) ;
#6780 = SURFACE_STYLE_FILL_AREA ( #7225 ) ;
#6781 = DIRECTION ( 'NONE',  ( 0.1378445374916289490, -0.9808148484639890308, 0.1378445374916288935 ) ) ;
#6782 = AXIS2_PLACEMENT_3D ( 'NONE', #6721, #7362, #240 ) ;
#6783 = VECTOR ( 'NONE', #6922, 1000.000000000000000 ) ;
#6784 = EDGE_CURVE ( 'NONE', #4550, #4461, #1985, .T. ) ;
#6785 = DIRECTION ( 'NONE',  ( 1.000000000000000000, 0.000000000000000000, 0.000000000000000000 ) ) ;
#6786 =( BOUNDED_CURVE ( )  B_SPLINE_CURVE ( 3, ( #5292, #6673, #3388, #8367 ),
 .UNSPECIFIED., .F., .F. ) 
 B_SPLINE_CURVE_WITH_KNOTS ( ( 4, 4 ),
 ( 0.000000000000000000, 0.009685181668474828615 ),
 .UNSPECIFIED. ) 
 CURVE ( )  GEOMETRIC_REPRESENTATION_ITEM ( )  RATIONAL_B_SPLINE_CURVE ( ( 1.000000000000000000, 0.9999921831199466427, 0.9999921831199466427, 1.000000000000000000 ) ) 
 REPRESENTATION_ITEM ( '' )  );
#6787 = EDGE_CURVE ( 'NONE', #3521, #6860, #5000, .T. ) ;
#6788 = FILL_AREA_STYLE_COLOUR ( '', #4520 ) ;
#6789 = ADVANCED_FACE ( 'NONE', ( #5086 ), #1095, .F. ) ;
#6790 = LINE ( 'NONE', #849, #6936 ) ;
#6791 = VERTEX_POINT ( 'NONE', #1668 ) ;
#6792 = ORIENTED_EDGE ( 'NONE', *, *, #2807, .F. ) ;
#6793 = ORIENTED_EDGE ( 'NONE', *, *, #1603, .T. ) ;
#6794 = FACE_OUTER_BOUND ( 'NONE', #2456, .T. ) ;
#6795 = SPHERICAL_SURFACE ( 'NONE', #949, 0.1499999999999999944 ) ;
#6796 = DIRECTION ( 'NONE',  ( 1.000000000000000000, 0.000000000000000000, -0.000000000000000000 ) ) ;
#6797 = ORIENTED_EDGE ( 'NONE', *, *, #3645, .T. ) ;
#6798 = DIRECTION ( 'NONE',  ( -0.000000000000000000, -0.000000000000000000, -1.000000000000000000 ) ) ;
#6799 = CARTESIAN_POINT ( 'NONE',  ( -3.048510475726686764, 1.021717016418992152, -4.230000000000000426 ) ) ;
#6800 = CARTESIAN_POINT ( 'NONE',  ( 3.886926638587850924, 4.743384504624081899E-16, -1.690000000000000169 ) ) ;
#6801 = CARTESIAN_POINT ( 'NONE',  ( 2.649999999999999911, 1.225000000000001199, -2.959999999999999964 ) ) ;
#6802 = DIRECTION ( 'NONE',  ( -0.000000000000000000, -1.000000000000000000, -0.000000000000000000 ) ) ;
#6803 = AXIS2_PLACEMENT_3D ( 'NONE', #5221, #3957, #4394 ) ;
#6804 = CARTESIAN_POINT ( 'NONE',  ( -2.649999999999999911, 1.225000000000001199, 2.959999999999999964 ) ) ;
#6805 = ORIENTED_EDGE ( 'NONE', *, *, #1671, .T. ) ;
#6806 = ORIENTED_EDGE ( 'NONE', *, *, #2245, .T. ) ;
#6807 = SURFACE_STYLE_USAGE ( .BOTH. , #5541 ) ;
#6808 = EDGE_CURVE ( 'NONE', #8199, #22, #2077, .T. ) ;
#6809 = VERTEX_POINT ( 'NONE', #996 ) ;
#6810 = PRESENTATION_STYLE_ASSIGNMENT (( #3111 ) ) ;
#6811 = VECTOR ( 'NONE', #661, 1000.000000000000000 ) ;
#6812 = PLANE ( 'NONE',  #1291 ) ;
#6813 = STYLED_ITEM ( 'NONE', ( #1865 ), #6589 ) ;
#6814 = PLANE ( 'NONE',  #7237 ) ;
#6815 = VECTOR ( 'NONE', #7986, 1000.000000000000000 ) ;
#6816 = DIRECTION ( 'NONE',  ( 0.9961946980917455452, 0.08715574274765833240, -0.000000000000000000 ) ) ;
#6817 = CARTESIAN_POINT ( 'NONE',  ( -2.587973030627473303, 1.068987327977421131, -5.099154974055149836 ) ) ;
#6818 = DIRECTION ( 'NONE',  ( 0.2588190451025219607, -0.9659258262890678681, 0.000000000000000000 ) ) ;
#6819 = ORIENTED_EDGE ( 'NONE', *, *, #1230, .F. ) ;
#6820 = ORIENTED_EDGE ( 'NONE', *, *, #4145, .T. ) ;
#6821 = ORIENTED_EDGE ( 'NONE', *, *, #2023, .F. ) ;
#6822 = EDGE_CURVE ( 'NONE', #1269, #1119, #1995, .T. ) ;
#6823 = EDGE_CURVE ( 'NONE', #7847, #2767, #4832, .T. ) ;
#6824 = AXIS2_PLACEMENT_3D ( 'NONE', #864, #6067, #7376 ) ;
#6825 = ADVANCED_FACE ( 'NONE', ( #2048 ), #4978, .F. ) ;
#6826 = AXIS2_PLACEMENT_3D ( 'NONE', #25, #7905, #6778 ) ;
#6827 = CARTESIAN_POINT ( 'NONE',  ( -3.099999999999999645, 0.2499999999999996392, -2.959999999999999964 ) ) ;
#6828 = EDGE_CURVE ( 'NONE', #656, #5760, #7735, .T. ) ;
#6829 = DIRECTION ( 'NONE',  ( -0.000000000000000000, -0.000000000000000000, -1.000000000000000000 ) ) ;
#6830 = LINE ( 'NONE', #5940, #6965 ) ;
#6831 = EDGE_LOOP ( 'NONE', ( #6953, #2160, #7187, #1302, #5017, #4110, #7007, #1192, #4048, #5197, #1083, #1283 ) ) ;
#6832 = ORIENTED_EDGE ( 'NONE', *, *, #8057, .T. ) ;
#6833 = EDGE_LOOP ( 'NONE', ( #7203, #7063, #4214, #4248 ) ) ;
#6834 = FACE_OUTER_BOUND ( 'NONE', #7147, .T. ) ;
#6835 = DIRECTION ( 'NONE',  ( 0.000000000000000000, -0.000000000000000000, -1.000000000000000000 ) ) ;
#6836 = CARTESIAN_POINT ( 'NONE',  ( 3.099999999999999645, 0.2499999999999996392, 2.959999999999999964 ) ) ;
#6837 = FACE_OUTER_BOUND ( 'NONE', #6378, .T. ) ;
#6838 = DIRECTION ( 'NONE',  ( 0.1378445374916288935, -0.9808148484639890308, -0.1378445374916289490 ) ) ;
#6839 = DIRECTION ( 'NONE',  ( -1.000000000000000000, 0.000000000000000000, 0.000000000000000000 ) ) ;
#6840 = CARTESIAN_POINT ( 'NONE',  ( -2.649999999999999911, 1.225000000000001199, 5.100000000000004086 ) ) ;
#6841 = CARTESIAN_POINT ( 'NONE',  ( -2.783586933657053564, 1.225000000000001199, -3.389999999999999680 ) ) ;
#6842 = AXIS2_PLACEMENT_3D ( 'NONE', #7170, #3140, #1335 ) ;
#6843 = DIRECTION ( 'NONE',  ( 0.000000000000000000, -0.000000000000000000, -1.000000000000000000 ) ) ;
#6844 = LINE ( 'NONE', #2792, #6903 ) ;
#6845 = VERTEX_POINT ( 'NONE', #1045 ) ;
#6846 = ORIENTED_EDGE ( 'NONE', *, *, #6918, .F. ) ;
#6847 = EDGE_CURVE ( 'NONE', #5110, #37, #2038, .T. ) ;
#6848 = ORIENTED_EDGE ( 'NONE', *, *, #4366, .F. ) ;
#6849 = VECTOR ( 'NONE', #7988, 1000.000000000000000 ) ;
#6850 = LINE ( 'NONE', #7167, #6956 ) ;
#6851 = SURFACE_SIDE_STYLE ('',( #7205 ) ) ;
#6852 = DIRECTION ( 'NONE',  ( 1.000000000000000000, 1.623215898148971142E-15, -0.000000000000000000 ) ) ;
#6853 = CARTESIAN_POINT ( 'NONE',  ( -3.364923542069633289, 0.3209860491535506677, 3.389999999999999680 ) ) ;
#6854 = CARTESIAN_POINT ( 'NONE',  ( -2.649992964849197108, 1.074949942300984729, 4.951452754537965184 ) ) ;
#6855 = ADVANCED_FACE ( 'NONE', ( #7669 ), #2892, .F. ) ;
#6856 = AXIS2_PLACEMENT_3D ( 'NONE', #6355, #2404, #4498 ) ;
#6857 = ADVANCED_FACE ( 'NONE', ( #7717 ), #2159, .T. ) ;
#6858 = DIRECTION ( 'NONE',  ( 0.000000000000000000, -5.782411586589358822E-15, 1.000000000000000000 ) ) ;
#6859 = ORIENTED_EDGE ( 'NONE', *, *, #4984, .T. ) ;
#6860 = VERTEX_POINT ( 'NONE', #4353 ) ;
#6861 =( NAMED_UNIT ( * ) PLANE_ANGLE_UNIT ( ) SI_UNIT ( $, .RADIAN. ) );
#6862 = ORIENTED_EDGE ( 'NONE', *, *, #5784, .T. ) ;
#6863 = LINE ( 'NONE', #3848, #3743 ) ;
#6864 = CYLINDRICAL_SURFACE ( 'NONE', #6520, 0.2742690327345604362 ) ;
#6865 = EDGE_CURVE ( 'NONE', #4157, #3964, #5056, .T. ) ;
#6866 = PLANE ( 'NONE',  #32 ) ;
#6867 = PLANE ( 'NONE',  #1797 ) ;
#6868 = LINE ( 'NONE', #215, #3943 ) ;
#6869 = PLANE ( 'NONE',  #2935 ) ;
#6870 = VERTEX_POINT ( 'NONE', #2216 ) ;
#6871 = VERTEX_POINT ( 'NONE', #2945 ) ;
#6872 = VERTEX_POINT ( 'NONE', #2834 ) ;
#6873 = FACE_OUTER_BOUND ( 'NONE', #5519, .T. ) ;
#6874 = VECTOR ( 'NONE', #7674, 1000.000000000000000 ) ;
#6875 = EDGE_CURVE ( 'NONE', #5044, #4063, #4883, .T. ) ;
#6876 = CARTESIAN_POINT ( 'NONE',  ( 2.499999999999997780, 1.225000000000001199, -4.949999999999995737 ) ) ;
#6877 = CARTESIAN_POINT ( 'NONE',  ( 2.649999999999999911, 1.225000000000001199, -4.230000000000000426 ) ) ;
#6878 = CIRCLE ( 'NONE', #4525, 0.1242690327345600532 ) ;
#6879 = CARTESIAN_POINT ( 'NONE',  ( -1.650000000000001243, 2.000000000000000888, -3.799999999999996270 ) ) ;
#6880 = DIRECTION ( 'NONE',  ( -0.000000000000000000, 0.000000000000000000, 1.000000000000000000 ) ) ;
#6881 = CYLINDRICAL_SURFACE ( 'NONE', #5776, 0.2742690327345599921 ) ;
#6882 = VERTEX_POINT ( 'NONE', #4879 ) ;
#6883 = EDGE_CURVE ( 'NONE', #5453, #708, #7645, .T. ) ;
#6884 = ORIENTED_EDGE ( 'NONE', *, *, #1126, .F. ) ;
#6885 = DIRECTION ( 'NONE',  ( 0.000000000000000000, -0.000000000000000000, -1.000000000000000000 ) ) ;
#6886 = EDGE_LOOP ( 'NONE', ( #103, #5873, #439, #3386 ) ) ;
#6887 = LINE ( 'NONE', #6105, #1260 ) ;
#6888 = CARTESIAN_POINT ( 'NONE',  ( -3.048510475726686764, 1.021717016418992152, -3.389999999999999680 ) ) ;
#6889 = DIRECTION ( 'NONE',  ( -1.000000000000000000, 0.000000000000000000, 0.000000000000000000 ) ) ;
#6890 = FACE_OUTER_BOUND ( 'NONE', #5545, .T. ) ;
#6891 = CARTESIAN_POINT ( 'NONE',  ( 2.783586933657053564, 1.075000000000001066, 4.230000000000000426 ) ) ;
#6892 = MANIFOLD_SOLID_BREP ( 'LPattern1[12]', #5846 ) ;
#6893 = AXIS2_PLACEMENT_3D ( 'NONE', #2306, #6364, #7654 ) ;
#6894 = ORIENTED_EDGE ( 'NONE', *, *, #3098, .F. ) ;
#6895 = CARTESIAN_POINT ( 'NONE',  ( 2.783586933657053564, 0.9507309672654410404, 4.660000000000000142 ) ) ;
#6896 = AXIS2_PLACEMENT_3D ( 'NONE', #2938, #1923, #571 ) ;
#6897 = ADVANCED_FACE ( 'NONE', ( #7817 ), #4856, .F. ) ;
#6898 = PLANE ( 'NONE',  #1491 ) ;
#6899 = EDGE_CURVE ( 'NONE', #6720, #5411, #7748, .T. ) ;
#6900 = SURFACE_STYLE_FILL_AREA ( #8095 ) ;
#6901 = AXIS2_PLACEMENT_3D ( 'NONE', #313, #2808, #3603 ) ;
#6902 = DIRECTION ( 'NONE',  ( 1.000000000000000000, 0.000000000000000000, 0.000000000000000000 ) ) ;
#6903 = VECTOR ( 'NONE', #3516, 1000.000000000000114 ) ;
#6904 = ORIENTED_EDGE ( 'NONE', *, *, #7010, .F. ) ;
#6905 = ORIENTED_EDGE ( 'NONE', *, *, #5528, .T. ) ;
#6906 = ORIENTED_EDGE ( 'NONE', *, *, #8087, .T. ) ;
#6907 = FACE_OUTER_BOUND ( 'NONE', #1494, .T. ) ;
#6908 = EDGE_CURVE ( 'NONE', #6107, #7547, #2222, .T. ) ;
#6909 = PLANE ( 'NONE',  #5320 ) ;
#6910 = ORIENTED_EDGE ( 'NONE', *, *, #8066, .T. ) ;
#6911 = PLANE ( 'NONE',  #2867 ) ;
#6912 = AXIS2_PLACEMENT_3D ( 'NONE', #1379, #2577, #2628 ) ;
#6913 = PRODUCT_RELATED_PRODUCT_CATEGORY ( 'part', '', ( #4122 ) ) ;
#6914 = DIRECTION ( 'NONE',  ( 0.9961946980917455452, -0.08715574274765840179, 0.000000000000000000 ) ) ;
#6915 = CARTESIAN_POINT ( 'NONE',  ( -3.341019420808970963, 0.04776069289263030343, -0.4200000000000002620 ) ) ;
#6916 = DIRECTION ( 'NONE',  ( 0.000000000000000000, -0.000000000000000000, -1.000000000000000000 ) ) ;
#6917 = PLANE ( 'NONE',  #4768 ) ;
#6918 = EDGE_CURVE ( 'NONE', #5259, #5787, #2011, .T. ) ;
#6919 = CIRCLE ( 'NONE', #6123, 0.2742690327345599921 ) ;
#6920 = ADVANCED_FACE ( 'NONE', ( #4953 ), #1979, .F. ) ;
#6921 = AXIS2_PLACEMENT_3D ( 'NONE', #621, #1292, #5687 ) ;
#6922 = DIRECTION ( 'NONE',  ( -0.000000000000000000, 1.000000000000000000, -0.000000000000000000 ) ) ;
#6923 = ORIENTED_EDGE ( 'NONE', *, *, #7010, .T. ) ;
#6924 = AXIS2_PLACEMENT_3D ( 'NONE', #6708, #1507, #2119 ) ;
#6925 = EDGE_LOOP ( 'NONE', ( #7568, #4809, #6496, #1919 ) ) ;
#6926 = EDGE_CURVE ( 'NONE', #205, #7011, #2198, .T. ) ;
#6927 = ORIENTED_EDGE ( 'NONE', *, *, #6203, .T. ) ;
#6928 = FACE_OUTER_BOUND ( 'NONE', #23, .T. ) ;
#6929 = VECTOR ( 'NONE', #1058, 1000.000000000000000 ) ;
#6930 = DIRECTION ( 'NONE',  ( -0.2588190451025219607, -0.9659258262890678681, 0.000000000000000000 ) ) ;
#6931 = VECTOR ( 'NONE', #5584, 1000.000000000000000 ) ;
#6932 = DIRECTION ( 'NONE',  ( 0.08715574274765759688, -0.9961946980917455452, 0.000000000000000000 ) ) ;
#6933 = EDGE_CURVE ( 'NONE', #5495, #193, #7846, .T. ) ;
#6934 = DIRECTION ( 'NONE',  ( 0.1378445374916288935, 0.9808148484639891418, -0.1378445374916289490 ) ) ;
#6935 = AXIS2_PLACEMENT_3D ( 'NONE', #5706, #5822, #3178 ) ;
#6936 = VECTOR ( 'NONE', #4686, 1000.000000000000114 ) ;
#6937 = VERTEX_POINT ( 'NONE', #1373 ) ;
#6938 = AXIS2_PLACEMENT_3D ( 'NONE', #3350, #7402, #3431 ) ;
#6939 = ORIENTED_EDGE ( 'NONE', *, *, #6682, .T. ) ;
#6940 = ORIENTED_EDGE ( 'NONE', *, *, #5412, .T. ) ;
#6941 = VECTOR ( 'NONE', #2243, 1000.000000000000114 ) ;
#6942 = LINE ( 'NONE', #354, #6929 ) ;
#6943 = ORIENTED_EDGE ( 'NONE', *, *, #2142, .F. ) ;
#6944 = EDGE_CURVE ( 'NONE', #2489, #635, #4968, .T. ) ;
#6945 = CARTESIAN_POINT ( 'NONE',  ( -2.783586933657053564, 1.225000000000001199, 0.8500000000000000888 ) ) ;
#6946 = LINE ( 'NONE', #7877, #1311 ) ;
#6947 = CARTESIAN_POINT ( 'NONE',  ( 2.903621601783326067, 0.9828941596536137082, -0.8500000000000000888 ) ) ;
#6948 = ADVANCED_FACE ( 'NONE', ( #7873 ), #5107, .F. ) ;
#6949 = LINE ( 'NONE', #783, #3945 ) ;
#6950 = ORIENTED_EDGE ( 'NONE', *, *, #6527, .T. ) ;
#6951 = ORIENTED_EDGE ( 'NONE', *, *, #3616, .F. ) ;
#6952 = DIRECTION ( 'NONE',  ( 0.9961946980917455452, 0.08715574274765838791, 0.000000000000000000 ) ) ;
#6953 = ORIENTED_EDGE ( 'NONE', *, *, #8160, .T. ) ;
#6954 = PLANE ( 'NONE',  #5972 ) ;
#6955 = CARTESIAN_POINT ( 'NONE',  ( 2.649999999999997691, 1.075000000000001288, -5.099999999999996092 ) ) ;
#6956 = VECTOR ( 'NONE', #2385, 1000.000000000000000 ) ;
#6957 = ORIENTED_EDGE ( 'NONE', *, *, #5508, .F. ) ;
#6958 = CARTESIAN_POINT ( 'NONE',  ( 2.649999999999999911, 1.075000000000001288, 0.8500000000000000888 ) ) ;
#6959 = ORIENTED_EDGE ( 'NONE', *, *, #6257, .F. ) ;
#6960 = DIRECTION ( 'NONE',  ( -1.000000000000000000, 0.000000000000000000, 0.000000000000000000 ) ) ;
#6961 = AXIS2_PLACEMENT_3D ( 'NONE', #7364, #5997, #3652 ) ;
#6962 = EDGE_CURVE ( 'NONE', #6004, #6791, #2412, .T. ) ;
#6963 = DIRECTION ( 'NONE',  ( 0.000000000000000000, -0.000000000000000000, -1.000000000000000000 ) ) ;
#6964 = CARTESIAN_POINT ( 'NONE',  ( 3.341019420808970963, 0.04776069289263030343, -2.959999999999999964 ) ) ;
#6965 = VECTOR ( 'NONE', #7263, 1000.000000000000000 ) ;
#6966 = VERTEX_POINT ( 'NONE', #5707 ) ;
#6967 = ORIENTED_EDGE ( 'NONE', *, *, #1090, .F. ) ;
#6968 = ORIENTED_EDGE ( 'NONE', *, *, #4434, .F. ) ;
#6969 = CIRCLE ( 'NONE', #6483, 0.1242690327345600532 ) ;
#6970 = CIRCLE ( 'NONE', #717, 0.2742690327345599921 ) ;
#6971 = ORIENTED_EDGE ( 'NONE', *, *, #8131, .T. ) ;
#6972 = CARTESIAN_POINT ( 'NONE',  ( -2.649999999999999911, 1.225000000000001199, -0.8500000000000000888 ) ) ;
#6973 = DIRECTION ( 'NONE',  ( -0.000000000000000000, -0.000000000000000000, -1.000000000000000000 ) ) ;
#6974 = CARTESIAN_POINT ( 'NONE',  ( -1.650000000000001243, 1.051471862576143890, -4.099999999999996092 ) ) ;
#6975 = UNCERTAINTY_MEASURE_WITH_UNIT (LENGTH_MEASURE( 1.000000000000000082E-05 ), #6326, 'distance_accuracy_value', 'NONE');
#6976 = DIRECTION ( 'NONE',  ( 0.000000000000000000, -0.000000000000000000, -1.000000000000000000 ) ) ;
#6977 = LINE ( 'NONE', #4875, #4288 ) ;
#6978 = EDGE_CURVE ( 'NONE', #378, #6871, #8059, .T. ) ;
#6979 = CARTESIAN_POINT ( 'NONE',  ( 2.649999999999999911, 1.225000000000001199, -2.959999999999999964 ) ) ;
#6980 = DIRECTION ( 'NONE',  ( 0.000000000000000000, -0.000000000000000000, -1.000000000000000000 ) ) ;
#6981 = EDGE_LOOP ( 'NONE', ( #7477, #7720, #1509, #4419 ) ) ;
#6982 = ORIENTED_EDGE ( 'NONE', *, *, #3645, .F. ) ;
#6983 = DIRECTION ( 'NONE',  ( 0.000000000000000000, 0.000000000000000000, 1.000000000000000000 ) ) ;
#6984 = EDGE_LOOP ( 'NONE', ( #7967, #7100, #2579, #4315 ) ) ;
#6985 = LINE ( 'NONE', #2614, #1342 ) ;
#6986 = LINE ( 'NONE', #8221, #6811 ) ;
#6987 = DIRECTION ( 'NONE',  ( 0.9961946980917455452, -0.08715574274765831853, 0.000000000000000000 ) ) ;
#6988 = VERTEX_POINT ( 'NONE', #3915 ) ;
#6989 = CARTESIAN_POINT ( 'NONE',  ( -3.364923542069633289, 0.3209860491535506677, 2.959999999999999964 ) ) ;
#6990 = ADVANCED_FACE ( 'NONE', ( #2425 ), #5184, .F. ) ;
#6991 = EDGE_CURVE ( 'NONE', #7312, #4871, #5159, .T. ) ;
#6992 =( LENGTH_UNIT ( ) NAMED_UNIT ( * ) SI_UNIT ( .MILLI., .METRE. ) );
#6993 = DIRECTION ( 'NONE',  ( 0.000000000000000000, -0.000000000000000000, -1.000000000000000000 ) ) ;
#6994 = EDGE_CURVE ( 'NONE', #5991, #1942, #7965, .T. ) ;
#6995 = ORIENTED_EDGE ( 'NONE', *, *, #5412, .F. ) ;
#6996 = ORIENTED_EDGE ( 'NONE', *, *, #7535, .T. ) ;
#6997 = EDGE_LOOP ( 'NONE', ( #503, #8050, #5272, #8219, #2009, #3225, #5856, #4776, #2114, #7900, #2567, #7889 ) ) ;
#6998 = CIRCLE ( 'NONE', #7684, 0.2742690327345599921 ) ;
#6999 = ORIENTED_EDGE ( 'NONE', *, *, #1166, .T. ) ;
#7000 = AXIS2_PLACEMENT_3D ( 'NONE', #4963, #6916, #8190 ) ;
#7001 = DIRECTION ( 'NONE',  ( 0.000000000000000000, -1.000000000000000000, 0.000000000000000000 ) ) ;
#7002 = VECTOR ( 'NONE', #1608, 1000.000000000000000 ) ;
#7003 = AXIS2_PLACEMENT_3D ( 'NONE', #4823, #4659, #8039 ) ;
#7004 = APPLICATION_PROTOCOL_DEFINITION ( 'draft international standard', 'automotive_design', 1998, #5609 ) ;
#7005 = DIRECTION ( 'NONE',  ( 1.000000000000000000, 0.000000000000000000, 0.000000000000000000 ) ) ;
#7006 = SURFACE_STYLE_FILL_AREA ( #2964 ) ;
#7007 = ORIENTED_EDGE ( 'NONE', *, *, #3601, .T. ) ;
#7008 = ORIENTED_EDGE ( 'NONE', *, *, #75, .T. ) ;
#7009 =( NAMED_UNIT ( * ) SI_UNIT ( $, .STERADIAN. ) SOLID_ANGLE_UNIT ( ) );
#7010 = EDGE_CURVE ( 'NONE', #3693, #6373, #7992, .T. ) ;
#7011 = VERTEX_POINT ( 'NONE', #1262 ) ;
#7012 = FACE_OUTER_BOUND ( 'NONE', #845, .T. ) ;
#7013 = DIRECTION ( 'NONE',  ( -1.636531581110195409E-16, 0.000000000000000000, -1.000000000000000000 ) ) ;
#7014 = ORIENTED_EDGE ( 'NONE', *, *, #4828, .F. ) ;
#7015 = DIRECTION ( 'NONE',  ( -0.9961946980917455452, 0.08715574274765833240, 0.000000000000000000 ) ) ;
#7016 = CARTESIAN_POINT ( 'NONE',  ( 3.244888873943359897, 0.2888228567653777779, -4.230000000000000426 ) ) ;
#7017 = CARTESIAN_POINT ( 'NONE',  ( 2.649999999999999911, 1.225000000000001199, 0.8500000000000000888 ) ) ;
#7018 = CARTESIAN_POINT ( 'NONE',  ( 2.649999999999999911, 1.075000000000001288, -2.959999999999999964 ) ) ;
#7019 = DIRECTION ( 'NONE',  ( 0.000000000000000000, -0.000000000000000000, -1.000000000000000000 ) ) ;
#7020 = LINE ( 'NONE', #185, #1223 ) ;
#7021 = ADVANCED_FACE ( 'NONE', ( #5210 ), #5095, .F. ) ;
#7022 = ORIENTED_EDGE ( 'NONE', *, *, #5377, .T. ) ;
#7023 = ORIENTED_EDGE ( 'NONE', *, *, #2869, .T. ) ;
#7024 = ORIENTED_EDGE ( 'NONE', *, *, #2841, .T. ) ;
#7025 = VECTOR ( 'NONE', #3329, 1000.000000000000000 ) ;
#7026 = ORIENTED_EDGE ( 'NONE', *, *, #6147, .T. ) ;
#7027 = DIRECTION ( 'NONE',  ( -0.08715574274765838791, -0.9961946980917455452, 0.000000000000000000 ) ) ;
#7028 = CARTESIAN_POINT ( 'NONE',  ( 2.649999999999999911, 1.075000000000001288, 0.4200000000000002620 ) ) ;
#7029 = CARTESIAN_POINT ( 'NONE',  ( 3.048510475726686764, 1.021717016418992152, 2.959999999999999964 ) ) ;
#7030 = DIRECTION ( 'NONE',  ( 0.000000000000000000, -0.000000000000000000, -1.000000000000000000 ) ) ;
#7031 = EDGE_CURVE ( 'NONE', #3819, #3693, #5138, .T. ) ;
#7032 = VECTOR ( 'NONE', #7901, 1000.000000000000114 ) ;
#7033 = DIRECTION ( 'NONE',  ( 0.000000000000000000, -0.000000000000000000, -1.000000000000000000 ) ) ;
#7034 = VERTEX_POINT ( 'NONE', #7212 ) ;
#7035 = VERTEX_POINT ( 'NONE', #21 ) ;
#7036 = DIRECTION ( 'NONE',  ( 0.000000000000000000, -0.000000000000000000, -1.000000000000000000 ) ) ;
#7037 = ORIENTED_EDGE ( 'NONE', *, *, #7600, .T. ) ;
#7038 = FACE_OUTER_BOUND ( 'NONE', #80, .T. ) ;
#7039 = PRESENTATION_STYLE_ASSIGNMENT (( #1992 ) ) ;
#7040 = CARTESIAN_POINT ( 'NONE',  ( -3.048510475726686764, 1.021717016418992152, 2.120000000000000551 ) ) ;
#7041 = ORIENTED_EDGE ( 'NONE', *, *, #3337, .T. ) ;
#7042 = ADVANCED_FACE ( 'NONE', ( #2286 ), #5228, .F. ) ;
#7043 = PRESENTATION_LAYER_ASSIGNMENT (  '', '', ( #4677 ) ) ;
#7044 = CARTESIAN_POINT ( 'NONE',  ( -3.899999999999999467, 0.1494292047137622814, -1.690000000000000169 ) ) ;
#7045 = DIRECTION ( 'NONE',  ( 0.9659258262890679791, -0.2588190451025219607, 0.000000000000000000 ) ) ;
#7046 = EDGE_CURVE ( 'NONE', #5901, #2161, #5280, .T. ) ;
#7047 = CARTESIAN_POINT ( 'NONE',  ( 2.649992964849194887, 1.074949942300984729, -4.951452754537957190 ) ) ;
#7048 = FACE_OUTER_BOUND ( 'NONE', #7518, .T. ) ;
#7049 = ORIENTED_EDGE ( 'NONE', *, *, #7239, .T. ) ;
#7050 = VERTEX_POINT ( 'NONE', #1427 ) ;
#7051 = EDGE_CURVE ( 'NONE', #760, #6459, #2324, .T. ) ;
#7052 = CARTESIAN_POINT ( 'NONE',  ( -2.903621601783326067, 0.9828941596536137082, -2.120000000000000107 ) ) ;
#7053 = VERTEX_POINT ( 'NONE', #4690 ) ;
#7054 = FACE_OUTER_BOUND ( 'NONE', #1175, .T. ) ;
#7055 = VECTOR ( 'NONE', #4045, 1000.000000000000227 ) ;
#7056 = ORIENTED_EDGE ( 'NONE', *, *, #868, .F. ) ;
#7057 = CARTESIAN_POINT ( 'NONE',  ( -3.899999999999999467, 0.1494292047137622814, -4.230000000000000426 ) ) ;
#7058 = AXIS2_PLACEMENT_3D ( 'NONE', #4881, #6934, #4470 ) ;
#7059 = CARTESIAN_POINT ( 'NONE',  ( -2.500000000000000000, 1.225000000000001199, 5.100000000000004086 ) ) ;
#7060 = VERTEX_POINT ( 'NONE', #5942 ) ;
#7061 = ORIENTED_EDGE ( 'NONE', *, *, #1613, .F. ) ;
#7062 = FILL_AREA_STYLE ('',( #5612 ) ) ;
#7063 = ORIENTED_EDGE ( 'NONE', *, *, #905, .F. ) ;
#7064 = VECTOR ( 'NONE', #8203, 1000.000000000000114 ) ;
#7065 = DIRECTION ( 'NONE',  ( 1.000000000000000000, 0.000000000000000000, 0.000000000000000000 ) ) ;
#7066 = EDGE_CURVE ( 'NONE', #1093, #3304, #2476, .T. ) ;
#7067 = VERTEX_POINT ( 'NONE', #3064 ) ;
#7068 = CARTESIAN_POINT ( 'NONE',  ( -2.903621601783326067, 0.9828941596536137082, -0.8500000000000000888 ) ) ;
#7069 = CARTESIAN_POINT ( 'NONE',  ( 2.903621601783326067, 0.9828941596536137082, -4.230000000000000426 ) ) ;
#7070 = DIRECTION ( 'NONE',  ( 0.000000000000000000, -0.000000000000000000, -1.000000000000000000 ) ) ;
#7071 = ADVANCED_FACE ( 'NONE', ( #8004 ), #2486, .T. ) ;
#7072 = DIRECTION ( 'NONE',  ( -0.9961946980917456562, 0.08715574274765761076, 0.000000000000000000 ) ) ;
#7073 = CARTESIAN_POINT ( 'NONE',  ( -2.783586933657053564, 1.225000000000001199, 0.4200000000000002620 ) ) ;
#7074 = ORIENTED_EDGE ( 'NONE', *, *, #5585, .F. ) ;
#7075 = ORIENTED_EDGE ( 'NONE', *, *, #6517, .T. ) ;
#7076 = EDGE_LOOP ( 'NONE', ( #8170, #3339, #2913, #28 ) ) ;
#7077 = FACE_OUTER_BOUND ( 'NONE', #5674, .T. ) ;
#7078 = VECTOR ( 'NONE', #7537, 1000.000000000000000 ) ;
#7079 = EDGE_LOOP ( 'NONE', ( #7241, #5161, #5351, #1563 ) ) ;
#7080 = CARTESIAN_POINT ( 'NONE',  ( -3.354092782221119506, 0.1971898976063921616, -0.4200000000000002620 ) ) ;
#7081 = EDGE_CURVE ( 'NONE', #6937, #3106, #8152, .T. ) ;
#7082 = SURFACE_STYLE_USAGE ( .BOTH. , #7594 ) ;
#7083 = CARTESIAN_POINT ( 'NONE',  ( -2.903621601783326067, 0.9828941596536137082, 4.660000000000000142 ) ) ;
#7084 = CARTESIAN_POINT ( 'NONE',  ( -2.783586933657053564, 1.075000000000001066, -1.690000000000000169 ) ) ;
#7085 = DIRECTION ( 'NONE',  ( 0.000000000000000000, 0.000000000000000000, 1.000000000000000000 ) ) ;
#7086 = DIRECTION ( 'NONE',  ( 0.2588190451025219607, -0.9659258262890678681, 0.000000000000000000 ) ) ;
#7087 = CARTESIAN_POINT ( 'NONE',  ( 2.783586933657053564, 1.075000000000001066, 0.8500000000000000888 ) ) ;
#7088 = ORIENTED_EDGE ( 'NONE', *, *, #1671, .F. ) ;
#7089 = ORIENTED_EDGE ( 'NONE', *, *, #522, .F. ) ;
#7090 = DIRECTION ( 'NONE',  ( 1.000000000000000000, 0.000000000000000000, 0.000000000000000000 ) ) ;
#7091 = ORIENTED_EDGE ( 'NONE', *, *, #2223, .F. ) ;
#7092 = LINE ( 'NONE', #1199, #7064 ) ;
#7093 = FACE_OUTER_BOUND ( 'NONE', #1394, .T. ) ;
#7094 = CARTESIAN_POINT ( 'NONE',  ( -2.783586933657053564, 1.225000000000001199, -0.8500000000000000888 ) ) ;
#7095 = ORIENTED_EDGE ( 'NONE', *, *, #643, .T. ) ;
#7096 = EDGE_CURVE ( 'NONE', #3521, #8144, #7948, .T. ) ;
#7097 = SURFACE_STYLE_USAGE ( .BOTH. , #5821 ) ;
#7098 = DIRECTION ( 'NONE',  ( 1.000000000000000000, 0.000000000000000000, 0.000000000000000000 ) ) ;
#7099 = DIRECTION ( 'NONE',  ( -1.000000000000000000, 0.000000000000000000, 0.000000000000000000 ) ) ;
#7100 = ORIENTED_EDGE ( 'NONE', *, *, #1518, .F. ) ;
#7101 = SURFACE_SIDE_STYLE ('',( #5731 ) ) ;
#7102 = ORIENTED_EDGE ( 'NONE', *, *, #1265, .T. ) ;
#7103 = ORIENTED_EDGE ( 'NONE', *, *, #1398, .F. ) ;
#7104 = CIRCLE ( 'NONE', #6028, 0.2999999999999999334 ) ;
#7105 = ORIENTED_EDGE ( 'NONE', *, *, #2305, .T. ) ;
#7106 = AXIS2_PLACEMENT_3D ( 'NONE', #4261, #2131, #3458 ) ;
#7107 = EDGE_CURVE ( 'NONE', #4228, #4063, #8075, .T. ) ;
#7108 = CARTESIAN_POINT ( 'NONE',  ( -2.783586933657053564, 1.075000000000001066, 4.660000000000000142 ) ) ;
#7109 = EDGE_CURVE ( 'NONE', #92, #2161, #5123, .T. ) ;
#7110 = ADVANCED_FACE ( 'NONE', ( #2365 ), #3455, .F. ) ;
#7111 = AXIS2_PLACEMENT_3D ( 'NONE', #3500, #5027, #2372 ) ;
#7112 = CARTESIAN_POINT ( 'NONE',  ( -2.649999999999999911, 1.225000000000001199, 4.660000000000000142 ) ) ;
#7113 = ORIENTED_EDGE ( 'NONE', *, *, #1656, .T. ) ;
#7114 = AXIS2_PLACEMENT_3D ( 'NONE', #7631, #2285, #253 ) ;
#7115 = ORIENTED_EDGE ( 'NONE', *, *, #6045, .F. ) ;
#7116 = CARTESIAN_POINT ( 'NONE',  ( -3.899999999999999467, 0.1494292047137622814, 4.230000000000000426 ) ) ;
#7117 = ORIENTED_EDGE ( 'NONE', *, *, #7354, .T. ) ;
#7118 = LINE ( 'NONE', #5499, #1472 ) ;
#7119 = CARTESIAN_POINT ( 'NONE',  ( -2.649999999999999911, 1.225000000000001199, 3.389999999999999680 ) ) ;
#7120 = EDGE_LOOP ( 'NONE', ( #5256, #2427, #2314, #3437, #8171, #3553, #682, #2468, #2593, #5230, #6315, #5365 ) ) ;
#7121 = DIRECTION ( 'NONE',  ( 0.2588190451025220717, 0.9659258262890678681, -0.000000000000000000 ) ) ;
#7122 = DIRECTION ( 'NONE',  ( -0.000000000000000000, 1.000000000000000000, -0.000000000000000000 ) ) ;
#7123 = ADVANCED_FACE ( 'NONE', ( #8032 ), #3520, .F. ) ;
#7124 = CARTESIAN_POINT ( 'NONE',  ( 2.903621601783326067, 0.9828941596536137082, 4.230000000000000426 ) ) ;
#7125 = CARTESIAN_POINT ( 'NONE',  ( 3.244888873943359897, 0.2888228567653777779, -1.690000000000000169 ) ) ;
#7126 = EDGE_CURVE ( 'NONE', #3907, #2172, #5246, .T. ) ;
#7127 = DIRECTION ( 'NONE',  ( -0.08715574274765759688, -0.9961946980917455452, 0.000000000000000000 ) ) ;
#7128 = ORIENTED_EDGE ( 'NONE', *, *, #7701, .F. ) ;
#7129 = EDGE_LOOP ( 'NONE', ( #2782, #5648, #3147, #2788 ) ) ;
#7130 = ORIENTED_EDGE ( 'NONE', *, *, #5976, .T. ) ;
#7131 = VECTOR ( 'NONE', #8056, 1000.000000000000114 ) ;
#7132 = FACE_OUTER_BOUND ( 'NONE', #1091, .T. ) ;
#7133 = ORIENTED_EDGE ( 'NONE', *, *, #1700, .T. ) ;
#7134 = DIRECTION ( 'NONE',  ( -0.9961946980917455452, -0.08715574274765831853, 0.000000000000000000 ) ) ;
#7135 = DIRECTION ( 'NONE',  ( 1.000000000000000000, 0.000000000000000000, 0.000000000000000000 ) ) ;
#7136 = DIRECTION ( 'NONE',  ( -0.000000000000000000, -0.000000000000000000, -1.000000000000000000 ) ) ;
#7137 = CARTESIAN_POINT ( 'NONE',  ( -3.899999999999999467, 0.1494292047137622814, 4.230000000000000426 ) ) ;
#7138 = DIRECTION ( 'NONE',  ( -0.000000000000000000, -0.000000000000000000, -1.000000000000000000 ) ) ;
#7139 = CARTESIAN_POINT ( 'NONE',  ( 3.886926638587850924, 4.743384504624081899E-16, 0.4200000000000002620 ) ) ;
#7140 = ADVANCED_FACE ( 'NONE', ( #2438 ), #4208, .F. ) ;
#7141 = CARTESIAN_POINT ( 'NONE',  ( -2.410687842433214101, 2.000000000000000888, -4.860687842433207173 ) ) ;
#7142 = CIRCLE ( 'NONE', #3926, 0.1242690327345600532 ) ;
#7143 = ORIENTED_EDGE ( 'NONE', *, *, #5215, .T. ) ;
#7144 = ORIENTED_EDGE ( 'NONE', *, *, #6026, .F. ) ;
#7145 = CARTESIAN_POINT ( 'NONE',  ( -2.783586933657053564, 0.9507309672654410404, 4.660000000000000142 ) ) ;
#7146 = AXIS2_PLACEMENT_3D ( 'NONE', #1978, #3802, #7902 ) ;
#7147 = EDGE_LOOP ( 'NONE', ( #5843, #1214, #6268, #1103 ) ) ;
#7148 = VECTOR ( 'NONE', #7206, 1000.000000000000114 ) ;
#7149 = LINE ( 'NONE', #6139, #1623 ) ;
#7150 = SURFACE_SIDE_STYLE ('',( #3968 ) ) ;
#7151 = EDGE_LOOP ( 'NONE', ( #6411, #7595, #6603, #6644 ) ) ;
#7152 = EDGE_CURVE ( 'NONE', #3641, #1568, #8046, .T. ) ;
#7153 = DIRECTION ( 'NONE',  ( -0.000000000000000000, -0.000000000000000000, -1.000000000000000000 ) ) ;
#7154 = DIRECTION ( 'NONE',  ( 0.000000000000000000, -1.000000000000000000, -0.000000000000000000 ) ) ;
#7155 = CARTESIAN_POINT ( 'NONE',  ( 2.903621601783326067, 0.9828941596536137082, -0.4200000000000002620 ) ) ;
#7156 = DIRECTION ( 'NONE',  ( -0.9659258262890679791, -0.2588190451025219607, 0.000000000000000000 ) ) ;
#7157 = CARTESIAN_POINT ( 'NONE',  ( 2.783586933657053564, 1.075000000000001066, 3.389999999999999680 ) ) ;
#7158 = ORIENTED_EDGE ( 'NONE', *, *, #2415, .T. ) ;
#7159 = ORIENTED_EDGE ( 'NONE', *, *, #3513, .F. ) ;
#7160 = ORIENTED_EDGE ( 'NONE', *, *, #2004, .T. ) ;
#7161 = VECTOR ( 'NONE', #2246, 1000.000000000000000 ) ;
#7162 = EDGE_LOOP ( 'NONE', ( #1878, #3933, #6681, #2101, #7295, #1035 ) ) ;
#7163 = AXIS2_PLACEMENT_3D ( 'NONE', #894, #4671, #5387 ) ;
#7164 = DIRECTION ( 'NONE',  ( -0.000000000000000000, -0.000000000000000000, -1.000000000000000000 ) ) ;
#7165 = EDGE_CURVE ( 'NONE', #205, #843, #5293, .T. ) ;
#7166 = CYLINDRICAL_SURFACE ( 'NONE', #3128, 0.1242690327345600532 ) ;
#7167 = CARTESIAN_POINT ( 'NONE',  ( -2.783586933657053564, 1.225000000000001199, 3.389999999999999680 ) ) ;
#7168 = VERTEX_POINT ( 'NONE', #7466 ) ;
#7169 = EDGE_LOOP ( 'NONE', ( #4199, #3364, #4417 ) ) ;
#7170 = CARTESIAN_POINT ( 'NONE',  ( 3.364923542069633289, 0.3209860491535506677, 3.389999999999999680 ) ) ;
#7171 = ORIENTED_EDGE ( 'NONE', *, *, #3666, .T. ) ;
#7172 = VECTOR ( 'NONE', #5618, 1000.000000000000227 ) ;
#7173 = CARTESIAN_POINT ( 'NONE',  ( 2.649999999999999911, 1.225000000000001199, 4.660000000000000142 ) ) ;
#7174 = LINE ( 'NONE', #6535, #1649 ) ;
#7175 = ORIENTED_EDGE ( 'NONE', *, *, #3462, .T. ) ;
#7176 = CARTESIAN_POINT ( 'NONE',  ( -3.341019420808970963, 0.04776069289263019935, -0.8500000000000000888 ) ) ;
#7177 = CARTESIAN_POINT ( 'NONE',  ( -2.410687842433212325, 1.850000000000000977, 4.860687842433216943 ) ) ;
#7178 = ADVANCED_FACE ( 'NONE', ( #2339 ), #1526, .T. ) ;
#7179 = UNCERTAINTY_MEASURE_WITH_UNIT (LENGTH_MEASURE( 1.000000000000000082E-05 ), #6113, 'distance_accuracy_value', 'NONE');
#7180 = ADVANCED_FACE ( 'NONE', ( #2497 ), #2514, .T. ) ;
#7181 = DIRECTION ( 'NONE',  ( -0.9961946980917455452, 0.08715574274765833240, 0.000000000000000000 ) ) ;
#7182 = EDGE_CURVE ( 'NONE', #5901, #760, #8112, .T. ) ;
#7183 = CIRCLE ( 'NONE', #6893, 0.1242690327345600532 ) ;
#7184 = CARTESIAN_POINT ( 'NONE',  ( 3.099999999999999645, 0.2499999999999996392, -0.4200000000000002620 ) ) ;
#7185 = EDGE_LOOP ( 'NONE', ( #3798, #6479, #6669, #6772 ) ) ;
#7186 = VERTEX_POINT ( 'NONE', #8119 ) ;
#7187 = ORIENTED_EDGE ( 'NONE', *, *, #2262, .T. ) ;
#7188 = VECTOR ( 'NONE', #5842, 1000.000000000000000 ) ;
#7189 = ORIENTED_EDGE ( 'NONE', *, *, #4210, .T. ) ;
#7190 = CARTESIAN_POINT ( 'NONE',  ( -3.099999999999999645, 0.2499999999999996392, 2.120000000000000551 ) ) ;
#7191 = CARTESIAN_POINT ( 'NONE',  ( 2.649997654931401048, 1.225016686030105717, 4.950968516274157238 ) ) ;
#7192 = DIRECTION ( 'NONE',  ( 1.000000000000000000, 0.000000000000000000, 0.000000000000000000 ) ) ;
#7193 = DIRECTION ( 'NONE',  ( 0.000000000000000000, 0.000000000000000000, 1.000000000000000000 ) ) ;
#7194 = CARTESIAN_POINT ( 'NONE',  ( 3.048510475726686764, 1.021717016418992152, 2.959999999999999964 ) ) ;
#7195 = CARTESIAN_POINT ( 'NONE',  ( 2.649999999999999911, 1.225000000000001199, 3.389999999999999680 ) ) ;
#7196 = PLANE ( 'NONE',  #2016 ) ;
#7197 = DIRECTION ( 'NONE',  ( -0.000000000000000000, -0.000000000000000000, -1.000000000000000000 ) ) ;
#7198 = CIRCLE ( 'NONE', #620, 0.1242690327345600532 ) ;
#7199 = ORIENTED_EDGE ( 'NONE', *, *, #848, .F. ) ;
#7200 = ORIENTED_EDGE ( 'NONE', *, *, #7893, .F. ) ;
#7201 = DIRECTION ( 'NONE',  ( 0.000000000000000000, -0.000000000000000000, -1.000000000000000000 ) ) ;
#7202 = EDGE_CURVE ( 'NONE', #1564, #1269, #2465, .T. ) ;
#7203 = ORIENTED_EDGE ( 'NONE', *, *, #1359, .T. ) ;
#7204 = FACE_OUTER_BOUND ( 'NONE', #2815, .T. ) ;
#7205 = SURFACE_STYLE_FILL_AREA ( #154 ) ;
#7206 = DIRECTION ( 'NONE',  ( -0.08715574274765759688, -0.9961946980917455452, 0.000000000000000000 ) ) ;
#7207 = VERTEX_POINT ( 'NONE', #962 ) ;
#7208 = AXIS2_PLACEMENT_3D ( 'NONE', #7482, #8184, #258 ) ;
#7209 = CARTESIAN_POINT ( 'NONE',  ( 2.649999999999999911, 1.225000000000001199, -0.4200000000000002620 ) ) ;
#7210 = DIRECTION ( 'NONE',  ( 0.9961946980917456562, 0.08715574274765761076, -0.000000000000000000 ) ) ;
#7211 = ADVANCED_FACE ( 'NONE', ( #5332 ), #4847, .F. ) ;
#7212 = CARTESIAN_POINT ( 'NONE',  ( -3.099999999999999645, 0.2499999999999996392, -4.660000000000000142 ) ) ;
#7213 = PLANE ( 'NONE',  #7447 ) ;
#7214 = VECTOR ( 'NONE', #3579, 1000.000000000000000 ) ;
#7215 = ORIENTED_EDGE ( 'NONE', *, *, #5649, .F. ) ;
#7216 = ORIENTED_EDGE ( 'NONE', *, *, #4027, .F. ) ;
#7217 = ORIENTED_EDGE ( 'NONE', *, *, #5090, .F. ) ;
#7218 = FACE_OUTER_BOUND ( 'NONE', #1183, .T. ) ;
#7219 = CIRCLE ( 'NONE', #3136, 0.2742690327345599921 ) ;
#7220 = EDGE_CURVE ( 'NONE', #1726, #6845, #8142, .T. ) ;
#7221 = EDGE_LOOP ( 'NONE', ( #8182, #5101, #5125, #3536 ) ) ;
#7222 = MECHANICAL_DESIGN_GEOMETRIC_PRESENTATION_REPRESENTATION (  '', ( #6151 ), #4256 ) ;
#7223 = DIRECTION ( 'NONE',  ( 1.000000000000000000, 0.000000000000000000, 0.000000000000000000 ) ) ;
#7224 = VECTOR ( 'NONE', #3735, 1000.000000000000000 ) ;
#7225 = FILL_AREA_STYLE ('',( #3198 ) ) ;
#7226 = VERTEX_POINT ( 'NONE', #2281 ) ;
#7227 = ORIENTED_EDGE ( 'NONE', *, *, #3440, .F. ) ;
#7228 = CARTESIAN_POINT ( 'NONE',  ( 2.649999999999999911, 1.075000000000001288, 4.950000000000003730 ) ) ;
#7229 = ORIENTED_EDGE ( 'NONE', *, *, #4035, .F. ) ;
#7230 = VECTOR ( 'NONE', #1170, 1000.000000000000227 ) ;
#7231 = LINE ( 'NONE', #5864, #4364 ) ;
#7232 = ORIENTED_EDGE ( 'NONE', *, *, #5737, .T. ) ;
#7233 = FILL_AREA_STYLE_COLOUR ( '', #4697 ) ;
#7234 = DIRECTION ( 'NONE',  ( 0.000000000000000000, -0.000000000000000000, -1.000000000000000000 ) ) ;
#7235 = EDGE_CURVE ( 'NONE', #22, #5872, #5376, .T. ) ;
#7236 = AXIS2_PLACEMENT_3D ( 'NONE', #1309, #1917, #14 ) ;
#7237 = AXIS2_PLACEMENT_3D ( 'NONE', #2164, #1043, #2215 ) ;
#7238 = DIRECTION ( 'NONE',  ( -0.9961946980917455452, 0.08715574274765833240, 0.000000000000000000 ) ) ;
#7239 = EDGE_CURVE ( 'NONE', #3256, #8348, #7897, .T. ) ;
#7240 = SPHERICAL_SURFACE ( 'NONE', #3353, 0.1499999999999999944 ) ;
#7241 = ORIENTED_EDGE ( 'NONE', *, *, #272, .F. ) ;
#7242 = ORIENTED_EDGE ( 'NONE', *, *, #3774, .F. ) ;
#7243 = ORIENTED_EDGE ( 'NONE', *, *, #4322, .F. ) ;
#7244 = ORIENTED_EDGE ( 'NONE', *, *, #2539, .T. ) ;
#7245 = ADVANCED_FACE ( 'NONE', ( #7910 ), #4590, .T. ) ;
#7246 = DIRECTION ( 'NONE',  ( -0.000000000000000000, 0.000000000000000000, 1.000000000000000000 ) ) ;
#7247 = CARTESIAN_POINT ( 'NONE',  ( -3.354092782221119506, 0.1971898976063921616, 2.959999999999999964 ) ) ;
#7248 = CARTESIAN_POINT ( 'NONE',  ( -3.364923542069633289, 0.3209860491535506677, 0.8500000000000000888 ) ) ;
#7249 = CARTESIAN_POINT ( 'NONE',  ( 2.649999999999999911, 1.225000000000001199, -0.4200000000000002620 ) ) ;
#7250 = DIRECTION ( 'NONE',  ( -1.000000000000000000, 0.000000000000000000, 0.000000000000000000 ) ) ;
#7251 = CARTESIAN_POINT ( 'NONE',  ( -3.048510475726686764, 1.021717016418992152, 3.389999999999999680 ) ) ;
#7252 = LINE ( 'NONE', #2996, #7394 ) ;
#7253 = ORIENTED_EDGE ( 'NONE', *, *, #7235, .F. ) ;
#7254 = AXIS2_PLACEMENT_3D ( 'NONE', #1219, #3816, #463 ) ;
#7255 = CARTESIAN_POINT ( 'NONE',  ( 2.410687842433210548, 1.850000000000000977, -4.860687842433208949 ) ) ;
#7256 = ORIENTED_EDGE ( 'NONE', *, *, #1705, .F. ) ;
#7257 = FACE_OUTER_BOUND ( 'NONE', #5253, .T. ) ;
#7258 = LINE ( 'NONE', #1599, #1596 ) ;
#7259 = EDGE_CURVE ( 'NONE', #1538, #6143, #2274, .T. ) ;
#7260 = DIRECTION ( 'NONE',  ( -1.000000000000000000, 0.000000000000000000, 0.000000000000000000 ) ) ;
#7261 = EDGE_LOOP ( 'NONE', ( #966, #6588, #6232, #1063 ) ) ;
#7262 = MANIFOLD_SOLID_BREP ( 'LPattern1[8]', #4365 ) ;
#7263 = DIRECTION ( 'NONE',  ( 1.000000000000000000, 0.000000000000000000, 0.000000000000000000 ) ) ;
#7264 = DIRECTION ( 'NONE',  ( 0.000000000000000000, -0.000000000000000000, -1.000000000000000000 ) ) ;
#7265 = CARTESIAN_POINT ( 'NONE',  ( -3.341019420808970963, 0.04776069289263019935, -2.959999999999999964 ) ) ;
#7266 = DIRECTION ( 'NONE',  ( 0.9961946980917455452, -0.08715574274765831853, 0.000000000000000000 ) ) ;
#7267 = VECTOR ( 'NONE', #1363, 1000.000000000000114 ) ;
#7268 = AXIS2_PLACEMENT_3D ( 'NONE', #4518, #2988, #3839 ) ;
#7269 = ORIENTED_EDGE ( 'NONE', *, *, #3731, .F. ) ;
#7270 = EDGE_LOOP ( 'NONE', ( #7836, #4981, #8157, #7565, #3146, #5934, #5046, #5409, #2416, #4762, #5353, #2225 ) ) ;
#7271 = CYLINDRICAL_SURFACE ( 'NONE', #1771, 0.2742690327345599921 ) ;
#7272 = CARTESIAN_POINT ( 'NONE',  ( 2.649999999999999911, 1.075000000000001288, 3.389999999999999680 ) ) ;
#7273 = ORIENTED_EDGE ( 'NONE', *, *, #5626, .T. ) ;
#7274 = EDGE_CURVE ( 'NONE', #7226, #955, #2820, .T. ) ;
#7275 = CARTESIAN_POINT ( 'NONE',  ( -2.783586933657053564, 0.9507309672654410404, -2.959999999999999964 ) ) ;
#7276 = ADVANCED_FACE ( 'NONE', ( #2646 ), #5734, .T. ) ;
#7277 = VECTOR ( 'NONE', #71, 1000.000000000000000 ) ;
#7278 = CARTESIAN_POINT ( 'NONE',  ( -2.783586933657053564, 0.9507309672654410404, 4.230000000000000426 ) ) ;
#7279 = CARTESIAN_POINT ( 'NONE',  ( -2.903621601783326067, 0.9828941596536137082, -1.690000000000000169 ) ) ;
#7280 = ORIENTED_EDGE ( 'NONE', *, *, #454, .T. ) ;
#7281 = LINE ( 'NONE', #1738, #1633 ) ;
#7282 = PLANE ( 'NONE',  #5070 ) ;
#7283 = FACE_OUTER_BOUND ( 'NONE', #3936, .T. ) ;
#7284 = ORIENTED_EDGE ( 'NONE', *, *, #1615, .F. ) ;
#7285 = CARTESIAN_POINT ( 'NONE',  ( -2.783586933657053564, 0.9507309672654410404, 4.660000000000000142 ) ) ;
#7286 = EDGE_CURVE ( 'NONE', #1836, #3907, #8333, .T. ) ;
#7287 = EDGE_CURVE ( 'NONE', #3590, #6042, #2616, .T. ) ;
#7288 = CARTESIAN_POINT ( 'NONE',  ( -3.899999999999999467, 0.1494292047137622814, 4.660000000000000142 ) ) ;
#7289 = FACE_OUTER_BOUND ( 'NONE', #6981, .T. ) ;
#7290 = CARTESIAN_POINT ( 'NONE',  ( -2.649999999999999911, 1.075000000000001288, -0.4200000000000002620 ) ) ;
#7291 = ADVANCED_FACE ( 'NONE', ( #8281 ), #8276, .F. ) ;
#7292 = ORIENTED_EDGE ( 'NONE', *, *, #8260, .F. ) ;
#7293 = VECTOR ( 'NONE', #5728, 1000.000000000000000 ) ;
#7294 = CIRCLE ( 'NONE', #8341, 0.1242690327345600532 ) ;
#7295 = ORIENTED_EDGE ( 'NONE', *, *, #2152, .T. ) ;
#7296 = CARTESIAN_POINT ( 'NONE',  ( -3.899999999999999467, 0.1494292047137622814, -1.690000000000000169 ) ) ;
#7297 = EDGE_CURVE ( 'NONE', #2326, #656, #8217, .T. ) ;
#7298 = CARTESIAN_POINT ( 'NONE',  ( -3.899999999999999467, 0.1494292047137622814, 2.120000000000000551 ) ) ;
#7299 = DIRECTION ( 'NONE',  ( -0.2588190451025220162, -0.9659258262890678681, 0.000000000000000000 ) ) ;
#7300 = DIRECTION ( 'NONE',  ( 0.2588190451025219052, 0.9659258262890678681, 0.000000000000000000 ) ) ;
#7301 = DIRECTION ( 'NONE',  ( -0.000000000000000000, -0.000000000000000000, -1.000000000000000000 ) ) ;
#7302 = CARTESIAN_POINT ( 'NONE',  ( 3.354092782221119506, 0.1971898976063921616, -4.230000000000000426 ) ) ;
#7303 =( GEOMETRIC_REPRESENTATION_CONTEXT ( 3 ) GLOBAL_UNCERTAINTY_ASSIGNED_CONTEXT ( ( #4844 ) ) GLOBAL_UNIT_ASSIGNED_CONTEXT ( ( #4925, #5697, #1144 ) ) REPRESENTATION_CONTEXT ( 'NONE', 'WORKASPACE' ) );
#7304 = EDGE_CURVE ( 'NONE', #1325, #3967, #2631, .T. ) ;
#7305 = DIRECTION ( 'NONE',  ( -1.000000000000000000, 0.000000000000000000, 0.000000000000000000 ) ) ;
#7306 = CARTESIAN_POINT ( 'NONE',  ( -2.500968516274154840, 1.074983313969896326, -5.099997654931396340 ) ) ;
#7307 = DIRECTION ( 'NONE',  ( -1.000000000000000000, 0.000000000000000000, 0.000000000000000000 ) ) ;
#7308 = VERTEX_POINT ( 'NONE', #5838 ) ;
#7309 = LINE ( 'NONE', #1025, #1745 ) ;
#7310 = LINE ( 'NONE', #7784, #7161 ) ;
#7311 = DIRECTION ( 'NONE',  ( -1.000000000000000000, 0.000000000000000000, -2.919619327894516855E-15 ) ) ;
#7312 = VERTEX_POINT ( 'NONE', #6327 ) ;
#7313 = ADVANCED_FACE ( 'NONE', ( #144 ), #5445, .F. ) ;
#7314 = CARTESIAN_POINT ( 'NONE',  ( 3.364923542069633289, 0.3209860491535506677, -1.690000000000000169 ) ) ;
#7315 = DIRECTION ( 'NONE',  ( 0.000000000000000000, -0.000000000000000000, -1.000000000000000000 ) ) ;
#7316 = CARTESIAN_POINT ( 'NONE',  ( -2.650000000000001243, 1.075000000000001288, -5.099999999999995204 ) ) ;
#7317 = DIRECTION ( 'NONE',  ( 0.000000000000000000, -0.000000000000000000, -1.000000000000000000 ) ) ;
#7318 = EDGE_CURVE ( 'NONE', #5656, #3763, #2538, .T. ) ;
#7319 = DIRECTION ( 'NONE',  ( 1.000000000000000000, 0.000000000000000000, 0.000000000000000000 ) ) ;
#7320 = DIRECTION ( 'NONE',  ( -1.000000000000000000, 0.000000000000000000, 0.000000000000000000 ) ) ;
#7321 = LINE ( 'NONE', #1628, #4358 ) ;
#7322 = PLANE ( 'NONE',  #256 ) ;
#7323 = AXIS2_PLACEMENT_3D ( 'NONE', #6039, #6761, #7993 ) ;
#7324 = ORIENTED_EDGE ( 'NONE', *, *, #8350, .T. ) ;
#7325 = LINE ( 'NONE', #412, #7293 ) ;
#7326 = FACE_OUTER_BOUND ( 'NONE', #3864, .T. ) ;
#7327 = VERTEX_POINT ( 'NONE', #1888 ) ;
#7328 = EDGE_CURVE ( 'NONE', #259, #4574, #8247, .T. ) ;
#7329 = AXIS2_PLACEMENT_3D ( 'NONE', #1250, #5871, #5020 ) ;
#7330 = DIRECTION ( 'NONE',  ( -0.000000000000000000, 0.000000000000000000, 1.000000000000000000 ) ) ;
#7331 = EDGE_CURVE ( 'NONE', #1593, #3742, #1586, .T. ) ;
#7332 = CARTESIAN_POINT ( 'NONE',  ( 3.899999999999999467, 0.1494292047137622814, -0.8500000000000000888 ) ) ;
#7333 = CARTESIAN_POINT ( 'NONE',  ( 2.649999999999999911, 1.225000000000001199, 1.690000000000000613 ) ) ;
#7334 = AXIS2_PLACEMENT_3D ( 'NONE', #417, #4488, #1741 ) ;
#7335 = VERTEX_POINT ( 'NONE', #2966 ) ;
#7336 = CARTESIAN_POINT ( 'NONE',  ( 3.899999999999999467, 0.1494292047137622814, -2.120000000000000107 ) ) ;
#7337 = PRESENTATION_STYLE_ASSIGNMENT (( #869 ) ) ;
#7338 = ORIENTED_EDGE ( 'NONE', *, *, #2652, .T. ) ;
#7339 = DIRECTION ( 'NONE',  ( -0.2588190451025219052, 0.9659258262890678681, 0.000000000000000000 ) ) ;
#7340 = DIRECTION ( 'NONE',  ( 0.000000000000000000, -0.000000000000000000, -1.000000000000000000 ) ) ;
#7341 = EDGE_CURVE ( 'NONE', #6373, #1331, #5493, .T. ) ;
#7342 = CARTESIAN_POINT ( 'NONE',  ( 3.048510475726686764, 1.021717016418992152, -3.389999999999999680 ) ) ;
#7343 = VECTOR ( 'NONE', #4303, 1000.000000000000000 ) ;
#7344 = CARTESIAN_POINT ( 'NONE',  ( -2.410687842433212325, 0.4500000000000009548, 4.860687842433216055 ) ) ;
#7345 = ORIENTED_EDGE ( 'NONE', *, *, #7824, .F. ) ;
#7346 = CIRCLE ( 'NONE', #8329, 0.1242690327345600532 ) ;
#7347 = VECTOR ( 'NONE', #766, 1000.000000000000114 ) ;
#7348 = ORIENTED_EDGE ( 'NONE', *, *, #7622, .T. ) ;
#7349 = DIRECTION ( 'NONE',  ( 0.9961946980917455452, -0.08715574274765840179, 0.000000000000000000 ) ) ;
#7350 = DIRECTION ( 'NONE',  ( -0.2588190451025220717, 0.9659258262890678681, 0.000000000000000000 ) ) ;
#7351 = CARTESIAN_POINT ( 'NONE',  ( -1.650000000000001243, 1.900000000000000799, -4.099999999999996092 ) ) ;
#7352 = CARTESIAN_POINT ( 'NONE',  ( -2.783586933657053564, 0.9507309672654410404, 0.8500000000000000888 ) ) ;
#7353 = AXIS2_PLACEMENT_3D ( 'NONE', #1059, #3384, #8173 ) ;
#7354 = EDGE_CURVE ( 'NONE', #2090, #3819, #5512, .T. ) ;
#7355 = CARTESIAN_POINT ( 'NONE',  ( -3.099999999999999645, 0.2499999999999996392, -0.4200000000000002620 ) ) ;
#7356 = VECTOR ( 'NONE', #6606, 1000.000000000000000 ) ;
#7357 = DIRECTION ( 'NONE',  ( 0.2588190451025220162, -0.9659258262890678681, 0.000000000000000000 ) ) ;
#7358 = ORIENTED_EDGE ( 'NONE', *, *, #56, .F. ) ;
#7359 = COLOUR_RGB ( '',0.8000000000000000444, 0.8196078431372548767, 0.9333333333333333481 ) ;
#7360 = DIRECTION ( 'NONE',  ( 0.000000000000000000, -0.000000000000000000, -1.000000000000000000 ) ) ;
#7361 = EDGE_LOOP ( 'NONE', ( #1799, #1815, #4672, #6613 ) ) ;
#7362 = DIRECTION ( 'NONE',  ( 0.000000000000000000, 0.000000000000000000, 1.000000000000000000 ) ) ;
#7363 = DIRECTION ( 'NONE',  ( -0.9659258262890679791, 0.2588190451025220717, 0.000000000000000000 ) ) ;
#7364 = CARTESIAN_POINT ( 'NONE',  ( 2.783586933657053564, 0.9507309672654410404, 0.8500000000000000888 ) ) ;
#7365 = CARTESIAN_POINT ( 'NONE',  ( 0.000000000000000000, 0.3000000000000009881, 0.000000000000000000 ) ) ;
#7366 = DIRECTION ( 'NONE',  ( 0.000000000000000000, -0.000000000000000000, -1.000000000000000000 ) ) ;
#7367 = PLANE ( 'NONE',  #8266 ) ;
#7368 = DIRECTION ( 'NONE',  ( -0.08715574274765759688, -0.9961946980917455452, 0.000000000000000000 ) ) ;
#7369 = EDGE_CURVE ( 'NONE', #4805, #3509, #5660, .T. ) ;
#7370 = FACE_OUTER_BOUND ( 'NONE', #3829, .T. ) ;
#7371 = VERTEX_POINT ( 'NONE', #208 ) ;
#7372 = LINE ( 'NONE', #8023, #4623 ) ;
#7373 = CARTESIAN_POINT ( 'NONE',  ( -2.783586933657053564, 0.9507309672654410404, -4.660000000000000142 ) ) ;
#7374 = ORIENTED_EDGE ( 'NONE', *, *, #7749, .T. ) ;
#7375 = ADVANCED_FACE ( 'NONE', ( #2838 ), #1389, .F. ) ;
#7376 = DIRECTION ( 'NONE',  ( -1.000000000000000000, 0.000000000000000000, 0.000000000000000000 ) ) ;
#7377 = CARTESIAN_POINT ( 'NONE',  ( -3.354092782221119506, 0.1971898976063921616, -2.959999999999999964 ) ) ;
#7378 = VECTOR ( 'NONE', #5605, 1000.000000000000000 ) ;
#7379 = CARTESIAN_POINT ( 'NONE',  ( 2.500484260976132411, 1.075000000000001732, -5.099999999999996980 ) ) ;
#7380 = DIRECTION ( 'NONE',  ( -0.2588190451025219607, -0.9659258262890678681, 0.000000000000000000 ) ) ;
#7381 = EDGE_CURVE ( 'NONE', #4689, #2601, #5406, .T. ) ;
#7382 = ORIENTED_EDGE ( 'NONE', *, *, #5916, .F. ) ;
#7383 = FACE_OUTER_BOUND ( 'NONE', #877, .T. ) ;
#7384 = DIRECTION ( 'NONE',  ( -1.000000000000000000, 0.000000000000000000, 0.000000000000000000 ) ) ;
#7385 = LINE ( 'NONE', #6350, #1955 ) ;
#7386 = EDGE_LOOP ( 'NONE', ( #1201, #4304, #5363, #1607 ) ) ;
#7387 =( NAMED_UNIT ( * ) PLANE_ANGLE_UNIT ( ) SI_UNIT ( $, .RADIAN. ) );
#7388 = ORIENTED_EDGE ( 'NONE', *, *, #5215, .F. ) ;
#7389 = DIRECTION ( 'NONE',  ( 0.9902680687415703620, 0.1391731009600658264, 0.000000000000000000 ) ) ;
#7390 = VERTEX_POINT ( 'NONE', #2047 ) ;
#7391 = CARTESIAN_POINT ( 'NONE',  ( 3.354092782221119506, 0.1971898976063921616, 0.8500000000000000888 ) ) ;
#7392 = EDGE_CURVE ( 'NONE', #742, #5034, #8296, .T. ) ;
#7393 = AXIS2_PLACEMENT_3D ( 'NONE', #5639, #562, #1810 ) ;
#7394 = VECTOR ( 'NONE', #4922, 1000.000000000000000 ) ;
#7395 = CARTESIAN_POINT ( 'NONE',  ( -2.783586933657053564, 1.075000000000001066, 0.8500000000000000888 ) ) ;
#7396 = AXIS2_PLACEMENT_3D ( 'NONE', #8331, #610, #1180 ) ;
#7397 = ORIENTED_EDGE ( 'NONE', *, *, #1587, .T. ) ;
#7398 = LINE ( 'NONE', #3820, #4362 ) ;
#7399 = EDGE_CURVE ( 'NONE', #5140, #825, #8308, .T. ) ;
#7400 = ORIENTED_EDGE ( 'NONE', *, *, #5562, .F. ) ;
#7401 = ORIENTED_EDGE ( 'NONE', *, *, #1049, .F. ) ;
#7402 = DIRECTION ( 'NONE',  ( -1.000000000000000000, 0.000000000000000000, 2.125886612716675573E-16 ) ) ;
#7403 = CARTESIAN_POINT ( 'NONE',  ( -2.650000000000001243, 1.225000000000001199, -5.099999999999995204 ) ) ;
#7404 =( NAMED_UNIT ( * ) PLANE_ANGLE_UNIT ( ) SI_UNIT ( $, .RADIAN. ) );
#7405 = DIRECTION ( 'NONE',  ( 0.08715574274765831853, 0.9961946980917455452, 0.000000000000000000 ) ) ;
#7406 = AXIS2_PLACEMENT_3D ( 'NONE', #4271, #2868, #3665 ) ;
#7407 = LINE ( 'NONE', #7570, #1707 ) ;
#7408 = VERTEX_POINT ( 'NONE', #7485 ) ;
#7409 = VECTOR ( 'NONE', #3935, 1000.000000000000000 ) ;
#7410 = CYLINDRICAL_SURFACE ( 'NONE', #1017, 0.2999999999999999334 ) ;
#7411 = DIRECTION ( 'NONE',  ( 1.000000000000000000, 0.000000000000000000, 0.000000000000000000 ) ) ;
#7412 = VERTEX_POINT ( 'NONE', #8085 ) ;
#7413 = VERTEX_POINT ( 'NONE', #4812 ) ;
#7414 = EDGE_CURVE ( 'NONE', #2666, #3562, #5391, .T. ) ;
#7415 =( BOUNDED_CURVE ( )  B_SPLINE_CURVE ( 3, ( #1701, #2502, #61, #2295 ),
 .UNSPECIFIED., .F., .F. ) 
 B_SPLINE_CURVE_WITH_KNOTS ( ( 4, 4 ),
 ( 6.273500125511116465, 6.283185307179586232 ),
 .UNSPECIFIED. ) 
 CURVE ( )  GEOMETRIC_REPRESENTATION_ITEM ( )  RATIONAL_B_SPLINE_CURVE ( ( 1.000000000000000000, 0.9999921831199466427, 0.9999921831199466427, 1.000000000000000000 ) ) 
 REPRESENTATION_ITEM ( '' )  );
#7416 = CARTESIAN_POINT ( 'NONE',  ( 2.649999999999999911, 1.225000000000001199, -2.959999999999999964 ) ) ;
#7417 = CARTESIAN_POINT ( 'NONE',  ( -3.364923542069633289, 0.3209860491535506677, -0.4200000000000002620 ) ) ;
#7418 = AXIS2_PLACEMENT_3D ( 'NONE', #5389, #7943, #7305 ) ;
#7419 = CARTESIAN_POINT ( 'NONE',  ( 2.783586933657053564, 1.225000000000001199, -2.959999999999999964 ) ) ;
#7420 =( GEOMETRIC_REPRESENTATION_CONTEXT ( 3 ) GLOBAL_UNCERTAINTY_ASSIGNED_CONTEXT ( ( #1709 ) ) GLOBAL_UNIT_ASSIGNED_CONTEXT ( ( #8038, #6861, #2156 ) ) REPRESENTATION_CONTEXT ( 'NONE', 'WORKASPACE' ) );
#7421 = DIRECTION ( 'NONE',  ( -0.08715574274765838791, -0.9961946980917455452, 0.000000000000000000 ) ) ;
#7422 = CARTESIAN_POINT ( 'NONE',  ( 3.244888873943359897, 0.2888228567653777779, -2.959999999999999964 ) ) ;
#7423 = DIRECTION ( 'NONE',  ( -1.000000000000000000, 0.000000000000000000, 0.000000000000000000 ) ) ;
#7424 = CARTESIAN_POINT ( 'NONE',  ( 3.364923542069633289, 0.3209860491535506677, -1.690000000000000169 ) ) ;
#7425 = EDGE_LOOP ( 'NONE', ( #4077, #2900, #6884, #4277 ) ) ;
#7426 = CIRCLE ( 'NONE', #7208, 0.1499999999999999667 ) ;
#7427 = EDGE_LOOP ( 'NONE', ( #7613, #4874, #4910, #1957 ) ) ;
#7428 = VERTEX_POINT ( 'NONE', #4865 ) ;
#7429 = DIRECTION ( 'NONE',  ( -0.000000000000000000, 0.000000000000000000, -1.000000000000000000 ) ) ;
#7430 = DIRECTION ( 'NONE',  ( 1.000000000000000000, 0.000000000000000000, 0.000000000000000000 ) ) ;
#7431 = STYLED_ITEM ( 'NONE', ( #7039 ), #6175 ) ;
#7432 = LINE ( 'NONE', #6484, #1548 ) ;
#7433 = CARTESIAN_POINT ( 'NONE',  ( 2.500968516274151732, 1.074983313969896770, -5.099997654931397228 ) ) ;
#7434 = EDGE_CURVE ( 'NONE', #5099, #1334, #94, .T. ) ;
#7435 = CARTESIAN_POINT ( 'NONE',  ( 2.410687842433212325, 0.4500000000000008993, 4.860687842433215167 ) ) ;
#7436 = ORIENTED_EDGE ( 'NONE', *, *, #7046, .F. ) ;
#7437 = EDGE_CURVE ( 'NONE', #3746, #4909, #2660, .T. ) ;
#7438 = ORIENTED_EDGE ( 'NONE', *, *, #5885, .F. ) ;
#7439 = DIRECTION ( 'NONE',  ( -0.9961946980917455452, -0.08715574274765831853, 0.000000000000000000 ) ) ;
#7440 = ORIENTED_EDGE ( 'NONE', *, *, #6962, .F. ) ;
#7441 = DIRECTION ( 'NONE',  ( 0.000000000000000000, 0.000000000000000000, 1.000000000000000000 ) ) ;
#7442 = ORIENTED_EDGE ( 'NONE', *, *, #6416, .T. ) ;
#7443 = ADVANCED_FACE ( 'NONE', ( #8194 ), #1488, .F. ) ;
#7444 = DIRECTION ( 'NONE',  ( -0.1378445374916288935, -0.9808148484639890308, 0.1378445374916289490 ) ) ;
#7445 = LINE ( 'NONE', #564, #1573 ) ;
#7446 = CARTESIAN_POINT ( 'NONE',  ( 3.341019420808970963, 0.04776069289263019935, -2.959999999999999964 ) ) ;
#7447 = AXIS2_PLACEMENT_3D ( 'NONE', #2623, #3917, #2745 ) ;
#7448 = VERTEX_POINT ( 'NONE', #7973 ) ;
#7449 = VECTOR ( 'NONE', #4010, 1000.000000000000000 ) ;
#7450 = VERTEX_POINT ( 'NONE', #3263 ) ;
#7451 = ORIENTED_EDGE ( 'NONE', *, *, #7879, .F. ) ;
#7452 = CARTESIAN_POINT ( 'NONE',  ( -2.903621601783326067, 0.9828941596536137082, 0.8500000000000000888 ) ) ;
#7453 = EDGE_CURVE ( 'NONE', #4689, #5282, #5718, .T. ) ;
#7454 = DIRECTION ( 'NONE',  ( -0.000000000000000000, -0.000000000000000000, -1.000000000000000000 ) ) ;
#7455 = FILL_AREA_STYLE_COLOUR ( '', #2322 ) ;
#7456 = DIRECTION ( 'NONE',  ( -0.000000000000000000, -0.000000000000000000, -1.000000000000000000 ) ) ;
#7457 = CIRCLE ( 'NONE', #5114, 0.1242690327345600532 ) ;
#7458 = ORIENTED_EDGE ( 'NONE', *, *, #8268, .T. ) ;
#7459 = VECTOR ( 'NONE', #4176, 1000.000000000000000 ) ;
#7460 = CARTESIAN_POINT ( 'NONE',  ( 2.783586933657053564, 0.9507309672654410404, -0.8500000000000000888 ) ) ;
#7461 = ORIENTED_EDGE ( 'NONE', *, *, #5740, .F. ) ;
#7462 = ORIENTED_EDGE ( 'NONE', *, *, #762, .F. ) ;
#7463 = EDGE_LOOP ( 'NONE', ( #2661, #4280, #4448, #5189 ) ) ;
#7464 = EDGE_CURVE ( 'NONE', #6342, #7936, #2881, .T. ) ;
#7465 = CARTESIAN_POINT ( 'NONE',  ( 2.649999999999999911, 1.075000000000001288, 3.389999999999999680 ) ) ;
#7466 = CARTESIAN_POINT ( 'NONE',  ( 3.341019420808970963, 0.04776069289263019935, -1.690000000000000169 ) ) ;
#7467 = DIRECTION ( 'NONE',  ( -0.2588190451025219607, -0.9659258262890678681, 0.000000000000000000 ) ) ;
#7468 = DIRECTION ( 'NONE',  ( 0.1378445374916289490, 0.9808148484639891418, 0.1378445374916288935 ) ) ;
#7469 = DIRECTION ( 'NONE',  ( 0.000000000000000000, -0.000000000000000000, -1.000000000000000000 ) ) ;
#7470 = FACE_OUTER_BOUND ( 'NONE', #4049, .T. ) ;
#7471 = CARTESIAN_POINT ( 'NONE',  ( 2.783586933657053564, 0.9507309672654410404, -2.959999999999999964 ) ) ;
#7472 = AXIS2_PLACEMENT_3D ( 'NONE', #7416, #5239, #2853 ) ;
#7473 = ORIENTED_EDGE ( 'NONE', *, *, #6991, .F. ) ;
#7474 = FACE_OUTER_BOUND ( 'NONE', #6292, .T. ) ;
#7475 = CARTESIAN_POINT ( 'NONE',  ( -2.501452754537962786, 1.225050057699017536, -5.099992964849191956 ) ) ;
#7476 = VERTEX_POINT ( 'NONE', #2699 ) ;
#7477 = ORIENTED_EDGE ( 'NONE', *, *, #5235, .F. ) ;
#7478 = ORIENTED_EDGE ( 'NONE', *, *, #4828, .T. ) ;
#7479 = PLANE ( 'NONE',  #2094 ) ;
#7480 = DIRECTION ( 'NONE',  ( 0.000000000000000000, -0.1391731009600658264, -0.9902680687415703620 ) ) ;
#7481 = EDGE_CURVE ( 'NONE', #1368, #6077, #8318, .T. ) ;
#7482 = CARTESIAN_POINT ( 'NONE',  ( -2.410687842433213657, 0.4500000000000009548, -4.860687842433208061 ) ) ;
#7483 = LINE ( 'NONE', #6043, #1809 ) ;
#7484 = AXIS2_PLACEMENT_3D ( 'NONE', #4109, #4647, #4706 ) ;
#7485 = CARTESIAN_POINT ( 'NONE',  ( -2.783586933657053564, 1.075000000000001066, -2.120000000000000107 ) ) ;
#7486 = ORIENTED_EDGE ( 'NONE', *, *, #8202, .T. ) ;
#7487 = VECTOR ( 'NONE', #5902, 1000.000000000000000 ) ;
#7488 = DIRECTION ( 'NONE',  ( -0.000000000000000000, -0.000000000000000000, -1.000000000000000000 ) ) ;
#7489 = CIRCLE ( 'NONE', #3394, 0.1242690327345600532 ) ;
#7490 = ORIENTED_EDGE ( 'NONE', *, *, #5136, .T. ) ;
#7491 = DIRECTION ( 'NONE',  ( 2.891205793294679017E-15, 0.000000000000000000, -1.000000000000000000 ) ) ;
#7492 = EDGE_LOOP ( 'NONE', ( #2735, #7345, #4755, #4943 ) ) ;
#7493 = DIRECTION ( 'NONE',  ( 1.000000000000000000, 0.000000000000000000, -0.000000000000000000 ) ) ;
#7494 = EDGE_CURVE ( 'NONE', #6337, #827, #8207, .T. ) ;
#7495 = ORIENTED_EDGE ( 'NONE', *, *, #8131, .F. ) ;
#7496 = DIRECTION ( 'NONE',  ( 0.000000000000000000, -0.000000000000000000, -1.000000000000000000 ) ) ;
#7497 = PLANE ( 'NONE',  #702 ) ;
#7498 = EDGE_CURVE ( 'NONE', #7168, #6068, #207, .T. ) ;
#7499 = VECTOR ( 'NONE', #2607, 1000.000000000000227 ) ;
#7500 = CARTESIAN_POINT ( 'NONE',  ( 2.649992964849197108, 1.074949942300985395, 4.951452754537966960 ) ) ;
#7501 = AXIS2_PLACEMENT_3D ( 'NONE', #2454, #384, #3099 ) ;
#7502 = ORIENTED_EDGE ( 'NONE', *, *, #8043, .T. ) ;
#7503 = AXIS2_PLACEMENT_3D ( 'NONE', #4948, #4851, #5465 ) ;
#7504 = VERTEX_POINT ( 'NONE', #3991 ) ;
#7505 = ORIENTED_EDGE ( 'NONE', *, *, #6116, .T. ) ;
#7506 = ORIENTED_EDGE ( 'NONE', *, *, #6410, .F. ) ;
#7507 = CARTESIAN_POINT ( 'NONE',  ( -2.649999999999999911, 1.225000000000001199, -2.959999999999999964 ) ) ;
#7508 = DIRECTION ( 'NONE',  ( 0.000000000000000000, -0.000000000000000000, -1.000000000000000000 ) ) ;
#7509 = LINE ( 'NONE', #3900, #7621 ) ;
#7510 = EDGE_CURVE ( 'NONE', #2666, #4895, #264, .T. ) ;
#7511 = ORIENTED_EDGE ( 'NONE', *, *, #4861, .T. ) ;
#7512 = LINE ( 'NONE', #806, #4906 ) ;
#7513 = CYLINDRICAL_SURFACE ( 'NONE', #3254, 0.1242690327345600532 ) ;
#7514 = DIRECTION ( 'NONE',  ( -0.000000000000000000, -0.000000000000000000, -1.000000000000000000 ) ) ;
#7515 = ORIENTED_EDGE ( 'NONE', *, *, #1881, .F. ) ;
#7516 = PLANE ( 'NONE',  #1678 ) ;
#7517 = ORIENTED_EDGE ( 'NONE', *, *, #5993, .F. ) ;
#7518 = EDGE_LOOP ( 'NONE', ( #2391, #3878, #4239, #7143 ) ) ;
#7519 = EDGE_CURVE ( 'NONE', #742, #316, #456, .T. ) ;
#7520 = DIRECTION ( 'NONE',  ( -0.000000000000000000, -0.000000000000000000, -1.000000000000000000 ) ) ;
#7521 = ADVANCED_FACE ( 'NONE', ( #5992 ), #251, .T. ) ;
#7522 = CARTESIAN_POINT ( 'NONE',  ( -2.903621601783326067, 0.9828941596536137082, 4.230000000000000426 ) ) ;
#7523 = DIRECTION ( 'NONE',  ( 0.2588190451025219607, -0.9659258262890678681, 0.000000000000000000 ) ) ;
#7524 = CARTESIAN_POINT ( 'NONE',  ( 2.783586933657053564, 1.225000000000001199, -0.4200000000000002620 ) ) ;
#7525 = FACE_OUTER_BOUND ( 'NONE', #3734, .T. ) ;
#7526 = CARTESIAN_POINT ( 'NONE',  ( 7.954669160060334739E-16, 0.4500000000000009548, 4.860687842433215167 ) ) ;
#7527 = CARTESIAN_POINT ( 'NONE',  ( 3.244888873943359897, 0.2888228567653777779, 4.660000000000000142 ) ) ;
#7528 = VERTEX_POINT ( 'NONE', #6633 ) ;
#7529 = CYLINDRICAL_SURFACE ( 'NONE', #7484, 0.2999999999999999334 ) ;
#7530 = CARTESIAN_POINT ( 'NONE',  ( -2.649992964849198440, 1.225050057699017314, -4.951452754537956302 ) ) ;
#7531 = EDGE_LOOP ( 'NONE', ( #4486, #2078, #956, #1082, #4727, #6646 ) ) ;
#7532 = ORIENTED_EDGE ( 'NONE', *, *, #4750, .T. ) ;
#7533 = PLANE ( 'NONE',  #5338 ) ;
#7534 = CARTESIAN_POINT ( 'NONE',  ( 3.364923542069633289, 0.3209860491535506677, -1.690000000000000169 ) ) ;
#7535 = EDGE_CURVE ( 'NONE', #6077, #7738, #281, .T. ) ;
#7536 = LINE ( 'NONE', #1408, #4760 ) ;
#7537 = DIRECTION ( 'NONE',  ( -1.000000000000000000, 0.000000000000000000, 0.000000000000000000 ) ) ;
#7538 = ORIENTED_EDGE ( 'NONE', *, *, #5060, .F. ) ;
#7539 = VECTOR ( 'NONE', #4050, 1000.000000000000227 ) ;
#7540 = CARTESIAN_POINT ( 'NONE',  ( -2.649999999999999911, 1.225000000000001199, -2.120000000000000107 ) ) ;
#7541 = FACE_OUTER_BOUND ( 'NONE', #591, .T. ) ;
#7542 = CARTESIAN_POINT ( 'NONE',  ( 3.364923542069633289, 0.3209860491535506677, 4.230000000000000426 ) ) ;
#7543 = VERTEX_POINT ( 'NONE', #2099 ) ;
#7544 = DIRECTION ( 'NONE',  ( 0.1378445374916287269, -0.9808148484639890308, 0.1378445374916293376 ) ) ;
#7545 = ORIENTED_EDGE ( 'NONE', *, *, #5784, .F. ) ;
#7546 = CARTESIAN_POINT ( 'NONE',  ( -2.587973030627472859, 1.068987327977420243, 5.099154974055158718 ) ) ;
#7547 = VERTEX_POINT ( 'NONE', #3410 ) ;
#7548 = AXIS2_PLACEMENT_3D ( 'NONE', #2358, #6538, #8294 ) ;
#7549 = CARTESIAN_POINT ( 'NONE',  ( -2.649999999999999911, 1.225000000000001199, 0.8500000000000000888 ) ) ;
#7550 = DIRECTION ( 'NONE',  ( 1.000000000000000000, -3.111476739543301837E-33, -1.636531581110195656E-16 ) ) ;
#7551 = EDGE_CURVE ( 'NONE', #6014, #2249, #5788, .T. ) ;
#7552 = LINE ( 'NONE', #5118, #2024 ) ;
#7553 = CARTESIAN_POINT ( 'NONE',  ( -2.649999999999999911, 1.225000000000001199, 2.120000000000000551 ) ) ;
#7554 = ORIENTED_EDGE ( 'NONE', *, *, #4959, .F. ) ;
#7555 = LINE ( 'NONE', #2588, #7580 ) ;
#7556 = CLOSED_SHELL ( 'NONE', ( #4741, #6621, #5190, #5105 ) ) ;
#7557 = ORIENTED_EDGE ( 'NONE', *, *, #2272, .T. ) ;
#7558 = DIRECTION ( 'NONE',  ( -1.000000000000000000, 0.000000000000000000, 0.000000000000000000 ) ) ;
#7559 = CARTESIAN_POINT ( 'NONE',  ( -2.410687842433213213, 1.850000000000000977, 3.074909407000568821E-16 ) ) ;
#7560 = DIRECTION ( 'NONE',  ( 0.9961946980917455452, -0.08715574274765840179, 0.000000000000000000 ) ) ;
#7561 = DIRECTION ( 'NONE',  ( 0.2588190451025220717, 0.9659258262890678681, -0.000000000000000000 ) ) ;
#7562 = EDGE_CURVE ( 'NONE', #924, #4701, #348, .T. ) ;
#7563 = FACE_OUTER_BOUND ( 'NONE', #3758, .T. ) ;
#7564 = EDGE_CURVE ( 'NONE', #6724, #6404, #3052, .T. ) ;
#7565 = ORIENTED_EDGE ( 'NONE', *, *, #7109, .F. ) ;
#7566 = FACE_OUTER_BOUND ( 'NONE', #7151, .T. ) ;
#7567 = LINE ( 'NONE', #226, #1918 ) ;
#7568 = ORIENTED_EDGE ( 'NONE', *, *, #745, .F. ) ;
#7569 = UNCERTAINTY_MEASURE_WITH_UNIT (LENGTH_MEASURE( 1.000000000000000082E-05 ), #5304, 'distance_accuracy_value', 'NONE');
#7570 = CARTESIAN_POINT ( 'NONE',  ( -3.886926638587850924, 4.743384504624081899E-16, -1.690000000000000169 ) ) ;
#7571 = ORIENTED_EDGE ( 'NONE', *, *, #6686, .T. ) ;
#7572 = ORIENTED_EDGE ( 'NONE', *, *, #4761, .F. ) ;
#7573 = ADVANCED_FACE ( 'NONE', ( #3184 ), #6911, .F. ) ;
#7574 = CARTESIAN_POINT ( 'NONE',  ( 2.649992964849194887, 1.074949942300984729, -4.951452754537957190 ) ) ;
#7575 = DIRECTION ( 'NONE',  ( -1.000000000000000000, -3.111476739543301837E-33, 1.636531581110195409E-16 ) ) ;
#7576 = DIRECTION ( 'NONE',  ( -1.000000000000000000, 0.000000000000000000, 0.000000000000000000 ) ) ;
#7577 = PRESENTATION_STYLE_ASSIGNMENT (( #1298 ) ) ;
#7578 = DIRECTION ( 'NONE',  ( -1.000000000000000000, 0.000000000000000000, 5.782411586589358033E-15 ) ) ;
#7579 = ORIENTED_EDGE ( 'NONE', *, *, #7605, .F. ) ;
#7580 = VECTOR ( 'NONE', #6078, 1000.000000000000000 ) ;
#7581 = VECTOR ( 'NONE', #6653, 1000.000000000000000 ) ;
#7582 = EDGE_CURVE ( 'NONE', #7591, #424, #4046, .T. ) ;
#7583 = EDGE_LOOP ( 'NONE', ( #7579, #4700, #5544, #4724 ) ) ;
#7584 = EDGE_LOOP ( 'NONE', ( #584, #6162, #2678, #634 ) ) ;
#7585 = ORIENTED_EDGE ( 'NONE', *, *, #3125, .F. ) ;
#7586 = CARTESIAN_POINT ( 'NONE',  ( -3.886926638587850924, 4.743384504624081899E-16, 4.230000000000000426 ) ) ;
#7587 = CARTESIAN_POINT ( 'NONE',  ( -2.783586933657053564, 1.225000000000001199, 0.8500000000000000888 ) ) ;
#7588 = CARTESIAN_POINT ( 'NONE',  ( 3.354092782221119506, 0.1971898976063921616, -2.959999999999999964 ) ) ;
#7589 = VECTOR ( 'NONE', #7086, 1000.000000000000227 ) ;
#7590 =( GEOMETRIC_REPRESENTATION_CONTEXT ( 3 ) GLOBAL_UNCERTAINTY_ASSIGNED_CONTEXT ( ( #7826 ) ) GLOBAL_UNIT_ASSIGNED_CONTEXT ( ( #3860, #5710, #4516 ) ) REPRESENTATION_CONTEXT ( 'NONE', 'WORKASPACE' ) );
#7591 = VERTEX_POINT ( 'NONE', #3040 ) ;
#7592 = CARTESIAN_POINT ( 'NONE',  ( 2.783586933657053564, 0.9507309672654410404, -3.389999999999999680 ) ) ;
#7593 = CYLINDRICAL_SURFACE ( 'NONE', #4155, 0.1242690327345600532 ) ;
#7594 = SURFACE_SIDE_STYLE ('',( #1827 ) ) ;
#7595 = ORIENTED_EDGE ( 'NONE', *, *, #2336, .F. ) ;
#7596 = CARTESIAN_POINT ( 'NONE',  ( 2.649999999999999911, 1.075000000000001288, 4.660000000000000142 ) ) ;
#7597 = ORIENTED_EDGE ( 'NONE', *, *, #6009, .T. ) ;
#7598 = DIRECTION ( 'NONE',  ( -0.000000000000000000, -0.000000000000000000, -1.000000000000000000 ) ) ;
#7599 = VERTEX_POINT ( 'NONE', #8236 ) ;
#7600 = EDGE_CURVE ( 'NONE', #741, #3692, #3007, .T. ) ;
#7601 = ADVANCED_FACE ( 'NONE', ( #5819 ), #366, .F. ) ;
#7602 = DIRECTION ( 'NONE',  ( -0.000000000000000000, -0.000000000000000000, -1.000000000000000000 ) ) ;
#7603 = AXIS2_PLACEMENT_3D ( 'NONE', #7248, #7138, #2505 ) ;
#7604 = CARTESIAN_POINT ( 'NONE',  ( -3.354092782221119506, 0.1971898976063921616, -4.230000000000000426 ) ) ;
#7605 = EDGE_CURVE ( 'NONE', #4816, #1937, #2933, .T. ) ;
#7606 = AXIS2_PLACEMENT_3D ( 'NONE', #4286, #1143, #1760 ) ;
#7607 = VECTOR ( 'NONE', #6445, 1000.000000000000227 ) ;
#7608 = PLANE ( 'NONE',  #5298 ) ;
#7609 = EDGE_CURVE ( 'NONE', #3123, #8115, #5907, .T. ) ;
#7610 = ORIENTED_EDGE ( 'NONE', *, *, #6624, .T. ) ;
#7611 = LINE ( 'NONE', #536, #7633 ) ;
#7612 = EDGE_LOOP ( 'NONE', ( #794, #3560, #1762, #4598 ) ) ;
#7613 = ORIENTED_EDGE ( 'NONE', *, *, #2209, .T. ) ;
#7614 = DIRECTION ( 'NONE',  ( 0.000000000000000000, -0.000000000000000000, -1.000000000000000000 ) ) ;
#7615 = DIRECTION ( 'NONE',  ( -0.1378445374916288935, 0.9808148484639891418, 0.1378445374916289490 ) ) ;
#7616 =( NAMED_UNIT ( * ) PLANE_ANGLE_UNIT ( ) SI_UNIT ( $, .RADIAN. ) );
#7617 = EDGE_CURVE ( 'NONE', #6340, #3562, #3078, .T. ) ;
#7618 = ADVANCED_FACE ( 'NONE', ( #5877 ), #5744, .F. ) ;
#7619 = AXIS2_PLACEMENT_3D ( 'NONE', #282, #5486, #7558 ) ;
#7620 = DIRECTION ( 'NONE',  ( 0.000000000000000000, 1.000000000000000000, 0.000000000000000000 ) ) ;
#7621 = VECTOR ( 'NONE', #7598, 1000.000000000000000 ) ;
#7622 = EDGE_CURVE ( 'NONE', #2540, #3206, #3068, .T. ) ;
#7623 = EDGE_LOOP ( 'NONE', ( #2720, #8262, #4781, #1975 ) ) ;
#7624 = LINE ( 'NONE', #7884, #4683 ) ;
#7625 = ORIENTED_EDGE ( 'NONE', *, *, #6052, .T. ) ;
#7626 = ORIENTED_EDGE ( 'NONE', *, *, #17, .F. ) ;
#7627 = DIRECTION ( 'NONE',  ( -0.000000000000000000, -0.000000000000000000, -1.000000000000000000 ) ) ;
#7628 = CARTESIAN_POINT ( 'NONE',  ( -3.341019420808970963, 0.04776069289263030343, -4.230000000000000426 ) ) ;
#7629 = CARTESIAN_POINT ( 'NONE',  ( 3.048510475726686764, 1.021717016418992152, -0.4200000000000002620 ) ) ;
#7630 = CARTESIAN_POINT ( 'NONE',  ( 2.649999999999999911, 1.225000000000001199, -2.120000000000000107 ) ) ;
#7631 = CARTESIAN_POINT ( 'NONE',  ( -3.364923542069633289, 0.3209860491535506677, 1.690000000000000613 ) ) ;
#7632 = ORIENTED_EDGE ( 'NONE', *, *, #2126, .T. ) ;
#7633 = VECTOR ( 'NONE', #1220, 1000.000000000000000 ) ;
#7634 = AXIS2_PLACEMENT_3D ( 'NONE', #6190, #4150, #299 ) ;
#7635 = LINE ( 'NONE', #2924, #1940 ) ;
#7636 = VERTEX_POINT ( 'NONE', #6281 ) ;
#7637 = ORIENTED_EDGE ( 'NONE', *, *, #4886, .F. ) ;
#7638 = ORIENTED_EDGE ( 'NONE', *, *, #3876, .F. ) ;
#7639 = EDGE_CURVE ( 'NONE', #7591, #6091, #2342, .T. ) ;
#7640 = CARTESIAN_POINT ( 'NONE',  ( 2.783586933657053564, 0.9507309672654410404, 2.959999999999999964 ) ) ;
#7641 = CARTESIAN_POINT ( 'NONE',  ( 2.903621601783326067, 0.9828941596536137082, -4.230000000000000426 ) ) ;
#7642 = CIRCLE ( 'NONE', #6085, 0.2742690327345604362 ) ;
#7643 = ORIENTED_EDGE ( 'NONE', *, *, #4975, .F. ) ;
#7644 = AXIS2_PLACEMENT_3D ( 'NONE', #5808, #7789, #5691 ) ;
#7645 = LINE ( 'NONE', #4929, #7727 ) ;
#7646 = DIRECTION ( 'NONE',  ( -1.000000000000000000, 1.623215898148971142E-15, 0.000000000000000000 ) ) ;
#7647 = ORIENTED_EDGE ( 'NONE', *, *, #6719, .T. ) ;
#7648 = CARTESIAN_POINT ( 'NONE',  ( -2.783586933657053564, 1.075000000000001066, 3.389999999999999680 ) ) ;
#7649 = CARTESIAN_POINT ( 'NONE',  ( 2.649999999999999911, 1.225000000000001199, -2.959999999999999964 ) ) ;
#7650 = ORIENTED_EDGE ( 'NONE', *, *, #3498, .T. ) ;
#7651 = FILL_AREA_STYLE ('',( #1860 ) ) ;
#7652 = EDGE_CURVE ( 'NONE', #6274, #1353, #392, .T. ) ;
#7653 = CARTESIAN_POINT ( 'NONE',  ( -2.783586933657053564, 1.075000000000001066, 2.120000000000000551 ) ) ;
#7654 = DIRECTION ( 'NONE',  ( 1.000000000000000000, 0.000000000000000000, 0.000000000000000000 ) ) ;
#7655 = CARTESIAN_POINT ( 'NONE',  ( 3.899999999999999467, 0.1494292047137622814, -4.230000000000000426 ) ) ;
#7656 = PLANE ( 'NONE',  #6896 ) ;
#7657 = ORIENTED_EDGE ( 'NONE', *, *, #4621, .T. ) ;
#7658 = LINE ( 'NONE', #3675, #4893 ) ;
#7659 = ORIENTED_EDGE ( 'NONE', *, *, #454, .F. ) ;
#7660 = ORIENTED_EDGE ( 'NONE', *, *, #5613, .F. ) ;
#7661 = CARTESIAN_POINT ( 'NONE',  ( 3.364923542069633289, 0.3209860491535506677, -4.230000000000000426 ) ) ;
#7662 =( BOUNDED_CURVE ( )  B_SPLINE_CURVE ( 3, ( #999, #5033, #6817, #515 ),
 .UNSPECIFIED., .F., .F. ) 
 B_SPLINE_CURVE_WITH_KNOTS ( ( 4, 4 ),
 ( 5.507472325450624595, 7.058898288908565632 ),
 .UNSPECIFIED. ) 
 CURVE ( )  GEOMETRIC_REPRESENTATION_ITEM ( )  RATIONAL_B_SPLINE_CURVE ( ( 1.000000000000000000, 0.8092813118237138781, 0.8092813118237138781, 1.000000000000000000 ) ) 
 REPRESENTATION_ITEM ( '' )  );
#7663 = CARTESIAN_POINT ( 'NONE',  ( -2.783586933657053564, 0.9507309672654410404, 2.120000000000000551 ) ) ;
#7664 = CARTESIAN_POINT ( 'NONE',  ( 2.587973030627473747, 1.231012672022577803, 5.099154974055158718 ) ) ;
#7665 = DIRECTION ( 'NONE',  ( 0.000000000000000000, 1.000000000000000000, 0.000000000000000000 ) ) ;
#7666 = LINE ( 'NONE', #3958, #1885 ) ;
#7667 = EDGE_LOOP ( 'NONE', ( #5229, #4390, #6766, #2477 ) ) ;
#7668 = FACE_OUTER_BOUND ( 'NONE', #7750, .T. ) ;
#7669 = FACE_OUTER_BOUND ( 'NONE', #7076, .T. ) ;
#7670 = ORIENTED_EDGE ( 'NONE', *, *, #914, .T. ) ;
#7671 = DIRECTION ( 'NONE',  ( -0.000000000000000000, -0.000000000000000000, -1.000000000000000000 ) ) ;
#7672 = VERTEX_POINT ( 'NONE', #8288 ) ;
#7673 = AXIS2_PLACEMENT_3D ( 'NONE', #5735, #3031, #5622 ) ;
#7674 = DIRECTION ( 'NONE',  ( 1.275531967630005245E-16, -0.000000000000000000, 1.000000000000000000 ) ) ;
#7675 = CARTESIAN_POINT ( 'NONE',  ( 3.364923542069633289, 0.3209860491535506677, -0.4200000000000002620 ) ) ;
#7676 = EDGE_CURVE ( 'NONE', #7729, #3368, #3152, .T. ) ;
#7677 = DIRECTION ( 'NONE',  ( 0.08715574274765838791, -0.9961946980917455452, 0.000000000000000000 ) ) ;
#7678 = LINE ( 'NONE', #7939, #4720 ) ;
#7679 = CARTESIAN_POINT ( 'NONE',  ( -2.649999999999999911, 1.225000000000001199, 4.950000000000004619 ) ) ;
#7680 = CARTESIAN_POINT ( 'NONE',  ( -3.341019420808970963, 0.04776069289263030343, 0.8500000000000000888 ) ) ;
#7681 = EDGE_LOOP ( 'NONE', ( #5818, #189, #941, #8233 ) ) ;
#7682 = VECTOR ( 'NONE', #2150, 1000.000000000000227 ) ;
#7683 = ADVANCED_FACE ( 'NONE', ( #3122 ), #2248, .F. ) ;
#7684 = AXIS2_PLACEMENT_3D ( 'NONE', #8003, #6768, #7411 ) ;
#7685 = ORIENTED_EDGE ( 'NONE', *, *, #6222, .F. ) ;
#7686 = ORIENTED_EDGE ( 'NONE', *, *, #6261, .T. ) ;
#7687 = CARTESIAN_POINT ( 'NONE',  ( -3.354092782221119506, 0.1971898976063921616, -4.230000000000000426 ) ) ;
#7688 = CARTESIAN_POINT ( 'NONE',  ( -3.886926638587850924, 4.743384504624081899E-16, -4.230000000000000426 ) ) ;
#7689 = LINE ( 'NONE', #5067, #7589 ) ;
#7690 = EDGE_CURVE ( 'NONE', #5034, #792, #3093, .T. ) ;
#7691 = ORIENTED_EDGE ( 'NONE', *, *, #3971, .T. ) ;
#7692 = FACE_OUTER_BOUND ( 'NONE', #553, .T. ) ;
#7693 = FACE_OUTER_BOUND ( 'NONE', #4185, .T. ) ;
#7694 = PLANE ( 'NONE',  #1689 ) ;
#7695 = DIRECTION ( 'NONE',  ( -1.000000000000000000, 1.623215898148971142E-15, 0.000000000000000000 ) ) ;
#7696 = ORIENTED_EDGE ( 'NONE', *, *, #2562, .F. ) ;
#7697 = DIRECTION ( 'NONE',  ( -0.000000000000000000, -0.000000000000000000, -1.000000000000000000 ) ) ;
#7698 = ORIENTED_EDGE ( 'NONE', *, *, #6368, .T. ) ;
#7699 = DIRECTION ( 'NONE',  ( 0.000000000000000000, 0.000000000000000000, 1.000000000000000000 ) ) ;
#7700 = AXIS2_PLACEMENT_3D ( 'NONE', #492, #2926, #2403 ) ;
#7701 = EDGE_CURVE ( 'NONE', #650, #1538, #6007, .T. ) ;
#7702 = CARTESIAN_POINT ( 'NONE',  ( 2.499999999999997780, 1.225000000000001199, -5.099999999999996092 ) ) ;
#7703 = DIRECTION ( 'NONE',  ( -0.2588190451025220717, 0.9659258262890678681, 0.000000000000000000 ) ) ;
#7704 = VERTEX_POINT ( 'NONE', #2982 ) ;
#7705 = FACE_OUTER_BOUND ( 'NONE', #2647, .T. ) ;
#7706 = ORIENTED_EDGE ( 'NONE', *, *, #1944, .T. ) ;
#7707 = ORIENTED_EDGE ( 'NONE', *, *, #7328, .T. ) ;
#7708 =( NAMED_UNIT ( * ) PLANE_ANGLE_UNIT ( ) SI_UNIT ( $, .RADIAN. ) );
#7709 = DIRECTION ( 'NONE',  ( -0.000000000000000000, -0.000000000000000000, -1.000000000000000000 ) ) ;
#7710 = ADVANCED_FACE ( 'NONE', ( #6083 ), #1958, .F. ) ;
#7711 = CARTESIAN_POINT ( 'NONE',  ( 3.364923542069633289, 0.3209860491535506677, 1.690000000000000613 ) ) ;
#7712 = EDGE_CURVE ( 'NONE', #3509, #6966, #425, .T. ) ;
#7713 = CARTESIAN_POINT ( 'NONE',  ( 2.783586933657053564, 0.9507309672654410404, -4.230000000000000426 ) ) ;
#7714 = EDGE_CURVE ( 'NONE', #4461, #5466, #2980, .T. ) ;
#7715 = VECTOR ( 'NONE', #3102, 1000.000000000000000 ) ;
#7716 = VECTOR ( 'NONE', #5262, 1000.000000000000114 ) ;
#7717 = FACE_OUTER_BOUND ( 'NONE', #3192, .T. ) ;
#7718 = ORIENTED_EDGE ( 'NONE', *, *, #1750, .T. ) ;
#7719 = CARTESIAN_POINT ( 'NONE',  ( 2.649999999999999911, 1.075000000000001288, -4.230000000000000426 ) ) ;
#7720 = ORIENTED_EDGE ( 'NONE', *, *, #8013, .F. ) ;
#7721 = CARTESIAN_POINT ( 'NONE',  ( 2.903621601783326067, 0.9828941596536137082, -3.389999999999999680 ) ) ;
#7722 = AXIS2_PLACEMENT_3D ( 'NONE', #5401, #6726, #8011 ) ;
#7723 = DIRECTION ( 'NONE',  ( 0.2588190451025220717, 0.9659258262890678681, -0.000000000000000000 ) ) ;
#7724 = EDGE_CURVE ( 'NONE', #3311, #6238, #381, .T. ) ;
#7725 = CARTESIAN_POINT ( 'NONE',  ( -2.903621601783326067, 0.9828941596536137082, 2.959999999999999964 ) ) ;
#7726 = CARTESIAN_POINT ( 'NONE',  ( 2.649999999999999911, 1.225000000000001199, 3.389999999999999680 ) ) ;
#7727 = VECTOR ( 'NONE', #7454, 1000.000000000000000 ) ;
#7728 = VERTEX_POINT ( 'NONE', #3216 ) ;
#7729 = VERTEX_POINT ( 'NONE', #3156 ) ;
#7730 = DIRECTION ( 'NONE',  ( 0.000000000000000000, 1.000000000000000000, 0.000000000000000000 ) ) ;
#7731 = DIRECTION ( 'NONE',  ( 1.000000000000000000, 0.000000000000000000, 0.000000000000000000 ) ) ;
#7732 = CARTESIAN_POINT ( 'NONE',  ( 2.501452754537959233, 1.225050057699017314, -5.099992964849192845 ) ) ;
#7733 = EDGE_CURVE ( 'NONE', #3692, #6131, #222, .T. ) ;
#7734 = ADVANCED_FACE ( 'NONE', ( #236 ), #1908, .F. ) ;
#7735 = CIRCLE ( 'NONE', #7765, 0.2742690327345599921 ) ;
#7736 = DIRECTION ( 'NONE',  ( 0.000000000000000000, -0.000000000000000000, -1.000000000000000000 ) ) ;
#7737 = CARTESIAN_POINT ( 'NONE',  ( 2.410687842433210548, 1.870875965144010999, -5.009228052744444604 ) ) ;
#7738 = VERTEX_POINT ( 'NONE', #7828 ) ;
#7739 = CARTESIAN_POINT ( 'NONE',  ( 2.649999999999997691, 1.225000000000001199, -5.099999999999996092 ) ) ;
#7740 = CARTESIAN_POINT ( 'NONE',  ( -3.099999999999999645, 0.2499999999999996392, -0.4200000000000002620 ) ) ;
#7741 = EDGE_LOOP ( 'NONE', ( #6738, #7461, #6466, #3575 ) ) ;
#7742 = AXIS2_PLACEMENT_3D ( 'NONE', #7314, #3972, #1423 ) ;
#7743 = DIRECTION ( 'NONE',  ( -1.000000000000000000, 0.000000000000000000, 0.000000000000000000 ) ) ;
#7744 = PLANE ( 'NONE',  #7329 ) ;
#7745 = DIRECTION ( 'NONE',  ( -0.000000000000000000, -0.000000000000000000, -1.000000000000000000 ) ) ;
#7746 = VECTOR ( 'NONE', #8366, 1000.000000000000227 ) ;
#7747 = CARTESIAN_POINT ( 'NONE',  ( -3.341019420808970963, 0.04776069289263030343, -0.4200000000000002620 ) ) ;
#7748 = LINE ( 'NONE', #1153, #2112 ) ;
#7749 = EDGE_CURVE ( 'NONE', #5018, #1897, #3169, .T. ) ;
#7750 = EDGE_LOOP ( 'NONE', ( #5041, #4289, #1194, #4406 ) ) ;
#7751 = ORIENTED_EDGE ( 'NONE', *, *, #2395, .F. ) ;
#7752 = CARTESIAN_POINT ( 'NONE',  ( -2.903621601783326067, 0.9828941596536137082, 2.959999999999999964 ) ) ;
#7753 = DIRECTION ( 'NONE',  ( -0.000000000000000000, -0.000000000000000000, -1.000000000000000000 ) ) ;
#7754 = CARTESIAN_POINT ( 'NONE',  ( -2.649999999999999911, 1.075000000000001288, 2.120000000000000551 ) ) ;
#7755 = MECHANICAL_DESIGN_GEOMETRIC_PRESENTATION_REPRESENTATION (  '', ( #129 ), #1585 ) ;
#7756 = FACE_OUTER_BOUND ( 'NONE', #2580, .T. ) ;
#7757 = VECTOR ( 'NONE', #6655, 1000.000000000000114 ) ;
#7758 = EDGE_CURVE ( 'NONE', #4296, #8183, #6021, .T. ) ;
#7759 = VECTOR ( 'NONE', #2552, 1000.000000000000227 ) ;
#7760 = ORIENTED_EDGE ( 'NONE', *, *, #4112, .F. ) ;
#7761 = DIRECTION ( 'NONE',  ( 1.000000000000000000, 0.000000000000000000, 0.000000000000000000 ) ) ;
#7762 = EDGE_LOOP ( 'NONE', ( #5962, #2989, #4681, #7838, #5988, #7927, #3072, #4880, #399, #2176, #7850, #2787 ) ) ;
#7763 = AXIS2_PLACEMENT_3D ( 'NONE', #7285, #7815, #2001 ) ;
#7764 = EDGE_CURVE ( 'NONE', #5449, #5973, #413, .T. ) ;
#7765 = AXIS2_PLACEMENT_3D ( 'NONE', #7663, #6377, #1823 ) ;
#7766 = CARTESIAN_POINT ( 'NONE',  ( -3.341019420808970963, 0.04776069289263019935, 1.690000000000000613 ) ) ;
#7767 = DIRECTION ( 'NONE',  ( -0.000000000000000000, 0.000000000000000000, 1.000000000000000000 ) ) ;
#7768 = DIRECTION ( 'NONE',  ( 0.000000000000000000, -0.000000000000000000, -1.000000000000000000 ) ) ;
#7769 = VECTOR ( 'NONE', #2120, 1000.000000000000000 ) ;
#7770 = DIRECTION ( 'NONE',  ( -0.000000000000000000, -0.000000000000000000, -1.000000000000000000 ) ) ;
#7771 = CARTESIAN_POINT ( 'NONE',  ( 2.783586933657053564, 0.9507309672654410404, 0.4200000000000002620 ) ) ;
#7772 = FACE_OUTER_BOUND ( 'NONE', #8272, .T. ) ;
#7773 = VECTOR ( 'NONE', #6932, 1000.000000000000114 ) ;
#7774 = EDGE_LOOP ( 'NONE', ( #7951, #2239, #5887, #3205 ) ) ;
#7775 = ORIENTED_EDGE ( 'NONE', *, *, #5756, .F. ) ;
#7776 = DIRECTION ( 'NONE',  ( -1.000000000000000000, 0.000000000000000000, 0.000000000000000000 ) ) ;
#7777 = DIRECTION ( 'NONE',  ( 0.000000000000000000, 0.000000000000000000, 1.000000000000000000 ) ) ;
#7778 = EDGE_CURVE ( 'NONE', #1346, #2489, #6037, .T. ) ;
#7779 = CARTESIAN_POINT ( 'NONE',  ( 2.783586933657053564, 1.225000000000001199, -2.959999999999999964 ) ) ;
#7780 = LINE ( 'NONE', #4691, #4937 ) ;
#7781 = DIRECTION ( 'NONE',  ( -0.000000000000000000, -0.000000000000000000, -1.000000000000000000 ) ) ;
#7782 = CYLINDRICAL_SURFACE ( 'NONE', #4632, 0.2999999999999999334 ) ;
#7783 = CARTESIAN_POINT ( 'NONE',  ( 2.649999999999999911, 1.225000000000001199, 4.950000000000003730 ) ) ;
#7784 = CARTESIAN_POINT ( 'NONE',  ( 2.649999999999999911, 1.075000000000001288, 3.389999999999999680 ) ) ;
#7785 = VERTEX_POINT ( 'NONE', #7190 ) ;
#7786 = DIRECTION ( 'NONE',  ( 0.000000000000000000, 0.000000000000000000, 1.000000000000000000 ) ) ;
#7787 = DIRECTION ( 'NONE',  ( 0.2588190451025219607, -0.9659258262890678681, 0.000000000000000000 ) ) ;
#7788 = ORIENTED_EDGE ( 'NONE', *, *, #30, .T. ) ;
#7789 = DIRECTION ( 'NONE',  ( -0.9961946980917456562, 0.08715574274765761076, 0.000000000000000000 ) ) ;
#7790 = CARTESIAN_POINT ( 'NONE',  ( -3.886926638587850924, 4.743384504624081899E-16, 0.8500000000000000888 ) ) ;
#7791 = DIRECTION ( 'NONE',  ( -0.000000000000000000, -0.000000000000000000, -1.000000000000000000 ) ) ;
#7792 = VECTOR ( 'NONE', #6818, 1000.000000000000227 ) ;
#7793 = DIRECTION ( 'NONE',  ( 1.000000000000000000, 0.000000000000000000, -0.000000000000000000 ) ) ;
#7794 = CIRCLE ( 'NONE', #4770, 0.1499999999999999667 ) ;
#7795 = ADVANCED_FACE ( 'NONE', ( #6053 ), #2115, .F. ) ;
#7796 = LINE ( 'NONE', #2165, #7759 ) ;
#7797 = ORIENTED_EDGE ( 'NONE', *, *, #7676, .F. ) ;
#7798 = ORIENTED_EDGE ( 'NONE', *, *, #1498, .F. ) ;
#7799 = EDGE_CURVE ( 'NONE', #6495, #7035, #443, .T. ) ;
#7800 = DIRECTION ( 'NONE',  ( 0.000000000000000000, 0.9902680687415703620, -0.1391731009600657432 ) ) ;
#7801 =( LENGTH_UNIT ( ) NAMED_UNIT ( * ) SI_UNIT ( .MILLI., .METRE. ) );
#7802 = CARTESIAN_POINT ( 'NONE',  ( -3.341019420808970963, 0.04776069289263030343, 2.120000000000000551 ) ) ;
#7803 = DIRECTION ( 'NONE',  ( -1.000000000000000000, 0.000000000000000000, 1.636531581110195656E-16 ) ) ;
#7804 = LINE ( 'NONE', #3457, #2282 ) ;
#7805 = AXIS2_PLACEMENT_3D ( 'NONE', #4945, #5458, #5510 ) ;
#7806 = CARTESIAN_POINT ( 'NONE',  ( -2.903621601783326067, 0.9828941596536137082, 0.4200000000000002620 ) ) ;
#7807 = EDGE_LOOP ( 'NONE', ( #8273, #5283, #2045, #8022 ) ) ;
#7808 = EDGE_LOOP ( 'NONE', ( #4737, #994, #1329 ) ) ;
#7809 = ORIENTED_EDGE ( 'NONE', *, *, #3269, .F. ) ;
#7810 = EDGE_CURVE ( 'NONE', #8005, #6495, #2950, .T. ) ;
#7811 = DIRECTION ( 'NONE',  ( -0.000000000000000000, -0.000000000000000000, -1.000000000000000000 ) ) ;
#7812 = CARTESIAN_POINT ( 'NONE',  ( 2.649997654931401048, 1.074983313969897214, 4.950968516274159015 ) ) ;
#7813 = CARTESIAN_POINT ( 'NONE',  ( 3.099999999999999645, 0.2499999999999996392, 4.230000000000000426 ) ) ;
#7814 = FACE_OUTER_BOUND ( 'NONE', #1772, .T. ) ;
#7815 = DIRECTION ( 'NONE',  ( 0.000000000000000000, 0.000000000000000000, 1.000000000000000000 ) ) ;
#7816 = DIRECTION ( 'NONE',  ( 0.08715574274765759688, -0.9961946980917455452, 0.000000000000000000 ) ) ;
#7817 = FACE_OUTER_BOUND ( 'NONE', #7667, .T. ) ;
#7818 = VERTEX_POINT ( 'NONE', #7932 ) ;
#7819 = ORIENTED_EDGE ( 'NONE', *, *, #5943, .T. ) ;
#7820 = ORIENTED_EDGE ( 'NONE', *, *, #5528, .F. ) ;
#7822 = ADVANCED_FACE ( 'NONE', ( #2994 ), #4662, .F. ) ;
#7821 = DIRECTION ( 'NONE',  ( -0.000000000000000000, -0.000000000000000000, -1.000000000000000000 ) ) ;
#7823 = DIRECTION ( 'NONE',  ( 0.000000000000000000, 0.000000000000000000, 1.000000000000000000 ) ) ;
#7824 = EDGE_CURVE ( 'NONE', #550, #4125, #6306, .T. ) ;
#7825 = DIRECTION ( 'NONE',  ( 0.000000000000000000, -0.000000000000000000, -1.000000000000000000 ) ) ;
#7826 = UNCERTAINTY_MEASURE_WITH_UNIT (LENGTH_MEASURE( 1.000000000000000082E-05 ), #3860, 'distance_accuracy_value', 'NONE');
#7827 = CIRCLE ( 'NONE', #2206, 0.2742690327345599921 ) ;
#7828 = CARTESIAN_POINT ( 'NONE',  ( 2.783586933657053564, 1.225000000000001199, 1.690000000000000613 ) ) ;
#7829 = CIRCLE ( 'NONE', #5615, 0.1499999999999999667 ) ;
#7830 = PRESENTATION_LAYER_ASSIGNMENT (  '', '', ( #3594 ) ) ;
#7831 = VECTOR ( 'NONE', #3975, 1000.000000000000000 ) ;
#7832 = DIRECTION ( 'NONE',  ( -0.000000000000000000, -0.000000000000000000, -1.000000000000000000 ) ) ;
#7833 = VERTEX_POINT ( 'NONE', #8396 ) ;
#7834 = DIRECTION ( 'NONE',  ( -5.839238655789050276E-15, 0.000000000000000000, 1.000000000000000000 ) ) ;
#7835 = DIRECTION ( 'NONE',  ( 0.000000000000000000, -0.9902680687415703620, 0.1391731009600657432 ) ) ;
#7836 = ORIENTED_EDGE ( 'NONE', *, *, #5770, .F. ) ;
#7837 = CARTESIAN_POINT ( 'NONE',  ( -2.903621601783326067, 0.9828941596536137082, 3.389999999999999680 ) ) ;
#7838 = ORIENTED_EDGE ( 'NONE', *, *, #782, .T. ) ;
#7839 = DIRECTION ( 'NONE',  ( 0.000000000000000000, -0.000000000000000000, -1.000000000000000000 ) ) ;
#7840 = CARTESIAN_POINT ( 'NONE',  ( -2.500000000000001332, 1.075000000000001288, -5.099999999999995204 ) ) ;
#7841 = EDGE_CURVE ( 'NONE', #1224, #6870, #1839, .T. ) ;
#7842 = SPHERICAL_SURFACE ( 'NONE', #2984, 0.1499999999999999944 ) ;
#7843 = CARTESIAN_POINT ( 'NONE',  ( -2.783586933657053564, 1.075000000000001066, -0.8500000000000000888 ) ) ;
#7844 = LINE ( 'NONE', #7596, #2309 ) ;
#7845 = PRESENTATION_LAYER_ASSIGNMENT (  '', '', ( #920 ) ) ;
#7846 = CIRCLE ( 'NONE', #1249, 0.2742690327345604362 ) ;
#7847 = VERTEX_POINT ( 'NONE', #107 ) ;
#7848 = ORIENTED_EDGE ( 'NONE', *, *, #4543, .T. ) ;
#7849 = CARTESIAN_POINT ( 'NONE',  ( 2.903621601783326067, 0.9828941596536137082, 0.4200000000000002620 ) ) ;
#7850 = ORIENTED_EDGE ( 'NONE', *, *, #5090, .T. ) ;
#7851 = CARTESIAN_POINT ( 'NONE',  ( -3.341019420808970963, 0.04776069289263019935, 4.660000000000000142 ) ) ;
#7852 = CARTESIAN_POINT ( 'NONE',  ( -3.354092782221119506, 0.1971898976063921616, -0.8500000000000000888 ) ) ;
#7853 = DIRECTION ( 'NONE',  ( 1.000000000000000000, 0.000000000000000000, 0.000000000000000000 ) ) ;
#7854 = CARTESIAN_POINT ( 'NONE',  ( 3.886926638587850924, 4.743384504624081899E-16, -4.230000000000000426 ) ) ;
#7855 = PLANE ( 'NONE',  #2843 ) ;
#7856 = AXIS2_PLACEMENT_3D ( 'NONE', #5268, #2773, #280 ) ;
#7857 = FACE_OUTER_BOUND ( 'NONE', #6626, .T. ) ;
#7858 = EDGE_CURVE ( 'NONE', #5787, #5198, #3345, .T. ) ;
#7859 = CIRCLE ( 'NONE', #3155, 0.2999999999999999334 ) ;
#7860 = ADVANCED_FACE ( 'NONE', ( #3366 ), #6814, .F. ) ;
#7861 = AXIS2_PLACEMENT_3D ( 'NONE', #4547, #5804, #8344 ) ;
#7862 = DIRECTION ( 'NONE',  ( -0.2588190451025219607, -0.9659258262890678681, 0.000000000000000000 ) ) ;
#7863 = ORIENTED_EDGE ( 'NONE', *, *, #1211, .T. ) ;
#7864 = VERTEX_POINT ( 'NONE', #2315 ) ;
#7865 = AXIS2_PLACEMENT_3D ( 'NONE', #6539, #6283, #7 ) ;
#7866 = ORIENTED_EDGE ( 'NONE', *, *, #5153, .F. ) ;
#7867 = CARTESIAN_POINT ( 'NONE',  ( 2.783586933657053564, 1.225000000000001199, 2.959999999999999964 ) ) ;
#7868 = DIRECTION ( 'NONE',  ( -0.2588190451025220717, 0.9659258262890678681, 0.000000000000000000 ) ) ;
#7869 = CIRCLE ( 'NONE', #4604, 0.2742690327345599921 ) ;
#7870 = DIRECTION ( 'NONE',  ( -0.08715574274765831853, 0.9961946980917455452, 0.000000000000000000 ) ) ;
#7871 = CARTESIAN_POINT ( 'NONE',  ( 3.886926638587850924, 4.743384504624081899E-16, -0.4200000000000002620 ) ) ;
#7872 = EDGE_CURVE ( 'NONE', #3869, #2090, #3492, .T. ) ;
#7873 = FACE_OUTER_BOUND ( 'NONE', #3022, .T. ) ;
#7874 = ORIENTED_EDGE ( 'NONE', *, *, #1861, .F. ) ;
#7875 = ORIENTED_EDGE ( 'NONE', *, *, #1598, .T. ) ;
#7876 = ORIENTED_EDGE ( 'NONE', *, *, #6787, .T. ) ;
#7877 = CARTESIAN_POINT ( 'NONE',  ( 3.341019420808970963, 0.04776069289263030343, 2.959999999999999964 ) ) ;
#7878 = DIRECTION ( 'NONE',  ( -1.000000000000000000, 0.000000000000000000, 0.000000000000000000 ) ) ;
#7879 = EDGE_CURVE ( 'NONE', #4318, #3328, #6320, .T. ) ;
#7880 = CARTESIAN_POINT ( 'NONE',  ( 3.048510475726686764, 1.021717016418992152, 1.690000000000000613 ) ) ;
#7881 = LINE ( 'NONE', #449, #2157 ) ;
#7882 = CARTESIAN_POINT ( 'NONE',  ( -2.649997654931401048, 1.225016686030106161, 4.950968516274159903 ) ) ;
#7883 = FACE_OUTER_BOUND ( 'NONE', #7583, .T. ) ;
#7884 = CARTESIAN_POINT ( 'NONE',  ( -3.354092782221119506, 0.1971898976063921616, 3.389999999999999680 ) ) ;
#7885 = ORIENTED_EDGE ( 'NONE', *, *, #5649, .T. ) ;
#7886 = CARTESIAN_POINT ( 'NONE',  ( 2.903621601783326067, 0.9828941596536137082, -0.8500000000000000888 ) ) ;
#7887 = CARTESIAN_POINT ( 'NONE',  ( 3.886926638587850924, 4.743384504624081899E-16, -0.4200000000000002620 ) ) ;
#7888 = ORIENTED_EDGE ( 'NONE', *, *, #7551, .T. ) ;
#7889 = ORIENTED_EDGE ( 'NONE', *, *, #1625, .F. ) ;
#7890 = ADVANCED_FACE ( 'NONE', ( #654 ), #670, .T. ) ;
#7891 = DIRECTION ( 'NONE',  ( 0.000000000000000000, 0.000000000000000000, 1.000000000000000000 ) ) ;
#7892 = CARTESIAN_POINT ( 'NONE',  ( 2.903621601783326067, 0.9828941596536137082, 4.660000000000000142 ) ) ;
#7893 = EDGE_CURVE ( 'NONE', #1317, #6335, #549, .T. ) ;
#7894 = CIRCLE ( 'NONE', #8007, 0.1499999999999999667 ) ;
#7895 = DIRECTION ( 'NONE',  ( 2.891205793294679017E-15, -1.445602896647339508E-15, -1.000000000000000000 ) ) ;
#7896 = LINE ( 'NONE', #4775, #7757 ) ;
#7897 = LINE ( 'NONE', #406, #2263 ) ;
#7898 = ORIENTED_EDGE ( 'NONE', *, *, #660, .F. ) ;
#7899 = ORIENTED_EDGE ( 'NONE', *, *, #3927, .F. ) ;
#7900 = ORIENTED_EDGE ( 'NONE', *, *, #2763, .F. ) ;
#7901 = DIRECTION ( 'NONE',  ( -0.1378445374916289490, -0.9808148484639890308, -0.1378445374916288935 ) ) ;
#7902 = DIRECTION ( 'NONE',  ( 0.2588190451025220162, -0.9659258262890678681, 0.000000000000000000 ) ) ;
#7903 = CARTESIAN_POINT ( 'NONE',  ( 3.341019420808970963, 0.04776069289263019935, 2.120000000000000551 ) ) ;
#7904 = DIRECTION ( 'NONE',  ( -0.000000000000000000, -0.000000000000000000, -1.000000000000000000 ) ) ;
#7905 = DIRECTION ( 'NONE',  ( -0.000000000000000000, -0.000000000000000000, -1.000000000000000000 ) ) ;
#7906 = DIRECTION ( 'NONE',  ( 0.000000000000000000, -0.000000000000000000, -1.000000000000000000 ) ) ;
#7907 = ADVANCED_FACE ( 'NONE', ( #6237 ), #4826, .F. ) ;
#7908 = AXIS2_PLACEMENT_3D ( 'NONE', #3643, #1676, #7761 ) ;
#7909 = EDGE_CURVE ( 'NONE', #517, #5380, #6406, .T. ) ;
#7910 = FACE_OUTER_BOUND ( 'NONE', #7162, .T. ) ;
#7911 = CARTESIAN_POINT ( 'NONE',  ( 3.364923542069633289, 0.3209860491535506677, -4.660000000000000142 ) ) ;
#7912 = EDGE_LOOP ( 'NONE', ( #2265, #3059, #387, #7610 ) ) ;
#7913 = ORIENTED_EDGE ( 'NONE', *, *, #5868, .F. ) ;
#7914 = ORIENTED_EDGE ( 'NONE', *, *, #609, .T. ) ;
#7915 =( NAMED_UNIT ( * ) SI_UNIT ( $, .STERADIAN. ) SOLID_ANGLE_UNIT ( ) );
#7916 = DIRECTION ( 'NONE',  ( 1.000000000000000000, 0.000000000000000000, 0.000000000000000000 ) ) ;
#7917 = CARTESIAN_POINT ( 'NONE',  ( 3.354092782221119506, 0.1971898976063921616, -0.4200000000000002620 ) ) ;
#7918 = FACE_OUTER_BOUND ( 'NONE', #3002, .T. ) ;
#7919 = CARTESIAN_POINT ( 'NONE',  ( 3.354092782221119506, 0.1971898976063921616, -1.690000000000000169 ) ) ;
#7920 = EDGE_CURVE ( 'NONE', #7412, #8311, #6220, .T. ) ;
#7921 = CARTESIAN_POINT ( 'NONE',  ( -2.783586933657053564, 0.9507309672654410404, -2.120000000000000107 ) ) ;
#7922 = FACE_OUTER_BOUND ( 'NONE', #3474, .T. ) ;
#7923 = ADVANCED_FACE ( 'NONE', ( #807 ), #3473, .F. ) ;
#7924 = VECTOR ( 'NONE', #4257, 1000.000000000000114 ) ;
#7925 = EDGE_CURVE ( 'NONE', #1942, #378, #3559, .T. ) ;
#7926 = EDGE_LOOP ( 'NONE', ( #4834, #901, #7760 ) ) ;
#7927 = ORIENTED_EDGE ( 'NONE', *, *, #2718, .T. ) ;
#7928 = EDGE_LOOP ( 'NONE', ( #992, #6528, #3808, #7647 ) ) ;
#7929 = DIRECTION ( 'NONE',  ( -0.000000000000000000, -0.000000000000000000, -1.000000000000000000 ) ) ;
#7930 = CARTESIAN_POINT ( 'NONE',  ( 2.587973030627472415, 1.068987327977424240, 5.099154974055157830 ) ) ;
#7931 = LINE ( 'NONE', #7265, #2294 ) ;
#7932 = CARTESIAN_POINT ( 'NONE',  ( 2.500000000000000000, 1.225000000000001199, 5.100000000000003197 ) ) ;
#7933 = CYLINDRICAL_SURFACE ( 'NONE', #5830, 0.2742690327345599921 ) ;
#7934 = CARTESIAN_POINT ( 'NONE',  ( -2.649992964849198440, 1.225050057699017314, -4.951452754537956302 ) ) ;
#7935 = DIRECTION ( 'NONE',  ( -1.000000000000000000, 0.000000000000000000, 0.000000000000000000 ) ) ;
#7936 = VERTEX_POINT ( 'NONE', #4877 ) ;
#7937 = CARTESIAN_POINT ( 'NONE',  ( 2.649999999999999911, 1.225000000000001199, 0.8500000000000000888 ) ) ;
#7938 = ORIENTED_EDGE ( 'NONE', *, *, #6638, .F. ) ;
#7939 = CARTESIAN_POINT ( 'NONE',  ( -3.899999999999999467, 0.1494292047137622814, 4.660000000000000142 ) ) ;
#7940 = EDGE_CURVE ( 'NONE', #316, #792, #6252, .T. ) ;
#7941 = ORIENTED_EDGE ( 'NONE', *, *, #5552, .T. ) ;
#7942 = ADVANCED_FACE ( 'NONE', ( #3426 ), #6867, .F. ) ;
#7943 = DIRECTION ( 'NONE',  ( -0.000000000000000000, -0.000000000000000000, -1.000000000000000000 ) ) ;
#7944 = DIRECTION ( 'NONE',  ( -0.9659258262890679791, -0.2588190451025219607, 0.000000000000000000 ) ) ;
#7945 = VECTOR ( 'NONE', #1431, 1000.000000000000000 ) ;
#7946 = DIRECTION ( 'NONE',  ( 0.9961946980917455452, -0.08715574274765831853, 0.000000000000000000 ) ) ;
#7947 = AXIS2_PLACEMENT_3D ( 'NONE', #4374, #1172, #6196 ) ;
#7948 = CIRCLE ( 'NONE', #2021, 0.2742690327345604362 ) ;
#7949 = ORIENTED_EDGE ( 'NONE', *, *, #2525, .F. ) ;
#7950 = PRODUCT_DEFINITION_FORMATION_WITH_SPECIFIED_SOURCE ( 'ANY', '', #4122, .NOT_KNOWN. ) ;
#7951 = ORIENTED_EDGE ( 'NONE', *, *, #2519, .T. ) ;
#7952 = ORIENTED_EDGE ( 'NONE', *, *, #5234, .F. ) ;
#7953 = SURFACE_SIDE_STYLE ('',( #6567 ) ) ;
#7954 = DIRECTION ( 'NONE',  ( 0.9902680687415703620, 0.1391731009600657432, -2.105197630338500909E-16 ) ) ;
#7955 = ADVANCED_FACE ( 'NONE', ( #6272 ), #339, .F. ) ;
#7956 = ADVANCED_FACE ( 'NONE', ( #712 ), #3442, .T. ) ;
#7957 = DIRECTION ( 'NONE',  ( 1.000000000000000000, 0.000000000000000000, 0.000000000000000000 ) ) ;
#7958 = EDGE_CURVE ( 'NONE', #3368, #5566, #793, .T. ) ;
#7959 = CARTESIAN_POINT ( 'NONE',  ( 2.504282219532241172, 1.115958596995838770, 4.954282219532244014 ) ) ;
#7960 = CARTESIAN_POINT ( 'NONE',  ( 2.649999999999999911, 1.225000000000001199, -0.4200000000000002620 ) ) ;
#7961 = CARTESIAN_POINT ( 'NONE',  ( -2.459011041377410667, -0.2839570534928662071, -4.760470831066172082 ) ) ;
#7962 = AXIS2_PLACEMENT_3D ( 'NONE', #3358, #7301, #833 ) ;
#7963 = VECTOR ( 'NONE', #4354, 1000.000000000000114 ) ;
#7964 = VECTOR ( 'NONE', #6816, 1000.000000000000114 ) ;
#7965 = LINE ( 'NONE', #5134, #5187 ) ;
#7966 = DIRECTION ( 'NONE',  ( -0.1378445374916289490, -0.9808148484639890308, -0.1378445374916288935 ) ) ;
#7967 = ORIENTED_EDGE ( 'NONE', *, *, #2907, .F. ) ;
#7968 = VERTEX_POINT ( 'NONE', #6303 ) ;
#7969 = ORIENTED_EDGE ( 'NONE', *, *, #6899, .T. ) ;
#7970 = CARTESIAN_POINT ( 'NONE',  ( -3.354092782221119506, 0.1971898976063921616, -1.690000000000000169 ) ) ;
#7971 = EDGE_CURVE ( 'NONE', #1459, #2025, #3314, .T. ) ;
#7972 = CARTESIAN_POINT ( 'NONE',  ( 2.501452754537959233, 1.074949942300985395, -5.099992964849192845 ) ) ;
#7973 = CARTESIAN_POINT ( 'NONE',  ( -2.649999999999999911, 1.075000000000001288, -2.959999999999999964 ) ) ;
#7974 = AXIS2_PLACEMENT_3D ( 'NONE', #6665, #7315, #2740 ) ;
#7975 = ADVANCED_FACE ( 'NONE', ( #6358 ), #1148, .F. ) ;
#7976 = DIRECTION ( 'NONE',  ( -1.000000000000000000, 0.000000000000000000, 0.000000000000000000 ) ) ;
#7977 = VECTOR ( 'NONE', #4194, 1000.000000000000227 ) ;
#7978 = DIRECTION ( 'NONE',  ( 0.000000000000000000, 1.000000000000000000, 0.000000000000000000 ) ) ;
#7979 = PLANE ( 'NONE',  #4158 ) ;
#7980 = EDGE_CURVE ( 'NONE', #7428, #6550, #747, .T. ) ;
#7981 = ADVANCED_FACE ( 'NONE', ( #3605 ), #3524, .T. ) ;
#7982 = VECTOR ( 'NONE', #6885, 1000.000000000000000 ) ;
#7983 = ORIENTED_EDGE ( 'NONE', *, *, #3320, .F. ) ;
#7984 = ORIENTED_EDGE ( 'NONE', *, *, #1935, .F. ) ;
#7985 = ORIENTED_EDGE ( 'NONE', *, *, #4117, .T. ) ;
#7986 = DIRECTION ( 'NONE',  ( 0.000000000000000000, -0.000000000000000000, -1.000000000000000000 ) ) ;
#7987 = CARTESIAN_POINT ( 'NONE',  ( 2.649999999999999911, 1.075000000000001288, 3.389999999999999680 ) ) ;
#7988 = DIRECTION ( 'NONE',  ( -0.000000000000000000, -0.000000000000000000, -1.000000000000000000 ) ) ;
#7989 = LINE ( 'NONE', #5882, #2321 ) ;
#7990 = DIRECTION ( 'NONE',  ( 0.2588190451025219052, 0.9659258262890678681, 0.000000000000000000 ) ) ;
#7991 = FACE_OUTER_BOUND ( 'NONE', #4422, .T. ) ;
#7992 = LINE ( 'NONE', #7155, #5174 ) ;
#7993 = DIRECTION ( 'NONE',  ( -1.000000000000000000, -1.623215898148971339E-15, 0.000000000000000000 ) ) ;
#7994 = ORIENTED_EDGE ( 'NONE', *, *, #2023, .T. ) ;
#7995 = CARTESIAN_POINT ( 'NONE',  ( 2.559228052744445758, 0.4291240348559910989, -4.860687842433208061 ) ) ;
#7996 = DIRECTION ( 'NONE',  ( -0.2588190451025219607, -0.9659258262890678681, 0.000000000000000000 ) ) ;
#7997 = ORIENTED_EDGE ( 'NONE', *, *, #358, .F. ) ;
#7998 = DIRECTION ( 'NONE',  ( -1.000000000000000000, 1.623215898148971142E-15, 0.000000000000000000 ) ) ;
#7999 = AXIS2_PLACEMENT_3D ( 'NONE', #5764, #1473, #2572 ) ;
#8000 = ORIENTED_EDGE ( 'NONE', *, *, #2066, .T. ) ;
#8001 = EDGE_CURVE ( 'NONE', #3328, #924, #3574, .T. ) ;
#8002 = LINE ( 'NONE', #6888, #8177 ) ;
#8003 = CARTESIAN_POINT ( 'NONE',  ( -2.783586933657053564, 0.9507309672654410404, -2.120000000000000107 ) ) ;
#8004 = FACE_OUTER_BOUND ( 'NONE', #3695, .T. ) ;
#8005 = VERTEX_POINT ( 'NONE', #138 ) ;
#8006 = ORIENTED_EDGE ( 'NONE', *, *, #2629, .F. ) ;
#8007 = AXIS2_PLACEMENT_3D ( 'NONE', #342, #1047, #3752 ) ;
#8008 = CLOSED_SHELL ( 'NONE', ( #6075, #3954, #3271, #3881, #6115, #1503, #1261, #2022, #2741, #7907, #980, #7942, #5581, #8287 ) ) ;
#8009 = DIRECTION ( 'NONE',  ( 0.9961946980917455452, 0.08715574274765833240, -0.000000000000000000 ) ) ;
#8010 = ADVANCED_FACE ( 'NONE', ( #6184 ), #4797, .F. ) ;
#8011 = DIRECTION ( 'NONE',  ( 1.000000000000000000, 0.000000000000000000, -0.000000000000000000 ) ) ;
#8012 = CARTESIAN_POINT ( 'NONE',  ( -2.783586933657053564, 1.225000000000001199, 3.389999999999999680 ) ) ;
#8013 = EDGE_CURVE ( 'NONE', #2736, #6518, #6205, .T. ) ;
#8014 = DIRECTION ( 'NONE',  ( 0.000000000000000000, 0.000000000000000000, 1.000000000000000000 ) ) ;
#8015 = CARTESIAN_POINT ( 'NONE',  ( 2.783586933657053564, 1.075000000000001066, -3.389999999999999680 ) ) ;
#8016 = VECTOR ( 'NONE', #4479, 1000.000000000000000 ) ;
#8017 = LINE ( 'NONE', #4120, #2564 ) ;
#8018 = VECTOR ( 'NONE', #2622, 1000.000000000000000 ) ;
#8019 = CARTESIAN_POINT ( 'NONE',  ( 3.048510475726686764, 1.021717016418992152, 4.660000000000000142 ) ) ;
#8020 = ORIENTED_EDGE ( 'NONE', *, *, #3893, .T. ) ;
#8021 = ORIENTED_EDGE ( 'NONE', *, *, #953, .T. ) ;
#8022 = ORIENTED_EDGE ( 'NONE', *, *, #5394, .T. ) ;
#8023 = CARTESIAN_POINT ( 'NONE',  ( 2.783586933657053564, 1.075000000000001066, -0.4200000000000002620 ) ) ;
#8024 = ADVANCED_FACE ( 'NONE', ( #509 ), #1477, .F. ) ;
#8025 = DIRECTION ( 'NONE',  ( 0.000000000000000000, -0.000000000000000000, -1.000000000000000000 ) ) ;
#8026 = EDGE_CURVE ( 'NONE', #955, #1368, #589, .T. ) ;
#8027 = CARTESIAN_POINT ( 'NONE',  ( -2.650000000000001243, 1.075000000000001288, -5.099999999999995204 ) ) ;
#8028 = FACE_OUTER_BOUND ( 'NONE', #2039, .T. ) ;
#8029 = PLANE ( 'NONE',  #426 ) ;
#8030 = DIRECTION ( 'NONE',  ( -0.9961946980917455452, -0.08715574274765840179, 0.000000000000000000 ) ) ;
#8031 = LINE ( 'NONE', #2796, #5302 ) ;
#8032 = FACE_OUTER_BOUND ( 'NONE', #7623, .T. ) ;
#8033 = ORIENTED_EDGE ( 'NONE', *, *, #3008, .F. ) ;
#8034 = ORIENTED_EDGE ( 'NONE', *, *, #1778, .F. ) ;
#8035 = ORIENTED_EDGE ( 'NONE', *, *, #4055, .F. ) ;
#8036 = CARTESIAN_POINT ( 'NONE',  ( -3.364923542069633289, 0.3209860491535506677, -1.690000000000000169 ) ) ;
#8037 = EDGE_CURVE ( 'NONE', #857, #1044, #3541, .T. ) ;
#8038 =( LENGTH_UNIT ( ) NAMED_UNIT ( * ) SI_UNIT ( .MILLI., .METRE. ) );
#8039 = DIRECTION ( 'NONE',  ( -1.000000000000000000, 0.000000000000000000, 0.000000000000000000 ) ) ;
#8040 = AXIS2_PLACEMENT_3D ( 'NONE', #2772, #2594, #4715 ) ;
#8041 = ADVANCED_FACE ( 'NONE', ( #777 ), #7855, .F. ) ;
#8042 = PRESENTATION_STYLE_ASSIGNMENT (( #2052 ) ) ;
#8043 = EDGE_CURVE ( 'NONE', #2835, #3527, #3589, .T. ) ;
#8044 = CARTESIAN_POINT ( 'NONE',  ( 3.364923542069633289, 0.3209860491535506677, -4.230000000000000426 ) ) ;
#8045 = CIRCLE ( 'NONE', #6032, 0.2742690327345599921 ) ;
#8046 = LINE ( 'NONE', #7419, #7982 ) ;
#8047 = SURFACE_SIDE_STYLE ('',( #2089 ) ) ;
#8048 = ORIENTED_EDGE ( 'NONE', *, *, #989, .T. ) ;
#8049 = FILL_AREA_STYLE ('',( #7455 ) ) ;
#8050 = ORIENTED_EDGE ( 'NONE', *, *, #4900, .F. ) ;
#8051 = CARTESIAN_POINT ( 'NONE',  ( 3.341019420808970963, 0.04776069289263030343, -1.690000000000000169 ) ) ;
#8052 = ORIENTED_EDGE ( 'NONE', *, *, #4862, .F. ) ;
#8053 = DIRECTION ( 'NONE',  ( -1.275531967630005245E-16, -0.000000000000000000, -1.000000000000000000 ) ) ;
#8054 = EDGE_CURVE ( 'NONE', #3875, #613, #6447, .T. ) ;
#8055 = VECTOR ( 'NONE', #4091, 1000.000000000000000 ) ;
#8056 = DIRECTION ( 'NONE',  ( -0.08715574274765759688, -0.9961946980917455452, 0.000000000000000000 ) ) ;
#8057 = EDGE_CURVE ( 'NONE', #1841, #3472, #3259, .T. ) ;
#8058 = VECTOR ( 'NONE', #6838, 1000.000000000000114 ) ;
#8059 = LINE ( 'NONE', #3857, #2298 ) ;
#8060 = ORIENTED_EDGE ( 'NONE', *, *, #3084, .F. ) ;
#8061 = ORIENTED_EDGE ( 'NONE', *, *, #2629, .T. ) ;
#8062 = ORIENTED_EDGE ( 'NONE', *, *, #2734, .T. ) ;
#8063 = CARTESIAN_POINT ( 'NONE',  ( -3.899999999999999467, 0.1494292047137622814, 0.8500000000000000888 ) ) ;
#8064 = AXIS2_PLACEMENT_3D ( 'NONE', #5538, #2151, #7389 ) ;
#8065 = DIRECTION ( 'NONE',  ( -0.08715574274765831853, 0.9961946980917455452, 0.000000000000000000 ) ) ;
#8066 = EDGE_CURVE ( 'NONE', #7818, #1836, #6786, .T. ) ;
#8067 =( GEOMETRIC_REPRESENTATION_CONTEXT ( 3 ) GLOBAL_UNCERTAINTY_ASSIGNED_CONTEXT ( ( #557 ) ) GLOBAL_UNIT_ASSIGNED_CONTEXT ( ( #3898, #3221, #3434 ) ) REPRESENTATION_CONTEXT ( 'NONE', 'WORKASPACE' ) );
#8068 = CARTESIAN_POINT ( 'NONE',  ( 2.783586933657053564, 1.225000000000001199, 3.389999999999999680 ) ) ;
#8069 = DIRECTION ( 'NONE',  ( -0.000000000000000000, -0.000000000000000000, -1.000000000000000000 ) ) ;
#8070 = DIRECTION ( 'NONE',  ( 0.08715574274765831853, 0.9961946980917455452, 0.000000000000000000 ) ) ;
#8071 = DIRECTION ( 'NONE',  ( 1.000000000000000000, 0.000000000000000000, 0.000000000000000000 ) ) ;
#8072 = CARTESIAN_POINT ( 'NONE',  ( -2.649999999999999911, 1.225000000000001199, 4.230000000000000426 ) ) ;
#8073 = FACE_OUTER_BOUND ( 'NONE', #6186, .T. ) ;
#8074 = CIRCLE ( 'NONE', #2937, 0.2999999999999999334 ) ;
#8075 = LINE ( 'NONE', #6260, #8090 ) ;
#8076 = CARTESIAN_POINT ( 'NONE',  ( -2.504282219532242504, 1.095082631851828747, -5.102822429843471674 ) ) ;
#8077 = ORIENTED_EDGE ( 'NONE', *, *, #2718, .F. ) ;
#8078 = VERTEX_POINT ( 'NONE', #5348 ) ;
#8079 = CARTESIAN_POINT ( 'NONE',  ( 3.354092782221119506, 0.1971898976063921616, -4.230000000000000426 ) ) ;
#8080 = ORIENTED_EDGE ( 'NONE', *, *, #2193, .T. ) ;
#8081 = DIRECTION ( 'NONE',  ( -0.000000000000000000, -0.000000000000000000, -1.000000000000000000 ) ) ;
#8082 = ADVANCED_FACE ( 'NONE', ( #537 ), #7367, .F. ) ;
#8083 = CARTESIAN_POINT ( 'NONE',  ( -2.559228052744449311, 0.4291240348559910989, -4.860687842433207173 ) ) ;
#8084 = EDGE_CURVE ( 'NONE', #6337, #4789, #6167, .T. ) ;
#8085 = CARTESIAN_POINT ( 'NONE',  ( 2.783586933657053564, 1.075000000000001066, 2.120000000000000551 ) ) ;
#8086 = DIRECTION ( 'NONE',  ( -1.275531967630005245E-16, -0.000000000000000000, -1.000000000000000000 ) ) ;
#8087 = EDGE_CURVE ( 'NONE', #5872, #4550, #572, .T. ) ;
#8088 = DIRECTION ( 'NONE',  ( -1.623215898148971339E-15, 1.000000000000000000, 0.000000000000000000 ) ) ;
#8089 = VECTOR ( 'NONE', #142, 1000.000000000000227 ) ;
#8090 = VECTOR ( 'NONE', #2743, 1000.000000000000000 ) ;
#8091 = ORIENTED_EDGE ( 'NONE', *, *, #6038, .T. ) ;
#8092 = EDGE_LOOP ( 'NONE', ( #3826, #6996, #1422, #2990, #319, #507, #651, #7008, #6095, #6219, #3247, #666 ) ) ;
#8093 = VERTEX_POINT ( 'NONE', #1928 ) ;
#8094 = ADVANCED_FACE ( 'NONE', ( #3653 ), #1871, .F. ) ;
#8095 = FILL_AREA_STYLE ('',( #6153 ) ) ;
#8096 = CARTESIAN_POINT ( 'NONE',  ( 3.899999999999999467, 0.1494292047137622814, 4.230000000000000426 ) ) ;
#8097 = DIRECTION ( 'NONE',  ( 0.2588190451025220717, 0.9659258262890678681, -0.000000000000000000 ) ) ;
#8098 = AXIS2_PLACEMENT_3D ( 'NONE', #2301, #4813, #7384 ) ;
#8099 = CYLINDRICAL_SURFACE ( 'NONE', #3450, 0.1499999999999999667 ) ;
#8100 = EDGE_CURVE ( 'NONE', #5191, #4255, #1101, .T. ) ;
#8101 = VECTOR ( 'NONE', #7317, 1000.000000000000000 ) ;
#8102 = CARTESIAN_POINT ( 'NONE',  ( -2.783586933657053564, 0.9507309672654410404, 4.230000000000000426 ) ) ;
#8103 = EDGE_LOOP ( 'NONE', ( #3013, #4897, #7502, #7938 ) ) ;
#8104 = DIRECTION ( 'NONE',  ( 0.000000000000000000, -0.000000000000000000, -1.000000000000000000 ) ) ;
#8105 = ORIENTED_EDGE ( 'NONE', *, *, #288, .T. ) ;
#8106 = CARTESIAN_POINT ( 'NONE',  ( 2.410687842433210548, 0.4500000000000009548, -4.860687842433208949 ) ) ;
#8107 = EDGE_LOOP ( 'NONE', ( #1647, #7505, #7848, #8347, #315, #6490, #4989, #8249, #5917, #2440, #5163, #2251 ) ) ;
#8108 = DIRECTION ( 'NONE',  ( 0.08715574274765759688, 0.9961946980917455452, 0.000000000000000000 ) ) ;
#8109 = FACE_OUTER_BOUND ( 'NONE', #3104, .T. ) ;
#8110 = DIRECTION ( 'NONE',  ( 1.000000000000000000, 0.000000000000000000, 0.000000000000000000 ) ) ;
#8111 = LINE ( 'NONE', #5352, #2410 ) ;
#8112 = CIRCLE ( 'NONE', #5867, 0.1242690327345600532 ) ;
#8113 = EDGE_CURVE ( 'NONE', #8311, #1368, #1053, .T. ) ;
#8114 = ORIENTED_EDGE ( 'NONE', *, *, #6222, .T. ) ;
#8115 = VERTEX_POINT ( 'NONE', #5705 ) ;
#8116 = EDGE_LOOP ( 'NONE', ( #1151, #4317, #4301, #6904, #4023, #1161, #4970, #4519, #2677, #3103, #7637, #4696 ) ) ;
#8117 = SURFACE_STYLE_USAGE ( .BOTH. , #3704 ) ;
#8118 = DIRECTION ( 'NONE',  ( -0.1391731009600657432, 0.9902680687415703620, 0.000000000000000000 ) ) ;
#8119 = CARTESIAN_POINT ( 'NONE',  ( 2.903621601783326067, 0.9828941596536137082, -2.959999999999999964 ) ) ;
#8120 = CARTESIAN_POINT ( 'NONE',  ( 3.364923542069633289, 0.3209860491535506677, 0.8500000000000000888 ) ) ;
#8121 = CARTESIAN_POINT ( 'NONE',  ( 2.783586933657053564, 0.9507309672654410404, -2.120000000000000107 ) ) ;
#8122 = CARTESIAN_POINT ( 'NONE',  ( 2.410687842433212325, 1.850000000000000977, 4.860687842433216055 ) ) ;
#8123 = DIRECTION ( 'NONE',  ( -0.1378445374916293376, -0.9808148484639888087, 0.1378445374916303645 ) ) ;
#8124 = AXIS2_PLACEMENT_3D ( 'NONE', #18, #3242, #4351 ) ;
#8125 = LINE ( 'NONE', #1375, #8055 ) ;
#8126 = ADVANCED_FACE ( 'NONE', ( #1080 ), #6691, .T. ) ;
#8127 = DIRECTION ( 'NONE',  ( 1.000000000000000000, -1.623215898148971339E-15, 0.000000000000000000 ) ) ;
#8128 = ORIENTED_EDGE ( 'NONE', *, *, #6038, .F. ) ;
#8129 = ORIENTED_EDGE ( 'NONE', *, *, #419, .T. ) ;
#8130 = DIRECTION ( 'NONE',  ( -0.000000000000000000, -0.000000000000000000, -1.000000000000000000 ) ) ;
#8131 = EDGE_CURVE ( 'NONE', #7053, #1784, #3739, .T. ) ;
#8132 = ORIENTED_EDGE ( 'NONE', *, *, #4061, .F. ) ;
#8133 = DIRECTION ( 'NONE',  ( 1.000000000000000000, 0.000000000000000000, 0.000000000000000000 ) ) ;
#8134 = DIRECTION ( 'NONE',  ( 1.000000000000000000, 1.623215898148971142E-15, -0.000000000000000000 ) ) ;
#8135 = AXIS2_PLACEMENT_3D ( 'NONE', #2643, #3996, #2764 ) ;
#8136 = CARTESIAN_POINT ( 'NONE',  ( 2.501452754537959233, 1.225050057699017314, -5.099992964849192845 ) ) ;
#8137 = PLANE ( 'NONE',  #3077 ) ;
#8138 = VECTOR ( 'NONE', #805, 1000.000000000000000 ) ;
#8139 = DIRECTION ( 'NONE',  ( 0.000000000000000000, 0.1391731009600661872, 0.9902680687415701399 ) ) ;
#8140 = CARTESIAN_POINT ( 'NONE',  ( -2.410687842433212769, 1.870875965144010999, 5.009228052744452597 ) ) ;
#8141 = CYLINDRICAL_SURFACE ( 'NONE', #824, 0.2742690327345604362 ) ;
#8142 = LINE ( 'NONE', #5456, #5350 ) ;
#8143 = ORIENTED_EDGE ( 'NONE', *, *, #5993, .T. ) ;
#8144 = VERTEX_POINT ( 'NONE', #5650 ) ;
#8145 =( GEOMETRIC_REPRESENTATION_CONTEXT ( 3 ) GLOBAL_UNCERTAINTY_ASSIGNED_CONTEXT ( ( #2280 ) ) GLOBAL_UNIT_ASSIGNED_CONTEXT ( ( #4057, #3556, #2055 ) ) REPRESENTATION_CONTEXT ( 'NONE', 'WORKASPACE' ) );
#8146 = VERTEX_POINT ( 'NONE', #8306 ) ;
#8147 = CARTESIAN_POINT ( 'NONE',  ( 2.649999999999999911, 1.075000000000001288, -3.389999999999999680 ) ) ;
#8148 = EDGE_CURVE ( 'NONE', #617, #1177, #3638, .T. ) ;
#8149 = DIRECTION ( 'NONE',  ( -0.000000000000000000, 1.000000000000000000, -0.000000000000000000 ) ) ;
#8150 = AXIS2_PLACEMENT_3D ( 'NONE', #1751, #3042, #5008 ) ;
#8151 = LINE ( 'NONE', #3655, #8206 ) ;
#8152 = CIRCLE ( 'NONE', #4195, 0.1242690327345600532 ) ;
#8153 = DIRECTION ( 'NONE',  ( -1.000000000000000000, 1.623215898148971142E-15, 0.000000000000000000 ) ) ;
#8154 = ORIENTED_EDGE ( 'NONE', *, *, #4748, .T. ) ;
#8155 = ORIENTED_EDGE ( 'NONE', *, *, #7392, .F. ) ;
#8156 = DIRECTION ( 'NONE',  ( 1.000000000000000000, 0.000000000000000000, 0.000000000000000000 ) ) ;
#8157 = ORIENTED_EDGE ( 'NONE', *, *, #647, .F. ) ;
#8158 = CARTESIAN_POINT ( 'NONE',  ( 2.783586933657053564, 0.9507309672654410404, 0.8500000000000000888 ) ) ;
#8159 = DIRECTION ( 'NONE',  ( -0.08715574274765759688, 0.9961946980917455452, 0.000000000000000000 ) ) ;
#8160 = EDGE_CURVE ( 'NONE', #3678, #4328, #1005, .T. ) ;
#8161 =( BOUNDED_CURVE ( )  B_SPLINE_CURVE ( 3, ( #738, #6396, #8323, #7059 ),
 .UNSPECIFIED., .F., .F. ) 
 B_SPLINE_CURVE_WITH_KNOTS ( ( 4, 4 ),
 ( 6.273500125511116465, 6.283185307179586232 ),
 .UNSPECIFIED. ) 
 CURVE ( )  GEOMETRIC_REPRESENTATION_ITEM ( )  RATIONAL_B_SPLINE_CURVE ( ( 1.000000000000000000, 0.9999921831199466427, 0.9999921831199466427, 1.000000000000000000 ) ) 
 REPRESENTATION_ITEM ( '' )  );
#8162 = VECTOR ( 'NONE', #7366, 1000.000000000000000 ) ;
#8163 = CARTESIAN_POINT ( 'NONE',  ( 2.783586933657053564, 1.225000000000001199, 0.8500000000000000888 ) ) ;
#8164 = AXIS2_PLACEMENT_3D ( 'NONE', #2589, #4707, #3267 ) ;
#8165 = EDGE_CURVE ( 'NONE', #7636, #7543, #6710, .T. ) ;
#8166 = SPHERICAL_SURFACE ( 'NONE', #1501, 0.1499999999999999944 ) ;
#8167 = AXIS2_PLACEMENT_3D ( 'NONE', #2072, #3356, #1294 ) ;
#8168 = VECTOR ( 'NONE', #1320, 1000.000000000000000 ) ;
#8169 = EDGE_LOOP ( 'NONE', ( #2707, #5935, #6299, #1162 ) ) ;
#8170 = ORIENTED_EDGE ( 'NONE', *, *, #7799, .F. ) ;
#8171 = ORIENTED_EDGE ( 'NONE', *, *, #3581, .F. ) ;
#8172 = PLANE ( 'NONE',  #4956 ) ;
#8173 = DIRECTION ( 'NONE',  ( -1.000000000000000000, 0.000000000000000000, 1.636531581110195409E-16 ) ) ;
#8174 = DIRECTION ( 'NONE',  ( 1.000000000000000000, 0.000000000000000000, 0.000000000000000000 ) ) ;
#8175 = DIRECTION ( 'NONE',  ( -1.000000000000000000, 0.000000000000000000, 0.000000000000000000 ) ) ;
#8176 = CARTESIAN_POINT ( 'NONE',  ( -3.244888873943359897, 0.2888228567653777779, 2.959999999999999964 ) ) ;
#8177 = VECTOR ( 'NONE', #7467, 1000.000000000000227 ) ;
#8178 = MECHANICAL_DESIGN_GEOMETRIC_PRESENTATION_REPRESENTATION (  '', ( #4677 ), #3661 ) ;
#8179 = DIRECTION ( 'NONE',  ( 0.000000000000000000, -1.000000000000000000, 0.000000000000000000 ) ) ;
#8180 = CARTESIAN_POINT ( 'NONE',  ( -3.899999999999999467, 0.1494292047137622814, -4.660000000000000142 ) ) ;
#8181 = ORIENTED_EDGE ( 'NONE', *, *, #2648, .T. ) ;
#8182 = ORIENTED_EDGE ( 'NONE', *, *, #4238, .F. ) ;
#8183 = VERTEX_POINT ( 'NONE', #7044 ) ;
#8184 = DIRECTION ( 'NONE',  ( -1.000000000000000000, -2.891205793294674678E-15, 4.063324754860245854E-16 ) ) ;
#8185 = EDGE_CURVE ( 'NONE', #5601, #2540, #3795, .T. ) ;
#8186 = DIRECTION ( 'NONE',  ( 0.9961946980917455452, 0.08715574274765838791, 0.000000000000000000 ) ) ;
#8187 = CARTESIAN_POINT ( 'NONE',  ( -3.099999999999999645, 0.2499999999999996392, 2.959999999999999964 ) ) ;
#8188 = FILL_AREA_STYLE ('',( #1752 ) ) ;
#8189 = VECTOR ( 'NONE', #7523, 1000.000000000000227 ) ;
#8190 = DIRECTION ( 'NONE',  ( 1.000000000000000000, 0.000000000000000000, 0.000000000000000000 ) ) ;
#8191 = DIRECTION ( 'NONE',  ( 1.275531967630005245E-16, 0.000000000000000000, 1.000000000000000000 ) ) ;
#8192 = VECTOR ( 'NONE', #4001, 1000.000000000000000 ) ;
#8193 = ADVANCED_FACE ( 'NONE', ( #6579 ), #6642, .F. ) ;
#8194 = FACE_OUTER_BOUND ( 'NONE', #6580, .T. ) ;
#8195 = EDGE_LOOP ( 'NONE', ( #7952, #3602, #2619, #2679 ) ) ;
#8196 = ORIENTED_EDGE ( 'NONE', *, *, #1178, .T. ) ;
#8197 = CARTESIAN_POINT ( 'NONE',  ( 3.899999999999999467, 0.1494292047137622814, -0.4200000000000002620 ) ) ;
#8198 = AXIS2_PLACEMENT_3D ( 'NONE', #7352, #3436, #7250 ) ;
#8199 = VERTEX_POINT ( 'NONE', #1977 ) ;
#8200 = CARTESIAN_POINT ( 'NONE',  ( -2.541080853105646575, 2.000000000000000888, -4.860687842433207173 ) ) ;
#8201 = PLANE ( 'NONE',  #7606 ) ;
#8202 = EDGE_CURVE ( 'NONE', #8183, #6610, #3779, .T. ) ;
#8203 = DIRECTION ( 'NONE',  ( -0.9961946980917455452, 0.08715574274765833240, 0.000000000000000000 ) ) ;
#8204 = VECTOR ( 'NONE', #7768, 1000.000000000000000 ) ;
#8205 = CARTESIAN_POINT ( 'NONE',  ( -3.341019420808970963, 0.04776069289263019935, -4.230000000000000426 ) ) ;
#8206 = VECTOR ( 'NONE', #4747, 1000.000000000000114 ) ;
#8207 = LINE ( 'NONE', #2585, #2549 ) ;
#8208 = DIRECTION ( 'NONE',  ( 0.000000000000000000, -0.000000000000000000, -1.000000000000000000 ) ) ;
#8209 = EDGE_LOOP ( 'NONE', ( #220, #5829, #5967, #3061 ) ) ;
#8210 = VERTEX_POINT ( 'NONE', #1821 ) ;
#8211 = MANIFOLD_SOLID_BREP ( 'Mirror1', #3291 ) ;
#8212 = CARTESIAN_POINT ( 'NONE',  ( 2.587973030627470639, 1.068987327977421131, -5.099154974055150724 ) ) ;
#8213 = ORIENTED_EDGE ( 'NONE', *, *, #4870, .F. ) ;
#8214 = EDGE_CURVE ( 'NONE', #5670, #452, #1041, .T. ) ;
#8215 = FACE_OUTER_BOUND ( 'NONE', #306, .T. ) ;
#8216 = DIRECTION ( 'NONE',  ( -0.000000000000000000, -0.000000000000000000, -1.000000000000000000 ) ) ;
#8217 = LINE ( 'NONE', #8222, #5432 ) ;
#8218 = ORIENTED_EDGE ( 'NONE', *, *, #4169, .F. ) ;
#8219 = ORIENTED_EDGE ( 'NONE', *, *, #4592, .F. ) ;
#8220 = VERTEX_POINT ( 'NONE', #8360 ) ;
#8221 = CARTESIAN_POINT ( 'NONE',  ( 2.783586933657053564, 1.225000000000001199, -4.230000000000000426 ) ) ;
#8222 = CARTESIAN_POINT ( 'NONE',  ( -2.649999999999999911, 1.225000000000001199, 2.120000000000000551 ) ) ;
#8223 = PLANE ( 'NONE',  #496 ) ;
#8224 = CARTESIAN_POINT ( 'NONE',  ( 3.099999999999999645, 0.2499999999999996392, 3.389999999999999680 ) ) ;
#8225 = CARTESIAN_POINT ( 'NONE',  ( 3.048510475726686764, 1.021717016418992152, 3.389999999999999680 ) ) ;
#8226 = VECTOR ( 'NONE', #7065, 1000.000000000000000 ) ;
#8227 = EDGE_CURVE ( 'NONE', #6042, #5003, #3828, .T. ) ;
#8228 = CARTESIAN_POINT ( 'NONE',  ( 2.410687842433210548, 1.850000000000000977, -4.860687842433208949 ) ) ;
#8229 = CARTESIAN_POINT ( 'NONE',  ( -3.048510475726686764, 1.021717016418992152, 0.4200000000000002620 ) ) ;
#8230 = EDGE_LOOP ( 'NONE', ( #8132, #5463, #2343, #7876 ) ) ;
#8231 = VERTEX_POINT ( 'NONE', #7752 ) ;
#8232 = CARTESIAN_POINT ( 'NONE',  ( -2.783586933657053564, 0.9507309672654410404, 0.8500000000000000888 ) ) ;
#8233 = ORIENTED_EDGE ( 'NONE', *, *, #3817, .T. ) ;
#8234 = CARTESIAN_POINT ( 'NONE',  ( -2.649999999999999911, 1.075000000000001288, 0.4200000000000002620 ) ) ;
#8235 = EDGE_CURVE ( 'NONE', #6274, #857, #1067, .T. ) ;
#8236 = CARTESIAN_POINT ( 'NONE',  ( 2.783586933657053564, 1.075000000000001066, -2.120000000000000107 ) ) ;
#8237 = AXIS2_PLACEMENT_3D ( 'NONE', #7959, #7468, #2856 ) ;
#8238 = ADVANCED_FACE ( 'NONE', ( #983 ), #3177, .T. ) ;
#8239 = PLANE ( 'NONE',  #2432 ) ;
#8240 = DIRECTION ( 'NONE',  ( -0.000000000000000000, -0.000000000000000000, -1.000000000000000000 ) ) ;
#8241 = VECTOR ( 'NONE', #3141, 1000.000000000000114 ) ;
#8242 = DIRECTION ( 'NONE',  ( -0.9961946980917456562, 0.08715574274765761076, 0.000000000000000000 ) ) ;
#8243 = CARTESIAN_POINT ( 'NONE',  ( 3.048510475726686764, 1.021717016418992152, 4.230000000000000426 ) ) ;
#8244 = CARTESIAN_POINT ( 'NONE',  ( -3.886926638587850924, 4.743384504624081899E-16, 2.959999999999999964 ) ) ;
#8245 = EDGE_CURVE ( 'NONE', #5034, #6274, #3874, .T. ) ;
#8246 = FACE_OUTER_BOUND ( 'NONE', #3096, .T. ) ;
#8247 = LINE ( 'NONE', #8380, #84 ) ;
#8248 = VERTEX_POINT ( 'NONE', #4977 ) ;
#8249 = ORIENTED_EDGE ( 'NONE', *, *, #6156, .T. ) ;
#8250 =( GEOMETRIC_REPRESENTATION_CONTEXT ( 3 ) GLOBAL_UNCERTAINTY_ASSIGNED_CONTEXT ( ( #6975 ) ) GLOBAL_UNIT_ASSIGNED_CONTEXT ( ( #6326, #2584, #7915 ) ) REPRESENTATION_CONTEXT ( 'NONE', 'WORKASPACE' ) );
#8251 = ORIENTED_EDGE ( 'NONE', *, *, #5001, .F. ) ;
#8252 = DIRECTION ( 'NONE',  ( -1.000000000000000000, 0.000000000000000000, 0.000000000000000000 ) ) ;
#8253 = AXIS2_PLACEMENT_3D ( 'NONE', #6853, #7488, #324 ) ;
#8254 = CARTESIAN_POINT ( 'NONE',  ( -3.244888873943359897, 0.2888228567653777779, 3.389999999999999680 ) ) ;
#8255 = PLANE ( 'NONE',  #3016 ) ;
#8256 = LINE ( 'NONE', #3992, #8016 ) ;
#8257 = DIRECTION ( 'NONE',  ( 0.000000000000000000, -0.000000000000000000, -1.000000000000000000 ) ) ;
#8258 = LINE ( 'NONE', #3591, #2450 ) ;
#8259 = VECTOR ( 'NONE', #4990, 1000.000000000000114 ) ;
#8260 = EDGE_CURVE ( 'NONE', #8183, #8265, #6522, .T. ) ;
#8261 = EDGE_CURVE ( 'NONE', #6424, #2148, #3720, .T. ) ;
#8262 = ORIENTED_EDGE ( 'NONE', *, *, #8325, .F. ) ;
#8263 = ORIENTED_EDGE ( 'NONE', *, *, #4341, .T. ) ;
#8264 = CARTESIAN_POINT ( 'NONE',  ( -2.649999999999999911, 1.225000000000001199, 3.389999999999999680 ) ) ;
#8265 = VERTEX_POINT ( 'NONE', #2178 ) ;
#8266 = AXIS2_PLACEMENT_3D ( 'NONE', #7960, #907, #2522 ) ;
#8267 = PLANE ( 'NONE',  #3396 ) ;
#8268 = EDGE_CURVE ( 'NONE', #4933, #123, #915, .T. ) ;
#8269 = MANIFOLD_SOLID_BREP ( 'LPattern1[10]', #90 ) ;
#8270 = VECTOR ( 'NONE', #5403, 1000.000000000000227 ) ;
#8271 = VECTOR ( 'NONE', #2334, 1000.000000000000000 ) ;
#8272 = EDGE_LOOP ( 'NONE', ( #2582, #3679, #3982, #2779 ) ) ;
#8273 = ORIENTED_EDGE ( 'NONE', *, *, #5426, .T. ) ;
#8274 = ORIENTED_EDGE ( 'NONE', *, *, #4951, .T. ) ;
#8275 = DIRECTION ( 'NONE',  ( 0.08715574274765759688, -0.9961946980917455452, 0.000000000000000000 ) ) ;
#8276 = PLANE ( 'NONE',  #7254 ) ;
#8277 = DIRECTION ( 'NONE',  ( 0.9961946980917455452, 0.08715574274765838791, 0.000000000000000000 ) ) ;
#8278 = CARTESIAN_POINT ( 'NONE',  ( 3.899999999999999467, 0.1494292047137622814, 0.4200000000000002620 ) ) ;
#8279 = VECTOR ( 'NONE', #6191, 1000.000000000000000 ) ;
#8280 = EDGE_CURVE ( 'NONE', #827, #432, #6949, .T. ) ;
#8281 = FACE_OUTER_BOUND ( 'NONE', #7928, .T. ) ;
#8282 = DIRECTION ( 'NONE',  ( -0.000000000000000000, -0.000000000000000000, -1.000000000000000000 ) ) ;
#8283 = ORIENTED_EDGE ( 'NONE', *, *, #8100, .T. ) ;
#8284 = ORIENTED_EDGE ( 'NONE', *, *, #2348, .T. ) ;
#8285 = CLOSED_SHELL ( 'NONE', ( #5607, #1595, #8304, #6789, #4084, #7618, #2595, #6639, #5953, #6397, #7021, #1444, #2794, #2634 ) ) ;
#8286 = CARTESIAN_POINT ( 'NONE',  ( 3.048510475726686764, 1.021717016418992152, 2.120000000000000551 ) ) ;
#8287 = ADVANCED_FACE ( 'NONE', ( #1240 ), #4026, .F. ) ;
#8288 = CARTESIAN_POINT ( 'NONE',  ( -3.244888873943359897, 0.2888228567653777779, -4.230000000000000426 ) ) ;
#8289 = AXIS2_PLACEMENT_3D ( 'NONE', #6709, #5983, #6597 ) ;
#8290 = DIRECTION ( 'NONE',  ( -0.08715574274765831853, 0.9961946980917455452, 0.000000000000000000 ) ) ;
#8291 = LINE ( 'NONE', #3727, #6011 ) ;
#8292 = CARTESIAN_POINT ( 'NONE',  ( -3.899999999999999467, 0.1494292047137622814, 0.8500000000000000888 ) ) ;
#8293 = PLANE ( 'NONE',  #3397 ) ;
#8294 = DIRECTION ( 'NONE',  ( 1.000000000000000000, 0.000000000000000000, 0.000000000000000000 ) ) ;
#8295 = FACE_OUTER_BOUND ( 'NONE', #7612, .T. ) ;
#8296 = LINE ( 'NONE', #2146, #2894 ) ;
#8297 = EDGE_CURVE ( 'NONE', #7168, #3685, #1297, .T. ) ;
#8298 = ORIENTED_EDGE ( 'NONE', *, *, #6933, .T. ) ;
#8299 = EDGE_LOOP ( 'NONE', ( #3723, #6557, #7515, #1906 ) ) ;
#8300 = DIRECTION ( 'NONE',  ( 0.000000000000000000, -1.000000000000000000, 0.000000000000000000 ) ) ;
#8301 = ORIENTED_EDGE ( 'NONE', *, *, #6045, .T. ) ;
#8302 = CARTESIAN_POINT ( 'NONE',  ( -2.559228052744447979, 0.4291240348559910989, 4.991080853105648529 ) ) ;
#8303 = CARTESIAN_POINT ( 'NONE',  ( 2.783586933657053564, 1.225000000000001199, 0.8500000000000000888 ) ) ;
#8304 = ADVANCED_FACE ( 'NONE', ( #1280 ), #6881, .T. ) ;
#8305 = FACE_OUTER_BOUND ( 'NONE', #5817, .T. ) ;
#8306 = CARTESIAN_POINT ( 'NONE',  ( -3.341019420808970963, 0.04776069289263019935, 4.660000000000000142 ) ) ;
#8307 = LINE ( 'NONE', #3298, #88 ) ;
#8308 = LINE ( 'NONE', #4704, #5686 ) ;
#8309 = DIRECTION ( 'NONE',  ( 0.000000000000000000, -0.000000000000000000, -1.000000000000000000 ) ) ;
#8310 = VERTEX_POINT ( 'NONE', #7465 ) ;
#8311 = VERTEX_POINT ( 'NONE', #4086 ) ;
#8312 = LINE ( 'NONE', #7194, #2915 ) ;
#8313 = EDGE_CURVE ( 'NONE', #2148, #6440, #6790, .T. ) ;
#8314 = ORIENTED_EDGE ( 'NONE', *, *, #5153, .T. ) ;
#8315 = FACE_OUTER_BOUND ( 'NONE', #488, .T. ) ;
#8316 = CARTESIAN_POINT ( 'NONE',  ( 3.048510475726686764, 1.021717016418992152, -4.660000000000000142 ) ) ;
#8317 = UNCERTAINTY_MEASURE_WITH_UNIT (LENGTH_MEASURE( 1.000000000000000082E-05 ), #6746, 'distance_accuracy_value', 'NONE');
#8318 = LINE ( 'NONE', #6013, #2676 ) ;
#8319 = ORIENTED_EDGE ( 'NONE', *, *, #6116, .F. ) ;
#8320 = ORIENTED_EDGE ( 'NONE', *, *, #3231, .F. ) ;
#8321 = AXIS2_PLACEMENT_3D ( 'NONE', #476, #6339, #6463 ) ;
#8322 = ORIENTED_EDGE ( 'NONE', *, *, #145, .F. ) ;
#8323 = CARTESIAN_POINT ( 'NONE',  ( -2.500484260976134632, 1.225000000000000755, 5.100000000000004974 ) ) ;
#8324 =( BOUNDED_CURVE ( )  B_SPLINE_CURVE ( 3, ( #4131, #7191, #2070, #7783 ),
 .UNSPECIFIED., .F., .F. ) 
 B_SPLINE_CURVE_WITH_KNOTS ( ( 4, 4 ),
 ( 6.273500125511122683, 6.283185307179586232 ),
 .UNSPECIFIED. ) 
 CURVE ( )  GEOMETRIC_REPRESENTATION_ITEM ( )  RATIONAL_B_SPLINE_CURVE ( ( 1.000000000000000000, 0.9999921831199466427, 0.9999921831199466427, 1.000000000000000000 ) ) 
 REPRESENTATION_ITEM ( '' )  );
#8325 = EDGE_CURVE ( 'NONE', #8146, #6966, #3993, .T. ) ;
#8326 = CARTESIAN_POINT ( 'NONE',  ( 3.354092782221119506, 0.1971898976063921616, 4.230000000000000426 ) ) ;
#8327 = CARTESIAN_POINT ( 'NONE',  ( 3.899999999999999467, 0.1494292047137622814, -4.660000000000000142 ) ) ;
#8328 = CARTESIAN_POINT ( 'NONE',  ( -3.899999999999999467, 0.1494292047137622814, 2.120000000000000551 ) ) ;
#8329 = AXIS2_PLACEMENT_3D ( 'NONE', #4908, #4323, #2758 ) ;
#8330 = LINE ( 'NONE', #3424, #2911 ) ;
#8332 = ADVANCED_FACE ( 'NONE', ( #7048 ), #1366, .F. ) ;
#8331 = CARTESIAN_POINT ( 'NONE',  ( -2.649999999999999911, 1.225000000000001199, -1.690000000000000169 ) ) ;
#8333 = LINE ( 'NONE', #3200, #2806 ) ;
#8334 = ORIENTED_EDGE ( 'NONE', *, *, #2241, .F. ) ;
#8335 = ORIENTED_EDGE ( 'NONE', *, *, #5936, .T. ) ;
#8336 = AXIS2_PLACEMENT_3D ( 'NONE', #1692, #2914, #5567 ) ;
#8337 = ORIENTED_EDGE ( 'NONE', *, *, #8214, .F. ) ;
#8338 = DIRECTION ( 'NONE',  ( -0.9659258262890679791, -0.2588190451025219607, 0.000000000000000000 ) ) ;
#8339 = EDGE_CURVE ( 'NONE', #4941, #1484, #7020, .T. ) ;
#8340 = CARTESIAN_POINT ( 'NONE',  ( 2.587973030627470195, 1.231012672022580690, -5.099154974055150724 ) ) ;
#8341 = AXIS2_PLACEMENT_3D ( 'NONE', #5747, #7136, #3897 ) ;
#8342 = DIRECTION ( 'NONE',  ( 1.000000000000000000, 0.000000000000000000, 0.000000000000000000 ) ) ;
#8343 = LINE ( 'NONE', #533, #2799 ) ;
#8344 = DIRECTION ( 'NONE',  ( -1.000000000000000000, 0.000000000000000000, 0.000000000000000000 ) ) ;
#8345 = CARTESIAN_POINT ( 'NONE',  ( 2.410687842433212769, 2.000000000000000888, 4.860687842433215167 ) ) ;
#8346 = AXIS2_PLACEMENT_3D ( 'NONE', #893, #5980, #623 ) ;
#8347 = ORIENTED_EDGE ( 'NONE', *, *, #5613, .T. ) ;
#8348 = VERTEX_POINT ( 'NONE', #2229 ) ;
#8349 = VECTOR ( 'NONE', #5827, 1000.000000000000000 ) ;
#8350 = EDGE_CURVE ( 'NONE', #6143, #464, #1160, .T. ) ;
#8351 = DIRECTION ( 'NONE',  ( 0.9961946980917455452, 0.08715574274765833240, -0.000000000000000000 ) ) ;
#8352 = ORIENTED_EDGE ( 'NONE', *, *, #8235, .T. ) ;
#8353 = ADVANCED_FACE ( 'NONE', ( #4124 ), #5995, .F. ) ;
#8354 = DIRECTION ( 'NONE',  ( -0.000000000000000000, -0.000000000000000000, -1.000000000000000000 ) ) ;
#8355 = DIRECTION ( 'NONE',  ( 0.000000000000000000, 1.000000000000000000, 0.000000000000000000 ) ) ;
#8356 = EDGE_LOOP ( 'NONE', ( #7659, #1996, #779, #1102 ) ) ;
#8357 = EDGE_CURVE ( 'NONE', #6988, #617, #3919, .T. ) ;
#8358 = CIRCLE ( 'NONE', #1308, 0.2742690327345604362 ) ;
#8359 = AXIS2_PLACEMENT_3D ( 'NONE', #2685, #789, #1981 ) ;
#8360 = CARTESIAN_POINT ( 'NONE',  ( 3.099999999999999645, 0.2499999999999996392, 2.120000000000000551 ) ) ;
#8361 = DIRECTION ( 'NONE',  ( -0.2588190451025219052, 0.9659258262890678681, 0.000000000000000000 ) ) ;
#8362 = CARTESIAN_POINT ( 'NONE',  ( 2.649999999999999911, 1.225000000000001199, -1.690000000000000169 ) ) ;
#8363 = ORIENTED_EDGE ( 'NONE', *, *, #7109, .T. ) ;
#8364 = EDGE_CURVE ( 'NONE', #7968, #7833, #6830, .T. ) ;
#8365 = ORIENTED_EDGE ( 'NONE', *, *, #380, .T. ) ;
#8366 = DIRECTION ( 'NONE',  ( 0.2588190451025220717, 0.9659258262890678681, -0.000000000000000000 ) ) ;
#8367 = CARTESIAN_POINT ( 'NONE',  ( 2.501452754537962342, 1.225050057699011319, 5.099992964849200838 ) ) ;
#8368 = ORIENTED_EDGE ( 'NONE', *, *, #437, .F. ) ;
#8369 = CARTESIAN_POINT ( 'NONE',  ( 2.649997654931398827, 1.225016686030106161, -4.950968516274151909 ) ) ;
#8370 = AXIS2_PLACEMENT_3D ( 'NONE', #1640, #2236, #1173 ) ;
#8371 = VECTOR ( 'NONE', #5578, 1000.000000000000000 ) ;
#8372 = DIRECTION ( 'NONE',  ( -0.000000000000000000, -0.000000000000000000, -1.000000000000000000 ) ) ;
#8373 = LINE ( 'NONE', #1610, #2813 ) ;
#8374 = ORIENTED_EDGE ( 'NONE', *, *, #239, .T. ) ;
#8375 = EDGE_LOOP ( 'NONE', ( #5307, #2517, #2214, #438 ) ) ;
#8376 = VECTOR ( 'NONE', #3636, 1000.000000000000000 ) ;
#8377 = ORIENTED_EDGE ( 'NONE', *, *, #2545, .F. ) ;
#8378 = CARTESIAN_POINT ( 'NONE',  ( -2.649999999999999911, 1.075000000000001288, 0.8500000000000000888 ) ) ;
#8379 = AXIS2_PLACEMENT_3D ( 'NONE', #284, #3632, #1206 ) ;
#8380 = CARTESIAN_POINT ( 'NONE',  ( -3.341019420808970963, 0.04776069289263030343, -2.120000000000000107 ) ) ;
#8381 = CARTESIAN_POINT ( 'NONE',  ( -2.649999999999999911, 1.075000000000001288, 3.389999999999999680 ) ) ;
#8382 = EDGE_CURVE ( 'NONE', #1299, #3378, #1328, .T. ) ;
#8383 = CARTESIAN_POINT ( 'NONE',  ( -3.099999999999999645, 0.2499999999999996392, 3.389999999999999680 ) ) ;
#8384 = CARTESIAN_POINT ( 'NONE',  ( 2.783586933657053564, 0.9507309672654410404, -0.4200000000000002620 ) ) ;
#8385 = CIRCLE ( 'NONE', #7865, 0.1242690327345600532 ) ;
#8386 = VECTOR ( 'NONE', #4234, 1000.000000000000114 ) ;
#8387 = ADVANCED_FACE ( 'NONE', ( #4138 ), #2083, .F. ) ;
#8388 = CARTESIAN_POINT ( 'NONE',  ( -2.783586933657053564, 0.9507309672654410404, 3.389999999999999680 ) ) ;
#8389 = PLANE ( 'NONE',  #4557 ) ;
#8390 = ORIENTED_EDGE ( 'NONE', *, *, #3513, .T. ) ;
#8391 = VERTEX_POINT ( 'NONE', #1576 ) ;
#8392 = LINE ( 'NONE', #4610, #11 ) ;
#8393 = ORIENTED_EDGE ( 'NONE', *, *, #3212, .T. ) ;
#8394 = DIRECTION ( 'NONE',  ( 1.000000000000000000, 1.623215898148971142E-15, -0.000000000000000000 ) ) ;
#8395 = MECHANICAL_DESIGN_GEOMETRIC_PRESENTATION_REPRESENTATION (  '', ( #4093 ), #5861 ) ;
#8396 = CARTESIAN_POINT ( 'NONE',  ( 2.783586933657053564, 1.225000000000001199, 4.230000000000000426 ) ) ;
#8397 = EDGE_CURVE ( 'NONE', #2736, #1093, #6844, .T. ) ;
ENDSEC;
END-ISO-10303-21;
