ISO-10303-21;
HEADER;
FILE_DESCRIPTION (( 'STEP AP214' ),
    '1' );
FILE_NAME ('XAL6030.STEP',
    '2017-10-17T12:51:29',
    ( '' ),
    ( '' ),
    'SwSTEP 2.0',
    'SolidWorks 2017',
    '' );
FILE_SCHEMA (( 'AUTOMOTIVE_DESIGN' ));
ENDSEC;

DATA;
#1 = CARTESIAN_POINT ( 'NONE',  ( -1.460944057873250000, 3.000000000000000000, -0.4915082190782411000 ) ) ;
#2 = PLANE ( 'NONE',  #1384 ) ;
#3 = EDGE_CURVE ( 'NONE', #286, #2509, #376, .T. ) ;
#4 = CARTESIAN_POINT ( 'NONE',  ( -1.394999999999999400, -0.1000000000000000100, -2.500000000000000000 ) ) ;
#5 = FILL_AREA_STYLE_COLOUR ( '', #2504 ) ;
#6 = FACE_OUTER_BOUND ( 'NONE', #920, .T. ) ;
#7 = CARTESIAN_POINT ( 'NONE',  ( 2.413133004754694200, 2.999000000000000100, -0.02076645803834160200 ) ) ;
#8 = DIRECTION ( 'NONE',  ( 0.0000000000000000000, 0.0000000000000000000, 1.000000000000000000 ) ) ;
#9 = EDGE_LOOP ( 'NONE', ( #69, #854, #1120, #1596 ) ) ;
#10 = CARTESIAN_POINT ( 'NONE',  ( 2.820885408600847900, 3.000000000000000000, 1.391793638115504700 ) ) ;
#11 = ORIENTED_EDGE ( 'NONE', *, *, #1605, .F. ) ;
#12 = CARTESIAN_POINT ( 'NONE',  ( 1.864254925554881900, 2.999000000000000600, -1.214763294537297900 ) ) ;
#13 = LINE ( 'NONE', #3412, #728 ) ;
#14 = MECHANICAL_DESIGN_GEOMETRIC_PRESENTATION_REPRESENTATION (  '', ( #2917 ), #202 ) ;
#15 = EDGE_CURVE ( 'NONE', #524, #1396, #1219, .T. ) ;
#16 = EDGE_LOOP ( 'NONE', ( #1328, #98, #1749, #2200 ) ) ;
#17 = ADVANCED_FACE ( 'NONE', ( #3240 ), #2114, .F. ) ;
#18 = ORIENTED_EDGE ( 'NONE', *, *, #1866, .T. ) ;
#19 = COLOUR_RGB ( '',1.000000000000000000, 1.000000000000000000, 1.000000000000000000 ) ;
#20 = LINE ( 'NONE', #1901, #1438 ) ;
#21 =( NAMED_UNIT ( * ) PLANE_ANGLE_UNIT ( ) SI_UNIT ( $, .RADIAN. ) );
#22 = PRESENTATION_STYLE_ASSIGNMENT (( #375 ) ) ;
#23 = CARTESIAN_POINT ( 'NONE',  ( 1.938997777366151300, 2.999000000000000600, -1.171740903265791500 ) ) ;
#24 = CARTESIAN_POINT ( 'NONE',  ( 2.154014702461950500, 2.999000000000000600, 0.08452008951864561900 ) ) ;
#25 = CIRCLE ( 'NONE', #3204, 0.2500000000000002200 ) ;
#26 = FILL_AREA_STYLE ('',( #548 ) ) ;
#27 = FILL_AREA_STYLE ('',( #1604 ) ) ;
#28 = ORIENTED_EDGE ( 'NONE', *, *, #1537, .T. ) ;
#29 = COLOUR_RGB ( '',0.8274509803921568100, 0.8392156862745098200, 0.8274509803921568100 ) ;
#30 = PRESENTATION_LAYER_ASSIGNMENT (  '', '', ( #3121 ) ) ;
#31 = DIRECTION ( 'NONE',  ( -0.0000000000000000000, 1.000000000000000000, -0.0000000000000000000 ) ) ;
#32 = ADVANCED_FACE ( 'NONE', ( #2323 ), #1854, .F. ) ;
#33 = COLOUR_RGB ( '',1.000000000000000000, 1.000000000000000000, 1.000000000000000000 ) ;
#34 = MECHANICAL_DESIGN_GEOMETRIC_PRESENTATION_REPRESENTATION (  '', ( #2932 ), #216 ) ;
#35 = EDGE_CURVE ( 'NONE', #632, #2555, #3378, .T. ) ;
#36 = CARTESIAN_POINT ( 'NONE',  ( 1.545847908274908600, 2.999000000000000600, -0.2884809478724699200 ) ) ;
#37 = SURFACE_STYLE_USAGE ( .BOTH. , #1627 ) ;
#38 = DIRECTION ( 'NONE',  ( -0.0000000000000000000, 1.000000000000000000, -0.0000000000000000000 ) ) ;
#39 = CARTESIAN_POINT ( 'NONE',  ( 1.340116177831617300, 2.999000000000000100, -0.4928217464998799800 ) ) ;
#40 = CARTESIAN_POINT ( 'NONE',  ( 2.644999999999999100, -0.1000000000000000100, -2.500000000000000400 ) ) ;
#41 = CARTESIAN_POINT ( 'NONE',  ( 1.545847908274908600, 2.999000000000000600, -1.442327101718624300 ) ) ;
#42 = LINE ( 'NONE', #3180, #1462 ) ;
#43 =( LENGTH_UNIT ( ) NAMED_UNIT ( * ) SI_UNIT ( .MILLI., .METRE. ) );
#44 = VERTEX_POINT ( 'NONE', #1421 ) ;
#45 = CARTESIAN_POINT ( 'NONE',  ( 1.616233160057057200, 2.999999999999999100, -0.2291629047607853500 ) ) ;
#46 = VECTOR ( 'NONE', #38, 1000.000000000000000 ) ;
#47 = ORIENTED_EDGE ( 'NONE', *, *, #2934, .T. ) ;
#48 = ORIENTED_EDGE ( 'NONE', *, *, #2687, .F. ) ;
#49 = CARTESIAN_POINT ( 'NONE',  ( 2.820885408600847900, 2.999000000000000100, 1.199485945807812400 ) ) ;
#50 = CARTESIAN_POINT ( 'NONE',  ( 1.532423870139309600, 2.999000000000000100, 0.8533320996539662800 ) ) ;
#51 = CARTESIAN_POINT ( 'NONE',  ( 2.820885408600847900, 2.999000000000000100, 0.04563979196165846000 ) ) ;
#52 = SURFACE_STYLE_USAGE ( .BOTH. , #1100 ) ;
#53 = MECHANICAL_DESIGN_GEOMETRIC_PRESENTATION_REPRESENTATION (  '', ( #2950 ), #238 ) ;
#54 =( NAMED_UNIT ( * ) SI_UNIT ( $, .STERADIAN. ) SOLID_ANGLE_UNIT ( ) );
#55 = SURFACE_STYLE_FILL_AREA ( #3197 ) ;
#56 = ORIENTED_EDGE ( 'NONE', *, *, #2755, .F. ) ;
#57 = CARTESIAN_POINT ( 'NONE',  ( 2.154014702461950500, 3.000000000000000000, 0.08452008951864561900 ) ) ;
#58 = ORIENTED_EDGE ( 'NONE', *, *, #2360, .F. ) ;
#59 = LINE ( 'NONE', #1137, #772 ) ;
#60 = FILL_AREA_STYLE ('',( #113 ) ) ;
#61 = DIRECTION ( 'NONE',  ( 0.0000000000000000000, 0.0000000000000000000, 1.000000000000000000 ) ) ;
#62 = EDGE_CURVE ( 'NONE', #1492, #1707, #648, .T. ) ;
#63 = VERTEX_POINT ( 'NONE', #1320 ) ;
#64 = DIRECTION ( 'NONE',  ( 1.000000000000000000, 0.0000000000000000000, 0.0000000000000000000 ) ) ;
#65 =( NAMED_UNIT ( * ) PLANE_ANGLE_UNIT ( ) SI_UNIT ( $, .RADIAN. ) );
#66 =( GEOMETRIC_REPRESENTATION_CONTEXT ( 3 ) GLOBAL_UNCERTAINTY_ASSIGNED_CONTEXT ( ( #2445 ) ) GLOBAL_UNIT_ASSIGNED_CONTEXT ( ( #2500, #899, #2761 ) ) REPRESENTATION_CONTEXT ( 'NONE', 'WORKASPACE' ) );
#67 = CARTESIAN_POINT ( 'NONE',  ( 2.516515676244705600, 2.999000000000000600, 1.350729495801759300 ) ) ;
#68 = SURFACE_STYLE_USAGE ( .BOTH. , #111 ) ;
#69 = ORIENTED_EDGE ( 'NONE', *, *, #855, .T. ) ;
#70 = ORIENTED_EDGE ( 'NONE', *, *, #907, .F. ) ;
#71 = SURFACE_STYLE_USAGE ( .BOTH. , #1948 ) ;
#72 = CARTESIAN_POINT ( 'NONE',  ( 1.340116177831617300, 2.999000000000000100, 0.6610244073462739900 ) ) ;
#73 = ADVANCED_FACE ( 'NONE', ( #1265 ), #1566, .F. ) ;
#74 = CARTESIAN_POINT ( 'NONE',  ( 3.280000000000000700, 3.000000000000000000, 3.129999999999998100 ) ) ;
#75 = UNCERTAINTY_MEASURE_WITH_UNIT (LENGTH_MEASURE( 1.000000000000000100E-005 ), #2717, 'distance_accuracy_value', 'NONE');
#76 = ORIENTED_EDGE ( 'NONE', *, *, #348, .T. ) ;
#77 = SURFACE_STYLE_USAGE ( .BOTH. , #1670 ) ;
#78 = DIRECTION ( 'NONE',  ( 1.000000000000000000, 0.0000000000000000000, 0.0000000000000000000 ) ) ;
#79 = CARTESIAN_POINT ( 'NONE',  ( 1.938997777366151300, 2.999999999999999600, 1.135951404426516700 ) ) ;
#80 = UNCERTAINTY_MEASURE_WITH_UNIT (LENGTH_MEASURE( 1.000000000000000100E-005 ), #2911, 'distance_accuracy_value', 'NONE');
#81 = DIRECTION ( 'NONE',  ( 1.000000000000000000, 0.0000000000000000000, -0.0000000000000000000 ) ) ;
#82 = PRESENTATION_LAYER_ASSIGNMENT (  '', '', ( #3161 ) ) ;
#83 = PRESENTATION_LAYER_ASSIGNMENT (  '', '', ( #3162 ) ) ;
#84 = EDGE_LOOP ( 'NONE', ( #2636, #2803, #677, #2996 ) ) ;
#85 = EDGE_CURVE ( 'NONE', #326, #2109, #1008, .T. ) ;
#86 = CARTESIAN_POINT ( 'NONE',  ( 1.726164558568521200, 2.999999999999999600, 0.8292835619132366000 ) ) ;
#87 =( LENGTH_UNIT ( ) NAMED_UNIT ( * ) SI_UNIT ( .MILLI., .METRE. ) );
#88 = UNCERTAINTY_MEASURE_WITH_UNIT (LENGTH_MEASURE( 1.000000000000000100E-005 ), #221, 'distance_accuracy_value', 'NONE');
#89 = SURFACE_STYLE_USAGE ( .BOTH. , #1310 ) ;
#90 = FILL_AREA_STYLE_COLOUR ( '', #235 ) ;
#91 =( LENGTH_UNIT ( ) NAMED_UNIT ( * ) SI_UNIT ( .MILLI., .METRE. ) );
#92 = CARTESIAN_POINT ( 'NONE',  ( 1.573054305422271900, 2.998999999999999700, 0.8897526120689129800 ) ) ;
#93 = ADVANCED_FACE ( 'NONE', ( #1740 ), #369, .F. ) ;
#94 = EDGE_LOOP ( 'NONE', ( #2157, #2304, #176, #179 ) ) ;
#95 = CARTESIAN_POINT ( 'NONE',  ( 1.674202334968583300, 3.000000000000000000, -1.511670103368702100 ) ) ;
#96 = DIRECTION ( 'NONE',  ( -0.0000000000000000000, 0.0000000000000000000, -1.000000000000000000 ) ) ;
#97 = ORIENTED_EDGE ( 'NONE', *, *, #1318, .F. ) ;
#98 = ORIENTED_EDGE ( 'NONE', *, *, #718, .F. ) ;
#99 = CARTESIAN_POINT ( 'NONE',  ( 2.281391061627109400, 3.000000000000000400, 1.094630372381885100 ) ) ;
#100 = CARTESIAN_POINT ( 'NONE',  ( 1.780985762146028100, 3.000000000000000400, 0.8627818367072952500 ) ) ;
#101 = FILL_AREA_STYLE ('',( #2745 ) ) ;
#102 = PRESENTATION_LAYER_ASSIGNMENT (  '', '', ( #3175 ) ) ;
#103 = CARTESIAN_POINT ( 'NONE',  ( 1.035752005118878000, 3.000000000000000000, -0.3773641245900625800 ) ) ;
#104 = MECHANICAL_DESIGN_GEOMETRIC_PRESENTATION_REPRESENTATION (  '', ( #3177 ), #282 ) ;
#105 = AXIS2_PLACEMENT_3D ( 'NONE', #72, #1934, #345 ) ;
#106 = ORIENTED_EDGE ( 'NONE', *, *, #3219, .T. ) ;
#107 = CARTESIAN_POINT ( 'NONE',  ( 1.573054305422271900, 2.999999999999999600, 0.8897526120689129800 ) ) ;
#108 = SURFACE_SIDE_STYLE ('',( #1261 ) ) ;
#109 = EDGE_CURVE ( 'NONE', #3170, #2177, #59, .T. ) ;
#110 = SURFACE_SIDE_STYLE ('',( #2784 ) ) ;
#111 = SURFACE_SIDE_STYLE ('',( #2505 ) ) ;
#112 = CARTESIAN_POINT ( 'NONE',  ( 2.369291950611821300, 3.000000000000000000, 1.120284538623585800 ) ) ;
#113 = FILL_AREA_STYLE_COLOUR ( '', #1112 ) ;
#114 = FACE_OUTER_BOUND ( 'NONE', #2344, .T. ) ;
#115 = ADVANCED_FACE ( 'NONE', ( #2110 ), #1947, .F. ) ;
#116 = CARTESIAN_POINT ( 'NONE',  ( -0.9375686641724579900, 3.000000000000000000, 0.7845482376146686300 ) ) ;
#117 =( NAMED_UNIT ( * ) SI_UNIT ( $, .STERADIAN. ) SOLID_ANGLE_UNIT ( ) );
#118 = LINE ( 'NONE', #1512, #808 ) ;
#119 = COLOUR_RGB ( '',1.000000000000000000, 1.000000000000000000, 1.000000000000000000 ) ;
#120 =( LENGTH_UNIT ( ) NAMED_UNIT ( * ) SI_UNIT ( .MILLI., .METRE. ) );
#121 = CARTESIAN_POINT ( 'NONE',  ( 1.495765216293155600, 3.000000000000000000, -0.4928217464998799800 ) ) ;
#122 = ORIENTED_EDGE ( 'NONE', *, *, #704, .F. ) ;
#123 = CARTESIAN_POINT ( 'NONE',  ( -2.342543542519445000, 2.999000000000000100, -3.000000000000000000 ) ) ;
#124 = CARTESIAN_POINT ( 'NONE',  ( 2.728064011027710600, 2.999000000000000100, 0.2323430699478157300 ) ) ;
#125 = AXIS2_PLACEMENT_3D ( 'NONE', #1314, #3173, #1599 ) ;
#126 = SURFACE_SIDE_STYLE ('',( #140 ) ) ;
#127 = CARTESIAN_POINT ( 'NONE',  ( 1.780985762146028100, 2.999000000000000600, -0.2910643171388592200 ) ) ;
#128 = FILL_AREA_STYLE ('',( #1161 ) ) ;
#129 = CARTESIAN_POINT ( 'NONE',  ( 1.045314170473210700, 2.999000000000000100, -0.07946810096801443200 ) ) ;
#130 = FILL_AREA_STYLE ('',( #624 ) ) ;
#131 = STYLED_ITEM ( 'NONE', ( #464 ), #592 ) ;
#132 = VECTOR ( 'NONE', #1398, 1000.000000000000000 ) ;
#133 = EDGE_CURVE ( 'NONE', #1568, #2469, #1131, .T. ) ;
#134 = CARTESIAN_POINT ( 'NONE',  ( 1.758162665760972600, 2.998999999999999700, -0.1265986625738373900 ) ) ;
#135 = STYLED_ITEM ( 'NONE', ( #2616 ), #2152 ) ;
#136 = ORIENTED_EDGE ( 'NONE', *, *, #2727, .T. ) ;
#137 = ORIENTED_EDGE ( 'NONE', *, *, #1415, .F. ) ;
#138 = VECTOR ( 'NONE', #1953, 1000.000000000000000 ) ;
#139 = CARTESIAN_POINT ( 'NONE',  ( 2.369291950611820900, 3.000000000000000000, -0.03356161522256832800 ) ) ;
#140 = SURFACE_STYLE_FILL_AREA ( #1729 ) ;
#141 = CARTESIAN_POINT ( 'NONE',  ( 1.340116177831617300, 2.999000000000000100, -1.646667900346034300 ) ) ;
#142 = CARTESIAN_POINT ( 'NONE',  ( 1.532423870139309600, 2.999000000000000100, -1.454360208038342000 ) ) ;
#143 = PRESENTATION_STYLE_ASSIGNMENT (( #495 ) ) ;
#144 = DIRECTION ( 'NONE',  ( 0.0000000000000000000, 0.0000000000000000000, 1.000000000000000000 ) ) ;
#145 = PRESENTATION_STYLE_ASSIGNMENT (( #37 ) ) ;
#146 = ORIENTED_EDGE ( 'NONE', *, *, #2122, .T. ) ;
#147 = FACE_OUTER_BOUND ( 'NONE', #1174, .T. ) ;
#148 = DIRECTION ( 'NONE',  ( 1.000000000000000000, 0.0000000000000000000, 0.0000000000000000000 ) ) ;
#149 = ORIENTED_EDGE ( 'NONE', *, *, #486, .F. ) ;
#150 = CARTESIAN_POINT ( 'NONE',  ( 1.864254925554881900, 3.000000000000000000, -0.06091714069114381000 ) ) ;
#151 = SURFACE_SIDE_STYLE ('',( #210 ) ) ;
#152 = PRESENTATION_LAYER_ASSIGNMENT (  '', '', ( #327 ) ) ;
#153 = ORIENTED_EDGE ( 'NONE', *, *, #1318, .T. ) ;
#154 = B_SPLINE_CURVE_WITH_KNOTS ( 'NONE', 3,
 ( #1451, #3301, #2004, #413, #2264, #670, #2536, #934, #2794, #1192, #3048, #1475, #3311, #1750, #150, #2018, #421, #2278, #681, #2545, #945, #2809, #1203 ),
 .UNSPECIFIED., .F., .F.,
 ( 4, 1, 1, 1, 1, 1, 1, 1, 1, 1, 1, 1, 1, 1, 1, 1, 1, 1, 1, 1, 4 ),
 ( 0.0000000000000000000, 0.03151551312998467800, 0.06480979674365734700, 0.09991169883527570300, 0.1366755286001708800, 0.1751432978746824400, 0.2157650117082458300, 0.2581569125231219000, 0.3022930440652046300, 0.3927408518774001000, 0.4832984694610615900, 0.5744114847371661900, 0.6664774093514971300, 0.7120107481430554300, 0.7563744975915032100, 0.7998154803065211600, 0.8419616993485903300, 0.8828431755911850800, 0.9229180315891946100, 0.9619666184423850700, 1.000000000000000000 ),
 .UNSPECIFIED. ) ;
#155 = CARTESIAN_POINT ( 'NONE',  ( 2.820885408600847900, 3.000000000000000000, -1.108206361884495900 ) ) ;
#156 = PRESENTATION_LAYER_ASSIGNMENT (  '', '', ( #3216 ) ) ;
#157 = STYLED_ITEM ( 'NONE', ( #2638 ), #1433 ) ;
#158 = DIRECTION ( 'NONE',  ( -0.0000000000000000000, 1.000000000000000000, -0.0000000000000000000 ) ) ;
#159 = CARTESIAN_POINT ( 'NONE',  ( -3.029999999999999800, 3.000000000000000000, -3.129999999999999000 ) ) ;
#160 = EDGE_CURVE ( 'NONE', #3140, #1212, #1859, .T. ) ;
#161 = CARTESIAN_POINT ( 'NONE',  ( 1.035752005118878000, 2.999000000000000100, -0.3773641245900625800 ) ) ;
#162 = STYLED_ITEM ( 'NONE', ( #1286 ), #3262 ) ;
#163 = ORIENTED_EDGE ( 'NONE', *, *, #2233, .T. ) ;
#164 = CARTESIAN_POINT ( 'NONE',  ( 3.030000000000000700, 3.000000000000000000, 3.380000000000000300 ) ) ;
#165 = CARTESIAN_POINT ( 'NONE',  ( 2.509208633401670800, 2.999999999999999600, 1.158257326126563800 ) ) ;
#166 = CARTESIAN_POINT ( 'NONE',  ( 1.340116177831617300, 3.000000000000000000, -0.4928217464998799800 ) ) ;
#167 = B_SPLINE_SURFACE_WITH_KNOTS ( 'NONE', 3, 1, ( 
 ( #7, #1724 ),
 ( #1735, #1896 ),
 ( #1907, #1680 ),
 ( #1625, #1640 ),
 ( #1388, #1457 ),
 ( #1886, #1482 ),
 ( #1755, #1865 ) ),
 .UNSPECIFIED., .F., .F., .F.,
 ( 4, 1, 1, 1, 4 ),
 ( 2, 2 ),
 ( 0.0000000000000000000, 0.2372165186042107800, 0.4825864912431359600, 0.7368469271779308800, 0.9999999999999998900 ),
 ( 0.0000000000000000000, 1.000000000000000000 ),
 .UNSPECIFIED. ) ;
#168 = DIRECTION ( 'NONE',  ( -0.0000000000000000000, 1.000000000000000000, -0.0000000000000000000 ) ) ;
#169 = VERTEX_POINT ( 'NONE', #2518 ) ;
#170 =( LENGTH_UNIT ( ) NAMED_UNIT ( * ) SI_UNIT ( .MILLI., .METRE. ) );
#171 = CARTESIAN_POINT ( 'NONE',  ( 0.7069589736228169000, 2.999000000000000100, -0.05331455766092815800 ) ) ;
#172 = EDGE_CURVE ( 'NONE', #515, #1284, #1713, .T. ) ;
#173 = DIRECTION ( 'NONE',  ( -0.0000000000000000000, 1.000000000000000000, -0.0000000000000000000 ) ) ;
#174 = LINE ( 'NONE', #2816, #2897 ) ;
#175 = CARTESIAN_POINT ( 'NONE',  ( 2.626830547245513800, 3.000000000000000400, -0.9349808063411594300 ) ) ;
#176 = ORIENTED_EDGE ( 'NONE', *, *, #2554, .F. ) ;
#177 = CARTESIAN_POINT ( 'NONE',  ( 1.726164558568521200, 2.998999999999999700, -0.3245625919329168100 ) ) ;
#178 = MECHANICAL_DESIGN_GEOMETRIC_PRESENTATION_REPRESENTATION (  '', ( #3073 ), #357 ) ;
#179 = ORIENTED_EDGE ( 'NONE', *, *, #2900, .T. ) ;
#180 = PRESENTATION_LAYER_ASSIGNMENT (  '', '', ( #3247 ) ) ;
#181 = LINE ( 'NONE', #917, #1584 ) ;
#182 =( LENGTH_UNIT ( ) NAMED_UNIT ( * ) SI_UNIT ( .MILLI., .METRE. ) );
#183 =( NAMED_UNIT ( * ) SI_UNIT ( $, .STERADIAN. ) SOLID_ANGLE_UNIT ( ) );
#184 = COLOUR_RGB ( '',1.000000000000000000, 1.000000000000000000, 1.000000000000000000 ) ;
#185 = VECTOR ( 'NONE', #937, 1000.000000000000000 ) ;
#186 = EDGE_CURVE ( 'NONE', #2386, #1558, #2402, .T. ) ;
#187 = ORIENTED_EDGE ( 'NONE', *, *, #704, .T. ) ;
#188 = CARTESIAN_POINT ( 'NONE',  ( 1.573054305422271900, 2.998999999999999700, 0.8897526120689129800 ) ) ;
#189 = CARTESIAN_POINT ( 'NONE',  ( 1.708557197792374800, 2.999999999999999100, -1.314089917337274400 ) ) ;
#190 = ORIENTED_EDGE ( 'NONE', *, *, #2183, .T. ) ;
#191 = FACE_OUTER_BOUND ( 'NONE', #219, .T. ) ;
#192 = ORIENTED_EDGE ( 'NONE', *, *, #526, .F. ) ;
#193 = CARTESIAN_POINT ( 'NONE',  ( 2.516515676244705600, 3.000000000000000400, 1.350729495801759300 ) ) ;
#194 = DIRECTION ( 'NONE',  ( -1.000000000000000000, 0.0000000000000000000, 0.0000000000000000000 ) ) ;
#195 = ORIENTED_EDGE ( 'NONE', *, *, #3410, .F. ) ;
#196 = DIRECTION ( 'NONE',  ( 0.0000000000000000000, 0.0000000000000000000, -1.000000000000000000 ) ) ;
#197 = CARTESIAN_POINT ( 'NONE',  ( 0.1201164539377799500, 2.999000000000000100, 0.7592294580871055100 ) ) ;
#198 = PRESENTATION_STYLE_ASSIGNMENT (( #1621 ) ) ;
#199 = CARTESIAN_POINT ( 'NONE',  ( 1.809945688435240700, 2.999000000000000100, -1.247085109316442300 ) ) ;
#200 = UNCERTAINTY_MEASURE_WITH_UNIT (LENGTH_MEASURE( 1.000000000000000100E-005 ), #750, 'distance_accuracy_value', 'NONE');
#201 = B_SPLINE_CURVE_WITH_KNOTS ( 'NONE', 3,
 ( #3024, #1232, #3112, #1524 ),
 .UNSPECIFIED., .F., .F.,
 ( 4, 4 ),
 ( 0.2727272727272727100, 0.3636363636363636500 ),
 .UNSPECIFIED. ) ;
#202 =( GEOMETRIC_REPRESENTATION_CONTEXT ( 3 ) GLOBAL_UNCERTAINTY_ASSIGNED_CONTEXT ( ( #2662 ) ) GLOBAL_UNIT_ASSIGNED_CONTEXT ( ( #43, #1734, #2242 ) ) REPRESENTATION_CONTEXT ( 'NONE', 'WORKASPACE' ) );
#203 = DIRECTION ( 'NONE',  ( -1.000000000000000000, 0.0000000000000000000, 0.0000000000000000000 ) ) ;
#204 =( NAMED_UNIT ( * ) SI_UNIT ( $, .STERADIAN. ) SOLID_ANGLE_UNIT ( ) );
#205 = SURFACE_STYLE_FILL_AREA ( #3355 ) ;
#206 = EDGE_CURVE ( 'NONE', #2144, #1034, #281, .T. ) ;
#207 = VERTEX_POINT ( 'NONE', #2481 ) ;
#208 =( NAMED_UNIT ( * ) PLANE_ANGLE_UNIT ( ) SI_UNIT ( $, .RADIAN. ) );
#209 = STYLED_ITEM ( 'NONE', ( #1084 ), #1918 ) ;
#210 = SURFACE_STYLE_FILL_AREA ( #2175 ) ;
#211 = CARTESIAN_POINT ( 'NONE',  ( 0.5118499578747857100, 2.999000000000000100, 1.180165363598914900 ) ) ;
#212 =( NAMED_UNIT ( * ) PLANE_ANGLE_UNIT ( ) SI_UNIT ( $, .RADIAN. ) );
#213 = FILL_AREA_STYLE ('',( #3381 ) ) ;
#214 = SURFACE_STYLE_FILL_AREA ( #1060 ) ;
#215 = MECHANICAL_DESIGN_GEOMETRIC_PRESENTATION_REPRESENTATION (  '', ( #3121 ), #404 ) ;
#216 =( GEOMETRIC_REPRESENTATION_CONTEXT ( 3 ) GLOBAL_UNCERTAINTY_ASSIGNED_CONTEXT ( ( #2657 ) ) GLOBAL_UNIT_ASSIGNED_CONTEXT ( ( #2891, #2928, #2938 ) ) REPRESENTATION_CONTEXT ( 'NONE', 'WORKASPACE' ) );
#217 = B_SPLINE_CURVE_WITH_KNOTS ( 'NONE', 3,
 ( #561, #816, #2686, #1079 ),
 .UNSPECIFIED., .F., .F.,
 ( 4, 4 ),
 ( 0.5454545454545455300, 0.6363636363636364600 ),
 .UNSPECIFIED. ) ;
#218 = EDGE_CURVE ( 'NONE', #2735, #1374, #1610, .T. ) ;
#219 = EDGE_LOOP ( 'NONE', ( #3415, #48, #1525, #1984 ) ) ;
#220 = SURFACE_STYLE_USAGE ( .BOTH. , #1818 ) ;
#221 =( LENGTH_UNIT ( ) NAMED_UNIT ( * ) SI_UNIT ( .MILLI., .METRE. ) );
#222 =( LENGTH_UNIT ( ) NAMED_UNIT ( * ) SI_UNIT ( .MILLI., .METRE. ) );
#223 = VERTEX_POINT ( 'NONE', #3232 ) ;
#224 = FACE_OUTER_BOUND ( 'NONE', #2907, .T. ) ;
#225 = VERTEX_POINT ( 'NONE', #1493 ) ;
#226 = FILL_AREA_STYLE_COLOUR ( '', #2515 ) ;
#227 = CARTESIAN_POINT ( 'NONE',  ( -1.403721538188214200, 3.000000000000000000, -0.6904148726215504400 ) ) ;
#228 =( NAMED_UNIT ( * ) SI_UNIT ( $, .STERADIAN. ) SOLID_ANGLE_UNIT ( ) );
#229 = COLOUR_RGB ( '',1.000000000000000000, 1.000000000000000000, 1.000000000000000000 ) ;
#230 = LINE ( 'NONE', #1190, #2948 ) ;
#231 = ORIENTED_EDGE ( 'NONE', *, *, #753, .F. ) ;
#232 = UNCERTAINTY_MEASURE_WITH_UNIT (LENGTH_MEASURE( 1.000000000000000100E-005 ), #3422, 'distance_accuracy_value', 'NONE');
#233 = ORIENTED_EDGE ( 'NONE', *, *, #2198, .F. ) ;
#234 = CARTESIAN_POINT ( 'NONE',  ( 1.340116177831617300, 3.000000000000000000, 0.4687167150385814800 ) ) ;
#235 = COLOUR_RGB ( '',0.1921568627450980200, 0.2039215686274509800, 0.2039215686274509800 ) ;
#236 = CARTESIAN_POINT ( 'NONE',  ( 2.609234144535451000, 2.999000000000000600, 1.176735893650789000 ) ) ;
#237 = DIRECTION ( 'NONE',  ( 0.0000000000000000000, -1.000000000000000000, 0.0000000000000000000 ) ) ;
#238 =( GEOMETRIC_REPRESENTATION_CONTEXT ( 3 ) GLOBAL_UNCERTAINTY_ASSIGNED_CONTEXT ( ( #88 ) ) GLOBAL_UNIT_ASSIGNED_CONTEXT ( ( #221, #212, #204 ) ) REPRESENTATION_CONTEXT ( 'NONE', 'WORKASPACE' ) );
#239 =( NAMED_UNIT ( * ) PLANE_ANGLE_UNIT ( ) SI_UNIT ( $, .RADIAN. ) );
#240 = FACE_BOUND ( 'NONE', #2153, .T. ) ;
#241 = ORIENTED_EDGE ( 'NONE', *, *, #2374, .F. ) ;
#242 = VERTEX_POINT ( 'NONE', #2059 ) ;
#243 = CARTESIAN_POINT ( 'NONE',  ( 1.920069670880451900, 2.999999999999999600, -1.367743962618212000 ) ) ;
#244 = CARTESIAN_POINT ( 'NONE',  ( -0.8328219318889972200, 3.000000000000000000, 0.3719850486382912900 ) ) ;
#245 = EDGE_CURVE ( 'NONE', #2754, #1736, #989, .T. ) ;
#246 = DIRECTION ( 'NONE',  ( -0.0000000000000000000, 0.0000000000000000000, 1.000000000000000000 ) ) ;
#247 = ORIENTED_EDGE ( 'NONE', *, *, #2494, .F. ) ;
#248 = DIRECTION ( 'NONE',  ( -0.0000000000000000000, 0.0000000000000000000, -1.000000000000000000 ) ) ;
#249 = STYLED_ITEM ( 'NONE', ( #145 ), #2409 ) ;
#250 = VERTEX_POINT ( 'NONE', #602 ) ;
#251 = LINE ( 'NONE', #1217, #1581 ) ;
#252 = ORIENTED_EDGE ( 'NONE', *, *, #666, .T. ) ;
#253 =( NAMED_UNIT ( * ) PLANE_ANGLE_UNIT ( ) SI_UNIT ( $, .RADIAN. ) );
#254 = CARTESIAN_POINT ( 'NONE',  ( -0.8328219318889972200, 2.999000000000000100, 0.3719850486382912900 ) ) ;
#255 = FACE_OUTER_BOUND ( 'NONE', #2719, .T. ) ;
#256 = VERTEX_POINT ( 'NONE', #865 ) ;
#257 =( NAMED_UNIT ( * ) SI_UNIT ( $, .STERADIAN. ) SOLID_ANGLE_UNIT ( ) );
#258 = SURFACE_SIDE_STYLE ('',( #2746 ) ) ;
#259 = LINE ( 'NONE', #415, #1588 ) ;
#260 = EDGE_LOOP ( 'NONE', ( #3280, #2216, #2273, #1129 ) ) ;
#261 = MECHANICAL_DESIGN_GEOMETRIC_PRESENTATION_REPRESENTATION (  '', ( #3161 ), #444 ) ;
#262 = MECHANICAL_DESIGN_GEOMETRIC_PRESENTATION_REPRESENTATION (  '', ( #3162 ), #446 ) ;
#263 = UNCERTAINTY_MEASURE_WITH_UNIT (LENGTH_MEASURE( 1.000000000000000100E-005 ), #2490, 'distance_accuracy_value', 'NONE');
#264 = EDGE_LOOP ( 'NONE', ( #1776, #2102, #2690, #3346, #97, #1770, #1185, #3186 ) ) ;
#265 = VECTOR ( 'NONE', #1047, 1000.000000000000000 ) ;
#266 = VERTEX_POINT ( 'NONE', #3084 ) ;
#267 = EDGE_CURVE ( 'NONE', #2235, #250, #1532, .T. ) ;
#268 = SURFACE_STYLE_USAGE ( .BOTH. , #1354 ) ;
#269 = CARTESIAN_POINT ( 'NONE',  ( -0.4216918137787590800, 3.000000000000000000, 0.5390452848587613500 ) ) ;
#270 = SURFACE_STYLE_FILL_AREA ( #3200 ) ;
#271 =( NAMED_UNIT ( * ) SI_UNIT ( $, .STERADIAN. ) SOLID_ANGLE_UNIT ( ) );
#272 = FILL_AREA_STYLE_COLOUR ( '', #2650 ) ;
#273 = PLANE ( 'NONE',  #1181 ) ;
#274 = ORIENTED_EDGE ( 'NONE', *, *, #486, .T. ) ;
#275 = PRESENTATION_STYLE_ASSIGNMENT (( #2799 ) ) ;
#276 = CARTESIAN_POINT ( 'NONE',  ( 1.579180658906025800, 2.999999999999999600, 0.7290203420796725900 ) ) ;
#277 = CARTESIAN_POINT ( 'NONE',  ( 1.838891997669495500, 2.999000000000000100, -1.411632525655994700 ) ) ;
#278 = CARTESIAN_POINT ( 'NONE',  ( -1.268840908266949400, 2.999000000000000100, -0.09002983325146933500 ) ) ;
#279 = MECHANICAL_DESIGN_GEOMETRIC_PRESENTATION_REPRESENTATION (  '', ( #3175 ), #2879 ) ;
#280 = CARTESIAN_POINT ( 'NONE',  ( 2.805953668349054500, 2.999999999999999600, 1.391332376730579900 ) ) ;
#281 = LINE ( 'NONE', #3295, #3010 ) ;
#282 =( GEOMETRIC_REPRESENTATION_CONTEXT ( 3 ) GLOBAL_UNCERTAINTY_ASSIGNED_CONTEXT ( ( #452 ) ) GLOBAL_UNIT_ASSIGNED_CONTEXT ( ( #1427, #1169, #908 ) ) REPRESENTATION_CONTEXT ( 'NONE', 'WORKASPACE' ) );
#283 = PRESENTATION_LAYER_ASSIGNMENT (  '', '', ( #3362 ) ) ;
#284 = CARTESIAN_POINT ( 'NONE',  ( 2.509208633401670800, 2.999000000000000100, -1.149434981565744100 ) ) ;
#285 = ADVANCED_FACE ( 'NONE', ( #1702 ), #1257, .F. ) ;
#286 = VERTEX_POINT ( 'NONE', #1140 ) ;
#287 = CARTESIAN_POINT ( 'NONE',  ( 2.035371029559561100, 2.999000000000000600, -1.121964795761634100 ) ) ;
#288 = EDGE_CURVE ( 'NONE', #1284, #2831, #3297, .T. ) ;
#289 = FACE_OUTER_BOUND ( 'NONE', #3193, .T. ) ;
#290 = CARTESIAN_POINT ( 'NONE',  ( 1.920069670880451900, 2.998999999999999700, -1.367743962618212000 ) ) ;
#291 = COLOUR_RGB ( '',1.000000000000000000, 1.000000000000000000, 1.000000000000000000 ) ;
#292 =( NAMED_UNIT ( * ) PLANE_ANGLE_UNIT ( ) SI_UNIT ( $, .RADIAN. ) );
#293 =( NAMED_UNIT ( * ) SI_UNIT ( $, .STERADIAN. ) SOLID_ANGLE_UNIT ( ) );
#294 = CARTESIAN_POINT ( 'NONE',  ( 2.154014702461950000, 2.998999999999999700, -1.069326064327508700 ) ) ;
#295 = CARTESIAN_POINT ( 'NONE',  ( -1.394999999999999400, 0.0000000000000000000, 2.500000000000000000 ) ) ;
#296 = DIRECTION ( 'NONE',  ( 0.0000000000000000000, 0.0000000000000000000, 1.000000000000000000 ) ) ;
#297 = CARTESIAN_POINT ( 'NONE',  ( 1.340116177831617300, 2.999000000000000100, 0.4687167150385814800 ) ) ;
#298 =( NAMED_UNIT ( * ) SI_UNIT ( $, .STERADIAN. ) SOLID_ANGLE_UNIT ( ) );
#299 = SURFACE_STYLE_FILL_AREA ( #2848 ) ;
#300 = ADVANCED_FACE ( 'NONE', ( #2617 ), #1125, .F. ) ;
#301 = PRESENTATION_LAYER_ASSIGNMENT (  '', '', ( #131 ) ) ;
#302 = ORIENTED_EDGE ( 'NONE', *, *, #2882, .T. ) ;
#303 = EDGE_LOOP ( 'NONE', ( #1172, #231, #153, #439 ) ) ;
#304 = CARTESIAN_POINT ( 'NONE',  ( -2.342543542519445000, 2.999000000000000100, -3.000000000000000000 ) ) ;
#305 = CARTESIAN_POINT ( 'NONE',  ( 2.035371029559560200, 2.999999999999998700, 0.03188135808452023000 ) ) ;
#306 =( NAMED_UNIT ( * ) PLANE_ANGLE_UNIT ( ) SI_UNIT ( $, .RADIAN. ) );
#307 = EDGE_CURVE ( 'NONE', #1560, #2674, #3050, .T. ) ;
#308 = CARTESIAN_POINT ( 'NONE',  ( 1.780985762146027700, 3.000000000000000400, -1.444910470985014000 ) ) ;
#309 =( NAMED_UNIT ( * ) PLANE_ANGLE_UNIT ( ) SI_UNIT ( $, .RADIAN. ) );
#310 = LINE ( 'NONE', #3286, #3039 ) ;
#311 = ORIENTED_EDGE ( 'NONE', *, *, #1909, .T. ) ;
#312 = DIRECTION ( 'NONE',  ( -0.0000000000000000000, 1.000000000000000000, -0.0000000000000000000 ) ) ;
#313 = PRESENTATION_LAYER_ASSIGNMENT (  '', '', ( #135 ) ) ;
#314 = SURFACE_STYLE_FILL_AREA ( #338 ) ;
#315 = SURFACE_STYLE_FILL_AREA ( #213 ) ;
#316 = ADVANCED_FACE ( 'NONE', ( #321 ), #3009, .F. ) ;
#317 = CARTESIAN_POINT ( 'NONE',  ( -1.403721538188214200, 3.000000000000000000, -0.6904148726215504400 ) ) ;
#318 = VERTEX_POINT ( 'NONE', #1088 ) ;
#319 = VECTOR ( 'NONE', #1538, 1000.000000000000000 ) ;
#320 = DIRECTION ( 'NONE',  ( 0.0000000000000000000, 8.195870038091375700E-013, -1.000000000000000000 ) ) ;
#321 = FACE_OUTER_BOUND ( 'NONE', #351, .T. ) ;
#322 = SURFACE_SIDE_STYLE ('',( #518 ) ) ;
#323 = CARTESIAN_POINT ( 'NONE',  ( -0.4786384673220715500, 2.999000000000000100, -0.3698082584483305400 ) ) ;
#324 = CARTESIAN_POINT ( 'NONE',  ( 2.820885408600847900, 3.000000000000000000, -0.9158986695768035500 ) ) ;
#325 = CARTESIAN_POINT ( 'NONE',  ( -1.017344136613405300, 3.000000000000000000, -0.6442699907317904800 ) ) ;
#326 = VERTEX_POINT ( 'NONE', #437 ) ;
#327 = STYLED_ITEM ( 'NONE', ( #2895 ), #2759 ) ;
#328 = CARTESIAN_POINT ( 'NONE',  ( 1.838891997669495700, 2.998999999999999700, 0.8960597820363128700 ) ) ;
#329 = MECHANICAL_DESIGN_GEOMETRIC_PRESENTATION_REPRESENTATION (  '', ( #3216 ), #504 ) ;
#330 = EDGE_CURVE ( 'NONE', #356, #588, #1389, .T. ) ;
#331 = CARTESIAN_POINT ( 'NONE',  ( 2.035371029559560200, 2.998999999999999200, 0.03188135808452023000 ) ) ;
#332 = AXIS2_PLACEMENT_3D ( 'NONE', #649, #2512, #915 ) ;
#333 = CARTESIAN_POINT ( 'NONE',  ( 3.030000000000000700, 0.0000000000000000000, 3.380000000000000300 ) ) ;
#334 = VECTOR ( 'NONE', #2592, 1000.000000000000000 ) ;
#335 = UNCERTAINTY_MEASURE_WITH_UNIT (LENGTH_MEASURE( 1.000000000000000100E-005 ), #403, 'distance_accuracy_value', 'NONE');
#336 = DIRECTION ( 'NONE',  ( 0.6128916609699369700, -0.0000000000000000000, -0.7901669519244093300 ) ) ;
#337 = CARTESIAN_POINT ( 'NONE',  ( 2.281391061627108900, 2.999000000000000100, -1.213061935310422800 ) ) ;
#338 = FILL_AREA_STYLE ('',( #758 ) ) ;
#339 = CARTESIAN_POINT ( 'NONE',  ( 2.457965621820877200, 2.999000000000000100, 1.336455091709908500 ) ) ;
#340 = ADVANCED_FACE ( 'NONE', ( #2117 ), #653, .F. ) ;
#341 = LINE ( 'NONE', #2904, #3068 ) ;
#342 = UNCERTAINTY_MEASURE_WITH_UNIT (LENGTH_MEASURE( 1.000000000000000100E-005 ), #1430, 'distance_accuracy_value', 'NONE');
#343 = CARTESIAN_POINT ( 'NONE',  ( 2.820885408600847900, 2.999000000000000100, -1.108206361884495900 ) ) ;
#344 = CARTESIAN_POINT ( 'NONE',  ( 2.775247423879656100, 2.999000000000000100, 0.2365376660108833300 ) ) ;
#345 = DIRECTION ( 'NONE',  ( 1.000000000000000000, 0.0000000000000000000, 0.0000000000000000000 ) ) ;
#346 = PLANE ( 'NONE',  #973 ) ;
#347 = UNCERTAINTY_MEASURE_WITH_UNIT (LENGTH_MEASURE( 1.000000000000000100E-005 ), #528, 'distance_accuracy_value', 'NONE');
#348 = EDGE_CURVE ( 'NONE', #44, #1516, #392, .T. ) ;
#349 = EDGE_LOOP ( 'NONE', ( #2990, #122, #2985, #252 ) ) ;
#350 = CARTESIAN_POINT ( 'NONE',  ( 1.938997777366151300, 3.000000000000000400, -1.171740903265791500 ) ) ;
#351 = EDGE_LOOP ( 'NONE', ( #2645, #1730, #698, #163 ) ) ;
#352 =( NAMED_UNIT ( * ) PLANE_ANGLE_UNIT ( ) SI_UNIT ( $, .RADIAN. ) );
#353 = EDGE_LOOP ( 'NONE', ( #1431, #978, #3331, #842, #1289, #2726, #965, #773, #2643, #521, #195 ) ) ;
#354 = LINE ( 'NONE', #1037, #265 ) ;
#355 = SURFACE_SIDE_STYLE ('',( #314 ) ) ;
#356 = VERTEX_POINT ( 'NONE', #343 ) ;
#357 =( GEOMETRIC_REPRESENTATION_CONTEXT ( 3 ) GLOBAL_UNCERTAINTY_ASSIGNED_CONTEXT ( ( #80 ) ) GLOBAL_UNIT_ASSIGNED_CONTEXT ( ( #2911, #3105, #3127 ) ) REPRESENTATION_CONTEXT ( 'NONE', 'WORKASPACE' ) );
#358 = CARTESIAN_POINT ( 'NONE',  ( 1.864254925554881700, 3.000000000000000000, 1.092929013155010000 ) ) ;
#359 = MECHANICAL_DESIGN_GEOMETRIC_PRESENTATION_REPRESENTATION (  '', ( #3247 ), #530 ) ;
#360 =( NAMED_UNIT ( * ) PLANE_ANGLE_UNIT ( ) SI_UNIT ( $, .RADIAN. ) );
#361 = ORIENTED_EDGE ( 'NONE', *, *, #2212, .F. ) ;
#362 =( NAMED_UNIT ( * ) SI_UNIT ( $, .STERADIAN. ) SOLID_ANGLE_UNIT ( ) );
#363 = VECTOR ( 'NONE', #2292, 1000.000000000000000 ) ;
#364 = ADVANCED_FACE ( 'NONE', ( #3115 ), #1506, .T. ) ;
#365 = CARTESIAN_POINT ( 'NONE',  ( 1.758162665760972800, 3.000000000000000900, -1.280444816419992200 ) ) ;
#366 = EDGE_CURVE ( 'NONE', #1736, #515, #2171, .T. ) ;
#367 = ORIENTED_EDGE ( 'NONE', *, *, #1067, .T. ) ;
#368 = FILL_AREA_STYLE ('',( #90 ) ) ;
#369 = PLANE ( 'NONE',  #1024 ) ;
#370 = SURFACE_STYLE_FILL_AREA ( #1400 ) ;
#371 = CARTESIAN_POINT ( 'NONE',  ( 1.545847908274908600, 2.999000000000000600, 0.8653652059736839400 ) ) ;
#372 = CARTESIAN_POINT ( 'NONE',  ( 1.780985762146027700, 3.000000000000000400, -1.444910470985014000 ) ) ;
#373 =( NAMED_UNIT ( * ) SI_UNIT ( $, .STERADIAN. ) SOLID_ANGLE_UNIT ( ) );
#374 = CARTESIAN_POINT ( 'NONE',  ( -1.017344136613405300, 2.999000000000000100, -0.6442699907317904800 ) ) ;
#375 = SURFACE_STYLE_USAGE ( .BOTH. , #1963 ) ;
#376 = B_SPLINE_CURVE_WITH_KNOTS ( 'NONE', 3,
 ( #2201, #2154, #2349, #2385 ),
 .UNSPECIFIED., .F., .F.,
 ( 4, 4 ),
 ( 0.7272727272727274000, 0.8181818181818183400 ),
 .UNSPECIFIED. ) ;
#377 = ORIENTED_EDGE ( 'NONE', *, *, #2198, .T. ) ;
#378 = CARTESIAN_POINT ( 'NONE',  ( 1.045314170473210700, 3.000000000000000000, -0.07946810096801443200 ) ) ;
#379 =( NAMED_UNIT ( * ) SI_UNIT ( $, .STERADIAN. ) SOLID_ANGLE_UNIT ( ) );
#380 = CARTESIAN_POINT ( 'NONE',  ( 1.532423870139309600, 2.999999999999999100, 0.8533320996539662800 ) ) ;
#381 = VECTOR ( 'NONE', #2813, 1000.000000000000000 ) ;
#382 = ADVANCED_FACE ( 'NONE', ( #1460 ), #2431, .F. ) ;
#383 =( LENGTH_UNIT ( ) NAMED_UNIT ( * ) SI_UNIT ( .MILLI., .METRE. ) );
#384 = CARTESIAN_POINT ( 'NONE',  ( -1.460944057873250000, 2.999000000000000100, -0.4915082190782411000 ) ) ;
#385 = EDGE_CURVE ( 'NONE', #2016, #1568, #3224, .T. ) ;
#386 = CARTESIAN_POINT ( 'NONE',  ( 2.024109412472069100, 2.999999999999999600, 0.9920454026602213400 ) ) ;
#387 = CARTESIAN_POINT ( 'NONE',  ( 1.495765216293155600, 3.000000000000000000, 0.6610244073462739900 ) ) ;
#388 = CARTESIAN_POINT ( 'NONE',  ( -0.4174714200779703300, 3.000000000000000000, 0.9265010722603344000 ) ) ;
#389 = AXIS2_PLACEMENT_3D ( 'NONE', #825, #604, #2484 ) ;
#390 = CARTESIAN_POINT ( 'NONE',  ( 1.394999999999999400, -0.1000000000000000100, 2.500000000000000400 ) ) ;
#391 =( NAMED_UNIT ( * ) SI_UNIT ( $, .STERADIAN. ) SOLID_ANGLE_UNIT ( ) );
#392 = LINE ( 'NONE', #2995, #1802 ) ;
#393 = CARTESIAN_POINT ( 'NONE',  ( 1.509002830109456700, 3.000000000000000400, -0.4815019858996199600 ) ) ;
#394 = LINE ( 'NONE', #2578, #1803 ) ;
#395 = ORIENTED_EDGE ( 'NONE', *, *, #85, .T. ) ;
#396 = SURFACE_STYLE_USAGE ( .BOTH. , #1986 ) ;
#397 = SURFACE_SIDE_STYLE ('',( #2364 ) ) ;
#398 = EDGE_LOOP ( 'NONE', ( #763, #2087, #2736, #190 ) ) ;
#399 = FACE_OUTER_BOUND ( 'NONE', #2072, .T. ) ;
#400 = CARTESIAN_POINT ( 'NONE',  ( -3.279999999999999800, 0.0000000000000000000, -3.129999999999999000 ) ) ;
#401 = PRESENTATION_STYLE_ASSIGNMENT (( #1069 ) ) ;
#402 = CARTESIAN_POINT ( 'NONE',  ( 2.626830547245513300, 2.999000000000000100, 0.2188653475049952000 ) ) ;
#403 =( LENGTH_UNIT ( ) NAMED_UNIT ( * ) SI_UNIT ( .MILLI., .METRE. ) );
#404 =( GEOMETRIC_REPRESENTATION_CONTEXT ( 3 ) GLOBAL_UNCERTAINTY_ASSIGNED_CONTEXT ( ( #1569 ) ) GLOBAL_UNIT_ASSIGNED_CONTEXT ( ( #759, #2623, #1012 ) ) REPRESENTATION_CONTEXT ( 'NONE', 'WORKASPACE' ) );
#405 = CARTESIAN_POINT ( 'NONE',  ( 1.838891997669496200, 2.999000000000000600, -0.2577863718098409900 ) ) ;
#406 = ORIENTED_EDGE ( 'NONE', *, *, #2554, .T. ) ;
#407 = SURFACE_STYLE_USAGE ( .BOTH. , #1998 ) ;
#408 = EDGE_CURVE ( 'NONE', #546, #356, #630, .T. ) ;
#409 = PLANE ( 'NONE',  #3427 ) ;
#410 = PRESENTATION_STYLE_ASSIGNMENT (( #476 ) ) ;
#411 = VERTEX_POINT ( 'NONE', #2040 ) ;
#412 = CARTESIAN_POINT ( 'NONE',  ( 1.661100619080114100, 2.999000000000001000, -0.1942032417838565900 ) ) ;
#413 = CARTESIAN_POINT ( 'NONE',  ( 2.728064011027710600, 3.000000000000000000, 0.2323430699478157300 ) ) ;
#414 = CARTESIAN_POINT ( 'NONE',  ( 2.413133004754694200, 3.000000000000000000, -0.02076645803834160200 ) ) ;
#415 = CARTESIAN_POINT ( 'NONE',  ( 2.820885408600847900, 2.999000000000000100, -0.9158986695768035500 ) ) ;
#416 = ORIENTED_EDGE ( 'NONE', *, *, #547, .F. ) ;
#417 = CARTESIAN_POINT ( 'NONE',  ( -1.394999999999999400, -0.1000000000000000100, 2.500000000000000000 ) ) ;
#418 = FACE_OUTER_BOUND ( 'NONE', #2670, .T. ) ;
#419 = CARTESIAN_POINT ( 'NONE',  ( -2.644999999999999100, -0.1000000000000000100, -2.500000000000000000 ) ) ;
#420 = STYLED_ITEM ( 'NONE', ( #2176 ), #812 ) ;
#421 = CARTESIAN_POINT ( 'NONE',  ( 1.758162665760972600, 2.999999999999999600, -0.1265986625738373900 ) ) ;
#422 = CARTESIAN_POINT ( 'NONE',  ( 3.030000000000000700, 0.0000000000000000000, 3.129999999999999900 ) ) ;
#423 = B_SPLINE_CURVE_WITH_KNOTS ( 'NONE', 3,
 ( #3128, #3106, #3152, #848 ),
 .UNSPECIFIED., .F., .F.,
 ( 4, 4 ),
 ( 0.6363636363636364600, 0.7272727272727274000 ),
 .UNSPECIFIED. ) ;
#424 = DIRECTION ( 'NONE',  ( 0.0000000000000000000, 0.0000000000000000000, 1.000000000000000000 ) ) ;
#425 = PRESENTATION_LAYER_ASSIGNMENT (  '', '', ( #2118 ) ) ;
#426 = CARTESIAN_POINT ( 'NONE',  ( 0.8876692098432862300, 2.999000000000000100, -0.7146158568735239100 ) ) ;
#427 = LINE ( 'NONE', #821, #1110 ) ;
#428 = EDGE_CURVE ( 'NONE', #44, #1880, #501, .T. ) ;
#429 = CARTESIAN_POINT ( 'NONE',  ( 2.609234144535451000, 2.999000000000000600, 0.02288973980463491300 ) ) ;
#430 = CARTESIAN_POINT ( 'NONE',  ( 2.713525806077725600, 2.999999999999999600, 1.191022566291716200 ) ) ;
#431 = CARTESIAN_POINT ( 'NONE',  ( 1.536069100414741500, 3.000000000000000400, -0.4583570517408311300 ) ) ;
#432 = VERTEX_POINT ( 'NONE', #1022 ) ;
#433 =( NAMED_UNIT ( * ) SI_UNIT ( $, .STERADIAN. ) SOLID_ANGLE_UNIT ( ) );
#434 =( NAMED_UNIT ( * ) PLANE_ANGLE_UNIT ( ) SI_UNIT ( $, .RADIAN. ) );
#435 = ORIENTED_EDGE ( 'NONE', *, *, #2738, .T. ) ;
#436 = ORIENTED_EDGE ( 'NONE', *, *, #1884, .F. ) ;
#437 = CARTESIAN_POINT ( 'NONE',  ( 3.280000000000000700, 0.0000000000000000000, 3.129999999999998100 ) ) ;
#438 = CARTESIAN_POINT ( 'NONE',  ( 1.838891997669496200, 2.999000000000000600, -0.2577863718098409900 ) ) ;
#439 = ORIENTED_EDGE ( 'NONE', *, *, #2918, .T. ) ;
#440 = ORIENTED_EDGE ( 'NONE', *, *, #245, .F. ) ;
#441 = LINE ( 'NONE', #3203, #3169 ) ;
#442 = ORIENTED_EDGE ( 'NONE', *, *, #2082, .F. ) ;
#443 = B_SPLINE_CURVE_WITH_KNOTS ( 'NONE', 3,
 ( #1014, #488, #1021, #2353 ),
 .UNSPECIFIED., .F., .F.,
 ( 4, 4 ),
 ( 0.0000000000000000000, 0.09090909090909091200 ),
 .UNSPECIFIED. ) ;
#444 =( GEOMETRIC_REPRESENTATION_CONTEXT ( 3 ) GLOBAL_UNCERTAINTY_ASSIGNED_CONTEXT ( ( #3013 ) ) GLOBAL_UNIT_ASSIGNED_CONTEXT ( ( #939, #360, #54 ) ) REPRESENTATION_CONTEXT ( 'NONE', 'WORKASPACE' ) );
#445 =( NAMED_UNIT ( * ) SI_UNIT ( $, .STERADIAN. ) SOLID_ANGLE_UNIT ( ) );
#446 =( GEOMETRIC_REPRESENTATION_CONTEXT ( 3 ) GLOBAL_UNCERTAINTY_ASSIGNED_CONTEXT ( ( #1714 ) ) GLOBAL_UNIT_ASSIGNED_CONTEXT ( ( #2524, #1472, #1737 ) ) REPRESENTATION_CONTEXT ( 'NONE', 'WORKASPACE' ) );
#447 = COLOUR_RGB ( '',0.7921568627450980000, 0.8196078431372548800, 0.9333333333333333500 ) ;
#448 = DIRECTION ( 'NONE',  ( 0.0000000000000000000, 0.0000000000000000000, 1.000000000000000000 ) ) ;
#449 = SURFACE_STYLE_USAGE ( .BOTH. , #468 ) ;
#450 = EDGE_CURVE ( 'NONE', #207, #3170, #1913, .T. ) ;
#451 = CARTESIAN_POINT ( 'NONE',  ( -1.213273585432310200, 2.999000000000000100, -0.8421448332514782600 ) ) ;
#452 = UNCERTAINTY_MEASURE_WITH_UNIT (LENGTH_MEASURE( 1.000000000000000100E-005 ), #1427, 'distance_accuracy_value', 'NONE');
#453 = CARTESIAN_POINT ( 'NONE',  ( 1.532423870139309600, 2.999000000000000100, 0.8533320996539662800 ) ) ;
#454 = CARTESIAN_POINT ( 'NONE',  ( 2.376789220336482000, 3.000000000000000000, 1.315345175928500900 ) ) ;
#455 = UNCERTAINTY_MEASURE_WITH_UNIT (LENGTH_MEASURE( 1.000000000000000100E-005 ), #1614, 'distance_accuracy_value', 'NONE');
#456 = DIRECTION ( 'NONE',  ( -0.0000000000000000000, 1.000000000000000000, -0.0000000000000000000 ) ) ;
#457 = DIRECTION ( 'NONE',  ( -0.0000000000000000000, 1.000000000000000000, -0.0000000000000000000 ) ) ;
#458 = CARTESIAN_POINT ( 'NONE',  ( 0.1546570444889525900, 2.999000000000000100, -1.056249203330217100 ) ) ;
#459 = LINE ( 'NONE', #947, #1796 ) ;
#460 = CARTESIAN_POINT ( 'NONE',  ( 2.572842863104024800, 2.999000000000000100, 1.362681500647293000 ) ) ;
#461 = CARTESIAN_POINT ( 'NONE',  ( 0.5118499578747857100, 3.000000000000000000, 1.180165363598914900 ) ) ;
#462 = AXIS2_PLACEMENT_3D ( 'NONE', #1578, #1299, #3154 ) ;
#463 = MECHANICAL_DESIGN_GEOMETRIC_PRESENTATION_REPRESENTATION (  '', ( #3362 ), #636 ) ;
#464 = PRESENTATION_STYLE_ASSIGNMENT (( #2661 ) ) ;
#465 = B_SPLINE_CURVE_WITH_KNOTS ( 'NONE', 3,
 ( #729, #1134, #1105, #655 ),
 .UNSPECIFIED., .F., .F.,
 ( 4, 4 ),
 ( 0.7272727272727274000, 0.8181818181818183400 ),
 .UNSPECIFIED. ) ;
#466 = EDGE_CURVE ( 'NONE', #223, #3120, #2628, .T. ) ;
#467 = CARTESIAN_POINT ( 'NONE',  ( 1.838891997669495500, 3.000000000000000000, -1.411632525655994700 ) ) ;
#468 = SURFACE_SIDE_STYLE ('',( #1432 ) ) ;
#469 = FILL_AREA_STYLE_COLOUR ( '', #1330 ) ;
#470 = VERTEX_POINT ( 'NONE', #304 ) ;
#471 = CARTESIAN_POINT ( 'NONE',  ( 1.340116177831617300, 3.000000000000000000, -0.6851294388075728200 ) ) ;
#472 = EDGE_LOOP ( 'NONE', ( #1766, #2642, #2673, #1428 ) ) ;
#473 = DIRECTION ( 'NONE',  ( -0.0000000000000000000, -1.000000000000000000, -0.0000000000000000000 ) ) ;
#474 = CARTESIAN_POINT ( 'NONE',  ( 0.7069589736228169000, 2.999000000000000100, -0.05331455766092815800 ) ) ;
#475 = ORIENTED_EDGE ( 'NONE', *, *, #3069, .T. ) ;
#476 = SURFACE_STYLE_USAGE ( .BOTH. , #2085 ) ;
#477 = EDGE_LOOP ( 'NONE', ( #948, #149, #2753, #2391, #1827, #2595, #440, #990 ) ) ;
#478 = FACE_OUTER_BOUND ( 'NONE', #1674, .T. ) ;
#479 = MECHANICAL_DESIGN_GEOMETRIC_PRESENTATION_REPRESENTATION (  '', ( #131 ), #659 ) ;
#480 = FILL_AREA_STYLE_COLOUR ( '', #2700 ) ;
#481 = VECTOR ( 'NONE', #1121, 1000.000000000000000 ) ;
#482 = LINE ( 'NONE', #2325, #1822 ) ;
#483 =( NAMED_UNIT ( * ) PLANE_ANGLE_UNIT ( ) SI_UNIT ( $, .RADIAN. ) );
#484 = DIRECTION ( 'NONE',  ( -0.0000000000000000000, 1.000000000000000000, -0.0000000000000000000 ) ) ;
#485 = CARTESIAN_POINT ( 'NONE',  ( 1.864254925554881900, 3.000000000000000400, -1.214763294537297900 ) ) ;
#486 = EDGE_CURVE ( 'NONE', #3054, #2144, #898, .T. ) ;
#487 = SURFACE_SIDE_STYLE ('',( #2068 ) ) ;
#488 = CARTESIAN_POINT ( 'NONE',  ( 1.035752005118878000, 2.999000000000000100, -0.3773641245900625800 ) ) ;
#489 = ORIENTED_EDGE ( 'NONE', *, *, #2978, .T. ) ;
#490 = CARTESIAN_POINT ( 'NONE',  ( -3.279999999999999800, 3.000000000000000000, -3.129999999999999000 ) ) ;
#491 = MECHANICAL_DESIGN_GEOMETRIC_PRESENTATION_REPRESENTATION (  '', ( #135 ), #669 ) ;
#492 = PLANE ( 'NONE',  #2249 ) ;
#493 = COLOUR_RGB ( '',0.8274509803921568100, 0.8392156862745098200, 0.8274509803921568100 ) ;
#494 = CARTESIAN_POINT ( 'NONE',  ( -0.2609979948811267900, 2.999000000000000100, -0.6503999513617134700 ) ) ;
#495 = SURFACE_STYLE_USAGE ( .BOTH. , #508 ) ;
#496 = SURFACE_STYLE_USAGE ( .BOTH. , #355 ) ;
#497 = CARTESIAN_POINT ( 'NONE',  ( 2.713525806077725600, 2.998999999999999700, 1.191022566291716200 ) ) ;
#498 = CARTESIAN_POINT ( 'NONE',  ( 1.532423870139309600, 2.999000000000000100, 1.622562868884735600 ) ) ;
#499 = VECTOR ( 'NONE', #2465, 1000.000000000000000 ) ;
#500 =( NAMED_UNIT ( * ) SI_UNIT ( $, .STERADIAN. ) SOLID_ANGLE_UNIT ( ) );
#501 = LINE ( 'NONE', #761, #1839 ) ;
#502 = AXIS2_PLACEMENT_3D ( 'NONE', #3324, #1758, #2045 ) ;
#503 = LINE ( 'NONE', #746, #3226 ) ;
#504 =( GEOMETRIC_REPRESENTATION_CONTEXT ( 3 ) GLOBAL_UNCERTAINTY_ASSIGNED_CONTEXT ( ( #2061 ) ) GLOBAL_UNIT_ASSIGNED_CONTEXT ( ( #534, #511, #379 ) ) REPRESENTATION_CONTEXT ( 'NONE', 'WORKASPACE' ) );
#505 = PRESENTATION_LAYER_ASSIGNMENT (  '', '', ( #157 ) ) ;
#506 = EDGE_CURVE ( 'NONE', #2138, #785, #427, .T. ) ;
#507 =( NAMED_UNIT ( * ) SI_UNIT ( $, .STERADIAN. ) SOLID_ANGLE_UNIT ( ) );
#508 = SURFACE_SIDE_STYLE ('',( #2876 ) ) ;
#509 = SURFACE_STYLE_FILL_AREA ( #810 ) ;
#510 = PRESENTATION_LAYER_ASSIGNMENT (  '', '', ( #162 ) ) ;
#511 =( NAMED_UNIT ( * ) PLANE_ANGLE_UNIT ( ) SI_UNIT ( $, .RADIAN. ) );
#512 = ORIENTED_EDGE ( 'NONE', *, *, #1242, .F. ) ;
#513 = COLOUR_RGB ( '',0.1921568627450980200, 0.2039215686274509800, 0.2039215686274509800 ) ;
#514 = SURFACE_SIDE_STYLE ('',( #1811 ) ) ;
#515 = VERTEX_POINT ( 'NONE', #2135 ) ;
#516 = FILL_AREA_STYLE_COLOUR ( '', #1408 ) ;
#517 = LINE ( 'NONE', #2618, #3236 ) ;
#518 = SURFACE_STYLE_FILL_AREA ( #2936 ) ;
#519 = SURFACE_STYLE_FILL_AREA ( #2132 ) ;
#520 = ORIENTED_EDGE ( 'NONE', *, *, #3293, .T. ) ;
#521 = ORIENTED_EDGE ( 'NONE', *, *, #855, .F. ) ;
#522 = CARTESIAN_POINT ( 'NONE',  ( 0.7069589736228169000, 3.000000000000000000, -0.05331455766092815800 ) ) ;
#523 =( LENGTH_UNIT ( ) NAMED_UNIT ( * ) SI_UNIT ( .MILLI., .METRE. ) );
#524 = VERTEX_POINT ( 'NONE', #3110 ) ;
#525 = DIRECTION ( 'NONE',  ( 0.0000000000000000000, 0.0000000000000000000, 1.000000000000000000 ) ) ;
#526 = EDGE_CURVE ( 'NONE', #3090, #2318, #341, .T. ) ;
#527 = CARTESIAN_POINT ( 'NONE',  ( 3.280000000000000700, 3.000000000000000000, 3.380000000000000300 ) ) ;
#528 =( LENGTH_UNIT ( ) NAMED_UNIT ( * ) SI_UNIT ( .MILLI., .METRE. ) );
#529 = FACE_OUTER_BOUND ( 'NONE', #2939, .T. ) ;
#530 =( GEOMETRIC_REPRESENTATION_CONTEXT ( 3 ) GLOBAL_UNCERTAINTY_ASSIGNED_CONTEXT ( ( #1504 ) ) GLOBAL_UNIT_ASSIGNED_CONTEXT ( ( #1197, #3059, #1479 ) ) REPRESENTATION_CONTEXT ( 'NONE', 'WORKASPACE' ) );
#531 = CARTESIAN_POINT ( 'NONE',  ( -2.592543542519446300, 3.000000000000000000, -3.000000000000000000 ) ) ;
#532 = SURFACE_STYLE_USAGE ( .BOTH. , #549 ) ;
#533 = EDGE_CURVE ( 'NONE', #2193, #633, #2457, .T. ) ;
#534 =( LENGTH_UNIT ( ) NAMED_UNIT ( * ) SI_UNIT ( .MILLI., .METRE. ) );
#535 = CARTESIAN_POINT ( 'NONE',  ( 2.820885408600847900, 2.999000000000000100, 1.391793638115504700 ) ) ;
#536 = CARTESIAN_POINT ( 'NONE',  ( -1.127794490944117500, 2.999000000000000100, -0.4008629041176194900 ) ) ;
#537 = VECTOR ( 'NONE', #3053, 1000.000000000000000 ) ;
#538 = FILL_AREA_STYLE_COLOUR ( '', #2641 ) ;
#539 = DIRECTION ( 'NONE',  ( -1.000000000000000000, 0.0000000000000000000, 0.0000000000000000000 ) ) ;
#540 = CARTESIAN_POINT ( 'NONE',  ( 2.775247423879655600, 2.999999999999999600, 1.390383819857037100 ) ) ;
#541 = CARTESIAN_POINT ( 'NONE',  ( 2.609234144535449700, 2.998999999999999200, -1.130956414041519400 ) ) ;
#542 = CARTESIAN_POINT ( 'NONE',  ( 1.809945688435240700, 2.999000000000000100, -1.247085109316442300 ) ) ;
#543 = ORIENTED_EDGE ( 'NONE', *, *, #3007, .F. ) ;
#544 = STYLED_ITEM ( 'NONE', ( #757 ), #382 ) ;
#545 = CARTESIAN_POINT ( 'NONE',  ( 1.674202334968583300, 3.000000000000000400, 0.7960222043236063700 ) ) ;
#546 = VERTEX_POINT ( 'NONE', #3396 ) ;
#547 = EDGE_CURVE ( 'NONE', #743, #2177, #1759, .T. ) ;
#548 = FILL_AREA_STYLE_COLOUR ( '', #2795 ) ;
#549 = SURFACE_SIDE_STYLE ('',( #595 ) ) ;
#550 = DIRECTION ( 'NONE',  ( 1.283079494065685900E-016, 0.0000000000000000000, 1.000000000000000000 ) ) ;
#551 = PRESENTATION_LAYER_ASSIGNMENT (  '', '', ( #209 ) ) ;
#552 = VERTEX_POINT ( 'NONE', #3142 ) ;
#553 = EDGE_LOOP ( 'NONE', ( #1805, #1687, #1612, #3231 ) ) ;
#554 = ORIENTED_EDGE ( 'NONE', *, *, #3251, .T. ) ;
#555 = ADVANCED_FACE ( 'NONE', ( #255 ), #2297, .T. ) ;
#556 = VECTOR ( 'NONE', #1424, 1000.000000000000000 ) ;
#557 = ORIENTED_EDGE ( 'NONE', *, *, #2663, .T. ) ;
#558 = SURFACE_STYLE_FILL_AREA ( #857 ) ;
#559 = CARTESIAN_POINT ( 'NONE',  ( 2.413133004754694200, 3.000000000000000000, -0.02076645803834160200 ) ) ;
#560 = PRESENTATION_STYLE_ASSIGNMENT (( #52 ) ) ;
#561 = CARTESIAN_POINT ( 'NONE',  ( -1.127794490944117500, 2.999000000000000100, -0.4008629041176194900 ) ) ;
#562 = LINE ( 'NONE', #847, #3289 ) ;
#563 = FILL_AREA_STYLE_COLOUR ( '', #2428 ) ;
#564 = COLOUR_RGB ( '',1.000000000000000000, 1.000000000000000000, 1.000000000000000000 ) ;
#565 = SURFACE_STYLE_FILL_AREA ( #675 ) ;
#566 = STYLED_ITEM ( 'NONE', ( #2424 ), #2699 ) ;
#567 = CARTESIAN_POINT ( 'NONE',  ( 2.775247423879655600, 2.998999999999999700, 1.390383819857037100 ) ) ;
#568 = STYLED_ITEM ( 'NONE', ( #639 ), #1364 ) ;
#569 = ORIENTED_EDGE ( 'NONE', *, *, #2183, .F. ) ;
#570 = EDGE_CURVE ( 'NONE', #1130, #731, #1160, .T. ) ;
#571 = CARTESIAN_POINT ( 'NONE',  ( 1.864254925554881900, 2.999000000000000100, -0.06091714069114381000 ) ) ;
#572 = CARTESIAN_POINT ( 'NONE',  ( -3.029999999999998900, 3.000000000000000000, 3.380000000000000300 ) ) ;
#573 =( NAMED_UNIT ( * ) SI_UNIT ( $, .STERADIAN. ) SOLID_ANGLE_UNIT ( ) );
#574 = ADVANCED_FACE ( 'NONE', ( #6 ), #1582, .F. ) ;
#575 = CARTESIAN_POINT ( 'NONE',  ( 1.340116177831617300, 2.999000000000000100, -0.4928217464998799800 ) ) ;
#576 = CARTESIAN_POINT ( 'NONE',  ( 2.644999999999999100, -0.1000000000000000100, -2.500000000000000400 ) ) ;
#577 = COLOUR_RGB ( '',1.000000000000000000, 1.000000000000000000, 1.000000000000000000 ) ;
#578 = SURFACE_STYLE_FILL_AREA ( #3119 ) ;
#579 =( LENGTH_UNIT ( ) NAMED_UNIT ( * ) SI_UNIT ( .MILLI., .METRE. ) );
#580 =( NAMED_UNIT ( * ) PLANE_ANGLE_UNIT ( ) SI_UNIT ( $, .RADIAN. ) );
#581 = LINE ( 'NONE', #2425, #1283 ) ;
#582 = UNCERTAINTY_MEASURE_WITH_UNIT (LENGTH_MEASURE( 1.000000000000000100E-005 ), #2966, 'distance_accuracy_value', 'NONE');
#583 = CARTESIAN_POINT ( 'NONE',  ( -0.4174714200779703300, 3.000000000000000000, 0.9265010722603344000 ) ) ;
#584 = CARTESIAN_POINT ( 'NONE',  ( 2.369291950611821300, 2.999000000000000100, -1.187407769068722600 ) ) ;
#585 = CARTESIAN_POINT ( 'NONE',  ( 3.279999999999999800, 0.0000000000000000000, -3.379999999999999400 ) ) ;
#586 = PRESENTATION_LAYER_ASSIGNMENT (  '', '', ( #420 ) ) ;
#587 = VECTOR ( 'NONE', #3292, 1000.000000000000000 ) ;
#588 = VERTEX_POINT ( 'NONE', #2378 ) ;
#589 = MECHANICAL_DESIGN_GEOMETRIC_PRESENTATION_REPRESENTATION (  '', ( #2118 ), #774 ) ;
#590 = FILL_AREA_STYLE_COLOUR ( '', #1817 ) ;
#591 = PLANE ( 'NONE',  #105 ) ;
#592 = ADVANCED_FACE ( 'NONE', ( #1800 ), #273, .F. ) ;
#593 = SURFACE_STYLE_USAGE ( .BOTH. , #720 ) ;
#594 = EDGE_CURVE ( 'NONE', #724, #1002, #2252, .T. ) ;
#595 = SURFACE_STYLE_FILL_AREA ( #2150 ) ;
#596 =( LENGTH_UNIT ( ) NAMED_UNIT ( * ) SI_UNIT ( .MILLI., .METRE. ) );
#597 = ORIENTED_EDGE ( 'NONE', *, *, #35, .F. ) ;
#598 = FILL_AREA_STYLE_COLOUR ( '', #3199 ) ;
#599 = ORIENTED_EDGE ( 'NONE', *, *, #1575, .F. ) ;
#600 = PRESENTATION_LAYER_ASSIGNMENT (  '', '', ( #249 ) ) ;
#601 = CARTESIAN_POINT ( 'NONE',  ( 2.376789220336482000, 2.999000000000000100, 1.315345175928500900 ) ) ;
#602 = CARTESIAN_POINT ( 'NONE',  ( -1.394999999999999400, -0.1000000000000000100, 2.500000000000000000 ) ) ;
#603 = LINE ( 'NONE', #3294, #1302 ) ;
#604 = DIRECTION ( 'NONE',  ( -0.0000000000000000000, 0.0000000000000000000, -1.000000000000000000 ) ) ;
#605 = SURFACE_STYLE_FILL_AREA ( #794 ) ;
#606 = PLANE ( 'NONE',  #1162 ) ;
#607 = CARTESIAN_POINT ( 'NONE',  ( 2.035371029559561100, 3.000000000000000400, -1.121964795761634100 ) ) ;
#608 = ORIENTED_EDGE ( 'NONE', *, *, #1026, .T. ) ;
#609 = DIRECTION ( 'NONE',  ( -1.000000000000000000, 0.0000000000000000000, 0.0000000000000000000 ) ) ;
#610 = CARTESIAN_POINT ( 'NONE',  ( 1.809945688435240700, 2.999999999999999600, 1.060607198375866000 ) ) ;
#611 = ADVANCED_FACE ( 'NONE', ( #1543 ), #2443, .F. ) ;
#612 = DIRECTION ( 'NONE',  ( 0.0000000000000000000, -1.000000000000000000, 0.0000000000000000000 ) ) ;
#613 = FILL_AREA_STYLE ('',( #960 ) ) ;
#614 = EDGE_CURVE ( 'NONE', #1469, #705, #3307, .T. ) ;
#615 = CARTESIAN_POINT ( 'NONE',  ( 1.758162665760972600, 2.999999999999999100, -0.1265986625738373900 ) ) ;
#616 = CARTESIAN_POINT ( 'NONE',  ( 1.340116177831617300, 2.999000000000000100, -0.6851294388075728200 ) ) ;
#617 = LINE ( 'NONE', #3314, #2585 ) ;
#618 = CARTESIAN_POINT ( 'NONE',  ( 1.509002830109456900, 2.999000000000001000, 0.6723441679465342900 ) ) ;
#619 = UNCERTAINTY_MEASURE_WITH_UNIT (LENGTH_MEASURE( 1.000000000000000100E-005 ), #3344, 'distance_accuracy_value', 'NONE');
#620 = SURFACE_STYLE_USAGE ( .BOTH. , #2226 ) ;
#621 = CARTESIAN_POINT ( 'NONE',  ( 1.532423870139309600, 2.999000000000000100, 0.8533320996539662800 ) ) ;
#622 = CARTESIAN_POINT ( 'NONE',  ( 1.920069670880451900, 2.999999999999999600, -1.367743962618212000 ) ) ;
#623 = PRESENTATION_STYLE_ASSIGNMENT (( #1447 ) ) ;
#624 = FILL_AREA_STYLE_COLOUR ( '', #1066 ) ;
#625 = CARTESIAN_POINT ( 'NONE',  ( -1.127794490944117500, 3.000000000000000000, -0.4008629041176194900 ) ) ;
#626 = DIRECTION ( 'NONE',  ( 0.0000000000000000000, 1.000000000000000000, 0.0000000000000000000 ) ) ;
#627 = SURFACE_STYLE_FILL_AREA ( #2330 ) ;
#628 =( NAMED_UNIT ( * ) PLANE_ANGLE_UNIT ( ) SI_UNIT ( $, .RADIAN. ) );
#629 = ADVANCED_FACE ( 'NONE', ( #2009 ), #1549, .F. ) ;
#630 = B_SPLINE_CURVE_WITH_KNOTS ( 'NONE', 3,
 ( #3067, #1823, #284, #541, #2408, #2671, #3183 ),
 .UNSPECIFIED., .F., .F.,
 ( 4, 1, 1, 1, 4 ),
 ( 0.0000000000000000000, 0.2372165186042107800, 0.4825864912431359600, 0.7368469271779309900, 1.000000000000000000 ),
 .UNSPECIFIED. ) ;
#631 = SURFACE_STYLE_USAGE ( .BOTH. , #108 ) ;
#632 = VERTEX_POINT ( 'NONE', #536 ) ;
#633 = VERTEX_POINT ( 'NONE', #2074 ) ;
#634 = DIRECTION ( 'NONE',  ( -1.000000000000000000, 0.0000000000000000000, 1.283079494065685900E-016 ) ) ;
#635 = ORIENTED_EDGE ( 'NONE', *, *, #1343, .T. ) ;
#636 =( GEOMETRIC_REPRESENTATION_CONTEXT ( 3 ) GLOBAL_UNCERTAINTY_ASSIGNED_CONTEXT ( ( #3409 ) ) GLOBAL_UNIT_ASSIGNED_CONTEXT ( ( #87, #1950, #362 ) ) REPRESENTATION_CONTEXT ( 'NONE', 'WORKASPACE' ) );
#637 = CARTESIAN_POINT ( 'NONE',  ( 1.340116177831617300, 2.999000000000000100, -0.6851294388075728200 ) ) ;
#638 = FACE_OUTER_BOUND ( 'NONE', #1891, .T. ) ;
#639 = PRESENTATION_STYLE_ASSIGNMENT (( #2714 ) ) ;
#640 = EDGE_CURVE ( 'NONE', #2073, #730, #1025, .T. ) ;
#641 =( NAMED_UNIT ( * ) SI_UNIT ( $, .STERADIAN. ) SOLID_ANGLE_UNIT ( ) );
#642 = CARTESIAN_POINT ( 'NONE',  ( 2.152133171637987900, 3.000000000000000000, 1.046443372618726300 ) ) ;
#643 = ORIENTED_EDGE ( 'NONE', *, *, #614, .T. ) ;
#644 = VERTEX_POINT ( 'NONE', #997 ) ;
#645 = ORIENTED_EDGE ( 'NONE', *, *, #594, .F. ) ;
#646 = CARTESIAN_POINT ( 'NONE',  ( 2.274720874180870700, 2.999999999999999600, -1.023706931821490600 ) ) ;
#647 = DIRECTION ( 'NONE',  ( 0.0000000000000000000, 0.0000000000000000000, -1.000000000000000000 ) ) ;
#648 = LINE ( 'NONE', #1288, #1989 ) ;
#649 = CARTESIAN_POINT ( 'NONE',  ( -2.592543542519446300, 2.999000000000000100, 3.000000000000000000 ) ) ;
#650 = FACE_OUTER_BOUND ( 'NONE', #472, .T. ) ;
#651 = CARTESIAN_POINT ( 'NONE',  ( 1.536069100414741500, 3.000000000000000400, -0.4583570517408311300 ) ) ;
#652 =( NAMED_UNIT ( * ) PLANE_ANGLE_UNIT ( ) SI_UNIT ( $, .RADIAN. ) );
#653 = PLANE ( 'NONE',  #3103 ) ;
#654 = LINE ( 'NONE', #3367, #2684 ) ;
#655 = CARTESIAN_POINT ( 'NONE',  ( -0.4216918137787590800, 2.999000000000000100, 0.5390452848587613500 ) ) ;
#656 = ORIENTED_EDGE ( 'NONE', *, *, #1852, .T. ) ;
#657 = ORIENTED_EDGE ( 'NONE', *, *, #1810, .T. ) ;
#658 = CARTESIAN_POINT ( 'NONE',  ( 2.516515676244706100, 2.999000000000000600, 0.1968833419556052500 ) ) ;
#659 =( GEOMETRIC_REPRESENTATION_CONTEXT ( 3 ) GLOBAL_UNCERTAINTY_ASSIGNED_CONTEXT ( ( #200 ) ) GLOBAL_UNIT_ASSIGNED_CONTEXT ( ( #750, #208, #500 ) ) REPRESENTATION_CONTEXT ( 'NONE', 'WORKASPACE' ) );
#660 =( NAMED_UNIT ( * ) SI_UNIT ( $, .STERADIAN. ) SOLID_ANGLE_UNIT ( ) );
#661 = SURFACE_STYLE_FILL_AREA ( #3045 ) ;
#662 = CARTESIAN_POINT ( 'NONE',  ( 1.920069670880451200, 2.998999999999999200, -0.2138978087720574700 ) ) ;
#663 =( NAMED_UNIT ( * ) PLANE_ANGLE_UNIT ( ) SI_UNIT ( $, .RADIAN. ) );
#664 = LINE ( 'NONE', #2370, #3304 ) ;
#665 = FILL_AREA_STYLE ('',( #2541 ) ) ;
#666 = EDGE_CURVE ( 'NONE', #470, #2138, #2376, .T. ) ;
#667 = FILL_AREA_STYLE_COLOUR ( '', #2088 ) ;
#668 = CARTESIAN_POINT ( 'NONE',  ( 1.573054305422271900, 2.998999999999999700, -0.2640935417772409800 ) ) ;
#669 =( GEOMETRIC_REPRESENTATION_CONTEXT ( 3 ) GLOBAL_UNCERTAINTY_ASSIGNED_CONTEXT ( ( #833 ) ) GLOBAL_UNIT_ASSIGNED_CONTEXT ( ( #2090, #483, #2346 ) ) REPRESENTATION_CONTEXT ( 'NONE', 'WORKASPACE' ) );
#670 = CARTESIAN_POINT ( 'NONE',  ( 2.626830547245513300, 3.000000000000000000, 0.2188653475049952000 ) ) ;
#671 = DIRECTION ( 'NONE',  ( -0.0000000000000000000, 1.000000000000000000, -0.0000000000000000000 ) ) ;
#672 = VECTOR ( 'NONE', #3379, 1000.000000000000000 ) ;
#673 = DIRECTION ( 'NONE',  ( -0.0000000000000000000, 1.000000000000000000, -0.0000000000000000000 ) ) ;
#674 = CARTESIAN_POINT ( 'NONE',  ( 2.820885408600847900, 2.999000000000000100, 1.391793638115504700 ) ) ;
#675 = FILL_AREA_STYLE ('',( #3279 ) ) ;
#676 = ORIENTED_EDGE ( 'NONE', *, *, #533, .T. ) ;
#677 = ORIENTED_EDGE ( 'NONE', *, *, #2470, .T. ) ;
#678 = ORIENTED_EDGE ( 'NONE', *, *, #1553, .F. ) ;
#679 = SURFACE_SIDE_STYLE ('',( #2791 ) ) ;
#680 = CARTESIAN_POINT ( 'NONE',  ( -2.644999999999999100, 0.0000000000000000000, 2.500000000000000000 ) ) ;
#681 = CARTESIAN_POINT ( 'NONE',  ( 1.661100619080114100, 3.000000000000000900, -0.1942032417838565900 ) ) ;
#682 = MECHANICAL_DESIGN_GEOMETRIC_PRESENTATION_REPRESENTATION (  '', ( #327 ), #850 ) ;
#683 = ORIENTED_EDGE ( 'NONE', *, *, #2892, .T. ) ;
#684 = MECHANICAL_DESIGN_GEOMETRIC_PRESENTATION_REPRESENTATION (  '', ( #157 ), #853 ) ;
#685 = DIRECTION ( 'NONE',  ( -0.0000000000000000000, 1.000000000000000000, -0.0000000000000000000 ) ) ;
#686 = EDGE_CURVE ( 'NONE', #1707, #1930, #953, .T. ) ;
#687 = CARTESIAN_POINT ( 'NONE',  ( 0.6117278318905272600, 2.999000000000000100, -1.056249203330220200 ) ) ;
#688 = ORIENTED_EDGE ( 'NONE', *, *, #385, .T. ) ;
#689 = PRESENTATION_STYLE_ASSIGNMENT (( #894 ) ) ;
#690 = MECHANICAL_DESIGN_GEOMETRIC_PRESENTATION_REPRESENTATION (  '', ( #162 ), #858 ) ;
#691 = EDGE_LOOP ( 'NONE', ( #1033, #1307, #2954, #1526, #2850, #1815, #435, #1858 ) ) ;
#692 = CARTESIAN_POINT ( 'NONE',  ( 2.154014702461950000, 2.998999999999999700, -1.069326064327508700 ) ) ;
#693 = CARTESIAN_POINT ( 'NONE',  ( 2.784691174863903400, 2.998999999999999700, 0.04278652565654077200 ) ) ;
#694 = CARTESIAN_POINT ( 'NONE',  ( 2.820885408600847900, 3.000000000000000000, 1.199485945807812400 ) ) ;
#695 = SURFACE_STYLE_FILL_AREA ( #613 ) ;
#696 = CARTESIAN_POINT ( 'NONE',  ( 1.579180658906025500, 2.999999999999999600, -0.4248258117664813200 ) ) ;
#697 = DIRECTION ( 'NONE',  ( -0.0000000000000000000, 1.000000000000000000, -0.0000000000000000000 ) ) ;
#698 = ORIENTED_EDGE ( 'NONE', *, *, #614, .F. ) ;
#699 = PLANE ( 'NONE',  #2343 ) ;
#700 = UNCERTAINTY_MEASURE_WITH_UNIT (LENGTH_MEASURE( 1.000000000000000100E-005 ), #2251, 'distance_accuracy_value', 'NONE');
#701 = ORIENTED_EDGE ( 'NONE', *, *, #109, .T. ) ;
#702 = SURFACE_STYLE_USAGE ( .BOTH. , #880 ) ;
#703 = UNCERTAINTY_MEASURE_WITH_UNIT (LENGTH_MEASURE( 1.000000000000000100E-005 ), #3322, 'distance_accuracy_value', 'NONE');
#704 = EDGE_CURVE ( 'NONE', #962, #785, #251, .T. ) ;
#705 = VERTEX_POINT ( 'NONE', #952 ) ;
#706 = CARTESIAN_POINT ( 'NONE',  ( -1.641801183857502200, 2.999000000000000100, 0.1371011510004973000 ) ) ;
#707 = CARTESIAN_POINT ( 'NONE',  ( 2.024109412472070000, 2.999000000000000600, -0.1618007511859324600 ) ) ;
#708 = AXIS2_PLACEMENT_3D ( 'NONE', #3411, #3418, #8 ) ;
#709 = UNCERTAINTY_MEASURE_WITH_UNIT (LENGTH_MEASURE( 1.000000000000000100E-005 ), #1862, 'distance_accuracy_value', 'NONE');
#710 = B_SPLINE_CURVE_WITH_KNOTS ( 'NONE', 3,
 ( #2632, #2094, #431, #696, #946, #958, #1205, #1223, #1487, #1500, #1761, #2034, #2812, #2562, #2547 ),
 .UNSPECIFIED., .F., .F.,
 ( 4, 1, 1, 1, 1, 1, 1, 1, 1, 1, 1, 1, 4 ),
 ( 0.0000000000000000000, 0.05027287497458356900, 0.1027903700748775000, 0.1576131012369289300, 0.2146311133156756100, 0.2740612127265389400, 0.3356974550538852100, 0.4000702787165528200, 0.4668267493853402500, 0.6020780869193702600, 0.7357515335047494200, 0.8682046170340285100, 1.000000000000000000 ),
 .UNSPECIFIED. ) ;
#711 = CARTESIAN_POINT ( 'NONE',  ( 0.9284132059062788500, 2.999000000000000100, -0.5514571560861242200 ) ) ;
#712 = SURFACE_STYLE_USAGE ( .BOTH. , #1009 ) ;
#713 = PRODUCT_CONTEXT ( 'NONE', #2825, 'mechanical' ) ;
#714 = CARTESIAN_POINT ( 'NONE',  ( 1.532423870139309600, 2.999000000000000100, 0.8533320996539662800 ) ) ;
#715 = CARTESIAN_POINT ( 'NONE',  ( 2.413133004754694200, 2.999000000000000100, 1.133079695807812400 ) ) ;
#716 = DIRECTION ( 'NONE',  ( -0.0000000000000000000, 1.000000000000000000, -0.0000000000000000000 ) ) ;
#717 = PRESENTATION_STYLE_ASSIGNMENT (( #2130 ) ) ;
#718 = EDGE_CURVE ( 'NONE', #432, #1981, #174, .T. ) ;
#719 = CARTESIAN_POINT ( 'NONE',  ( 1.340116177831617300, 3.000000000000000000, -1.646667900346034300 ) ) ;
#720 = SURFACE_SIDE_STYLE ('',( #2331 ) ) ;
#721 = CARTESIAN_POINT ( 'NONE',  ( 2.154014702461950500, 3.000000000000000900, 1.238366243364799900 ) ) ;
#722 = ORIENTED_EDGE ( 'NONE', *, *, #1519, .F. ) ;
#723 = CARTESIAN_POINT ( 'NONE',  ( 1.495765216293155600, 2.999000000000000100, 0.6610244073462739900 ) ) ;
#724 = VERTEX_POINT ( 'NONE', #2927 ) ;
#725 = ORIENTED_EDGE ( 'NONE', *, *, #2360, .T. ) ;
#726 = ORIENTED_EDGE ( 'NONE', *, *, #3034, .T. ) ;
#727 = CARTESIAN_POINT ( 'NONE',  ( 0.7103768476385615700, 2.999000000000000100, -0.3006303450625030200 ) ) ;
#728 = VECTOR ( 'NONE', #3136, 1000.000000000000000 ) ;
#729 = CARTESIAN_POINT ( 'NONE',  ( 0.7069589736228169000, 2.999000000000000100, -0.05331455766092815800 ) ) ;
#730 = VERTEX_POINT ( 'NONE', #719 ) ;
#731 = VERTEX_POINT ( 'NONE', #1 ) ;
#732 = LINE ( 'NONE', #3390, #363 ) ;
#733 = B_SPLINE_CURVE_WITH_KNOTS ( 'NONE', 3,
 ( #2853, #706, #1920, #2076 ),
 .UNSPECIFIED., .F., .F.,
 ( 4, 4 ),
 ( 0.1818181818181818200, 0.2727272727272727100 ),
 .UNSPECIFIED. ) ;
#734 = AXIS2_PLACEMENT_3D ( 'NONE', #1972, #1777, #1102 ) ;
#735 = CARTESIAN_POINT ( 'NONE',  ( 2.413133004754694200, 3.000000000000000000, -1.174612611884495900 ) ) ;
#736 = LINE ( 'NONE', #1365, #3380 ) ;
#737 = CARTESIAN_POINT ( 'NONE',  ( -0.9819580342512036500, 3.000000000000000000, -0.8873295576609244700 ) ) ;
#738 = COLOUR_RGB ( '',1.000000000000000000, 1.000000000000000000, 1.000000000000000000 ) ;
#739 = DIRECTION ( 'NONE',  ( 1.000000000000000000, 0.0000000000000000000, -0.0000000000000000000 ) ) ;
#740 = MECHANICAL_DESIGN_GEOMETRIC_PRESENTATION_REPRESENTATION (  '', ( #209 ), #913 ) ;
#741 = LINE ( 'NONE', #2588, #2084 ) ;
#742 = CARTESIAN_POINT ( 'NONE',  ( 1.661100619080114300, 3.000000000000000000, -1.348049395630011000 ) ) ;
#743 = VERTEX_POINT ( 'NONE', #297 ) ;
#744 = ORIENTED_EDGE ( 'NONE', *, *, #977, .T. ) ;
#745 = CARTESIAN_POINT ( 'NONE',  ( 0.1546570444889525900, 2.999000000000000100, -1.056249203330217100 ) ) ;
#746 = CARTESIAN_POINT ( 'NONE',  ( 1.532423870139309600, 3.000000000000000000, -0.3005140541921877400 ) ) ;
#747 = VECTOR ( 'NONE', #2818, 1000.000000000000000 ) ;
#748 =( NAMED_UNIT ( * ) PLANE_ANGLE_UNIT ( ) SI_UNIT ( $, .RADIAN. ) );
#749 = PRESENTATION_STYLE_ASSIGNMENT (( #1971 ) ) ;
#750 =( LENGTH_UNIT ( ) NAMED_UNIT ( * ) SI_UNIT ( .MILLI., .METRE. ) );
#751 = CARTESIAN_POINT ( 'NONE',  ( 1.532423870139309600, 2.999000000000000100, -1.454360208038342000 ) ) ;
#752 = AXIS2_PLACEMENT_3D ( 'NONE', #2947, #2986, #2968 ) ;
#753 = EDGE_CURVE ( 'NONE', #1221, #552, #2214, .T. ) ;
#754 = DIRECTION ( 'NONE',  ( 1.000000000000000000, -0.0000000000000000000, -0.0000000000000000000 ) ) ;
#755 = CARTESIAN_POINT ( 'NONE',  ( 1.495765216293155600, 3.000000000000000000, 0.6610244073462739900 ) ) ;
#756 = STYLED_ITEM ( 'NONE', ( #1892 ), #3184 ) ;
#757 = PRESENTATION_STYLE_ASSIGNMENT (( #1520 ) ) ;
#758 = FILL_AREA_STYLE_COLOUR ( '', #3043 ) ;
#759 =( LENGTH_UNIT ( ) NAMED_UNIT ( * ) SI_UNIT ( .MILLI., .METRE. ) );
#760 = CIRCLE ( 'NONE', #708, 0.2500000000000002200 ) ;
#761 = CARTESIAN_POINT ( 'NONE',  ( 1.394999999999999400, -0.1000000000000000100, 2.500000000000000400 ) ) ;
#762 = LINE ( 'NONE', #323, #46 ) ;
#763 = ORIENTED_EDGE ( 'NONE', *, *, #1810, .F. ) ;
#764 = PRESENTATION_STYLE_ASSIGNMENT (( #1994 ) ) ;
#765 = CARTESIAN_POINT ( 'NONE',  ( -3.279999999999999800, 0.0000000000000000000, -3.379999999999999400 ) ) ;
#766 = FILL_AREA_STYLE_COLOUR ( '', #1378 ) ;
#767 = CARTESIAN_POINT ( 'NONE',  ( 2.784691174863903400, 2.998999999999999700, 1.196632679502694500 ) ) ;
#768 = COLOUR_RGB ( '',1.000000000000000000, 1.000000000000000000, 1.000000000000000000 ) ;
#769 = ORIENTED_EDGE ( 'NONE', *, *, #533, .F. ) ;
#770 = MECHANICAL_DESIGN_GEOMETRIC_PRESENTATION_REPRESENTATION (  '', ( #420 ), #944 ) ;
#771 = ORIENTED_EDGE ( 'NONE', *, *, #3198, .T. ) ;
#772 = VECTOR ( 'NONE', #609, 1000.000000000000000 ) ;
#773 = ORIENTED_EDGE ( 'NONE', *, *, #2540, .F. ) ;
#774 =( GEOMETRIC_REPRESENTATION_CONTEXT ( 3 ) GLOBAL_UNCERTAINTY_ASSIGNED_CONTEXT ( ( #1301 ) ) GLOBAL_UNIT_ASSIGNED_CONTEXT ( ( #383, #2241, #641 ) ) REPRESENTATION_CONTEXT ( 'NONE', 'WORKASPACE' ) );
#775 =( NAMED_UNIT ( * ) SI_UNIT ( $, .STERADIAN. ) SOLID_ANGLE_UNIT ( ) );
#776 = CARTESIAN_POINT ( 'NONE',  ( -0.4784127586606549100, 2.999000000000000100, -0.8711752663223419900 ) ) ;
#777 = CARTESIAN_POINT ( 'NONE',  ( 2.413133004754694200, 3.000000000000000000, -0.02076645803834160200 ) ) ;
#778 = EDGE_CURVE ( 'NONE', #1042, #286, #866, .T. ) ;
#779 = CARTESIAN_POINT ( 'NONE',  ( 3.279999999999999800, 3.000000000000000000, -3.379999999999999400 ) ) ;
#780 = ORIENTED_EDGE ( 'NONE', *, *, #2384, .F. ) ;
#781 = CARTESIAN_POINT ( 'NONE',  ( -1.213273585432310200, 3.000000000000000000, -0.8421448332514782600 ) ) ;
#782 = MECHANICAL_DESIGN_GEOMETRIC_PRESENTATION_REPRESENTATION (  '', ( #249 ), #954 ) ;
#783 = DIRECTION ( 'NONE',  ( -1.283079494065685900E-016, -0.0000000000000000000, -1.000000000000000000 ) ) ;
#784 = DIRECTION ( 'NONE',  ( 0.0000000000000000000, -0.0000000000000000000, 1.000000000000000000 ) ) ;
#785 = VERTEX_POINT ( 'NONE', #531 ) ;
#786 =( NAMED_UNIT ( * ) PLANE_ANGLE_UNIT ( ) SI_UNIT ( $, .RADIAN. ) );
#787 = STYLED_ITEM ( 'NONE', ( #941 ), #316 ) ;
#788 = STYLED_ITEM ( 'NONE', ( #1101 ), #1682 ) ;
#789 = EDGE_CURVE ( 'NONE', #2281, #1973, #762, .T. ) ;
#790 = CARTESIAN_POINT ( 'NONE',  ( 2.820885408600847900, 2.999000000000000100, 0.2379474842693507800 ) ) ;
#791 = DIRECTION ( 'NONE',  ( 1.000000000000000000, 0.0000000000000000000, 0.0000000000000000000 ) ) ;
#792 = VECTOR ( 'NONE', #158, 1000.000000000000000 ) ;
#793 = VERTEX_POINT ( 'NONE', #49 ) ;
#794 = FILL_AREA_STYLE ('',( #272 ) ) ;
#795 = PRESENTATION_LAYER_ASSIGNMENT (  '', '', ( #2055 ) ) ;
#796 = ORIENTED_EDGE ( 'NONE', *, *, #160, .F. ) ;
#797 = ORIENTED_EDGE ( 'NONE', *, *, #506, .F. ) ;
#798 = DIRECTION ( 'NONE',  ( -0.0000000000000000000, 1.000000000000000000, -0.0000000000000000000 ) ) ;
#799 = ORIENTED_EDGE ( 'NONE', *, *, #951, .F. ) ;
#800 = FILL_AREA_STYLE ('',( #831 ) ) ;
#801 = CARTESIAN_POINT ( 'NONE',  ( -2.644999999999999100, 0.0000000000000000000, -2.499999999999999600 ) ) ;
#802 = MANIFOLD_SOLID_BREP ( 'Cut-Extrude1', #1937 ) ;
#803 = CARTESIAN_POINT ( 'NONE',  ( 2.728064011027711900, 3.000000000000000900, 1.386189223793970600 ) ) ;
#804 = STYLED_ITEM ( 'NONE', ( #929 ), #1146 ) ;
#805 = FILL_AREA_STYLE_COLOUR ( '', #2933 ) ;
#806 = CARTESIAN_POINT ( 'NONE',  ( 2.572842863104024800, 2.999000000000000100, -0.9450108070450150600 ) ) ;
#807 = EDGE_CURVE ( 'NONE', #1516, #3030, #3229, .T. ) ;
#808 = VECTOR ( 'NONE', #3094, 1000.000000000000000 ) ;
#809 = VECTOR ( 'NONE', #1155, 1000.000000000000000 ) ;
#810 = FILL_AREA_STYLE ('',( #2612 ) ) ;
#811 = CARTESIAN_POINT ( 'NONE',  ( 1.340116177831617300, 2.999000000000000100, -1.646667900346034300 ) ) ;
#812 = ADVANCED_FACE ( 'NONE', ( #1115 ), #1287, .T. ) ;
#813 = VERTEX_POINT ( 'NONE', #572 ) ;
#814 = CARTESIAN_POINT ( 'NONE',  ( -0.4216918137787590800, 3.000000000000000000, 0.5390452848587613500 ) ) ;
#815 = CARTESIAN_POINT ( 'NONE',  ( 1.809945688435240700, 2.999999999999999100, -0.09323895547028798700 ) ) ;
#816 = CARTESIAN_POINT ( 'NONE',  ( -1.017344136613405300, 2.999000000000000100, -0.6442699907317904800 ) ) ;
#817 = SURFACE_SIDE_STYLE ('',( #509 ) ) ;
#818 = CARTESIAN_POINT ( 'NONE',  ( -2.592543542519446300, 2.999000000000000100, 3.000000000000000000 ) ) ;
#819 = PRESENTATION_STYLE_ASSIGNMENT (( #1337 ) ) ;
#820 = SURFACE_STYLE_FILL_AREA ( #1443 ) ;
#821 = CARTESIAN_POINT ( 'NONE',  ( -2.592543542519446300, 3.000000000000000000, -3.000000000000000000 ) ) ;
#822 = ADVANCED_FACE ( 'NONE', ( #2301 ), #1292, .T. ) ;
#823 = DIRECTION ( 'NONE',  ( -0.0000000000000000000, 1.000000000000000000, -0.0000000000000000000 ) ) ;
#824 = ORIENTED_EDGE ( 'NONE', *, *, #3251, .F. ) ;
#825 = CARTESIAN_POINT ( 'NONE',  ( 1.532423870139309600, 2.999000000000000100, 0.4687167150385814800 ) ) ;
#826 = EDGE_LOOP ( 'NONE', ( #2020, #769, #442, #1686 ) ) ;
#827 = DIRECTION ( 'NONE',  ( -7.793054985669149100E-013, -1.000000000000000000, 9.496513648615399400E-013 ) ) ;
#828 = CYLINDRICAL_SURFACE ( 'NONE', #2885, 0.2500000000000002200 ) ;
#829 = EDGE_CURVE ( 'NONE', #890, #411, #1435, .T. ) ;
#830 = VECTOR ( 'NONE', #3026, 1000.000000000000000 ) ;
#831 = FILL_AREA_STYLE_COLOUR ( '', #184 ) ;
#832 = DIRECTION ( 'NONE',  ( 0.0000000000000000000, 0.0000000000000000000, 1.000000000000000000 ) ) ;
#833 = UNCERTAINTY_MEASURE_WITH_UNIT (LENGTH_MEASURE( 1.000000000000000100E-005 ), #2090, 'distance_accuracy_value', 'NONE');
#834 = CARTESIAN_POINT ( 'NONE',  ( 2.413133004754694200, 2.999000000000000100, -1.174612611884495900 ) ) ;
#835 = SURFACE_STYLE_FILL_AREA ( #27 ) ;
#836 = CARTESIAN_POINT ( 'NONE',  ( 2.609234144535449700, 2.999999999999999100, -1.130956414041519400 ) ) ;
#837 = STYLED_ITEM ( 'NONE', ( #849 ), #2167 ) ;
#838 = DIRECTION ( 'NONE',  ( -0.0000000000000000000, -0.0000000000000000000, -1.000000000000000000 ) ) ;
#839 = LINE ( 'NONE', #419, #2878 ) ;
#840 = ORIENTED_EDGE ( 'NONE', *, *, #1298, .T. ) ;
#841 = COLOUR_RGB ( '',1.000000000000000000, 1.000000000000000000, 1.000000000000000000 ) ;
#842 = ORIENTED_EDGE ( 'NONE', *, *, #570, .F. ) ;
#843 =( NAMED_UNIT ( * ) SI_UNIT ( $, .STERADIAN. ) SOLID_ANGLE_UNIT ( ) );
#844 = CARTESIAN_POINT ( 'NONE',  ( 0.6117278318905272600, 2.999000000000000100, -1.056249203330220200 ) ) ;
#845 = ORIENTED_EDGE ( 'NONE', *, *, #3392, .F. ) ;
#846 = DIRECTION ( 'NONE',  ( 0.0000000000000000000, 0.0000000000000000000, 1.000000000000000000 ) ) ;
#847 = CARTESIAN_POINT ( 'NONE',  ( 1.340116177831617300, 3.000000000000000000, 0.6610244073462739900 ) ) ;
#848 = CARTESIAN_POINT ( 'NONE',  ( -1.127794490944117500, 2.999000000000000100, -0.4008629041176194900 ) ) ;
#849 = PRESENTATION_STYLE_ASSIGNMENT (( #1580 ) ) ;
#850 =( GEOMETRIC_REPRESENTATION_CONTEXT ( 3 ) GLOBAL_UNCERTAINTY_ASSIGNED_CONTEXT ( ( #2557 ) ) GLOBAL_UNIT_ASSIGNED_CONTEXT ( ( #1163, #3018, #1439 ) ) REPRESENTATION_CONTEXT ( 'NONE', 'WORKASPACE' ) );
#851 = DIRECTION ( 'NONE',  ( -0.0000000000000000000, 0.0000000000000000000, 1.000000000000000000 ) ) ;
#852 = STYLED_ITEM ( 'NONE', ( #689 ), #115 ) ;
#853 =( GEOMETRIC_REPRESENTATION_CONTEXT ( 3 ) GLOBAL_UNCERTAINTY_ASSIGNED_CONTEXT ( ( #2901 ) ) GLOBAL_UNIT_ASSIGNED_CONTEXT ( ( #222, #1148, #1135 ) ) REPRESENTATION_CONTEXT ( 'NONE', 'WORKASPACE' ) );
#854 = ORIENTED_EDGE ( 'NONE', *, *, #778, .F. ) ;
#855 = EDGE_CURVE ( 'NONE', #881, #286, #2999, .T. ) ;
#856 = DIRECTION ( 'NONE',  ( -0.0000000000000000000, 1.000000000000000000, -0.0000000000000000000 ) ) ;
#857 = FILL_AREA_STYLE ('',( #1916 ) ) ;
#858 =( GEOMETRIC_REPRESENTATION_CONTEXT ( 3 ) GLOBAL_UNCERTAINTY_ASSIGNED_CONTEXT ( ( #2483 ) ) GLOBAL_UNIT_ASSIGNED_CONTEXT ( ( #2257, #663, #2529 ) ) REPRESENTATION_CONTEXT ( 'NONE', 'WORKASPACE' ) );
#859 = CARTESIAN_POINT ( 'NONE',  ( 1.661100619080114300, 2.999000000000000100, -1.348049395630011000 ) ) ;
#860 = CARTESIAN_POINT ( 'NONE',  ( 2.820885408600847900, 2.999000000000000100, 1.199485945807812400 ) ) ;
#861 = CARTESIAN_POINT ( 'NONE',  ( 1.532423870139309600, 3.000000000000000000, 0.4687167150385814800 ) ) ;
#862 = CARTESIAN_POINT ( 'NONE',  ( 1.573054305422271900, 2.998999999999999700, -1.417939695623395400 ) ) ;
#863 = CARTESIAN_POINT ( 'NONE',  ( 2.274720874180870200, 2.998999999999999700, 1.283985375870817300 ) ) ;
#864 = EDGE_LOOP ( 'NONE', ( #1594, #475, #2949, #2886, #3164, #47, #657, #2043 ) ) ;
#865 = CARTESIAN_POINT ( 'NONE',  ( 2.820885408600847900, 2.999000000000000100, 0.2379474842693507800 ) ) ;
#866 = LINE ( 'NONE', #474, #2871 ) ;
#867 = ORIENTED_EDGE ( 'NONE', *, *, #186, .T. ) ;
#868 = ADVANCED_FACE ( 'NONE', ( #3363 ), #2163, .T. ) ;
#869 = CARTESIAN_POINT ( 'NONE',  ( 2.274720874180870700, 2.998999999999999700, -1.023706931821490600 ) ) ;
#870 = EDGE_CURVE ( 'NONE', #1558, #2511, #394, .T. ) ;
#871 = FILL_AREA_STYLE_COLOUR ( '', #2182 ) ;
#872 = FACE_OUTER_BOUND ( 'NONE', #264, .T. ) ;
#873 = UNCERTAINTY_MEASURE_WITH_UNIT (LENGTH_MEASURE( 1.000000000000000100E-005 ), #1940, 'distance_accuracy_value', 'NONE');
#874 = AXIS2_PLACEMENT_3D ( 'NONE', #3143, #3166, #3174 ) ;
#875 = SURFACE_STYLE_FILL_AREA ( #800 ) ;
#876 = CARTESIAN_POINT ( 'NONE',  ( 1.758162665760972800, 3.000000000000000400, 1.027247491272316600 ) ) ;
#877 = LINE ( 'NONE', #2280, #792 ) ;
#878 = VERTEX_POINT ( 'NONE', #1585 ) ;
#879 = CARTESIAN_POINT ( 'NONE',  ( 1.509002830109456700, 2.999999999999999600, -1.635348139745774100 ) ) ;
#880 = SURFACE_SIDE_STYLE ('',( #695 ) ) ;
#881 = VERTEX_POINT ( 'NONE', #2338 ) ;
#882 = ORIENTED_EDGE ( 'NONE', *, *, #3034, .F. ) ;
#883 = LINE ( 'NONE', #3035, #2909 ) ;
#884 = ORIENTED_EDGE ( 'NONE', *, *, #1519, .T. ) ;
#885 = CARTESIAN_POINT ( 'NONE',  ( 1.573054305422271900, 2.998999999999999700, -0.2640935417772409800 ) ) ;
#886 = DIRECTION ( 'NONE',  ( 0.0000000000000000000, 0.0000000000000000000, -1.000000000000000000 ) ) ;
#887 = EDGE_CURVE ( 'NONE', #2958, #881, #1070, .T. ) ;
#888 = CARTESIAN_POINT ( 'NONE',  ( 1.545847908274908600, 3.000000000000000400, -1.442327101718624300 ) ) ;
#889 =( NAMED_UNIT ( * ) PLANE_ANGLE_UNIT ( ) SI_UNIT ( $, .RADIAN. ) );
#890 = VERTEX_POINT ( 'NONE', #494 ) ;
#891 = ORIENTED_EDGE ( 'NONE', *, *, #3145, .F. ) ;
#892 = ADVANCED_FACE ( 'NONE', ( #3117, #2418, #1725 ), #1798, .F. ) ;
#893 = CARTESIAN_POINT ( 'NONE',  ( 2.152133171637988800, 3.000000000000000400, -1.261248935073582300 ) ) ;
#894 = SURFACE_STYLE_USAGE ( .BOTH. , #1692 ) ;
#895 = SHAPE_DEFINITION_REPRESENTATION ( #2474, #1238 ) ;
#896 = COLOUR_RGB ( '',1.000000000000000000, 1.000000000000000000, 1.000000000000000000 ) ;
#897 = CARTESIAN_POINT ( 'NONE',  ( -3.029999999999999800, 3.000000000000000000, -3.379999999999999400 ) ) ;
#898 = B_SPLINE_CURVE_WITH_KNOTS ( 'NONE', 3,
 ( #1893, #2166, #567, #2430, #1086, #2692, #460, #3191, #3426, #2156, #2326, #2830, #2583, #2314, #2840, #3100, #1243, #3358, #1783, #1231, #188, #2049, #453 ),
 .UNSPECIFIED., .F., .F.,
 ( 4, 1, 1, 1, 1, 1, 1, 1, 1, 1, 1, 1, 1, 1, 1, 1, 1, 1, 1, 1, 4 ),
 ( 0.0000000000000000000, 0.03151551312998467800, 0.06480979674365734700, 0.09991169883527571700, 0.1366755286001709300, 0.1751432978746824700, 0.2157650117082458600, 0.2581569125231219500, 0.3022930440652046300, 0.3927408518774002100, 0.4832984694610617000, 0.5744114847371663000, 0.6664774093514973500, 0.7120107481430554300, 0.7563744975915032100, 0.7998154803065211600, 0.8419616993485904400, 0.8828431755911850800, 0.9229180315891946100, 0.9619666184423850700, 1.000000000000000000 ),
 .UNSPECIFIED. ) ;
#899 =( NAMED_UNIT ( * ) PLANE_ANGLE_UNIT ( ) SI_UNIT ( $, .RADIAN. ) );
#900 = VECTOR ( 'NONE', #950, 1000.000000000000000 ) ;
#901 = CARTESIAN_POINT ( 'NONE',  ( 0.8876692098432862300, 3.000000000000000000, -0.7146158568735239100 ) ) ;
#902 = SURFACE_SIDE_STYLE ('',( #963 ) ) ;
#903 = ORIENTED_EDGE ( 'NONE', *, *, #870, .F. ) ;
#904 = CARTESIAN_POINT ( 'NONE',  ( 1.340116177831617300, 2.999000000000000100, 1.622562868884735600 ) ) ;
#905 =( NAMED_UNIT ( * ) PLANE_ANGLE_UNIT ( ) SI_UNIT ( $, .RADIAN. ) );
#906 = PRESENTATION_LAYER_ASSIGNMENT (  '', '', ( #544 ) ) ;
#907 = EDGE_CURVE ( 'NONE', #1560, #266, #42, .T. ) ;
#908 =( NAMED_UNIT ( * ) SI_UNIT ( $, .STERADIAN. ) SOLID_ANGLE_UNIT ( ) );
#909 = SURFACE_SIDE_STYLE ('',( #2298 ) ) ;
#910 = CARTESIAN_POINT ( 'NONE',  ( 2.035371029559561100, 3.000000000000000400, -1.121964795761634100 ) ) ;
#911 = CARTESIAN_POINT ( 'NONE',  ( -2.592543542519446300, 2.999000000000000100, 3.000000000000000000 ) ) ;
#912 = CIRCLE ( 'NONE', #1693, 0.2500000000000002200 ) ;
#913 =( GEOMETRIC_REPRESENTATION_CONTEXT ( 3 ) GLOBAL_UNCERTAINTY_ASSIGNED_CONTEXT ( ( #2694 ) ) GLOBAL_UNIT_ASSIGNED_CONTEXT ( ( #2935, #2721, #2220 ) ) REPRESENTATION_CONTEXT ( 'NONE', 'WORKASPACE' ) );
#914 = CARTESIAN_POINT ( 'NONE',  ( 1.579180658906025500, 2.999999999999999600, -0.4248258117664813200 ) ) ;
#915 = DIRECTION ( 'NONE',  ( -0.0000000000000000000, 0.0000000000000000000, 1.000000000000000000 ) ) ;
#916 = FILL_AREA_STYLE_COLOUR ( '', #119 ) ;
#917 = CARTESIAN_POINT ( 'NONE',  ( 1.532423870139309600, 2.999000000000000100, -1.454360208038342000 ) ) ;
#918 = CARTESIAN_POINT ( 'NONE',  ( 2.805953668349054500, 2.998999999999999700, -0.9163599309617280800 ) ) ;
#919 = CARTESIAN_POINT ( 'NONE',  ( 2.376789220336482900, 2.999000000000000600, 0.1614990220823469000 ) ) ;
#920 = EDGE_LOOP ( 'NONE', ( #2707, #2807, #3276, #3423 ) ) ;
#921 = PLANE ( 'NONE',  #2877 ) ;
#922 = ORIENTED_EDGE ( 'NONE', *, *, #3179, .F. ) ;
#923 = PRESENTATION_LAYER_ASSIGNMENT (  '', '', ( #566 ) ) ;
#924 = CARTESIAN_POINT ( 'NONE',  ( 2.024109412472070000, 2.999000000000000600, -0.1618007511859324600 ) ) ;
#925 = PRESENTATION_LAYER_ASSIGNMENT (  '', '', ( #568 ) ) ;
#926 = EDGE_CURVE ( 'NONE', #524, #1340, #760, .T. ) ;
#927 = SURFACE_SIDE_STYLE ('',( #3335 ) ) ;
#928 = CARTESIAN_POINT ( 'NONE',  ( -0.9819580342512036500, 2.999000000000000100, -0.8873295576609244700 ) ) ;
#929 = PRESENTATION_STYLE_ASSIGNMENT (( #935 ) ) ;
#930 = LINE ( 'NONE', #911, #2351 ) ;
#931 = EDGE_LOOP ( 'NONE', ( #2873, #3192, #2267, #3417 ) ) ;
#932 = CARTESIAN_POINT ( 'NONE',  ( 2.820885408600847900, 3.000000000000000000, -0.9158986695768035500 ) ) ;
#933 = CARTESIAN_POINT ( 'NONE',  ( 1.532423870139309600, 2.999000000000000100, -0.3005140541921877400 ) ) ;
#934 = CARTESIAN_POINT ( 'NONE',  ( 2.516515676244706100, 3.000000000000000400, 0.1968833419556052500 ) ) ;
#935 = SURFACE_STYLE_USAGE ( .BOTH. , #1853 ) ;
#936 = PRESENTATION_STYLE_ASSIGNMENT (( #620 ) ) ;
#937 = DIRECTION ( 'NONE',  ( 0.0000000000000000000, 0.0000000000000000000, -1.000000000000000000 ) ) ;
#938 = SURFACE_SIDE_STYLE ('',( #2398 ) ) ;
#939 =( LENGTH_UNIT ( ) NAMED_UNIT ( * ) SI_UNIT ( .MILLI., .METRE. ) );
#940 = FACE_BOUND ( 'NONE', #691, .T. ) ;
#941 = PRESENTATION_STYLE_ASSIGNMENT (( #1410 ) ) ;
#942 = ORIENTED_EDGE ( 'NONE', *, *, #2847, .T. ) ;
#943 = ORIENTED_EDGE ( 'NONE', *, *, #15, .T. ) ;
#944 =( GEOMETRIC_REPRESENTATION_CONTEXT ( 3 ) GLOBAL_UNCERTAINTY_ASSIGNED_CONTEXT ( ( #3160 ) ) GLOBAL_UNIT_ASSIGNED_CONTEXT ( ( #988, #1001, #1019 ) ) REPRESENTATION_CONTEXT ( 'NONE', 'WORKASPACE' ) );
#945 = CARTESIAN_POINT ( 'NONE',  ( 1.573054305422271900, 2.999999999999999600, -0.2640935417772409800 ) ) ;
#946 = CARTESIAN_POINT ( 'NONE',  ( 1.625082582934020500, 3.000000000000000400, -0.3911249332395692100 ) ) ;
#947 = CARTESIAN_POINT ( 'NONE',  ( 3.030000000000000700, 3.000000000000000000, 3.380000000000000300 ) ) ;
#948 = ORIENTED_EDGE ( 'NONE', *, *, #206, .F. ) ;
#949 = UNCERTAINTY_MEASURE_WITH_UNIT (LENGTH_MEASURE( 1.000000000000000100E-005 ), #1133, 'distance_accuracy_value', 'NONE');
#950 = DIRECTION ( 'NONE',  ( 0.0000000000000000000, 0.0000000000000000000, 1.000000000000000000 ) ) ;
#951 = EDGE_CURVE ( 'NONE', #644, #1653, #2098, .T. ) ;
#952 = CARTESIAN_POINT ( 'NONE',  ( -2.342543542519445000, 2.999000000000000100, 3.000000000000000000 ) ) ;
#953 = LINE ( 'NONE', #3070, #2969 ) ;
#954 =( GEOMETRIC_REPRESENTATION_CONTEXT ( 3 ) GLOBAL_UNCERTAINTY_ASSIGNED_CONTEXT ( ( #1836 ) ) GLOBAL_UNIT_ASSIGNED_CONTEXT ( ( #1897, #306, #2170 ) ) REPRESENTATION_CONTEXT ( 'NONE', 'WORKASPACE' ) );
#955 =( NAMED_UNIT ( * ) SI_UNIT ( $, .STERADIAN. ) SOLID_ANGLE_UNIT ( ) );
#956 = VECTOR ( 'NONE', #2392, 1000.000000000000000 ) ;
#957 = UNCERTAINTY_MEASURE_WITH_UNIT (LENGTH_MEASURE( 1.000000000000000100E-005 ), #1723, 'distance_accuracy_value', 'NONE');
#958 = CARTESIAN_POINT ( 'NONE',  ( 1.674202334968583300, 3.000000000000000000, -0.3578239495225477000 ) ) ;
#959 = DIRECTION ( 'NONE',  ( -0.0000000000000000000, 0.0000000000000000000, -1.000000000000000000 ) ) ;
#960 = FILL_AREA_STYLE_COLOUR ( '', #2038 ) ;
#961 = LINE ( 'NONE', #141, #2383 ) ;
#962 = VERTEX_POINT ( 'NONE', #3368 ) ;
#963 = SURFACE_STYLE_FILL_AREA ( #2502 ) ;
#964 = CARTESIAN_POINT ( 'NONE',  ( 2.805953668349054500, 2.999999999999999600, -0.9163599309617280800 ) ) ;
#965 = ORIENTED_EDGE ( 'NONE', *, *, #3107, .F. ) ;
#966 = LINE ( 'NONE', #811, #1595 ) ;
#967 = EDGE_LOOP ( 'NONE', ( #656, #2137, #3374, #2307 ) ) ;
#968 = CARTESIAN_POINT ( 'NONE',  ( 2.281391061627109800, 2.999000000000001000, -0.05921578146426875100 ) ) ;
#969 = CARTESIAN_POINT ( 'NONE',  ( 2.820885408600847900, 3.000000000000000000, 1.391793638115504700 ) ) ;
#970 = B_SPLINE_CURVE_WITH_KNOTS ( 'NONE', 3,
 ( #324, #1373, #1619, #1657, #1669, #1684, #1820, #1831, #1838, #1851, #1868, #1889, #607, #350, #485, #2473, #3389, #3252, #2640, #2677, #2372, #888, #1028 ),
 .UNSPECIFIED., .F., .F.,
 ( 4, 1, 1, 1, 1, 1, 1, 1, 1, 1, 1, 1, 1, 1, 1, 1, 1, 1, 1, 1, 4 ),
 ( 0.0000000000000000000, 0.03151551312998467800, 0.06480979674365734700, 0.09991169883527571700, 0.1366755286001709000, 0.1751432978746824700, 0.2157650117082458000, 0.2581569125231219000, 0.3022930440652045700, 0.3927408518774001000, 0.4832984694610615900, 0.5744114847371663000, 0.6664774093514972400, 0.7120107481430553200, 0.7563744975915032100, 0.7998154803065209400, 0.8419616993485903300, 0.8828431755911850800, 0.9229180315891946100, 0.9619666184423850700, 1.000000000000000000 ),
 .UNSPECIFIED. ) ;
#971 = AXIS2_PLACEMENT_3D ( 'NONE', #123, #81, #96 ) ;
#972 = DIRECTION ( 'NONE',  ( 0.0000000000000000000, -0.0000000000000000000, 1.000000000000000000 ) ) ;
#973 = AXIS2_PLACEMENT_3D ( 'NONE', #1936, #2556, #2472 ) ;
#974 = SURFACE_STYLE_USAGE ( .BOTH. , #817 ) ;
#975 = APPLICATION_PROTOCOL_DEFINITION ( 'draft international standard', 'automotive_design', 1998, #2579 ) ;
#976 = CARTESIAN_POINT ( 'NONE',  ( 2.509208633401670800, 3.000000000000000000, -1.149434981565744100 ) ) ;
#977 = EDGE_CURVE ( 'NONE', #1880, #878, #1363, .T. ) ;
#978 = ORIENTED_EDGE ( 'NONE', *, *, #1668, .F. ) ;
#979 = CARTESIAN_POINT ( 'NONE',  ( -1.460944057873250000, 3.000000000000000000, -0.4915082190782411000 ) ) ;
#980 = ORIENTED_EDGE ( 'NONE', *, *, #3085, .T. ) ;
#981 = CARTESIAN_POINT ( 'NONE',  ( -0.8328219318889972200, 3.000000000000000000, 0.3719850486382912900 ) ) ;
#982 = SURFACE_STYLE_FILL_AREA ( #2429 ) ;
#983 = CARTESIAN_POINT ( 'NONE',  ( -0.4174714200779703300, 2.999000000000000100, 0.9265010722603344000 ) ) ;
#984 = MECHANICAL_DESIGN_GEOMETRIC_PRESENTATION_REPRESENTATION (  '', ( #2055 ), #1149 ) ;
#985 = CARTESIAN_POINT ( 'NONE',  ( 2.376789220336481500, 2.999999999999999600, -0.9923471317638072900 ) ) ;
#986 = FACE_OUTER_BOUND ( 'NONE', #3283, .T. ) ;
#987 = DIRECTION ( 'NONE',  ( -0.0000000000000000000, 1.000000000000000000, -0.0000000000000000000 ) ) ;
#988 =( LENGTH_UNIT ( ) NAMED_UNIT ( * ) SI_UNIT ( .MILLI., .METRE. ) );
#989 = LINE ( 'NONE', #3348, #2922 ) ;
#990 = ORIENTED_EDGE ( 'NONE', *, *, #2708, .F. ) ;
#991 = CARTESIAN_POINT ( 'NONE',  ( 1.545847908274908600, 3.000000000000000400, -1.442327101718624300 ) ) ;
#992 = STYLED_ITEM ( 'NONE', ( #22 ), #2503 ) ;
#993 = VECTOR ( 'NONE', #697, 1000.000000000000000 ) ;
#994 = B_SPLINE_CURVE_WITH_KNOTS ( 'NONE', 3,
 ( #3023, #1342, #2158, #2925, #2672, #1326, #806, #1062, #1875, #3185, #2412, #294, #287, #23, #12, #542, #1883, #2147, #1609, #1098, #862, #41, #1356 ),
 .UNSPECIFIED., .F., .F.,
 ( 4, 1, 1, 1, 1, 1, 1, 1, 1, 1, 1, 1, 1, 1, 1, 1, 1, 1, 1, 1, 4 ),
 ( 0.0000000000000000000, 0.03151551312998467800, 0.06480979674365734700, 0.09991169883527571700, 0.1366755286001709000, 0.1751432978746824700, 0.2157650117082458000, 0.2581569125231219000, 0.3022930440652045700, 0.3927408518774001000, 0.4832984694610615900, 0.5744114847371663000, 0.6664774093514972400, 0.7120107481430553200, 0.7563744975915032100, 0.7998154803065209400, 0.8419616993485903300, 0.8828431755911850800, 0.9229180315891946100, 0.9619666184423850700, 1.000000000000000000 ),
 .UNSPECIFIED. ) ;
#995 = EDGE_CURVE ( 'NONE', #256, #2191, #3403, .T. ) ;
#996 = CARTESIAN_POINT ( 'NONE',  ( -2.342543542519445000, 2.999000000000000100, 3.000000000000000000 ) ) ;
#997 = CARTESIAN_POINT ( 'NONE',  ( 3.029999999999999800, 3.000000000000000000, -3.379999999999999400 ) ) ;
#998 = COLOUR_RGB ( '',0.1921568627450980200, 0.2039215686274509800, 0.2039215686274509800 ) ;
#999 = EDGE_LOOP ( 'NONE', ( #2368, #1728, #2558, #2924 ) ) ;
#1000 = CARTESIAN_POINT ( 'NONE',  ( 1.045314170473210700, 2.999000000000000100, -0.07946810096801443200 ) ) ;
#1001 =( NAMED_UNIT ( * ) PLANE_ANGLE_UNIT ( ) SI_UNIT ( $, .RADIAN. ) );
#1002 = VERTEX_POINT ( 'NONE', #2362 ) ;
#1003 = STYLED_ITEM ( 'NONE', ( #819 ), #611 ) ;
#1004 = CARTESIAN_POINT ( 'NONE',  ( 1.067741729528328000, 3.000000000000000000, 0.6193868202918284500 ) ) ;
#1005 = DIRECTION ( 'NONE',  ( 0.0000000000000000000, 0.0000000000000000000, 1.000000000000000000 ) ) ;
#1006 = EDGE_LOOP ( 'NONE', ( #1518, #416, #1878, #2675 ) ) ;
#1007 = CARTESIAN_POINT ( 'NONE',  ( 0.4486085405519431000, 2.999000000000000100, -0.7620540852199885200 ) ) ;
#1008 = LINE ( 'NONE', #585, #2435 ) ;
#1009 = SURFACE_SIDE_STYLE ('',( #875 ) ) ;
#1010 = DIRECTION ( 'NONE',  ( -1.000000000000000000, 0.0000000000000000000, 0.0000000000000000000 ) ) ;
#1011 = EDGE_CURVE ( 'NONE', #633, #1880, #3315, .T. ) ;
#1012 =( NAMED_UNIT ( * ) SI_UNIT ( $, .STERADIAN. ) SOLID_ANGLE_UNIT ( ) );
#1013 = LINE ( 'NONE', #996, #3133 ) ;
#1014 = CARTESIAN_POINT ( 'NONE',  ( 1.045314170473210700, 2.999000000000000100, -0.07946810096801443200 ) ) ;
#1015 = FILL_AREA_STYLE_COLOUR ( '', #2379 ) ;
#1016 = FACE_OUTER_BOUND ( 'NONE', #1679, .T. ) ;
#1017 = VECTOR ( 'NONE', #838, 1000.000000000000000 ) ;
#1018 = ORIENTED_EDGE ( 'NONE', *, *, #2781, .T. ) ;
#1019 =( NAMED_UNIT ( * ) SI_UNIT ( $, .STERADIAN. ) SOLID_ANGLE_UNIT ( ) );
#1020 = CARTESIAN_POINT ( 'NONE',  ( 2.820885408600847900, 2.999000000000000100, 1.199485945807812400 ) ) ;
#1021 = CARTESIAN_POINT ( 'NONE',  ( 0.8876692098432862300, 2.999000000000000100, -0.7146158568735239100 ) ) ;
#1022 = CARTESIAN_POINT ( 'NONE',  ( 2.413133004754694200, 2.999000000000000100, -0.02076645803834160200 ) ) ;
#1023 = STYLED_ITEM ( 'NONE', ( #3019 ), #2929 ) ;
#1024 = AXIS2_PLACEMENT_3D ( 'NONE', #576, #539, #525 ) ;
#1025 = LINE ( 'NONE', #471, #334 ) ;
#1026 = EDGE_CURVE ( 'NONE', #2754, #3140, #581, .T. ) ;
#1027 =( NAMED_UNIT ( * ) SI_UNIT ( $, .STERADIAN. ) SOLID_ANGLE_UNIT ( ) );
#1028 = CARTESIAN_POINT ( 'NONE',  ( 1.532423870139309600, 3.000000000000000400, -1.454360208038342000 ) ) ;
#1029 = VECTOR ( 'NONE', #798, 1000.000000000000000 ) ;
#1030 = B_SPLINE_SURFACE_WITH_KNOTS ( 'NONE', 3, 1, ( 
 ( #2926, #2456 ),
 ( #2422, #1411 ),
 ( #344, #3220 ),
 ( #2979, #3258 ),
 ( #1696, #1639 ),
 ( #1616, #1624 ),
 ( #1399, #2184 ),
 ( #1387, #1144 ),
 ( #3195, #1915 ),
 ( #1961, #2206 ),
 ( #2434, #2169 ),
 ( #24, #57 ),
 ( #331, #305 ),
 ( #2696, #1078 ),
 ( #571, #3187 ),
 ( #1885, #815 ),
 ( #2159, #615 ),
 ( #1114, #1128 ),
 ( #1091, #2965 ),
 ( #1895, #45 ),
 ( #885, #3206 ),
 ( #36, #2737 ),
 ( #1906, #3233 ) ),
 .UNSPECIFIED., .F., .F., .F.,
 ( 4, 1, 1, 1, 1, 1, 1, 1, 1, 1, 1, 1, 1, 1, 1, 1, 1, 1, 1, 1, 4 ),
 ( 2, 2 ),
 ( 0.0000000000000000000, 0.03151551312998467800, 0.06480979674365734700, 0.09991169883527570300, 0.1366755286001708800, 0.1751432978746824400, 0.2157650117082458300, 0.2581569125231219000, 0.3022930440652046300, 0.3927408518774001000, 0.4832984694610615900, 0.5744114847371661900, 0.6664774093514971300, 0.7120107481430554300, 0.7563744975915032100, 0.7998154803065211600, 0.8419616993485903300, 0.8828431755911850800, 0.9229180315891946100, 0.9619666184423850700, 1.000000000000000000 ),
 ( 0.0000000000000000000, 1.000000000000000000 ),
 .UNSPECIFIED. ) ;
#1031 = DIRECTION ( 'NONE',  ( -0.0000000000000000000, 1.000000000000000000, -0.0000000000000000000 ) ) ;
#1032 = CARTESIAN_POINT ( 'NONE',  ( -1.460944057873250000, 3.000000000000000000, -0.4915082190782411000 ) ) ;
#1033 = ORIENTED_EDGE ( 'NONE', *, *, #2755, .T. ) ;
#1034 = VERTEX_POINT ( 'NONE', #2919 ) ;
#1035 = ORIENTED_EDGE ( 'NONE', *, *, #1617, .T. ) ;
#1036 = CARTESIAN_POINT ( 'NONE',  ( 2.820885408600847900, 3.000000000000000000, 1.199485945807812400 ) ) ;
#1037 = CARTESIAN_POINT ( 'NONE',  ( -3.279999999999998900, 3.000000000000000000, 3.129999999999999900 ) ) ;
#1038 = EDGE_CURVE ( 'NONE', #1296, #3170, #503, .T. ) ;
#1039 = CARTESIAN_POINT ( 'NONE',  ( 1.394999999999999400, -0.1000000000000000100, -2.500000000000000400 ) ) ;
#1040 = STYLED_ITEM ( 'NONE', ( #1201 ), #1061 ) ;
#1041 = ORIENTED_EDGE ( 'NONE', *, *, #1694, .T. ) ;
#1042 = VERTEX_POINT ( 'NONE', #2862 ) ;
#1043 = VECTOR ( 'NONE', #2269, 1000.000000000000000 ) ;
#1044 = B_SPLINE_SURFACE_WITH_KNOTS ( 'NONE', 3, 1, ( 
 ( #535, #10 ),
 ( #1872, #280 ),
 ( #2142, #540 ),
 ( #2407, #803 ),
 ( #2669, #1059 ),
 ( #2962, #1379 ),
 ( #3230, #1661 ),
 ( #67, #1925 ),
 ( #339, #2202 ),
 ( #601, #2461 ),
 ( #863, #2732 ),
 ( #1123, #2973 ),
 ( #1397, #3245 ),
 ( #1672, #79 ),
 ( #1944, #358 ),
 ( #2217, #610 ),
 ( #2478, #876 ),
 ( #2741, #1138 ),
 ( #2992, #1406 ),
 ( #3254, #1688 ),
 ( #92, #1957 ),
 ( #371, #2229 ),
 ( #621, #2493 ) ),
 .UNSPECIFIED., .F., .F., .F.,
 ( 4, 1, 1, 1, 1, 1, 1, 1, 1, 1, 1, 1, 1, 1, 1, 1, 1, 1, 1, 1, 4 ),
 ( 2, 2 ),
 ( 0.0000000000000000000, 0.03151551312998467800, 0.06480979674365734700, 0.09991169883527571700, 0.1366755286001709300, 0.1751432978746824700, 0.2157650117082458600, 0.2581569125231219500, 0.3022930440652046300, 0.3927408518774002100, 0.4832984694610617000, 0.5744114847371663000, 0.6664774093514973500, 0.7120107481430554300, 0.7563744975915032100, 0.7998154803065211600, 0.8419616993485904400, 0.8828431755911850800, 0.9229180315891946100, 0.9619666184423850700, 1.000000000000000000 ),
 ( 0.0000000000000000000, 1.000000000000000000 ),
 .UNSPECIFIED. ) ;
#1045 = ORIENTED_EDGE ( 'NONE', *, *, #2470, .F. ) ;
#1046 = UNCERTAINTY_MEASURE_WITH_UNIT (LENGTH_MEASURE( 1.000000000000000100E-005 ), #1132, 'distance_accuracy_value', 'NONE');
#1047 = DIRECTION ( 'NONE',  ( -0.0000000000000000000, 1.000000000000000000, -0.0000000000000000000 ) ) ;
#1048 = LINE ( 'NONE', #2208, #2400 ) ;
#1049 = B_SPLINE_SURFACE_WITH_KNOTS ( 'NONE', 3, 1, ( 
 ( #2397, #3015 ),
 ( #1436, #3273 ),
 ( #1715, #116 ),
 ( #1976, #388 ) ),
 .UNSPECIFIED., .F., .F., .F.,
 ( 4, 4 ),
 ( 2, 2 ),
 ( 0.1818181818181818200, 0.2727272727272727100 ),
 ( 0.0000000000000000000, 1.000000000000000000 ),
 .UNSPECIFIED. ) ;
#1050 = UNCERTAINTY_MEASURE_WITH_UNIT (LENGTH_MEASURE( 1.000000000000000100E-005 ), #91, 'distance_accuracy_value', 'NONE');
#1051 = EDGE_CURVE ( 'NONE', #1206, #1570, #1914, .T. ) ;
#1052 = SURFACE_STYLE_USAGE ( .BOTH. , #2659 ) ;
#1053 = CARTESIAN_POINT ( 'NONE',  ( -2.592543542519446300, 2.999000000000000100, -3.000000000000000000 ) ) ;
#1054 = ORIENTED_EDGE ( 'NONE', *, *, #2039, .F. ) ;
#1055 =( NAMED_UNIT ( * ) SI_UNIT ( $, .STERADIAN. ) SOLID_ANGLE_UNIT ( ) );
#1056 = CARTESIAN_POINT ( 'NONE',  ( 1.495765216293155600, 3.000000000000000000, -1.646667900346034300 ) ) ;
#1057 = DIRECTION ( 'NONE',  ( -1.283079494065685900E-016, 0.0000000000000000000, -1.000000000000000000 ) ) ;
#1058 = LINE ( 'NONE', #3326, #2410 ) ;
#1059 = CARTESIAN_POINT ( 'NONE',  ( 2.678535947141055500, 2.999999999999998200, 1.380602405165673600 ) ) ;
#1060 = FILL_AREA_STYLE ('',( #805 ) ) ;
#1061 = ADVANCED_FACE ( 'NONE', ( #2549 ), #167, .T. ) ;
#1062 = CARTESIAN_POINT ( 'NONE',  ( 2.516515676244705600, 2.999000000000000600, -0.9569628118905491000 ) ) ;
#1063 = UNCERTAINTY_MEASURE_WITH_UNIT (LENGTH_MEASURE( 1.000000000000000100E-005 ), #1393, 'distance_accuracy_value', 'NONE');
#1064 = MECHANICAL_DESIGN_GEOMETRIC_PRESENTATION_REPRESENTATION (  '', ( #544 ), #1252 ) ;
#1065 = FILL_AREA_STYLE ('',( #2532 ) ) ;
#1066 = COLOUR_RGB ( '',1.000000000000000000, 1.000000000000000000, 1.000000000000000000 ) ;
#1067 = EDGE_CURVE ( 'NONE', #1778, #1165, #181, .T. ) ;
#1068 = CARTESIAN_POINT ( 'NONE',  ( 1.509002830109456700, 2.998999999999999700, -1.635348139745774100 ) ) ;
#1069 = SURFACE_STYLE_USAGE ( .BOTH. , #2213 ) ;
#1070 = LINE ( 'NONE', #2111, #2506 ) ;
#1071 = DIRECTION ( 'NONE',  ( -0.0000000000000000000, -1.000000000000000000, -0.0000000000000000000 ) ) ;
#1072 = EDGE_LOOP ( 'NONE', ( #2522, #2080, #599, #1074 ) ) ;
#1073 = STYLED_ITEM ( 'NONE', ( #2268 ), #1945 ) ;
#1074 = ORIENTED_EDGE ( 'NONE', *, *, #778, .T. ) ;
#1075 = VECTOR ( 'NONE', #1841, 1000.000000000000000 ) ;
#1076 = B_SPLINE_SURFACE_WITH_KNOTS ( 'NONE', 3, 1, ( 
 ( #129, #1753 ),
 ( #161, #2023 ),
 ( #426, #2282 ),
 ( #687, #2551 ) ),
 .UNSPECIFIED., .F., .F., .F.,
 ( 4, 4 ),
 ( 2, 2 ),
 ( 0.0000000000000000000, 0.09090909090909091200 ),
 ( 0.0000000000000000000, 1.000000000000000000 ),
 .UNSPECIFIED. ) ;
#1077 = SURFACE_STYLE_FILL_AREA ( #3264 ) ;
#1078 = CARTESIAN_POINT ( 'NONE',  ( 1.938997777366151100, 3.000000000000000400, -0.01789474941963726700 ) ) ;
#1079 = CARTESIAN_POINT ( 'NONE',  ( -0.4786384673220715500, 2.999000000000000100, -0.3698082584483305400 ) ) ;
#1080 = CARTESIAN_POINT ( 'NONE',  ( 1.509002830109456700, 2.999999999999999600, -1.635348139745774100 ) ) ;
#1081 = DIRECTION ( 'NONE',  ( 1.000000000000000000, 0.0000000000000000000, -1.283079494065685900E-016 ) ) ;
#1082 = ADVANCED_FACE ( 'NONE', ( #872 ), #1654, .F. ) ;
#1083 = ORIENTED_EDGE ( 'NONE', *, *, #2104, .F. ) ;
#1084 = PRESENTATION_STYLE_ASSIGNMENT (( #71 ) ) ;
#1085 = MECHANICAL_DESIGN_GEOMETRIC_PRESENTATION_REPRESENTATION (  '', ( #566 ), #1273 ) ;
#1086 = CARTESIAN_POINT ( 'NONE',  ( 2.678535947141055500, 2.998999999999998300, 1.380602405165673600 ) ) ;
#1087 = LINE ( 'NONE', #1260, #3044 ) ;
#1088 = CARTESIAN_POINT ( 'NONE',  ( 0.6117278318905272600, 3.000000000000000000, -1.056249203330220200 ) ) ;
#1089 = MECHANICAL_DESIGN_GEOMETRIC_PRESENTATION_REPRESENTATION (  '', ( #568 ), #1274 ) ;
#1090 = EDGE_CURVE ( 'NONE', #1515, #813, #3359, .T. ) ;
#1091 = CARTESIAN_POINT ( 'NONE',  ( 1.661100619080114100, 2.999000000000001000, -0.1942032417838565900 ) ) ;
#1092 = SURFACE_STYLE_USAGE ( .BOTH. , #909 ) ;
#1093 = FILL_AREA_STYLE_COLOUR ( '', #2566 ) ;
#1094 = PRESENTATION_LAYER_ASSIGNMENT (  '', '', ( #756 ) ) ;
#1095 = CARTESIAN_POINT ( 'NONE',  ( 1.536069100414741500, 2.999000000000000100, -1.612203205586985300 ) ) ;
#1096 = CARTESIAN_POINT ( 'NONE',  ( -3.279999999999999800, 3.000000000000000000, -3.379999999999999400 ) ) ;
#1097 = DIRECTION ( 'NONE',  ( 0.0000000000000000000, 0.0000000000000000000, 1.000000000000000000 ) ) ;
#1098 = CARTESIAN_POINT ( 'NONE',  ( 1.616233160057057200, 2.999000000000000100, -1.383009058606939500 ) ) ;
#1099 = VERTEX_POINT ( 'NONE', #1601 ) ;
#1100 = SURFACE_SIDE_STYLE ('',( #2680 ) ) ;
#1101 = PRESENTATION_STYLE_ASSIGNMENT (( #1726 ) ) ;
#1102 = DIRECTION ( 'NONE',  ( 1.000000000000000000, 0.0000000000000000000, 0.0000000000000000000 ) ) ;
#1103 = DIRECTION ( 'NONE',  ( -0.0000000000000000000, 1.000000000000000000, -0.0000000000000000000 ) ) ;
#1104 = CARTESIAN_POINT ( 'NONE',  ( -1.460944057873250000, 2.999000000000000100, -0.4915082190782411000 ) ) ;
#1105 = CARTESIAN_POINT ( 'NONE',  ( 0.1201164539377799500, 2.999000000000000100, 0.7592294580871055100 ) ) ;
#1106 = DIRECTION ( 'NONE',  ( 1.000000000000000000, 0.0000000000000000000, 0.0000000000000000000 ) ) ;
#1107 = CARTESIAN_POINT ( 'NONE',  ( -0.4786384673220715500, 3.000000000000000000, -0.3698082584483305400 ) ) ;
#1108 = FILL_AREA_STYLE ('',( #1150 ) ) ;
#1109 = STYLED_ITEM ( 'NONE', ( #1587 ), #822 ) ;
#1110 = VECTOR ( 'NONE', #2931, 1000.000000000000000 ) ;
#1111 = STYLED_ITEM ( 'NONE', ( #1835 ), #2963 ) ;
#1112 = COLOUR_RGB ( '',1.000000000000000000, 1.000000000000000000, 1.000000000000000000 ) ;
#1113 = CARTESIAN_POINT ( 'NONE',  ( 1.674202334968583300, 2.999000000000000600, 0.7960222043236063700 ) ) ;
#1114 = CARTESIAN_POINT ( 'NONE',  ( 1.708557197792374100, 2.998999999999999700, -0.1602437634911203800 ) ) ;
#1115 = FACE_OUTER_BOUND ( 'NONE', #303, .T. ) ;
#1116 = SURFACE_STYLE_USAGE ( .BOTH. , #2723 ) ;
#1117 = SURFACE_SIDE_STYLE ('',( #661 ) ) ;
#1118 = EDGE_CURVE ( 'NONE', #3382, #2831, #1975, .T. ) ;
#1119 = ORIENTED_EDGE ( 'NONE', *, *, #1840, .T. ) ;
#1120 = ORIENTED_EDGE ( 'NONE', *, *, #2573, .F. ) ;
#1121 = DIRECTION ( 'NONE',  ( 0.0000000000000000000, 0.0000000000000000000, 1.000000000000000000 ) ) ;
#1122 = ORIENTED_EDGE ( 'NONE', *, *, #1694, .F. ) ;
#1123 = CARTESIAN_POINT ( 'NONE',  ( 2.154014702461950500, 2.999000000000001000, 1.238366243364799900 ) ) ;
#1124 = ADVANCED_FACE ( 'NONE', ( #1966 ), #1306, .F. ) ;
#1125 = PLANE ( 'NONE',  #971 ) ;
#1126 = PRESENTATION_STYLE_ASSIGNMENT (( #2186 ) ) ;
#1127 = PRESENTATION_STYLE_ASSIGNMENT (( #1954 ) ) ;
#1128 = CARTESIAN_POINT ( 'NONE',  ( 1.708557197792374100, 2.999999999999999100, -0.1602437634911203800 ) ) ;
#1129 = ORIENTED_EDGE ( 'NONE', *, *, #2339, .T. ) ;
#1130 = VERTEX_POINT ( 'NONE', #3394 ) ;
#1131 = CIRCLE ( 'NONE', #1929, 0.2500000000000002200 ) ;
#1132 =( LENGTH_UNIT ( ) NAMED_UNIT ( * ) SI_UNIT ( .MILLI., .METRE. ) );
#1133 =( LENGTH_UNIT ( ) NAMED_UNIT ( * ) SI_UNIT ( .MILLI., .METRE. ) );
#1134 = CARTESIAN_POINT ( 'NONE',  ( 0.6983318870086439000, 2.999000000000000100, 0.5698598911579730900 ) ) ;
#1135 =( NAMED_UNIT ( * ) SI_UNIT ( $, .STERADIAN. ) SOLID_ANGLE_UNIT ( ) );
#1136 = CARTESIAN_POINT ( 'NONE',  ( -1.641801183857502200, 3.000000000000000000, 0.1371011510004973000 ) ) ;
#1137 = CARTESIAN_POINT ( 'NONE',  ( 1.532423870139309600, 3.000000000000000000, 0.4687167150385814800 ) ) ;
#1138 = CARTESIAN_POINT ( 'NONE',  ( 1.708557197792374100, 2.999999999999999100, 0.9936023903550329500 ) ) ;
#1139 = FILL_AREA_STYLE_COLOUR ( '', #33 ) ;
#1140 = CARTESIAN_POINT ( 'NONE',  ( 0.7069589736228169000, 3.000000000000000000, -0.05331455766092815800 ) ) ;
#1141 = PRESENTATION_LAYER_ASSIGNMENT (  '', '', ( #787 ) ) ;
#1142 = PRESENTATION_LAYER_ASSIGNMENT (  '', '', ( #788 ) ) ;
#1143 = EDGE_CURVE ( 'NONE', #2511, #644, #2265, .T. ) ;
#1144 = CARTESIAN_POINT ( 'NONE',  ( 2.516515676244706100, 3.000000000000000000, 0.1968833419556052500 ) ) ;
#1145 = CARTESIAN_POINT ( 'NONE',  ( 3.279999999999999800, 3.000000000000000000, -3.129999999999999000 ) ) ;
#1146 = ADVANCED_FACE ( 'NONE', ( #2945 ), #492, .T. ) ;
#1147 = CARTESIAN_POINT ( 'NONE',  ( 1.340116177831617300, 2.999000000000000100, 0.4687167150385814800 ) ) ;
#1148 =( NAMED_UNIT ( * ) PLANE_ANGLE_UNIT ( ) SI_UNIT ( $, .RADIAN. ) );
#1149 =( GEOMETRIC_REPRESENTATION_CONTEXT ( 3 ) GLOBAL_UNCERTAINTY_ASSIGNED_CONTEXT ( ( #2991 ) ) GLOBAL_UNIT_ASSIGNED_CONTEXT ( ( #1967, #253, #775 ) ) REPRESENTATION_CONTEXT ( 'NONE', 'WORKASPACE' ) );
#1150 = FILL_AREA_STYLE_COLOUR ( '', #2075 ) ;
#1151 = CARTESIAN_POINT ( 'NONE',  ( 1.809945688435240700, 2.999999999999999600, 1.060607198375866000 ) ) ;
#1152 = VECTOR ( 'NONE', #2021, 1000.000000000000000 ) ;
#1153 = DIRECTION ( 'NONE',  ( 1.000000000000000000, 0.0000000000000000000, 0.0000000000000000000 ) ) ;
#1154 = CARTESIAN_POINT ( 'NONE',  ( 2.369291950611821300, 3.000000000000000000, -1.187407769068722600 ) ) ;
#1155 = DIRECTION ( 'NONE',  ( -0.0000000000000000000, 0.0000000000000000000, 1.000000000000000000 ) ) ;
#1156 = CARTESIAN_POINT ( 'NONE',  ( 1.920069670880451700, 2.999999999999999600, 0.9399483450740966400 ) ) ;
#1157 = DIRECTION ( 'NONE',  ( -0.0000000000000000000, 0.0000000000000000000, 1.000000000000000000 ) ) ;
#1158 = VECTOR ( 'NONE', #2143, 1000.000000000000000 ) ;
#1159 = CARTESIAN_POINT ( 'NONE',  ( -0.2609979948811267900, 3.000000000000000000, -0.6503999513617134700 ) ) ;
#1160 = B_SPLINE_CURVE_WITH_KNOTS ( 'NONE', 3,
 ( #2644, #781, #227, #1032 ),
 .UNSPECIFIED., .F., .F.,
 ( 4, 4 ),
 ( 0.2727272727272727100, 0.3636363636363636500 ),
 .UNSPECIFIED. ) ;
#1161 = FILL_AREA_STYLE_COLOUR ( '', #1917 ) ;
#1162 = AXIS2_PLACEMENT_3D ( 'NONE', #616, #2485, #886 ) ;
#1163 =( LENGTH_UNIT ( ) NAMED_UNIT ( * ) SI_UNIT ( .MILLI., .METRE. ) );
#1164 = EDGE_CURVE ( 'NONE', #2177, #1271, #1293, .T. ) ;
#1165 = VERTEX_POINT ( 'NONE', #1542 ) ;
#1166 = DIRECTION ( 'NONE',  ( 0.0000000000000000000, 0.0000000000000000000, -1.000000000000000000 ) ) ;
#1167 =( LENGTH_UNIT ( ) NAMED_UNIT ( * ) SI_UNIT ( .MILLI., .METRE. ) );
#1168 = EDGE_LOOP ( 'NONE', ( #395, #554, #903, #1119 ) ) ;
#1169 =( NAMED_UNIT ( * ) PLANE_ANGLE_UNIT ( ) SI_UNIT ( $, .RADIAN. ) );
#1170 = DIRECTION ( 'NONE',  ( -1.000000000000000000, 0.0000000000000000000, 0.0000000000000000000 ) ) ;
#1171 = CARTESIAN_POINT ( 'NONE',  ( 2.444795453839451400, 2.999999999999999600, 1.141377174047288900 ) ) ;
#1172 = ORIENTED_EDGE ( 'NONE', *, *, #2934, .F. ) ;
#1173 = CARTESIAN_POINT ( 'NONE',  ( 1.625082582934020500, 3.000000000000000400, -0.3911249332395692100 ) ) ;
#1174 = EDGE_LOOP ( 'NONE', ( #1636, #845, #2570, #1550 ) ) ;
#1175 = VECTOR ( 'NONE', #856, 1000.000000000000000 ) ;
#1176 = CARTESIAN_POINT ( 'NONE',  ( 1.394999999999999400, -0.1000000000000000100, 2.500000000000000400 ) ) ;
#1177 = CARTESIAN_POINT ( 'NONE',  ( 1.625082582934020300, 2.998999999999999700, 0.7627212206065847600 ) ) ;
#1178 = LINE ( 'NONE', #1911, #481 ) ;
#1179 = LINE ( 'NONE', #3349, #2528 ) ;
#1180 = CARTESIAN_POINT ( 'NONE',  ( 2.154014702461950500, 2.999000000000000600, 0.08452008951864561900 ) ) ;
#1181 = AXIS2_PLACEMENT_3D ( 'NONE', #1053, #2914, #1324 ) ;
#1182 = DIRECTION ( 'NONE',  ( -1.000000000000000000, 0.0000000000000000000, 0.0000000000000000000 ) ) ;
#1183 = CARTESIAN_POINT ( 'NONE',  ( 2.152133171637987900, 2.999000000000000600, -0.1074027812274275000 ) ) ;
#1184 = DIRECTION ( 'NONE',  ( 0.0000000000000000000, 1.000000000000000000, -0.0000000000000000000 ) ) ;
#1185 = ORIENTED_EDGE ( 'NONE', *, *, #3347, .F. ) ;
#1186 =( LENGTH_UNIT ( ) NAMED_UNIT ( * ) SI_UNIT ( .MILLI., .METRE. ) );
#1187 = EDGE_CURVE ( 'NONE', #169, #2423, #2024, .T. ) ;
#1188 = SURFACE_STYLE_FILL_AREA ( #2994 ) ;
#1189 = FILL_AREA_STYLE_COLOUR ( '', #29 ) ;
#1190 = CARTESIAN_POINT ( 'NONE',  ( 1.532423870139309600, 3.000000000000000000, -0.6851294388075728200 ) ) ;
#1191 = PRESENTATION_LAYER_ASSIGNMENT (  '', '', ( #837 ) ) ;
#1192 = CARTESIAN_POINT ( 'NONE',  ( 2.376789220336482900, 3.000000000000000400, 0.1614990220823469000 ) ) ;
#1193 = DIRECTION ( 'NONE',  ( 0.6128916609699369700, -0.0000000000000000000, -0.7901669519244093300 ) ) ;
#1194 = UNCERTAINTY_MEASURE_WITH_UNIT (LENGTH_MEASURE( 1.000000000000000100E-005 ), #579, 'distance_accuracy_value', 'NONE');
#1195 = CARTESIAN_POINT ( 'NONE',  ( 1.340116177831617300, 2.999000000000000100, -0.6851294388075728200 ) ) ;
#1196 = VERTEX_POINT ( 'NONE', #2868 ) ;
#1197 =( LENGTH_UNIT ( ) NAMED_UNIT ( * ) SI_UNIT ( .MILLI., .METRE. ) );
#1198 = DIRECTION ( 'NONE',  ( 0.0000000000000000000, 0.0000000000000000000, -1.000000000000000000 ) ) ;
#1199 = VECTOR ( 'NONE', #2097, 1000.000000000000000 ) ;
#1200 =( NAMED_UNIT ( * ) PLANE_ANGLE_UNIT ( ) SI_UNIT ( $, .RADIAN. ) );
#1201 = PRESENTATION_STYLE_ASSIGNMENT (( #2185 ) ) ;
#1202 = CARTESIAN_POINT ( 'NONE',  ( -0.2609979948811267900, 2.999000000000000100, -0.6503999513617134700 ) ) ;
#1203 = CARTESIAN_POINT ( 'NONE',  ( 1.532423870139309600, 2.999999999999999600, -0.3005140541921877400 ) ) ;
#1204 = FACE_OUTER_BOUND ( 'NONE', #3040, .T. ) ;
#1205 = CARTESIAN_POINT ( 'NONE',  ( 1.726164558568521200, 2.999999999999999600, -0.3245625919329168100 ) ) ;
#1206 = VERTEX_POINT ( 'NONE', #3398 ) ;
#1207 = FACE_OUTER_BOUND ( 'NONE', #2819, .T. ) ;
#1208 = PRESENTATION_LAYER_ASSIGNMENT (  '', '', ( #852 ) ) ;
#1209 = STYLED_ITEM ( 'NONE', ( #1517 ), #1620 ) ;
#1210 = CARTESIAN_POINT ( 'NONE',  ( -3.029999999999999800, 3.000000000000000000, -3.379999999999999400 ) ) ;
#1211 = COLOUR_RGB ( '',0.1921568627450980200, 0.2039215686274509800, 0.2039215686274509800 ) ;
#1212 = VERTEX_POINT ( 'NONE', #3132 ) ;
#1213 = EDGE_CURVE ( 'NONE', #813, #524, #517, .T. ) ;
#1214 =( NAMED_UNIT ( * ) SI_UNIT ( $, .STERADIAN. ) SOLID_ANGLE_UNIT ( ) );
#1215 =( GEOMETRIC_REPRESENTATION_CONTEXT ( 3 ) GLOBAL_UNCERTAINTY_ASSIGNED_CONTEXT ( ( #1863 ) ) GLOBAL_UNIT_ASSIGNED_CONTEXT ( ( #2036, #434, #2291 ) ) REPRESENTATION_CONTEXT ( 'NONE', 'WORKASPACE' ) );
#1216 = FACE_OUTER_BOUND ( 'NONE', #2352, .T. ) ;
#1217 = CARTESIAN_POINT ( 'NONE',  ( -2.592543542519446300, 2.999000000000000100, -3.000000000000000000 ) ) ;
#1218 = VECTOR ( 'NONE', #1641, 1000.000000000000000 ) ;
#1219 = LINE ( 'NONE', #2702, #2567 ) ;
#1220 = DIRECTION ( 'NONE',  ( -0.0000000000000000000, -0.0000000000000000000, 1.000000000000000000 ) ) ;
#1221 = VERTEX_POINT ( 'NONE', #2367 ) ;
#1222 = SURFACE_SIDE_STYLE ('',( #1922 ) ) ;
#1223 = CARTESIAN_POINT ( 'NONE',  ( 1.780985762146028100, 3.000000000000000400, -0.2910643171388592200 ) ) ;
#1224 = FILL_AREA_STYLE ('',( #1488 ) ) ;
#1225 = CARTESIAN_POINT ( 'NONE',  ( -0.4786384673220715500, 3.000000000000000000, -0.3698082584483305400 ) ) ;
#1226 = FILL_AREA_STYLE ('',( #1491 ) ) ;
#1227 = PRESENTATION_STYLE_ASSIGNMENT (( #2789 ) ) ;
#1228 = CARTESIAN_POINT ( 'NONE',  ( 1.579180658906025800, 2.998999999999999700, 0.7290203420796725900 ) ) ;
#1229 = VECTOR ( 'NONE', #1592, 1000.000000000000000 ) ;
#1230 = STYLED_ITEM ( 'NONE', ( #1127 ), #17 ) ;
#1231 = CARTESIAN_POINT ( 'NONE',  ( 1.616233160057057200, 2.998999999999999700, 0.9246832490853684700 ) ) ;
#1232 = CARTESIAN_POINT ( 'NONE',  ( -1.213273585432310200, 2.999000000000000100, -0.8421448332514782600 ) ) ;
#1233 = CARTESIAN_POINT ( 'NONE',  ( 2.413133004754694200, 2.999000000000000100, -0.02076645803834160200 ) ) ;
#1234 = PRESENTATION_LAYER_ASSIGNMENT (  '', '', ( #1040 ) ) ;
#1235 = CARTESIAN_POINT ( 'NONE',  ( 2.775247423879655600, 2.999999999999999600, 1.390383819857037100 ) ) ;
#1236 = B_SPLINE_CURVE_WITH_KNOTS ( 'NONE', 3,
 ( #3113, #211, #2611, #1000 ),
 .UNSPECIFIED., .F., .F.,
 ( 4, 4 ),
 ( 0.09090909090909091200, 0.1818181818181818200 ),
 .UNSPECIFIED. ) ;
#1237 = CARTESIAN_POINT ( 'NONE',  ( 1.536069100414741500, 3.000000000000000000, -1.612203205586985300 ) ) ;
#1238 = ADVANCED_BREP_SHAPE_REPRESENTATION ( 'XAL6030', ( #802, #2829 ), #1215 ) ;
#1239 = CARTESIAN_POINT ( 'NONE',  ( 1.536069100414741500, 2.999000000000000600, 0.6954891021053228900 ) ) ;
#1240 = CARTESIAN_POINT ( 'NONE',  ( -1.268840908266949400, 3.000000000000000000, -0.09002983325146933500 ) ) ;
#1241 = LINE ( 'NONE', #637, #537 ) ;
#1242 = EDGE_CURVE ( 'NONE', #3404, #1535, #443, .T. ) ;
#1243 = CARTESIAN_POINT ( 'NONE',  ( 1.758162665760972800, 2.999000000000000600, 1.027247491272316600 ) ) ;
#1244 = CARTESIAN_POINT ( 'NONE',  ( 3.029999999999999800, 0.0000000000000000000, -3.379999999999999400 ) ) ;
#1245 =( NAMED_UNIT ( * ) PLANE_ANGLE_UNIT ( ) SI_UNIT ( $, .RADIAN. ) );
#1246 = DIRECTION ( 'NONE',  ( 1.283079494065685900E-016, 0.0000000000000000000, 1.000000000000000000 ) ) ;
#1247 = ORIENTED_EDGE ( 'NONE', *, *, #2039, .T. ) ;
#1248 = DIRECTION ( 'NONE',  ( -0.0000000000000000000, 1.000000000000000000, -0.0000000000000000000 ) ) ;
#1249 = CARTESIAN_POINT ( 'NONE',  ( 1.573054305422271900, 2.998999999999999700, -1.417939695623395400 ) ) ;
#1250 = ORIENTED_EDGE ( 'NONE', *, *, #686, .F. ) ;
#1251 = B_SPLINE_CURVE_WITH_KNOTS ( 'NONE', 3,
 ( #2452, #1366, #2729, #2701, #2971, #2959, #3212, #1630, #3242, #1395, #1671, #1902, #337, #584, #834 ),
 .UNSPECIFIED., .F., .F.,
 ( 4, 1, 1, 1, 1, 1, 1, 1, 1, 1, 1, 1, 4 ),
 ( 0.0000000000000000000, 0.05027287497458354800, 0.1027903700748776000, 0.1576131012369289300, 0.2146311133156755800, 0.2740612127265389400, 0.3356974550538851000, 0.4000702787165528200, 0.4668267493853401300, 0.6020780869193701500, 0.7357515335047493100, 0.8682046170340285100, 1.000000000000000000 ),
 .UNSPECIFIED. ) ;
#1252 =( GEOMETRIC_REPRESENTATION_CONTEXT ( 3 ) GLOBAL_UNCERTAINTY_ASSIGNED_CONTEXT ( ( #957 ) ) GLOBAL_UNIT_ASSIGNED_CONTEXT ( ( #1723, #1745, #1634 ) ) REPRESENTATION_CONTEXT ( 'NONE', 'WORKASPACE' ) );
#1253 = CARTESIAN_POINT ( 'NONE',  ( 3.279999999999999800, 0.0000000000000000000, -3.129999999999999000 ) ) ;
#1254 = CARTESIAN_POINT ( 'NONE',  ( 1.579180658906025800, 2.999000000000000100, -1.578671965612636000 ) ) ;
#1255 =( NAMED_UNIT ( * ) PLANE_ANGLE_UNIT ( ) SI_UNIT ( $, .RADIAN. ) );
#1256 = EDGE_CURVE ( 'NONE', #1002, #1981, #710, .T. ) ;
#1257 = B_SPLINE_SURFACE_WITH_KNOTS ( 'NONE', 3, 1, ( 
 ( #928, #2552 ),
 ( #451, #1676 ),
 ( #1987, #317 ),
 ( #384, #979 ) ),
 .UNSPECIFIED., .F., .F., .F.,
 ( 4, 4 ),
 ( 2, 2 ),
 ( 0.2727272727272727100, 0.3636363636363636500 ),
 ( 0.0000000000000000000, 1.000000000000000000 ),
 .UNSPECIFIED. ) ;
#1258 = ORIENTED_EDGE ( 'NONE', *, *, #3392, .T. ) ;
#1259 = ORIENTED_EDGE ( 'NONE', *, *, #267, .T. ) ;
#1260 = CARTESIAN_POINT ( 'NONE',  ( 3.029999999999999800, 3.000000000000000000, -3.379999999999999400 ) ) ;
#1261 = SURFACE_STYLE_FILL_AREA ( #1705 ) ;
#1262 = EDGE_LOOP ( 'NONE', ( #1045, #3244, #922, #241, #780, #3080, #3083, #1350 ) ) ;
#1263 = COLOUR_RGB ( '',1.000000000000000000, 1.000000000000000000, 1.000000000000000000 ) ;
#1264 = SURFACE_SIDE_STYLE ('',( #578 ) ) ;
#1265 = FACE_OUTER_BOUND ( 'NONE', #1168, .T. ) ;
#1266 = VECTOR ( 'NONE', #336, 1000.000000000000100 ) ;
#1267 = FILL_AREA_STYLE_COLOUR ( '', #564 ) ;
#1268 = FACE_OUTER_BOUND ( 'NONE', #9, .T. ) ;
#1269 = VECTOR ( 'NONE', #823, 1000.000000000000000 ) ;
#1270 = DIRECTION ( 'NONE',  ( -1.447390240117823400E-012, -1.000000000000000000, 1.769238368671064900E-012 ) ) ;
#1271 = VERTEX_POINT ( 'NONE', #166 ) ;
#1272 = CARTESIAN_POINT ( 'NONE',  ( 0.5118499578747857100, 3.000000000000000000, 1.180165363598914900 ) ) ;
#1273 =( GEOMETRIC_REPRESENTATION_CONTEXT ( 3 ) GLOBAL_UNCERTAINTY_ASSIGNED_CONTEXT ( ( #949 ) ) GLOBAL_UNIT_ASSIGNED_CONTEXT ( ( #1133, #1716, #117 ) ) REPRESENTATION_CONTEXT ( 'NONE', 'WORKASPACE' ) );
#1274 =( GEOMETRIC_REPRESENTATION_CONTEXT ( 3 ) GLOBAL_UNCERTAINTY_ASSIGNED_CONTEXT ( ( #2053 ) ) GLOBAL_UNIT_ASSIGNED_CONTEXT ( ( #2698, #2666, #2655 ) ) REPRESENTATION_CONTEXT ( 'NONE', 'WORKASPACE' ) );
#1275 = EDGE_CURVE ( 'NONE', #1034, #1374, #3325, .T. ) ;
#1276 = VECTOR ( 'NONE', #2890, 1000.000000000000000 ) ;
#1277 = CARTESIAN_POINT ( 'NONE',  ( 0.7103768476385615700, 2.999000000000000100, -0.3006303450625030200 ) ) ;
#1278 = CARTESIAN_POINT ( 'NONE',  ( 1.579180658906025800, 3.000000000000000000, -1.578671965612636000 ) ) ;
#1279 = CARTESIAN_POINT ( 'NONE',  ( 2.413133004754694200, 2.999000000000000100, 1.133079695807812400 ) ) ;
#1280 = MECHANICAL_DESIGN_GEOMETRIC_PRESENTATION_REPRESENTATION (  '', ( #756 ), #1470 ) ;
#1281 = CARTESIAN_POINT ( 'NONE',  ( 2.413133004754694200, 3.000000000000000000, 1.133079695807812400 ) ) ;
#1282 = VECTOR ( 'NONE', #3131, 1000.000000000000000 ) ;
#1283 = VECTOR ( 'NONE', #1644, 1000.000000000000000 ) ;
#1284 = VERTEX_POINT ( 'NONE', #3339 ) ;
#1285 = CARTESIAN_POINT ( 'NONE',  ( 0.4486085405519431000, 3.000000000000000000, -0.7620540852199885200 ) ) ;
#1286 = PRESENTATION_STYLE_ASSIGNMENT (( #407 ) ) ;
#1287 = B_SPLINE_SURFACE_WITH_KNOTS ( 'NONE', 3, 1, ( 
 ( #2140, #1056 ),
 ( #1068, #1080 ),
 ( #1095, #1237 ),
 ( #1254, #1278 ),
 ( #1297, #1319 ),
 ( #1331, #2056 ),
 ( #2597, #2371 ),
 ( #2172, #308 ),
 ( #277, #467 ),
 ( #290, #243 ),
 ( #1539, #1564 ),
 ( #1576, #1611 ),
 ( #1819, #2898 ),
 ( #2946, #3095 ),
 ( #2937, #3150 ) ),
 .UNSPECIFIED., .F., .F., .F.,
 ( 4, 1, 1, 1, 1, 1, 1, 1, 1, 1, 1, 1, 4 ),
 ( 2, 2 ),
 ( 0.0000000000000000000, 0.05027287497458354800, 0.1027903700748776000, 0.1576131012369289300, 0.2146311133156755800, 0.2740612127265389400, 0.3356974550538851000, 0.4000702787165528200, 0.4668267493853401300, 0.6020780869193701500, 0.7357515335047493100, 0.8682046170340285100, 1.000000000000000000 ),
 ( 0.0000000000000000000, 1.000000000000000000 ),
 .UNSPECIFIED. ) ;
#1288 = CARTESIAN_POINT ( 'NONE',  ( -2.644999999999999100, -0.0000000000000000000, -2.500000000000000000 ) ) ;
#1289 = ORIENTED_EDGE ( 'NONE', *, *, #2629, .F. ) ;
#1290 = CARTESIAN_POINT ( 'NONE',  ( 1.938997777366151300, 2.999999999999999600, 1.135951404426516700 ) ) ;
#1291 =( LENGTH_UNIT ( ) NAMED_UNIT ( * ) SI_UNIT ( .MILLI., .METRE. ) );
#1292 = B_SPLINE_SURFACE_WITH_KNOTS ( 'NONE', 3, 1, ( 
 ( #1309, #735 ),
 ( #1514, #1545 ),
 ( #1603, #1628 ),
 ( #1790, #1807 ),
 ( #1830, #1850 ),
 ( #1876, #1888 ),
 ( #1898, #1910 ) ),
 .UNSPECIFIED., .F., .F., .F.,
 ( 4, 1, 1, 1, 4 ),
 ( 2, 2 ),
 ( 0.0000000000000000000, 0.2372165186042107800, 0.4825864912431359600, 0.7368469271779309900, 1.000000000000000000 ),
 ( 0.0000000000000000000, 1.000000000000000000 ),
 .UNSPECIFIED. ) ;
#1293 = LINE ( 'NONE', #1814, #2718 ) ;
#1294 = AXIS2_PLACEMENT_3D ( 'NONE', #904, #2769, #1166 ) ;
#1295 = EDGE_LOOP ( 'NONE', ( #2767, #2204, #2883, #2066 ) ) ;
#1296 = VERTEX_POINT ( 'NONE', #3139 ) ;
#1297 = CARTESIAN_POINT ( 'NONE',  ( 1.625082582934020500, 2.999000000000000600, -1.544971087085723400 ) ) ;
#1298 = EDGE_CURVE ( 'NONE', #588, #1778, #994, .T. ) ;
#1299 = DIRECTION ( 'NONE',  ( 0.0000000000000000000, 1.000000000000000000, 0.0000000000000000000 ) ) ;
#1300 = FILL_AREA_STYLE ('',( #1544 ) ) ;
#1301 = UNCERTAINTY_MEASURE_WITH_UNIT (LENGTH_MEASURE( 1.000000000000000100E-005 ), #383, 'distance_accuracy_value', 'NONE');
#1302 = VECTOR ( 'NONE', #1442, 1000.000000000000000 ) ;
#1303 = DIRECTION ( 'NONE',  ( -0.0000000000000000000, 1.000000000000000000, -0.0000000000000000000 ) ) ;
#1304 = STYLED_ITEM ( 'NONE', ( #1126 ), #2427 ) ;
#1305 = PRESENTATION_STYLE_ASSIGNMENT (( #1052 ) ) ;
#1306 = B_SPLINE_SURFACE_WITH_KNOTS ( 'NONE', 3, 1, ( 
 ( #2207, #625 ),
 ( #374, #2772 ),
 ( #3271, #2243 ),
 ( #3011, #3022 ) ),
 .UNSPECIFIED., .F., .F., .F.,
 ( 4, 4 ),
 ( 2, 2 ),
 ( 0.5454545454545455300, 0.6363636363636364600 ),
 ( 0.0000000000000000000, 1.000000000000000000 ),
 .UNSPECIFIED. ) ;
#1307 = ORIENTED_EDGE ( 'NONE', *, *, #218, .T. ) ;
#1308 = ORIENTED_EDGE ( 'NONE', *, *, #186, .F. ) ;
#1309 = CARTESIAN_POINT ( 'NONE',  ( 2.413133004754694200, 2.999000000000000100, -1.174612611884495900 ) ) ;
#1310 = SURFACE_SIDE_STYLE ('',( #835 ) ) ;
#1311 = UNCERTAINTY_MEASURE_WITH_UNIT (LENGTH_MEASURE( 1.000000000000000100E-005 ), #1837, 'distance_accuracy_value', 'NONE');
#1312 = B_SPLINE_SURFACE_WITH_KNOTS ( 'NONE', 3, 1, ( 
 ( #3076, #755 ),
 ( #618, #1899 ),
 ( #1923, #2688 ),
 ( #2651, #2426 ),
 ( #2382, #2164 ),
 ( #1939, #1952 ),
 ( #2092, #2100 ),
 ( #2125, #1586 ),
 ( #2131, #2141 ),
 ( #2173, #2189 ),
 ( #2199, #2224 ),
 ( #2348, #2363 ),
 ( #2394, #2405 ),
 ( #2414, #2450 ),
 ( #2489, #1629 ) ),
 .UNSPECIFIED., .F., .F., .F.,
 ( 4, 1, 1, 1, 1, 1, 1, 1, 1, 1, 1, 1, 4 ),
 ( 2, 2 ),
 ( 0.0000000000000000000, 0.05027287497458355500, 0.1027903700748774700, 0.1576131012369288700, 0.2146311133156755500, 0.2740612127265388800, 0.3356974550538851500, 0.4000702787165527600, 0.4668267493853401300, 0.6020780869193702600, 0.7357515335047494200, 0.8682046170340285100, 1.000000000000000000 ),
 ( 0.0000000000000000000, 1.000000000000000000 ),
 .UNSPECIFIED. ) ;
#1313 = DIRECTION ( 'NONE',  ( 1.000000000000000000, 0.0000000000000000000, 0.0000000000000000000 ) ) ;
#1314 = CARTESIAN_POINT ( 'NONE',  ( -0.2609979948811267900, 2.999000000000000100, -0.6503999513617134700 ) ) ;
#1315 = B_SPLINE_SURFACE_WITH_KNOTS ( 'NONE', 3, 1, ( 
 ( #2739, #269 ),
 ( #254, #244 ),
 ( #278, #1332 ),
 ( #1347, #1355 ) ),
 .UNSPECIFIED., .F., .F., .F.,
 ( 4, 4 ),
 ( 2, 2 ),
 ( 0.6363636363636364600, 0.7272727272727274000 ),
 ( 0.0000000000000000000, 1.000000000000000000 ),
 .UNSPECIFIED. ) ;
#1316 = MECHANICAL_DESIGN_GEOMETRIC_PRESENTATION_REPRESENTATION (  '', ( #787 ), #1511 ) ;
#1317 = MECHANICAL_DESIGN_GEOMETRIC_PRESENTATION_REPRESENTATION (  '', ( #788 ), #1513 ) ;
#1318 = EDGE_CURVE ( 'NONE', #1221, #546, #1251, .T. ) ;
#1319 = CARTESIAN_POINT ( 'NONE',  ( 1.625082582934020500, 3.000000000000000400, -1.544971087085723400 ) ) ;
#1320 = CARTESIAN_POINT ( 'NONE',  ( 1.340116177831617300, 2.999000000000000100, -1.646667900346034300 ) ) ;
#1321 =( NAMED_UNIT ( * ) PLANE_ANGLE_UNIT ( ) SI_UNIT ( $, .RADIAN. ) );
#1322 = SURFACE_STYLE_FILL_AREA ( #1960 ) ;
#1323 = STYLED_ITEM ( 'NONE', ( #275 ), #1882 ) ;
#1324 = DIRECTION ( 'NONE',  ( -1.000000000000000000, 0.0000000000000000000, -0.0000000000000000000 ) ) ;
#1325 = COLOUR_RGB ( '',1.000000000000000000, 1.000000000000000000, 1.000000000000000000 ) ;
#1326 = CARTESIAN_POINT ( 'NONE',  ( 2.626830547245513800, 2.999000000000000600, -0.9349808063411594300 ) ) ;
#1327 = ORIENTED_EDGE ( 'NONE', *, *, #2294, .T. ) ;
#1328 = ORIENTED_EDGE ( 'NONE', *, *, #1494, .F. ) ;
#1329 = ORIENTED_EDGE ( 'NONE', *, *, #2420, .T. ) ;
#1330 = COLOUR_RGB ( '',1.000000000000000000, 1.000000000000000000, 1.000000000000000000 ) ;
#1331 = CARTESIAN_POINT ( 'NONE',  ( 1.674202334968583300, 2.999000000000000100, -1.511670103368702100 ) ) ;
#1332 = CARTESIAN_POINT ( 'NONE',  ( -1.268840908266949400, 3.000000000000000000, -0.09002983325146933500 ) ) ;
#1333 = ADVANCED_FACE ( 'NONE', ( #1216 ), #1312, .T. ) ;
#1334 = COLOUR_RGB ( '',1.000000000000000000, 1.000000000000000000, 1.000000000000000000 ) ;
#1335 = CARTESIAN_POINT ( 'NONE',  ( -1.127794490944117500, 2.999000000000000100, -0.4008629041176194900 ) ) ;
#1336 = PRESENTATION_LAYER_ASSIGNMENT (  '', '', ( #992 ) ) ;
#1337 = SURFACE_STYLE_USAGE ( .BOTH. , #2923 ) ;
#1338 = ORIENTED_EDGE ( 'NONE', *, *, #1242, .T. ) ;
#1339 = EDGE_LOOP ( 'NONE', ( #2026, #2711, #799, #557 ) ) ;
#1340 = VERTEX_POINT ( 'NONE', #2627 ) ;
#1341 = PRESENTATION_LAYER_ASSIGNMENT (  '', '', ( #804 ) ) ;
#1342 = CARTESIAN_POINT ( 'NONE',  ( 2.805953668349054500, 2.998999999999999700, -0.9163599309617280800 ) ) ;
#1343 = EDGE_CURVE ( 'NONE', #1284, #793, #2846, .T. ) ;
#1344 = VECTOR ( 'NONE', #1367, 1000.000000000000000 ) ;
#1345 = LINE ( 'NONE', #3211, #1991 ) ;
#1346 =( LENGTH_UNIT ( ) NAMED_UNIT ( * ) SI_UNIT ( .MILLI., .METRE. ) );
#1347 = CARTESIAN_POINT ( 'NONE',  ( -1.127794490944117500, 2.999000000000000100, -0.4008629041176194900 ) ) ;
#1348 = LINE ( 'NONE', #1797, #1995 ) ;
#1349 = ADVANCED_FACE ( 'NONE', ( #2312 ), #2884, .F. ) ;
#1350 = ORIENTED_EDGE ( 'NONE', *, *, #2058, .F. ) ;
#1351 = ORIENTED_EDGE ( 'NONE', *, *, #2708, .T. ) ;
#1352 = PLANE ( 'NONE',  #1498 ) ;
#1353 = FACE_OUTER_BOUND ( 'NONE', #1583, .T. ) ;
#1354 = SURFACE_SIDE_STYLE ('',( #1468 ) ) ;
#1355 = CARTESIAN_POINT ( 'NONE',  ( -1.127794490944117500, 3.000000000000000000, -0.4008629041176194900 ) ) ;
#1356 = CARTESIAN_POINT ( 'NONE',  ( 1.532423870139309600, 2.999000000000000100, -1.454360208038342000 ) ) ;
#1357 = PRESENTATION_LAYER_ASSIGNMENT (  '', '', ( #1003 ) ) ;
#1358 = CIRCLE ( 'NONE', #1523, 0.2500000000000002200 ) ;
#1359 = CARTESIAN_POINT ( 'NONE',  ( -3.279999999999998900, 3.000000000000000000, 3.380000000000000300 ) ) ;
#1360 = PLANE ( 'NONE',  #2492 ) ;
#1361 = EDGE_CURVE ( 'NONE', #1099, #2605, #13, .T. ) ;
#1362 = FILL_AREA_STYLE_COLOUR ( '', #1600 ) ;
#1363 = LINE ( 'NONE', #3208, #2015 ) ;
#1364 = ADVANCED_FACE ( 'NONE', ( #2069 ), #3190, .T. ) ;
#1365 = CARTESIAN_POINT ( 'NONE',  ( 1.532423870139309600, 3.000000000000000000, -1.454360208038342000 ) ) ;
#1366 = CARTESIAN_POINT ( 'NONE',  ( 1.509002830109456700, 2.998999999999999700, -1.635348139745774100 ) ) ;
#1367 = DIRECTION ( 'NONE',  ( -0.0000000000000000000, 1.000000000000000000, -0.0000000000000000000 ) ) ;
#1368 = MECHANICAL_DESIGN_GEOMETRIC_PRESENTATION_REPRESENTATION (  '', ( #837 ), #1561 ) ;
#1369 = ORIENTED_EDGE ( 'NONE', *, *, #15, .F. ) ;
#1370 = FILL_AREA_STYLE_COLOUR ( '', #2867 ) ;
#1371 =( NAMED_UNIT ( * ) PLANE_ANGLE_UNIT ( ) SI_UNIT ( $, .RADIAN. ) );
#1372 = DIRECTION ( 'NONE',  ( -1.000000000000000000, 0.0000000000000000000, 0.0000000000000000000 ) ) ;
#1373 = CARTESIAN_POINT ( 'NONE',  ( 2.805953668349054500, 2.999999999999999600, -0.9163599309617280800 ) ) ;
#1374 = VERTEX_POINT ( 'NONE', #3151 ) ;
#1375 = CARTESIAN_POINT ( 'NONE',  ( 1.340116177831617300, 3.000000000000000000, 1.622562868884735600 ) ) ;
#1376 = FILL_AREA_STYLE_COLOUR ( '', #896 ) ;
#1377 = EDGE_LOOP ( 'NONE', ( #1602, #645, #2275, #1480 ) ) ;
#1378 = COLOUR_RGB ( '',0.8274509803921568100, 0.8392156862745098200, 0.8274509803921568100 ) ;
#1379 = CARTESIAN_POINT ( 'NONE',  ( 2.626830547245513300, 3.000000000000000900, 1.372711501351149100 ) ) ;
#1380 = PRESENTATION_LAYER_ASSIGNMENT (  '', '', ( #1023 ) ) ;
#1381 = ORIENTED_EDGE ( 'NONE', *, *, #2648, .T. ) ;
#1382 = CARTESIAN_POINT ( 'NONE',  ( 1.340116177831617300, 2.999000000000000100, 0.6610244073462739900 ) ) ;
#1383 = MECHANICAL_DESIGN_GEOMETRIC_PRESENTATION_REPRESENTATION (  '', ( #852 ), #1573 ) ;
#1384 = AXIS2_PLACEMENT_3D ( 'NONE', #1096, #1081, #1057 ) ;
#1385 = PRODUCT_DEFINITION_CONTEXT ( 'detailed design', #2579, 'design' ) ;
#1386 = EDGE_CURVE ( 'NONE', #3205, #724, #1812, .T. ) ;
#1387 = CARTESIAN_POINT ( 'NONE',  ( 2.516515676244706100, 2.999000000000000600, 0.1968833419556052500 ) ) ;
#1388 = CARTESIAN_POINT ( 'NONE',  ( 2.713525806077725600, 2.998999999999999700, 0.03717641244556226700 ) ) ;
#1389 = LINE ( 'NONE', #2168, #2731 ) ;
#1390 =( NAMED_UNIT ( * ) PLANE_ANGLE_UNIT ( ) SI_UNIT ( $, .RADIAN. ) );
#1391 = AXIS2_PLACEMENT_3D ( 'NONE', #2788, #1184, #3041 ) ;
#1392 = ADVANCED_FACE ( 'NONE', ( #2516 ), #3401, .T. ) ;
#1393 =( LENGTH_UNIT ( ) NAMED_UNIT ( * ) SI_UNIT ( .MILLI., .METRE. ) );
#1394 = CARTESIAN_POINT ( 'NONE',  ( 1.340116177831617300, 2.999000000000000100, 0.4687167150385814800 ) ) ;
#1395 = CARTESIAN_POINT ( 'NONE',  ( 1.920069670880451900, 2.998999999999999700, -1.367743962618212000 ) ) ;
#1396 = VERTEX_POINT ( 'NONE', #333 ) ;
#1397 = CARTESIAN_POINT ( 'NONE',  ( 2.035371029559560600, 2.999000000000000100, 1.185727511930674500 ) ) ;
#1398 = DIRECTION ( 'NONE',  ( 1.000000000000000000, 0.0000000000000000000, 0.0000000000000000000 ) ) ;
#1399 = CARTESIAN_POINT ( 'NONE',  ( 2.572842863104025200, 2.999000000000000600, 0.2088353468011391300 ) ) ;
#1400 = FILL_AREA_STYLE ('',( #2471 ) ) ;
#1401 = CARTESIAN_POINT ( 'NONE',  ( -2.644999999999999100, -0.1000000000000000100, 2.500000000000000000 ) ) ;
#1402 = PRESENTATION_LAYER_ASSIGNMENT (  '', '', ( #1230 ) ) ;
#1403 = CARTESIAN_POINT ( 'NONE',  ( 2.444795453839451400, 2.999999999999999600, -0.01246897979886501900 ) ) ;
#1404 = CARTESIAN_POINT ( 'NONE',  ( 3.030000000000000700, 3.000000000000000000, 3.129999999999999900 ) ) ;
#1405 = MECHANICAL_DESIGN_GEOMETRIC_PRESENTATION_REPRESENTATION (  '', ( #1040 ), #1597 ) ;
#1406 = CARTESIAN_POINT ( 'NONE',  ( 1.661100619080114100, 3.000000000000000900, 0.9596429120622976800 ) ) ;
#1407 = ADVANCED_FACE ( 'NONE', ( #1473 ), #1315, .F. ) ;
#1408 = COLOUR_RGB ( '',1.000000000000000000, 1.000000000000000000, 1.000000000000000000 ) ;
#1409 = CARTESIAN_POINT ( 'NONE',  ( 1.536069100414741500, 3.000000000000000000, -1.612203205586985300 ) ) ;
#1410 = SURFACE_STYLE_USAGE ( .BOTH. , #397 ) ;
#1411 = CARTESIAN_POINT ( 'NONE',  ( 2.805953668349054500, 2.999999999999999100, 0.2374862228844259700 ) ) ;
#1412 = CARTESIAN_POINT ( 'NONE',  ( -2.342543542519445000, 3.000000000000000000, -3.000000000000000000 ) ) ;
#1413 = VECTOR ( 'NONE', #685, 1000.000000000000000 ) ;
#1414 = CARTESIAN_POINT ( 'NONE',  ( -0.4784127586606549100, 2.999000000000000100, -0.8711752663223419900 ) ) ;
#1415 = EDGE_CURVE ( 'NONE', #225, #1165, #970, .T. ) ;
#1416 = EDGE_LOOP ( 'NONE', ( #1338, #406, #1562, #1933, #3033, #1652, #2889, #2468, #1035, #28, #2223 ) ) ;
#1417 = CARTESIAN_POINT ( 'NONE',  ( 2.444795453839451400, 2.998999999999999700, 1.141377174047288900 ) ) ;
#1418 = ORIENTED_EDGE ( 'NONE', *, *, #288, .F. ) ;
#1419 = ORIENTED_EDGE ( 'NONE', *, *, #753, .T. ) ;
#1420 = CARTESIAN_POINT ( 'NONE',  ( -0.4216918137787590800, 2.999000000000000100, 0.5390452848587613500 ) ) ;
#1421 = CARTESIAN_POINT ( 'NONE',  ( 1.394999999999999400, -0.1000000000000000100, 2.500000000000000400 ) ) ;
#1422 = ORIENTED_EDGE ( 'NONE', *, *, #2233, .F. ) ;
#1423 = CARTESIAN_POINT ( 'NONE',  ( 1.708557197792374100, 2.999999999999999100, 0.9936023903550329500 ) ) ;
#1424 = DIRECTION ( 'NONE',  ( -1.000000000000000000, 0.0000000000000000000, 0.0000000000000000000 ) ) ;
#1425 = CARTESIAN_POINT ( 'NONE',  ( 1.532423870139309600, 3.000000000000000000, -0.6851294388075728200 ) ) ;
#1426 = CARTESIAN_POINT ( 'NONE',  ( -2.644999999999999100, -0.1000000000000000100, 2.500000000000000000 ) ) ;
#1427 =( LENGTH_UNIT ( ) NAMED_UNIT ( * ) SI_UNIT ( .MILLI., .METRE. ) );
#1428 = ORIENTED_EDGE ( 'NONE', *, *, #385, .F. ) ;
#1429 = ORIENTED_EDGE ( 'NONE', *, *, #951, .T. ) ;
#1430 =( LENGTH_UNIT ( ) NAMED_UNIT ( * ) SI_UNIT ( .MILLI., .METRE. ) );
#1431 = ORIENTED_EDGE ( 'NONE', *, *, #3237, .F. ) ;
#1432 = SURFACE_STYLE_FILL_AREA ( #3345 ) ;
#1433 = ADVANCED_FACE ( 'NONE', ( #1924 ), #2, .F. ) ;
#1434 = CARTESIAN_POINT ( 'NONE',  ( 2.154014702461950000, 2.999999999999999600, -1.069326064327508700 ) ) ;
#1435 = B_SPLINE_CURVE_WITH_KNOTS ( 'NONE', 3,
 ( #2071, #776, #2099, #2124 ),
 .UNSPECIFIED., .F., .F.,
 ( 4, 4 ),
 ( 0.3636363636363636500, 0.4545454545454545900 ),
 .UNSPECIFIED. ) ;
#1436 = CARTESIAN_POINT ( 'NONE',  ( -1.641801183857502200, 2.999000000000000100, 0.1371011510004973000 ) ) ;
#1437 = FILL_AREA_STYLE ('',( #2501 ) ) ;
#1438 = VECTOR ( 'NONE', #312, 1000.000000000000000 ) ;
#1439 =( NAMED_UNIT ( * ) SI_UNIT ( $, .STERADIAN. ) SOLID_ANGLE_UNIT ( ) );
#1440 = LINE ( 'NONE', #1412, #2855 ) ;
#1441 = EDGE_LOOP ( 'NONE', ( #2908, #2067, #3299, #2668 ) ) ;
#1442 = DIRECTION ( 'NONE',  ( 1.000000000000000000, -0.0000000000000000000, -0.0000000000000000000 ) ) ;
#1443 = FILL_AREA_STYLE ('',( #1370 ) ) ;
#1444 = STYLED_ITEM ( 'NONE', ( #2974 ), #555 ) ;
#1445 = VECTOR ( 'NONE', #194, 1000.000000000000000 ) ;
#1446 = EDGE_CURVE ( 'NONE', #793, #3054, #1678, .T. ) ;
#1447 = SURFACE_STYLE_USAGE ( .BOTH. , #1710 ) ;
#1448 = ORIENTED_EDGE ( 'NONE', *, *, #3293, .F. ) ;
#1449 = DIRECTION ( 'NONE',  ( -0.0000000000000000000, 1.000000000000000000, -0.0000000000000000000 ) ) ;
#1450 = PRESENTATION_LAYER_ASSIGNMENT (  '', '', ( #1073 ) ) ;
#1451 = CARTESIAN_POINT ( 'NONE',  ( 2.820885408600847900, 3.000000000000000000, 0.2379474842693507800 ) ) ;
#1452 = CARTESIAN_POINT ( 'NONE',  ( 1.674202334968583300, 3.000000000000000000, -0.3578239495225477000 ) ) ;
#1453 = FACE_OUTER_BOUND ( 'NONE', #1591, .T. ) ;
#1454 = CARTESIAN_POINT ( 'NONE',  ( 3.279999999999999800, 3.000000000000000000, -3.129999999999999000 ) ) ;
#1455 = DIRECTION ( 'NONE',  ( 0.0000000000000000000, 0.0000000000000000000, -1.000000000000000000 ) ) ;
#1456 = SURFACE_SIDE_STYLE ('',( #820 ) ) ;
#1457 = CARTESIAN_POINT ( 'NONE',  ( 2.713525806077725600, 2.999999999999999600, 0.03717641244556226700 ) ) ;
#1458 = CARTESIAN_POINT ( 'NONE',  ( 1.938997777366151100, 2.999000000000001000, -0.01789474941963726700 ) ) ;
#1459 = CARTESIAN_POINT ( 'NONE',  ( 1.532423870139309600, 2.999999999999999100, 0.8533320996539662800 ) ) ;
#1460 = FACE_OUTER_BOUND ( 'NONE', #1072, .T. ) ;
#1461 = CARTESIAN_POINT ( 'NONE',  ( 2.281391061627109800, 2.999000000000001000, -0.05921578146426875100 ) ) ;
#1462 = VECTOR ( 'NONE', #1867, 1000.000000000000000 ) ;
#1463 = UNCERTAINTY_MEASURE_WITH_UNIT (LENGTH_MEASURE( 1.000000000000000100E-005 ), #182, 'distance_accuracy_value', 'NONE');
#1464 = CARTESIAN_POINT ( 'NONE',  ( 2.444795453839451400, 2.999999999999999600, -1.166315133645019000 ) ) ;
#1465 = EDGE_CURVE ( 'NONE', #1340, #1515, #354, .T. ) ;
#1466 =( NAMED_UNIT ( * ) SI_UNIT ( $, .STERADIAN. ) SOLID_ANGLE_UNIT ( ) );
#1467 = CARTESIAN_POINT ( 'NONE',  ( 1.780985762146028100, 2.999000000000000600, 0.8627818367072952500 ) ) ;
#1468 = SURFACE_STYLE_FILL_AREA ( #26 ) ;
#1469 = VERTEX_POINT ( 'NONE', #818 ) ;
#1470 =( GEOMETRIC_REPRESENTATION_CONTEXT ( 3 ) GLOBAL_UNCERTAINTY_ASSIGNED_CONTEXT ( ( #873 ) ) GLOBAL_UNIT_ASSIGNED_CONTEXT ( ( #1940, #352, #2215 ) ) REPRESENTATION_CONTEXT ( 'NONE', 'WORKASPACE' ) );
#1471 = FACE_OUTER_BOUND ( 'NONE', #3188, .T. ) ;
#1472 =( NAMED_UNIT ( * ) PLANE_ANGLE_UNIT ( ) SI_UNIT ( $, .RADIAN. ) );
#1473 = FACE_OUTER_BOUND ( 'NONE', #2421, .T. ) ;
#1474 = CARTESIAN_POINT ( 'NONE',  ( -0.4786384673220715500, 2.999000000000000100, -0.3698082584483305400 ) ) ;
#1475 = CARTESIAN_POINT ( 'NONE',  ( 2.154014702461950500, 3.000000000000000400, 0.08452008951864561900 ) ) ;
#1476 = VECTOR ( 'NONE', #2276, 1000.000000000000000 ) ;
#1477 = ORIENTED_EDGE ( 'NONE', *, *, #2025, .T. ) ;
#1478 = CARTESIAN_POINT ( 'NONE',  ( -2.592543542519446300, 2.999000000000000100, -3.000000000000000000 ) ) ;
#1479 =( NAMED_UNIT ( * ) SI_UNIT ( $, .STERADIAN. ) SOLID_ANGLE_UNIT ( ) );
#1480 = ORIENTED_EDGE ( 'NONE', *, *, #718, .T. ) ;
#1481 =( LENGTH_UNIT ( ) NAMED_UNIT ( * ) SI_UNIT ( .MILLI., .METRE. ) );
#1482 = CARTESIAN_POINT ( 'NONE',  ( 2.784691174863903400, 2.999999999999999600, 0.04278652565654077200 ) ) ;
#1483 = CARTESIAN_POINT ( 'NONE',  ( 1.758162665760972800, 2.999000000000001000, -1.280444816419992200 ) ) ;
#1484 = CARTESIAN_POINT ( 'NONE',  ( 2.444795453839451400, 2.998999999999999700, -0.01246897979886501900 ) ) ;
#1485 = PRESENTATION_LAYER_ASSIGNMENT (  '', '', ( #1109 ) ) ;
#1486 = CARTESIAN_POINT ( 'NONE',  ( 2.413133004754694200, 3.000000000000000000, 1.133079695807812400 ) ) ;
#1487 = CARTESIAN_POINT ( 'NONE',  ( 1.838891997669496200, 3.000000000000000400, -0.2577863718098409900 ) ) ;
#1488 = FILL_AREA_STYLE_COLOUR ( '', #291 ) ;
#1489 = PRESENTATION_LAYER_ASSIGNMENT (  '', '', ( #1111 ) ) ;
#1490 = FILL_AREA_STYLE ('',( #3370 ) ) ;
#1491 = FILL_AREA_STYLE_COLOUR ( '', #447 ) ;
#1492 = VERTEX_POINT ( 'NONE', #801 ) ;
#1493 = CARTESIAN_POINT ( 'NONE',  ( 2.820885408600847900, 3.000000000000000000, -0.9158986695768035500 ) ) ;
#1494 = EDGE_CURVE ( 'NONE', #1981, #2318, #3340, .T. ) ;
#1495 = DIRECTION ( 'NONE',  ( -0.0000000000000000000, 1.000000000000000000, -0.0000000000000000000 ) ) ;
#1496 =( NAMED_UNIT ( * ) SI_UNIT ( $, .STERADIAN. ) SOLID_ANGLE_UNIT ( ) );
#1497 = CARTESIAN_POINT ( 'NONE',  ( 1.579180658906025500, 2.998999999999999700, -0.4248258117664813200 ) ) ;
#1498 = AXIS2_PLACEMENT_3D ( 'NONE', #2436, #827, #2697 ) ;
#1499 =( LENGTH_UNIT ( ) NAMED_UNIT ( * ) SI_UNIT ( .MILLI., .METRE. ) );
#1500 = CARTESIAN_POINT ( 'NONE',  ( 1.920069670880451200, 2.999999999999999100, -0.2138978087720574700 ) ) ;
#1501 = SURFACE_STYLE_USAGE ( .BOTH. , #3078 ) ;
#1502 = FILL_AREA_STYLE ('',( #2127 ) ) ;
#1503 = VECTOR ( 'NONE', #457, 1000.000000000000000 ) ;
#1504 = UNCERTAINTY_MEASURE_WITH_UNIT (LENGTH_MEASURE( 1.000000000000000100E-005 ), #1197, 'distance_accuracy_value', 'NONE');
#1505 = SURFACE_STYLE_USAGE ( .BOTH. , #3079 ) ;
#1506 = PLANE ( 'NONE',  #734 ) ;
#1507 = CARTESIAN_POINT ( 'NONE',  ( 2.678535947141055500, 2.999999999999998200, 1.380602405165673600 ) ) ;
#1508 = LINE ( 'NONE', #1732, #2837 ) ;
#1509 = B_SPLINE_CURVE_WITH_KNOTS ( 'NONE', 3,
 ( #3025, #2508, #1727, #124, #1993, #402, #2254, #658, #2525, #919, #2785, #1180, #3036, #1458, #3300, #1738, #134, #2002, #412, #2262, #668, #2535, #933 ),
 .UNSPECIFIED., .F., .F.,
 ( 4, 1, 1, 1, 1, 1, 1, 1, 1, 1, 1, 1, 1, 1, 1, 1, 1, 1, 1, 1, 4 ),
 ( 0.0000000000000000000, 0.03151551312998467800, 0.06480979674365734700, 0.09991169883527570300, 0.1366755286001708800, 0.1751432978746824400, 0.2157650117082458300, 0.2581569125231219000, 0.3022930440652046300, 0.3927408518774001000, 0.4832984694610615900, 0.5744114847371661900, 0.6664774093514971300, 0.7120107481430554300, 0.7563744975915032100, 0.7998154803065211600, 0.8419616993485903300, 0.8828431755911850800, 0.9229180315891946100, 0.9619666184423850700, 1.000000000000000000 ),
 .UNSPECIFIED. ) ;
#1510 = ORIENTED_EDGE ( 'NONE', *, *, #995, .T. ) ;
#1511 =( GEOMETRIC_REPRESENTATION_CONTEXT ( 3 ) GLOBAL_UNCERTAINTY_ASSIGNED_CONTEXT ( ( #2411 ) ) GLOBAL_UNIT_ASSIGNED_CONTEXT ( ( #1167, #2432, #2581 ) ) REPRESENTATION_CONTEXT ( 'NONE', 'WORKASPACE' ) );
#1512 = CARTESIAN_POINT ( 'NONE',  ( -2.644999999999999100, -0.1000000000000000100, 2.500000000000000000 ) ) ;
#1513 =( GEOMETRIC_REPRESENTATION_CONTEXT ( 3 ) GLOBAL_UNCERTAINTY_ASSIGNED_CONTEXT ( ( #1063 ) ) GLOBAL_UNIT_ASSIGNED_CONTEXT ( ( #1393, #2284, #2458 ) ) REPRESENTATION_CONTEXT ( 'NONE', 'WORKASPACE' ) );
#1514 = CARTESIAN_POINT ( 'NONE',  ( 2.444795453839451400, 2.998999999999999700, -1.166315133645019000 ) ) ;
#1515 = VERTEX_POINT ( 'NONE', #3000 ) ;
#1516 = VERTEX_POINT ( 'NONE', #3064 ) ;
#1517 = PRESENTATION_STYLE_ASSIGNMENT (( #3272 ) ) ;
#1518 = ORIENTED_EDGE ( 'NONE', *, *, #1164, .F. ) ;
#1519 = EDGE_CURVE ( 'NONE', #63, #730, #966, .T. ) ;
#1520 = SURFACE_STYLE_USAGE ( .BOTH. , #1456 ) ;
#1521 = CARTESIAN_POINT ( 'NONE',  ( -1.127794490944117500, 3.000000000000000000, -0.4008629041176194900 ) ) ;
#1522 = CARTESIAN_POINT ( 'NONE',  ( 1.532423870139309600, 2.999000000000000100, 0.4687167150385814800 ) ) ;
#1523 = AXIS2_PLACEMENT_3D ( 'NONE', #159, #2112, #3056 ) ;
#1524 = CARTESIAN_POINT ( 'NONE',  ( -1.460944057873250000, 2.999000000000000100, -0.4915082190782411000 ) ) ;
#1525 = ORIENTED_EDGE ( 'NONE', *, *, #829, .F. ) ;
#1526 = ORIENTED_EDGE ( 'NONE', *, *, #160, .T. ) ;
#1527 = DIRECTION ( 'NONE',  ( -0.0000000000000000000, 1.000000000000000000, -0.0000000000000000000 ) ) ;
#1528 = CARTESIAN_POINT ( 'NONE',  ( 2.820885408600847900, 2.999000000000000100, 1.199485945807812400 ) ) ;
#1529 = CARTESIAN_POINT ( 'NONE',  ( 1.340116177831617300, 2.999000000000000100, 0.4687167150385814800 ) ) ;
#1530 = VECTOR ( 'NONE', #987, 1000.000000000000000 ) ;
#1531 = CARTESIAN_POINT ( 'NONE',  ( 1.708557197792374800, 2.998999999999999200, -1.314089917337274400 ) ) ;
#1532 = LINE ( 'NONE', #3305, #809 ) ;
#1533 = MECHANICAL_DESIGN_GEOMETRIC_PRESENTATION_REPRESENTATION (  '', ( #992 ), #1718 ) ;
#1534 = MECHANICAL_DESIGN_GEOMETRIC_PRESENTATION_REPRESENTATION (  '', ( #804 ), #1720 ) ;
#1535 = VERTEX_POINT ( 'NONE', #844 ) ;
#1536 = B_SPLINE_CURVE_WITH_KNOTS ( 'NONE', 3,
 ( #2451, #325, #2715, #1107 ),
 .UNSPECIFIED., .F., .F.,
 ( 4, 4 ),
 ( 0.5454545454545455300, 0.6363636363636364600 ),
 .UNSPECIFIED. ) ;
#1537 = EDGE_CURVE ( 'NONE', #2446, #223, #733, .T. ) ;
#1538 = DIRECTION ( 'NONE',  ( 0.0000000000000000000, 0.0000000000000000000, 1.000000000000000000 ) ) ;
#1539 = CARTESIAN_POINT ( 'NONE',  ( 2.024109412472069100, 2.999000000000000600, -1.315646905032086300 ) ) ;
#1540 = DIRECTION ( 'NONE',  ( 0.0000000000000000000, -1.000000000000000000, 0.0000000000000000000 ) ) ;
#1541 = SURFACE_STYLE_USAGE ( .BOTH. , #1264 ) ;
#1542 = CARTESIAN_POINT ( 'NONE',  ( 1.532423870139309600, 3.000000000000000400, -1.454360208038342000 ) ) ;
#1543 = FACE_OUTER_BOUND ( 'NONE', #2678, .T. ) ;
#1544 = FILL_AREA_STYLE_COLOUR ( '', #2279 ) ;
#1545 = CARTESIAN_POINT ( 'NONE',  ( 2.444795453839451400, 2.999999999999999600, -1.166315133645019000 ) ) ;
#1546 = CARTESIAN_POINT ( 'NONE',  ( 2.713525806077725600, 2.999999999999999600, 0.03717641244556226700 ) ) ;
#1547 = CARTESIAN_POINT ( 'NONE',  ( 2.413133004754694200, 2.999000000000000100, 1.133079695807812400 ) ) ;
#1548 = MECHANICAL_DESIGN_GEOMETRIC_PRESENTATION_REPRESENTATION (  '', ( #1003 ), #1739 ) ;
#1549 = PLANE ( 'NONE',  #3141 ) ;
#1550 = ORIENTED_EDGE ( 'NONE', *, *, #2802, .T. ) ;
#1551 = COLOUR_RGB ( '',1.000000000000000000, 1.000000000000000000, 1.000000000000000000 ) ;
#1552 = CARTESIAN_POINT ( 'NONE',  ( 0.7069589736228169000, 2.999000000000000100, -0.05331455766092815800 ) ) ;
#1553 = EDGE_CURVE ( 'NONE', #2041, #2469, #2308, .T. ) ;
#1554 = SURFACE_STYLE_FILL_AREA ( #3420 ) ;
#1555 = DIRECTION ( 'NONE',  ( -1.283079494065685900E-016, -0.0000000000000000000, -1.000000000000000000 ) ) ;
#1556 = CARTESIAN_POINT ( 'NONE',  ( 2.444795453839451400, 2.999999999999999600, 1.141377174047288900 ) ) ;
#1557 = VECTOR ( 'NONE', #148, 1000.000000000000000 ) ;
#1558 = VERTEX_POINT ( 'NONE', #74 ) ;
#1559 = SURFACE_STYLE_FILL_AREA ( #1490 ) ;
#1560 = VERTEX_POINT ( 'NONE', #1401 ) ;
#1561 =( GEOMETRIC_REPRESENTATION_CONTEXT ( 3 ) GLOBAL_UNCERTAINTY_ASSIGNED_CONTEXT ( ( #232 ) ) GLOBAL_UNIT_ASSIGNED_CONTEXT ( ( #3422, #1855, #257 ) ) REPRESENTATION_CONTEXT ( 'NONE', 'WORKASPACE' ) );
#1562 = ORIENTED_EDGE ( 'NONE', *, *, #2573, .T. ) ;
#1563 = SURFACE_STYLE_FILL_AREA ( #1300 ) ;
#1564 = CARTESIAN_POINT ( 'NONE',  ( 2.024109412472069100, 3.000000000000000400, -1.315646905032086300 ) ) ;
#1565 = CARTESIAN_POINT ( 'NONE',  ( 2.509208633401670800, 2.998999999999999700, 1.158257326126563800 ) ) ;
#1566 = PLANE ( 'NONE',  #3407 ) ;
#1567 = CARTESIAN_POINT ( 'NONE',  ( 2.035371029559560600, 3.000000000000000000, 1.185727511930674500 ) ) ;
#1568 = VERTEX_POINT ( 'NONE', #400 ) ;
#1569 = UNCERTAINTY_MEASURE_WITH_UNIT (LENGTH_MEASURE( 1.000000000000000100E-005 ), #759, 'distance_accuracy_value', 'NONE');
#1570 = VERTEX_POINT ( 'NONE', #2065 ) ;
#1571 =( NAMED_UNIT ( * ) SI_UNIT ( $, .STERADIAN. ) SOLID_ANGLE_UNIT ( ) );
#1572 = MECHANICAL_DESIGN_GEOMETRIC_PRESENTATION_REPRESENTATION (  '', ( #1023 ), #1760 ) ;
#1573 =( GEOMETRIC_REPRESENTATION_CONTEXT ( 3 ) GLOBAL_UNCERTAINTY_ASSIGNED_CONTEXT ( ( #2311 ) ) GLOBAL_UNIT_ASSIGNED_CONTEXT ( ( #1481, #905, #1214 ) ) REPRESENTATION_CONTEXT ( 'NONE', 'WORKASPACE' ) );
#1574 = PRESENTATION_LAYER_ASSIGNMENT (  '', '', ( #1209 ) ) ;
#1575 = EDGE_CURVE ( 'NONE', #1042, #2972, #465, .T. ) ;
#1576 = CARTESIAN_POINT ( 'NONE',  ( 2.152133171637988800, 2.999000000000000600, -1.261248935073582300 ) ) ;
#1577 =( NAMED_UNIT ( * ) SI_UNIT ( $, .STERADIAN. ) SOLID_ANGLE_UNIT ( ) );
#1578 = CARTESIAN_POINT ( 'NONE',  ( 3.029999999999999800, 3.000000000000000000, -3.129999999999999000 ) ) ;
#1579 =( NAMED_UNIT ( * ) PLANE_ANGLE_UNIT ( ) SI_UNIT ( $, .RADIAN. ) );
#1580 = SURFACE_STYLE_USAGE ( .BOTH. , #3157 ) ;
#1581 = VECTOR ( 'NONE', #1495, 1000.000000000000000 ) ;
#1582 = PLANE ( 'NONE',  #125 ) ;
#1583 = EDGE_LOOP ( 'NONE', ( #2880, #3093, #361, #676 ) ) ;
#1584 = VECTOR ( 'NONE', #1103, 1000.000000000000000 ) ;
#1585 = CARTESIAN_POINT ( 'NONE',  ( 1.394999999999999400, 0.0000000000000000000, -2.500000000000000400 ) ) ;
#1586 = CARTESIAN_POINT ( 'NONE',  ( 1.780985762146028100, 3.000000000000000400, 0.8627818367072952500 ) ) ;
#1587 = PRESENTATION_STYLE_ASSIGNMENT (( #712 ) ) ;
#1588 = VECTOR ( 'NONE', #673, 1000.000000000000000 ) ;
#1589 = DIRECTION ( 'NONE',  ( -1.000000000000000000, 0.0000000000000000000, 7.116198643863074100E-015 ) ) ;
#1590 = MECHANICAL_DESIGN_GEOMETRIC_PRESENTATION_REPRESENTATION (  '', ( #1230 ), #1782 ) ;
#1591 = EDGE_LOOP ( 'NONE', ( #796, #3159, #1903, #1247 ) ) ;
#1592 = DIRECTION ( 'NONE',  ( -0.0000000000000000000, 1.000000000000000000, -0.0000000000000000000 ) ) ;
#1593 = ORIENTED_EDGE ( 'NONE', *, *, #1746, .T. ) ;
#1594 = ORIENTED_EDGE ( 'NONE', *, *, #1415, .T. ) ;
#1595 = VECTOR ( 'NONE', #2574, 1000.000000000000000 ) ;
#1596 = ORIENTED_EDGE ( 'NONE', *, *, #887, .T. ) ;
#1597 =( GEOMETRIC_REPRESENTATION_CONTEXT ( 3 ) GLOBAL_UNCERTAINTY_ASSIGNED_CONTEXT ( ( #342 ) ) GLOBAL_UNIT_ASSIGNED_CONTEXT ( ( #1430, #1371, #1962 ) ) REPRESENTATION_CONTEXT ( 'NONE', 'WORKASPACE' ) );
#1598 = PRESENTATION_LAYER_ASSIGNMENT (  '', '', ( #1304 ) ) ;
#1599 = DIRECTION ( 'NONE',  ( 0.6128916609699368600, 0.0000000000000000000, -0.7901669519244093300 ) ) ;
#1600 = COLOUR_RGB ( '',0.8274509803921568100, 0.8392156862745098200, 0.8274509803921568100 ) ;
#1601 = CARTESIAN_POINT ( 'NONE',  ( 1.532423870139309600, 2.999000000000000100, -0.6851294388075728200 ) ) ;
#1602 = ORIENTED_EDGE ( 'NONE', *, *, #1256, .F. ) ;
#1603 = CARTESIAN_POINT ( 'NONE',  ( 2.509208633401670800, 2.999000000000000100, -1.149434981565744100 ) ) ;
#1604 = FILL_AREA_STYLE_COLOUR ( '', #1211 ) ;
#1605 = EDGE_CURVE ( 'NONE', #785, #169, #883, .T. ) ;
#1606 = DIRECTION ( 'NONE',  ( -7.116198643863074100E-015, 0.0000000000000000000, -1.000000000000000000 ) ) ;
#1607 = SURFACE_STYLE_FILL_AREA ( #2192 ) ;
#1608 = CARTESIAN_POINT ( 'NONE',  ( -0.4174714200779703300, 2.999000000000000100, 0.9265010722603344000 ) ) ;
#1609 = CARTESIAN_POINT ( 'NONE',  ( 1.661100619080114300, 2.999000000000000100, -1.348049395630011000 ) ) ;
#1610 = LINE ( 'NONE', #2496, #900 ) ;
#1611 = CARTESIAN_POINT ( 'NONE',  ( 2.152133171637988800, 3.000000000000000400, -1.261248935073582300 ) ) ;
#1612 = ORIENTED_EDGE ( 'NONE', *, *, #1617, .F. ) ;
#1613 = COLOUR_RGB ( '',1.000000000000000000, 1.000000000000000000, 1.000000000000000000 ) ;
#1614 =( LENGTH_UNIT ( ) NAMED_UNIT ( * ) SI_UNIT ( .MILLI., .METRE. ) );
#1615 = COLOUR_RGB ( '',0.1921568627450980200, 0.2039215686274509800, 0.2039215686274509800 ) ;
#1616 = CARTESIAN_POINT ( 'NONE',  ( 2.626830547245513300, 2.999000000000000100, 0.2188653475049952000 ) ) ;
#1617 = EDGE_CURVE ( 'NONE', #411, #2446, #201, .T. ) ;
#1618 = DIRECTION ( 'NONE',  ( 0.0000000000000000000, 0.0000000000000000000, -1.000000000000000000 ) ) ;
#1619 = CARTESIAN_POINT ( 'NONE',  ( 2.775247423879655600, 2.999999999999999100, -0.9173084878352707500 ) ) ;
#1620 = ADVANCED_FACE ( 'NONE', ( #191 ), #3312, .F. ) ;
#1621 = SURFACE_STYLE_USAGE ( .BOTH. , #1703 ) ;
#1622 = MECHANICAL_DESIGN_GEOMETRIC_PRESENTATION_REPRESENTATION (  '', ( #1073 ), #1813 ) ;
#1623 = ORIENTED_EDGE ( 'NONE', *, *, #870, .T. ) ;
#1624 = CARTESIAN_POINT ( 'NONE',  ( 2.626830547245513300, 2.999999999999999600, 0.2188653475049952000 ) ) ;
#1625 = CARTESIAN_POINT ( 'NONE',  ( 2.609234144535451000, 2.999000000000000600, 0.02288973980463491300 ) ) ;
#1626 = EDGE_LOOP ( 'NONE', ( #771, #3369, #2910, #1018 ) ) ;
#1627 = SURFACE_SIDE_STYLE ('',( #55 ) ) ;
#1628 = CARTESIAN_POINT ( 'NONE',  ( 2.509208633401670800, 3.000000000000000000, -1.149434981565744100 ) ) ;
#1629 = CARTESIAN_POINT ( 'NONE',  ( 2.413133004754694200, 3.000000000000000000, 1.133079695807812400 ) ) ;
#1630 = CARTESIAN_POINT ( 'NONE',  ( 1.780985762146027700, 2.999000000000000600, -1.444910470985014000 ) ) ;
#1631 = CARTESIAN_POINT ( 'NONE',  ( 0.1546570444889525900, 2.999000000000000100, -1.056249203330217100 ) ) ;
#1632 = STYLED_ITEM ( 'NONE', ( #764 ), #2724 ) ;
#1633 = ADVANCED_FACE ( 'NONE', ( #289 ), #2335, .T. ) ;
#1634 =( NAMED_UNIT ( * ) SI_UNIT ( $, .STERADIAN. ) SOLID_ANGLE_UNIT ( ) );
#1635 = LINE ( 'NONE', #680, #1476 ) ;
#1636 = ORIENTED_EDGE ( 'NONE', *, *, #2321, .F. ) ;
#1637 = STYLED_ITEM ( 'NONE', ( #401 ), #1392 ) ;
#1638 = EDGE_CURVE ( 'NONE', #743, #3205, #2783, .T. ) ;
#1639 = CARTESIAN_POINT ( 'NONE',  ( 2.678535947141056800, 2.999999999999999100, 0.2267562513195204900 ) ) ;
#1640 = CARTESIAN_POINT ( 'NONE',  ( 2.609234144535451000, 3.000000000000000400, 0.02288973980463491300 ) ) ;
#1641 = DIRECTION ( 'NONE',  ( 1.000000000000000000, 0.0000000000000000000, 0.0000000000000000000 ) ) ;
#1642 = PRESENTATION_LAYER_ASSIGNMENT (  '', '', ( #1832 ) ) ;
#1643 = FACE_OUTER_BOUND ( 'NONE', #2258, .T. ) ;
#1644 = DIRECTION ( 'NONE',  ( -0.0000000000000000000, 1.000000000000000000, -0.0000000000000000000 ) ) ;
#1645 = CARTESIAN_POINT ( 'NONE',  ( 2.820885408600847900, 3.000000000000000000, 0.04563979196165846000 ) ) ;
#1646 = FACE_OUTER_BOUND ( 'NONE', #477, .T. ) ;
#1647 = DIRECTION ( 'NONE',  ( 0.0000000000000000000, 0.0000000000000000000, 1.000000000000000000 ) ) ;
#1648 =( NAMED_UNIT ( * ) SI_UNIT ( $, .STERADIAN. ) SOLID_ANGLE_UNIT ( ) );
#1649 = FACE_BOUND ( 'NONE', #353, .T. ) ;
#1650 = COLOUR_RGB ( '',1.000000000000000000, 1.000000000000000000, 1.000000000000000000 ) ;
#1651 = CARTESIAN_POINT ( 'NONE',  ( -2.592543542519446300, 2.999000000000000100, 3.000000000000000000 ) ) ;
#1652 = ORIENTED_EDGE ( 'NONE', *, *, #2403, .T. ) ;
#1653 = VERTEX_POINT ( 'NONE', #897 ) ;
#1654 = PLANE ( 'NONE',  #3002 ) ;
#1655 = CARTESIAN_POINT ( 'NONE',  ( 2.644999999999999100, 0.0000000000000000000, -2.500000000000000400 ) ) ;
#1656 =( LENGTH_UNIT ( ) NAMED_UNIT ( * ) SI_UNIT ( .MILLI., .METRE. ) );
#1657 = CARTESIAN_POINT ( 'NONE',  ( 2.728064011027712300, 3.000000000000001800, -0.9215030838983391300 ) ) ;
#1658 = CARTESIAN_POINT ( 'NONE',  ( -0.2609979948811267900, 3.000000000000000000, -0.6503999513617134700 ) ) ;
#1659 =( LENGTH_UNIT ( ) NAMED_UNIT ( * ) SI_UNIT ( .MILLI., .METRE. ) );
#1660 = MECHANICAL_DESIGN_GEOMETRIC_PRESENTATION_REPRESENTATION (  '', ( #1109 ), #1843 ) ;
#1661 = CARTESIAN_POINT ( 'NONE',  ( 2.572842863104024800, 3.000000000000000000, 1.362681500647293000 ) ) ;
#1662 = ADVANCED_FACE ( 'NONE', ( #1353 ), #346, .F. ) ;
#1663 = MECHANICAL_DESIGN_GEOMETRIC_PRESENTATION_REPRESENTATION (  '', ( #1111 ), #1847 ) ;
#1664 = DIRECTION ( 'NONE',  ( 0.0000000000000000000, 0.0000000000000000000, -1.000000000000000000 ) ) ;
#1665 = VECTOR ( 'NONE', #2859, 1000.000000000000000 ) ;
#1666 = SURFACE_STYLE_FILL_AREA ( #3371 ) ;
#1667 = CARTESIAN_POINT ( 'NONE',  ( 2.376789220336481500, 2.998999999999999700, -0.9923471317638072900 ) ) ;
#1668 = EDGE_CURVE ( 'NONE', #3120, #2396, #3364, .T. ) ;
#1669 = CARTESIAN_POINT ( 'NONE',  ( 2.678535947141055900, 2.999999999999998700, -0.9270899025266332600 ) ) ;
#1670 = SURFACE_SIDE_STYLE ('',( #2613 ) ) ;
#1671 = CARTESIAN_POINT ( 'NONE',  ( 2.024109412472069100, 2.999000000000000600, -1.315646905032086300 ) ) ;
#1672 = CARTESIAN_POINT ( 'NONE',  ( 1.938997777366151300, 2.998999999999999700, 1.135951404426516700 ) ) ;
#1673 = LINE ( 'NONE', #1195, #185 ) ;
#1674 = EDGE_LOOP ( 'NONE', ( #2455, #2354, #1980, #311 ) ) ;
#1675 = COLOUR_RGB ( '',1.000000000000000000, 1.000000000000000000, 1.000000000000000000 ) ;
#1676 = CARTESIAN_POINT ( 'NONE',  ( -1.213273585432310200, 3.000000000000000000, -0.8421448332514782600 ) ) ;
#1677 = ORIENTED_EDGE ( 'NONE', *, *, #1990, .F. ) ;
#1678 = LINE ( 'NONE', #860, #3082 ) ;
#1679 = EDGE_LOOP ( 'NONE', ( #1429, #3118, #942, #3416, #3327, #867, #1623, #3077 ) ) ;
#1680 = CARTESIAN_POINT ( 'NONE',  ( 2.509208633401670800, 2.999999999999999600, 0.004411172280410110600 ) ) ;
#1681 = SURFACE_STYLE_USAGE ( .BOTH. , #3249 ) ;
#1682 = ADVANCED_FACE ( 'NONE', ( #418 ), #3319, .T. ) ;
#1683 = UNCERTAINTY_MEASURE_WITH_UNIT (LENGTH_MEASURE( 1.000000000000000100E-005 ), #2404, 'distance_accuracy_value', 'NONE');
#1684 = CARTESIAN_POINT ( 'NONE',  ( 2.626830547245513800, 3.000000000000000400, -0.9349808063411594300 ) ) ;
#1685 = CARTESIAN_POINT ( 'NONE',  ( -0.4174714200779703300, 3.000000000000000000, 0.9265010722603344000 ) ) ;
#1686 = ORIENTED_EDGE ( 'NONE', *, *, #3007, .T. ) ;
#1687 = ORIENTED_EDGE ( 'NONE', *, *, #2781, .F. ) ;
#1688 = CARTESIAN_POINT ( 'NONE',  ( 1.616233160057057200, 2.999999999999999600, 0.9246832490853684700 ) ) ;
#1689 = FACE_OUTER_BOUND ( 'NONE', #1339, .T. ) ;
#1690 = UNCERTAINTY_MEASURE_WITH_UNIT (LENGTH_MEASURE( 1.000000000000000100E-005 ), #1346, 'distance_accuracy_value', 'NONE');
#1691 = CARTESIAN_POINT ( 'NONE',  ( 1.625082582934020500, 3.000000000000000400, -1.544971087085723400 ) ) ;
#1692 = SURFACE_SIDE_STYLE ('',( #2810 ) ) ;
#1693 = AXIS2_PLACEMENT_3D ( 'NONE', #422, #1071, #1978 ) ;
#1694 = EDGE_CURVE ( 'NONE', #326, #1396, #912, .T. ) ;
#1695 = COLOUR_RGB ( '',1.000000000000000000, 1.000000000000000000, 1.000000000000000000 ) ;
#1696 = CARTESIAN_POINT ( 'NONE',  ( 2.678535947141056800, 2.998999999999999700, 0.2267562513195204900 ) ) ;
#1697 = COLOUR_RGB ( '',1.000000000000000000, 1.000000000000000000, 1.000000000000000000 ) ;
#1698 = PLANE ( 'NONE',  #2247 ) ;
#1699 = CARTESIAN_POINT ( 'NONE',  ( 2.572842863104024800, 2.999000000000000100, -0.9450108070450150600 ) ) ;
#1700 = CARTESIAN_POINT ( 'NONE',  ( 2.509208633401670800, 2.999999999999999600, 0.004411172280410110600 ) ) ;
#1701 = AXIS2_PLACEMENT_3D ( 'NONE', #2050, #2499, #2123 ) ;
#1702 = FACE_OUTER_BOUND ( 'NONE', #553, .T. ) ;
#1703 = SURFACE_SIDE_STYLE ('',( #1607 ) ) ;
#1704 = CARTESIAN_POINT ( 'NONE',  ( 1.616233160057057200, 2.999999999999999600, 0.9246832490853684700 ) ) ;
#1705 = FILL_AREA_STYLE ('',( #3267 ) ) ;
#1706 = ADVANCED_FACE ( 'NONE', ( #2930 ), #2003, .T. ) ;
#1707 = VERTEX_POINT ( 'NONE', #1849 ) ;
#1708 = FILL_AREA_STYLE ('',( #1139 ) ) ;
#1709 = DIRECTION ( 'NONE',  ( 0.0000000000000000000, 1.000000000000000000, 0.0000000000000000000 ) ) ;
#1710 = SURFACE_SIDE_STYLE ('',( #1322 ) ) ;
#1711 = FACE_OUTER_BOUND ( 'NONE', #1846, .T. ) ;
#1712 = CARTESIAN_POINT ( 'NONE',  ( 2.457965621820876300, 3.000000000000000000, -0.9712372159823994300 ) ) ;
#1713 = B_SPLINE_CURVE_WITH_KNOTS ( 'NONE', 3,
 ( #2828, #2324, #1239, #1228, #1177, #1113, #2542, #1467, #328, #2693, #2705, #2734, #2770, #2782, #2801 ),
 .UNSPECIFIED., .F., .F.,
 ( 4, 1, 1, 1, 1, 1, 1, 1, 1, 1, 1, 1, 4 ),
 ( 0.0000000000000000000, 0.05027287497458355500, 0.1027903700748774700, 0.1576131012369288700, 0.2146311133156755500, 0.2740612127265388800, 0.3356974550538851500, 0.4000702787165527600, 0.4668267493853401300, 0.6020780869193702600, 0.7357515335047494200, 0.8682046170340285100, 1.000000000000000000 ),
 .UNSPECIFIED. ) ;
#1714 = UNCERTAINTY_MEASURE_WITH_UNIT (LENGTH_MEASURE( 1.000000000000000100E-005 ), #2524, 'distance_accuracy_value', 'NONE');
#1715 = CARTESIAN_POINT ( 'NONE',  ( -0.9375686641724579900, 2.999000000000000100, 0.7845482376146686300 ) ) ;
#1716 =( NAMED_UNIT ( * ) PLANE_ANGLE_UNIT ( ) SI_UNIT ( $, .RADIAN. ) );
#1717 = SURFACE_STYLE_USAGE ( .BOTH. , #3277 ) ;
#1718 =( GEOMETRIC_REPRESENTATION_CONTEXT ( 3 ) GLOBAL_UNCERTAINTY_ASSIGNED_CONTEXT ( ( #2805 ) ) GLOBAL_UNIT_ASSIGNED_CONTEXT ( ( #2237, #628, #2497 ) ) REPRESENTATION_CONTEXT ( 'NONE', 'WORKASPACE' ) );
#1719 = CARTESIAN_POINT ( 'NONE',  ( 1.495765216293155600, 2.999000000000000100, -0.4928217464998799800 ) ) ;
#1720 =( GEOMETRIC_REPRESENTATION_CONTEXT ( 3 ) GLOBAL_UNCERTAINTY_ASSIGNED_CONTEXT ( ( #1938 ) ) GLOBAL_UNIT_ASSIGNED_CONTEXT ( ( #2537, #65, #228 ) ) REPRESENTATION_CONTEXT ( 'NONE', 'WORKASPACE' ) );
#1721 = EDGE_CURVE ( 'NONE', #730, #552, #2695, .T. ) ;
#1722 = CARTESIAN_POINT ( 'NONE',  ( 0.1546570444889525900, 2.999000000000000100, -1.056249203330217100 ) ) ;
#1723 =( LENGTH_UNIT ( ) NAMED_UNIT ( * ) SI_UNIT ( .MILLI., .METRE. ) );
#1724 = CARTESIAN_POINT ( 'NONE',  ( 2.413133004754694200, 3.000000000000000000, -0.02076645803834160200 ) ) ;
#1725 = FACE_BOUND ( 'NONE', #2463, .T. ) ;
#1726 = SURFACE_STYLE_USAGE ( .BOTH. , #1784 ) ;
#1727 = CARTESIAN_POINT ( 'NONE',  ( 2.775247423879656100, 2.999000000000000100, 0.2365376660108833300 ) ) ;
#1728 = ORIENTED_EDGE ( 'NONE', *, *, #789, .F. ) ;
#1729 = FILL_AREA_STYLE ('',( #3287 ) ) ;
#1730 = ORIENTED_EDGE ( 'NONE', *, *, #2648, .F. ) ;
#1731 = CARTESIAN_POINT ( 'NONE',  ( 1.726164558568521200, 2.999999999999999600, -0.3245625919329168100 ) ) ;
#1732 = CARTESIAN_POINT ( 'NONE',  ( 0.1546570444889525900, 3.000000000000000000, -1.056249203330217100 ) ) ;
#1733 = CARTESIAN_POINT ( 'NONE',  ( -0.4216918137787590800, 2.999000000000000100, 0.5390452848587613500 ) ) ;
#1734 =( NAMED_UNIT ( * ) PLANE_ANGLE_UNIT ( ) SI_UNIT ( $, .RADIAN. ) );
#1735 = CARTESIAN_POINT ( 'NONE',  ( 2.444795453839451400, 2.998999999999999700, -0.01246897979886501900 ) ) ;
#1736 = VERTEX_POINT ( 'NONE', #3213 ) ;
#1737 =( NAMED_UNIT ( * ) SI_UNIT ( $, .STERADIAN. ) SOLID_ANGLE_UNIT ( ) );
#1738 = CARTESIAN_POINT ( 'NONE',  ( 1.809945688435240700, 2.998999999999999700, -0.09323895547028798700 ) ) ;
#1739 =( GEOMETRIC_REPRESENTATION_CONTEXT ( 3 ) GLOBAL_UNCERTAINTY_ASSIGNED_CONTEXT ( ( #455 ) ) GLOBAL_UNIT_ASSIGNED_CONTEXT ( ( #1614, #21, #293 ) ) REPRESENTATION_CONTEXT ( 'NONE', 'WORKASPACE' ) );
#1740 = FACE_OUTER_BOUND ( 'NONE', #826, .T. ) ;
#1741 = CARTESIAN_POINT ( 'NONE',  ( 2.369291950611820900, 2.999000000000000100, -0.03356161522256832800 ) ) ;
#1742 = VECTOR ( 'NONE', #1799, 1000.000000000000000 ) ;
#1743 = CARTESIAN_POINT ( 'NONE',  ( -2.592543542519446300, 2.999000000000000100, 3.000000000000000000 ) ) ;
#1744 = CARTESIAN_POINT ( 'NONE',  ( 2.644999999999999100, -0.1000000000000000100, -2.500000000000000400 ) ) ;
#1745 =( NAMED_UNIT ( * ) PLANE_ANGLE_UNIT ( ) SI_UNIT ( $, .RADIAN. ) );
#1746 = EDGE_CURVE ( 'NONE', #2235, #1707, #664, .T. ) ;
#1747 = CARTESIAN_POINT ( 'NONE',  ( 1.929896624087111400, 2.999000000000000100, -1.363320911355727900 ) ) ;
#1748 =( NAMED_UNIT ( * ) PLANE_ANGLE_UNIT ( ) SI_UNIT ( $, .RADIAN. ) );
#1749 = ORIENTED_EDGE ( 'NONE', *, *, #2374, .T. ) ;
#1750 = CARTESIAN_POINT ( 'NONE',  ( 1.938997777366151100, 3.000000000000000900, -0.01789474941963726700 ) ) ;
#1751 = CARTESIAN_POINT ( 'NONE',  ( -3.279999999999999800, 3.000000000000000000, -3.379999999999999400 ) ) ;
#1752 = DIRECTION ( 'NONE',  ( -1.000000000000000000, -0.0000000000000000000, -0.0000000000000000000 ) ) ;
#1753 = CARTESIAN_POINT ( 'NONE',  ( 1.045314170473210700, 3.000000000000000000, -0.07946810096801443200 ) ) ;
#1754 = SURFACE_SIDE_STYLE ('',( #565 ) ) ;
#1755 = CARTESIAN_POINT ( 'NONE',  ( 2.820885408600847900, 2.999000000000000100, 0.04563979196165846000 ) ) ;
#1756 = CARTESIAN_POINT ( 'NONE',  ( 2.775247423879655600, 2.998999999999999200, -0.9173084878352707500 ) ) ;
#1757 = CARTESIAN_POINT ( 'NONE',  ( 2.413133004754694200, 2.999000000000000100, -0.02076645803834160200 ) ) ;
#1758 = DIRECTION ( 'NONE',  ( 0.0000000000000000000, -1.000000000000000000, 0.0000000000000000000 ) ) ;
#1759 = LINE ( 'NONE', #1529, #956 ) ;
#1760 =( GEOMETRIC_REPRESENTATION_CONTEXT ( 3 ) GLOBAL_UNCERTAINTY_ASSIGNED_CONTEXT ( ( #1932 ) ) GLOBAL_UNIT_ASSIGNED_CONTEXT ( ( #3341, #1773, #955 ) ) REPRESENTATION_CONTEXT ( 'NONE', 'WORKASPACE' ) );
#1761 = CARTESIAN_POINT ( 'NONE',  ( 2.024109412472070000, 3.000000000000000400, -0.1618007511859324600 ) ) ;
#1762 = SURFACE_STYLE_USAGE ( .BOTH. , #3328 ) ;
#1763 = MECHANICAL_DESIGN_GEOMETRIC_PRESENTATION_REPRESENTATION (  '', ( #1209 ), #1931 ) ;
#1764 = EDGE_CURVE ( 'NONE', #1653, #2016, #1358, .T. ) ;
#1765 = STYLED_ITEM ( 'NONE', ( #2482 ), #1238 ) ;
#1766 = ORIENTED_EDGE ( 'NONE', *, *, #1764, .F. ) ;
#1767 = CARTESIAN_POINT ( 'NONE',  ( 1.495765216293155600, 2.999000000000000100, -1.646667900346034300 ) ) ;
#1768 =( NAMED_UNIT ( * ) SI_UNIT ( $, .STERADIAN. ) SOLID_ANGLE_UNIT ( ) );
#1769 = ORIENTED_EDGE ( 'NONE', *, *, #3085, .F. ) ;
#1770 = ORIENTED_EDGE ( 'NONE', *, *, #3270, .F. ) ;
#1771 = CARTESIAN_POINT ( 'NONE',  ( 1.674202334968583300, 2.999000000000000100, -0.3578239495225477000 ) ) ;
#1772 =( NAMED_UNIT ( * ) SI_UNIT ( $, .STERADIAN. ) SOLID_ANGLE_UNIT ( ) );
#1773 =( NAMED_UNIT ( * ) PLANE_ANGLE_UNIT ( ) SI_UNIT ( $, .RADIAN. ) );
#1774 = SURFACE_STYLE_USAGE ( .BOTH. , #3342 ) ;
#1775 =( NAMED_UNIT ( * ) PLANE_ANGLE_UNIT ( ) SI_UNIT ( $, .RADIAN. ) );
#1776 = ORIENTED_EDGE ( 'NONE', *, *, #2162, .F. ) ;
#1777 = DIRECTION ( 'NONE',  ( -0.0000000000000000000, 0.0000000000000000000, 1.000000000000000000 ) ) ;
#1778 = VERTEX_POINT ( 'NONE', #142 ) ;
#1779 = CARTESIAN_POINT ( 'NONE',  ( -0.4216918137787590800, 3.000000000000000000, 0.5390452848587613500 ) ) ;
#1780 = LINE ( 'NONE', #3137, #1043 ) ;
#1781 = ORIENTED_EDGE ( 'NONE', *, *, #1118, .F. ) ;
#1782 =( GEOMETRIC_REPRESENTATION_CONTEXT ( 3 ) GLOBAL_UNCERTAINTY_ASSIGNED_CONTEXT ( ( #709 ) ) GLOBAL_UNIT_ASSIGNED_CONTEXT ( ( #1862, #1968, #1941 ) ) REPRESENTATION_CONTEXT ( 'NONE', 'WORKASPACE' ) );
#1783 = CARTESIAN_POINT ( 'NONE',  ( 1.661100619080114100, 2.999000000000001000, 0.9596429120622976800 ) ) ;
#1784 = SURFACE_SIDE_STYLE ('',( #1833 ) ) ;
#1785 = STYLED_ITEM ( 'NONE', ( #2903 ), #1082 ) ;
#1786 = MECHANICAL_DESIGN_GEOMETRIC_PRESENTATION_REPRESENTATION (  '', ( #1304 ), #1955 ) ;
#1787 = CARTESIAN_POINT ( 'NONE',  ( 2.572842863104024800, 3.000000000000000000, 1.362681500647293000 ) ) ;
#1788 = PRESENTATION_STYLE_ASSIGNMENT (( #1681 ) ) ;
#1789 = CARTESIAN_POINT ( 'NONE',  ( -3.279999999999999800, 3.000000000000000000, -3.129999999999999000 ) ) ;
#1790 = CARTESIAN_POINT ( 'NONE',  ( 2.609234144535449700, 2.998999999999999200, -1.130956414041519400 ) ) ;
#1791 = SURFACE_STYLE_USAGE ( .BOTH. , #1754 ) ;
#1792 = CARTESIAN_POINT ( 'NONE',  ( 0.4486085405519431000, 2.999000000000000100, -0.7620540852199885200 ) ) ;
#1793 = ORIENTED_EDGE ( 'NONE', *, *, #926, .F. ) ;
#1794 = CARTESIAN_POINT ( 'NONE',  ( 0.1201164539377799500, 3.000000000000000000, 0.7592294580871055100 ) ) ;
#1795 = CARTESIAN_POINT ( 'NONE',  ( -0.9819580342512036500, 3.000000000000000000, -0.8873295576609244700 ) ) ;
#1796 = VECTOR ( 'NONE', #2548, 1000.000000000000000 ) ;
#1797 = CARTESIAN_POINT ( 'NONE',  ( 2.644999999999999100, -0.1000000000000000100, -2.500000000000000400 ) ) ;
#1798 = PLANE ( 'NONE',  #874 ) ;
#1799 = DIRECTION ( 'NONE',  ( -0.0000000000000000000, 1.000000000000000000, -0.0000000000000000000 ) ) ;
#1800 = FACE_OUTER_BOUND ( 'NONE', #349, .T. ) ;
#1801 = FILL_AREA_STYLE_COLOUR ( '', #1613 ) ;
#1802 = VECTOR ( 'NONE', #196, 1000.000000000000000 ) ;
#1803 = VECTOR ( 'NONE', #783, 1000.000000000000000 ) ;
#1804 = B_SPLINE_CURVE_WITH_KNOTS ( 'NONE', 3,
 ( #2988, #1136, #3253, #1685 ),
 .UNSPECIFIED., .F., .F.,
 ( 4, 4 ),
 ( 0.1818181818181818200, 0.2727272727272727100 ),
 .UNSPECIFIED. ) ;
#1805 = ORIENTED_EDGE ( 'NONE', *, *, #570, .T. ) ;
#1806 = PRESENTATION_LAYER_ASSIGNMENT (  '', '', ( #1444 ) ) ;
#1807 = CARTESIAN_POINT ( 'NONE',  ( 2.609234144535449700, 2.999999999999999100, -1.130956414041519400 ) ) ;
#1808 = EDGE_LOOP ( 'NONE', ( #943, #302, #436, #2245 ) ) ;
#1809 =( LENGTH_UNIT ( ) NAMED_UNIT ( * ) SI_UNIT ( .MILLI., .METRE. ) );
#1810 = EDGE_CURVE ( 'NONE', #3153, #1196, #3313, .T. ) ;
#1811 = SURFACE_STYLE_FILL_AREA ( #2115 ) ;
#1812 = LINE ( 'NONE', #39, #3125 ) ;
#1813 =( GEOMETRIC_REPRESENTATION_CONTEXT ( 3 ) GLOBAL_UNCERTAINTY_ASSIGNED_CONTEXT ( ( #2095 ) ) GLOBAL_UNIT_ASSIGNED_CONTEXT ( ( #170, #2035, #433 ) ) REPRESENTATION_CONTEXT ( 'NONE', 'WORKASPACE' ) );
#1814 = CARTESIAN_POINT ( 'NONE',  ( 1.340116177831617300, 3.000000000000000000, 0.4687167150385814800 ) ) ;
#1815 = ORIENTED_EDGE ( 'NONE', *, *, #1118, .T. ) ;
#1816 = EDGE_LOOP ( 'NONE', ( #2872, #882, #3424, #1593 ) ) ;
#1817 = COLOUR_RGB ( '',1.000000000000000000, 1.000000000000000000, 1.000000000000000000 ) ;
#1818 = SURFACE_SIDE_STYLE ('',( #3296 ) ) ;
#1819 = CARTESIAN_POINT ( 'NONE',  ( 2.281391061627108900, 2.999000000000000100, -1.213061935310422800 ) ) ;
#1820 = CARTESIAN_POINT ( 'NONE',  ( 2.572842863104024800, 3.000000000000000000, -0.9450108070450150600 ) ) ;
#1821 = CARTESIAN_POINT ( 'NONE',  ( -2.644999999999999100, -0.1000000000000000100, -2.500000000000000000 ) ) ;
#1822 = VECTOR ( 'NONE', #1246, 1000.000000000000000 ) ;
#1823 = CARTESIAN_POINT ( 'NONE',  ( 2.444795453839451400, 2.998999999999999700, -1.166315133645019000 ) ) ;
#1824 = AXIS2_PLACEMENT_3D ( 'NONE', #390, #2246, #647 ) ;
#1825 = DIRECTION ( 'NONE',  ( 0.0000000000000000000, 0.0000000000000000000, -1.000000000000000000 ) ) ;
#1826 = AXIS2_PLACEMENT_3D ( 'NONE', #50, #1010, #846 ) ;
#1827 = ORIENTED_EDGE ( 'NONE', *, *, #172, .F. ) ;
#1828 = EDGE_CURVE ( 'NONE', #2972, #632, #423, .T. ) ;
#1829 = CARTESIAN_POINT ( 'NONE',  ( 1.532423870139309600, 2.999000000000000100, -1.454360208038342000 ) ) ;
#1830 = CARTESIAN_POINT ( 'NONE',  ( 2.713525806077727000, 2.999000000000001000, -1.116669741400592200 ) ) ;
#1831 = CARTESIAN_POINT ( 'NONE',  ( 2.516515676244705600, 3.000000000000000400, -0.9569628118905491000 ) ) ;
#1832 = STYLED_ITEM ( 'NONE', ( #936 ), #3202 ) ;
#1833 = SURFACE_STYLE_FILL_AREA ( #2984 ) ;
#1834 = CARTESIAN_POINT ( 'NONE',  ( 2.509208633401670800, 2.999999999999999600, 1.158257326126563800 ) ) ;
#1835 = PRESENTATION_STYLE_ASSIGNMENT (( #396 ) ) ;
#1836 = UNCERTAINTY_MEASURE_WITH_UNIT (LENGTH_MEASURE( 1.000000000000000100E-005 ), #1897, 'distance_accuracy_value', 'NONE');
#1837 =( LENGTH_UNIT ( ) NAMED_UNIT ( * ) SI_UNIT ( .MILLI., .METRE. ) );
#1838 = CARTESIAN_POINT ( 'NONE',  ( 2.457965621820876300, 3.000000000000000000, -0.9712372159823994300 ) ) ;
#1839 = VECTOR ( 'NONE', #1881, 1000.000000000000000 ) ;
#1840 = EDGE_CURVE ( 'NONE', #1558, #326, #441, .T. ) ;
#1841 = DIRECTION ( 'NONE',  ( -0.0000000000000000000, 1.000000000000000000, -0.0000000000000000000 ) ) ;
#1842 = VECTOR ( 'NONE', #296, 1000.000000000000000 ) ;
#1843 =( GEOMETRIC_REPRESENTATION_CONTEXT ( 3 ) GLOBAL_UNCERTAINTY_ASSIGNED_CONTEXT ( ( #1690 ) ) GLOBAL_UNIT_ASSIGNED_CONTEXT ( ( #1346, #1245, #1027 ) ) REPRESENTATION_CONTEXT ( 'NONE', 'WORKASPACE' ) );
#1844 = CARTESIAN_POINT ( 'NONE',  ( 1.532423870139309600, 2.999000000000000100, 1.622562868884735600 ) ) ;
#1845 = COLOUR_RGB ( '',1.000000000000000000, 1.000000000000000000, 1.000000000000000000 ) ;
#1846 = EDGE_LOOP ( 'NONE', ( #2293, #520, #643, #2433 ) ) ;
#1847 =( GEOMETRIC_REPRESENTATION_CONTEXT ( 3 ) GLOBAL_UNCERTAINTY_ASSIGNED_CONTEXT ( ( #700 ) ) GLOBAL_UNIT_ASSIGNED_CONTEXT ( ( #2251, #652, #2517 ) ) REPRESENTATION_CONTEXT ( 'NONE', 'WORKASPACE' ) );
#1848 = ORIENTED_EDGE ( 'NONE', *, *, #2863, .F. ) ;
#1849 = CARTESIAN_POINT ( 'NONE',  ( -1.394999999999999600, 0.0000000000000000000, -2.500000000000000400 ) ) ;
#1850 = CARTESIAN_POINT ( 'NONE',  ( 2.713525806077727000, 3.000000000000000900, -1.116669741400592200 ) ) ;
#1851 = CARTESIAN_POINT ( 'NONE',  ( 2.376789220336481500, 2.999999999999999600, -0.9923471317638072900 ) ) ;
#1852 = EDGE_CURVE ( 'NONE', #266, #1492, #1780, .T. ) ;
#1853 = SURFACE_SIDE_STYLE ('',( #1554 ) ) ;
#1854 = PLANE ( 'NONE',  #3357 ) ;
#1855 =( NAMED_UNIT ( * ) PLANE_ANGLE_UNIT ( ) SI_UNIT ( $, .RADIAN. ) );
#1856 = COLOUR_RGB ( '',0.8274509803921568100, 0.8392156862745098200, 0.8274509803921568100 ) ;
#1857 = FILL_AREA_STYLE ('',( #516 ) ) ;
#1858 = ORIENTED_EDGE ( 'NONE', *, *, #1051, .T. ) ;
#1859 = LINE ( 'NONE', #2219, #499 ) ;
#1860 = CARTESIAN_POINT ( 'NONE',  ( 2.644999999999999100, 0.0000000000000000000, 2.500000000000000400 ) ) ;
#1861 = CARTESIAN_POINT ( 'NONE',  ( 2.784691174863903400, 2.999999999999999600, 0.04278652565654077200 ) ) ;
#1862 =( LENGTH_UNIT ( ) NAMED_UNIT ( * ) SI_UNIT ( .MILLI., .METRE. ) );
#1863 = UNCERTAINTY_MEASURE_WITH_UNIT (LENGTH_MEASURE( 1.000000000000000100E-005 ), #2036, 'distance_accuracy_value', 'NONE');
#1864 = STYLED_ITEM ( 'NONE', ( #3419 ), #340 ) ;
#1865 = CARTESIAN_POINT ( 'NONE',  ( 2.820885408600847900, 3.000000000000000000, 0.04563979196165846000 ) ) ;
#1866 = EDGE_CURVE ( 'NONE', #2144, #2735, #3092, .T. ) ;
#1867 = DIRECTION ( 'NONE',  ( -0.0000000000000000000, 1.000000000000000000, -0.0000000000000000000 ) ) ;
#1868 = CARTESIAN_POINT ( 'NONE',  ( 2.274720874180870700, 2.999999999999999600, -1.023706931821490600 ) ) ;
#1869 = LINE ( 'NONE', #155, #3178 ) ;
#1870 = ORIENTED_EDGE ( 'NONE', *, *, #2162, .T. ) ;
#1871 = CARTESIAN_POINT ( 'NONE',  ( -2.644999999999999100, -0.1000000000000000100, -2.500000000000000000 ) ) ;
#1872 = CARTESIAN_POINT ( 'NONE',  ( 2.805953668349054500, 2.998999999999999700, 1.391332376730579900 ) ) ;
#1873 = PRESENTATION_LAYER_ASSIGNMENT (  '', '', ( #1323 ) ) ;
#1874 = CARTESIAN_POINT ( 'NONE',  ( 1.495765216293155600, 2.999000000000000100, -0.4928217464998799800 ) ) ;
#1875 = CARTESIAN_POINT ( 'NONE',  ( 2.457965621820876300, 2.999000000000000100, -0.9712372159823994300 ) ) ;
#1876 = CARTESIAN_POINT ( 'NONE',  ( 2.784691174863903800, 2.999000000000000100, -1.111059628189613500 ) ) ;
#1877 = CARTESIAN_POINT ( 'NONE',  ( 2.609234144535451000, 3.000000000000000400, 0.02288973980463491300 ) ) ;
#1878 = ORIENTED_EDGE ( 'NONE', *, *, #1638, .T. ) ;
#1879 = EDGE_LOOP ( 'NONE', ( #2839, #3218, #1870, #1258 ) ) ;
#1880 = VERTEX_POINT ( 'NONE', #2580 ) ;
#1881 = DIRECTION ( 'NONE',  ( -0.0000000000000000000, 1.000000000000000000, -0.0000000000000000000 ) ) ;
#1882 = ADVANCED_FACE ( 'NONE', ( #1689 ), #2589, .F. ) ;
#1883 = CARTESIAN_POINT ( 'NONE',  ( 1.758162665760972800, 2.999000000000001000, -1.280444816419992200 ) ) ;
#1884 = EDGE_CURVE ( 'NONE', #813, #2386, #732, .T. ) ;
#1885 = CARTESIAN_POINT ( 'NONE',  ( 1.809945688435240700, 2.998999999999999700, -0.09323895547028798700 ) ) ;
#1886 = CARTESIAN_POINT ( 'NONE',  ( 2.784691174863903400, 2.998999999999999700, 0.04278652565654077200 ) ) ;
#1887 = EDGE_LOOP ( 'NONE', ( #1769, #192, #2779, #1510 ) ) ;
#1888 = CARTESIAN_POINT ( 'NONE',  ( 2.784691174863903800, 3.000000000000000000, -1.111059628189613500 ) ) ;
#1889 = CARTESIAN_POINT ( 'NONE',  ( 2.154014702461950000, 2.999999999999999600, -1.069326064327508700 ) ) ;
#1890 = PRESENTATION_STYLE_ASSIGNMENT (( #631 ) ) ;
#1891 = EDGE_LOOP ( 'NONE', ( #2951, #1418, #635, #2534 ) ) ;
#1892 = PRESENTATION_STYLE_ASSIGNMENT (( #77 ) ) ;
#1893 = CARTESIAN_POINT ( 'NONE',  ( 2.820885408600847900, 2.999000000000000100, 1.391793638115504700 ) ) ;
#1894 = VECTOR ( 'NONE', #2836, 1000.000000000000000 ) ;
#1895 = CARTESIAN_POINT ( 'NONE',  ( 1.616233160057057200, 2.998999999999999700, -0.2291629047607853500 ) ) ;
#1896 = CARTESIAN_POINT ( 'NONE',  ( 2.444795453839451400, 2.999999999999999600, -0.01246897979886501900 ) ) ;
#1897 =( LENGTH_UNIT ( ) NAMED_UNIT ( * ) SI_UNIT ( .MILLI., .METRE. ) );
#1898 = CARTESIAN_POINT ( 'NONE',  ( 2.820885408600847900, 2.999000000000000100, -1.108206361884495900 ) ) ;
#1899 = CARTESIAN_POINT ( 'NONE',  ( 1.509002830109456900, 3.000000000000000900, 0.6723441679465342900 ) ) ;
#1900 = ADVANCED_FACE ( 'NONE', ( #2768 ), #2057, .T. ) ;
#1901 = CARTESIAN_POINT ( 'NONE',  ( 2.644999999999999100, -0.1000000000000000100, -2.500000000000000400 ) ) ;
#1902 = CARTESIAN_POINT ( 'NONE',  ( 2.152133171637988800, 2.999000000000000600, -1.261248935073582300 ) ) ;
#1903 = ORIENTED_EDGE ( 'NONE', *, *, #245, .T. ) ;
#1904 = STYLED_ITEM ( 'NONE', ( #2626 ), #629 ) ;
#1905 = FILL_AREA_STYLE ('',( #766 ) ) ;
#1906 = CARTESIAN_POINT ( 'NONE',  ( 1.532423870139309600, 2.999000000000000100, -0.3005140541921877400 ) ) ;
#1907 = CARTESIAN_POINT ( 'NONE',  ( 2.509208633401670800, 2.998999999999999700, 0.004411172280410110600 ) ) ;
#1908 = DIRECTION ( 'NONE',  ( 0.0000000000000000000, 0.0000000000000000000, 1.000000000000000000 ) ) ;
#1909 = EDGE_CURVE ( 'NONE', #242, #1296, #3194, .T. ) ;
#1910 = CARTESIAN_POINT ( 'NONE',  ( 2.820885408600847900, 3.000000000000000000, -1.108206361884495900 ) ) ;
#1911 = CARTESIAN_POINT ( 'NONE',  ( 2.820885408600847900, 2.999000000000000100, 0.04563979196165846000 ) ) ;
#1912 = STYLED_ITEM ( 'NONE', ( #1305 ), #2210 ) ;
#1913 = LINE ( 'NONE', #1522, #2546 ) ;
#1914 = LINE ( 'NONE', #1036, #1842 ) ;
#1915 = CARTESIAN_POINT ( 'NONE',  ( 2.457965621820876300, 2.999999999999999600, 0.1826089378637545100 ) ) ;
#1916 = FILL_AREA_STYLE_COLOUR ( '', #1263 ) ;
#1917 = COLOUR_RGB ( '',0.8274509803921568100, 0.8392156862745098200, 0.8274509803921568100 ) ;
#1918 = ADVANCED_FACE ( 'NONE', ( #478 ), #1030, .T. ) ;
#1919 = ORIENTED_EDGE ( 'NONE', *, *, #1668, .T. ) ;
#1920 = CARTESIAN_POINT ( 'NONE',  ( -0.9375686641724579900, 2.999000000000000100, 0.7845482376146686300 ) ) ;
#1921 = ORIENTED_EDGE ( 'NONE', *, *, #3058, .F. ) ;
#1922 = SURFACE_STYLE_FILL_AREA ( #2820 ) ;
#1923 = CARTESIAN_POINT ( 'NONE',  ( 1.536069100414741500, 2.999000000000000600, 0.6954891021053228900 ) ) ;
#1924 = FACE_OUTER_BOUND ( 'NONE', #2389, .T. ) ;
#1925 = CARTESIAN_POINT ( 'NONE',  ( 2.516515676244705600, 3.000000000000000400, 1.350729495801759300 ) ) ;
#1926 = VECTOR ( 'NONE', #2288, 1000.000000000000000 ) ;
#1927 = CARTESIAN_POINT ( 'NONE',  ( 0.6983318870086439000, 2.999000000000000100, 0.5698598911579730900 ) ) ;
#1928 = FACE_OUTER_BOUND ( 'NONE', #1887, .T. ) ;
#1929 = AXIS2_PLACEMENT_3D ( 'NONE', #2271, #2295, #2309 ) ;
#1930 = VERTEX_POINT ( 'NONE', #295 ) ;
#1931 =( GEOMETRIC_REPRESENTATION_CONTEXT ( 3 ) GLOBAL_UNCERTAINTY_ASSIGNED_CONTEXT ( ( #703 ) ) GLOBAL_UNIT_ASSIGNED_CONTEXT ( ( #3322, #3308, #1496 ) ) REPRESENTATION_CONTEXT ( 'NONE', 'WORKASPACE' ) );
#1932 = UNCERTAINTY_MEASURE_WITH_UNIT (LENGTH_MEASURE( 1.000000000000000100E-005 ), #3341, 'distance_accuracy_value', 'NONE');
#1933 = ORIENTED_EDGE ( 'NONE', *, *, #1575, .T. ) ;
#1934 = DIRECTION ( 'NONE',  ( -0.0000000000000000000, 0.0000000000000000000, 1.000000000000000000 ) ) ;
#1935 = PRESENTATION_LAYER_ASSIGNMENT (  '', '', ( #1765 ) ) ;
#1936 = CARTESIAN_POINT ( 'NONE',  ( 2.644999999999999100, -0.1000000000000000100, 2.500000000000000400 ) ) ;
#1937 = CLOSED_SHELL ( 'NONE', ( #2167, #892, #73, #1882, #1433, #340, #3184, #2742, #3202, #1706, #1662, #2963, #2983, #93, #2699, #115, #629, #17, #1349, #3262, #1364, #555, #2942, #2462, #1333, #2682, #1633, #2210, #2667, #868, #1900, #1392, #364, #2759, #1061, #2427, #1918, #2409, #1146, #1945, #2486, #2503, #812, #822, #2724, #1682, #1082, #3006, #611, #2230, #285, #1620, #574, #1124, #1407, #382, #2152, #32, #1964, #592, #300, #316, #3246, #2929 ) ) ;
#1938 = UNCERTAINTY_MEASURE_WITH_UNIT (LENGTH_MEASURE( 1.000000000000000100E-005 ), #2537, 'distance_accuracy_value', 'NONE');
#1939 = CARTESIAN_POINT ( 'NONE',  ( 1.674202334968583300, 2.999000000000000600, 0.7960222043236063700 ) ) ;
#1940 =( LENGTH_UNIT ( ) NAMED_UNIT ( * ) SI_UNIT ( .MILLI., .METRE. ) );
#1941 =( NAMED_UNIT ( * ) SI_UNIT ( $, .STERADIAN. ) SOLID_ANGLE_UNIT ( ) );
#1942 = FACE_OUTER_BOUND ( 'NONE', #2113, .T. ) ;
#1943 = LINE ( 'NONE', #1039, #1229 ) ;
#1944 = CARTESIAN_POINT ( 'NONE',  ( 1.864254925554881700, 2.999000000000000100, 1.092929013155010000 ) ) ;
#1945 = ADVANCED_FACE ( 'NONE', ( #147 ), #699, .T. ) ;
#1946 = UNCERTAINTY_MEASURE_WITH_UNIT (LENGTH_MEASURE( 1.000000000000000100E-005 ), #1291, 'distance_accuracy_value', 'NONE');
#1947 = PLANE ( 'NONE',  #2119 ) ;
#1948 = SURFACE_SIDE_STYLE ('',( #2523 ) ) ;
#1949 = DIRECTION ( 'NONE',  ( 6.680847415505923100E-013, -1.000000000000000000, -8.195870038091375700E-013 ) ) ;
#1950 =( NAMED_UNIT ( * ) PLANE_ANGLE_UNIT ( ) SI_UNIT ( $, .RADIAN. ) );
#1951 = CARTESIAN_POINT ( 'NONE',  ( 2.820885408600847900, 2.999000000000000100, 1.199485945807812400 ) ) ;
#1952 = CARTESIAN_POINT ( 'NONE',  ( 1.674202334968583300, 3.000000000000000400, 0.7960222043236063700 ) ) ;
#1953 = DIRECTION ( 'NONE',  ( -0.0000000000000000000, 1.000000000000000000, -0.0000000000000000000 ) ) ;
#1954 = SURFACE_STYLE_USAGE ( .BOTH. , #2128 ) ;
#1955 =( GEOMETRIC_REPRESENTATION_CONTEXT ( 3 ) GLOBAL_UNCERTAINTY_ASSIGNED_CONTEXT ( ( #1194 ) ) GLOBAL_UNIT_ASSIGNED_CONTEXT ( ( #579, #2448, #843 ) ) REPRESENTATION_CONTEXT ( 'NONE', 'WORKASPACE' ) );
#1956 = LINE ( 'NONE', #2289, #993 ) ;
#1957 = CARTESIAN_POINT ( 'NONE',  ( 1.573054305422271900, 2.999999999999999600, 0.8897526120689129800 ) ) ;
#1958 = CARTESIAN_POINT ( 'NONE',  ( 1.726164558568521700, 3.000000000000000400, -1.478408745779070900 ) ) ;
#1959 = CARTESIAN_POINT ( 'NONE',  ( 0.6983318870086439000, 3.000000000000000000, 0.5698598911579730900 ) ) ;
#1960 = FILL_AREA_STYLE ('',( #2234 ) ) ;
#1961 = CARTESIAN_POINT ( 'NONE',  ( 2.376789220336482900, 2.999000000000000600, 0.1614990220823469000 ) ) ;
#1962 =( NAMED_UNIT ( * ) SI_UNIT ( $, .STERADIAN. ) SOLID_ANGLE_UNIT ( ) );
#1963 = SURFACE_SIDE_STYLE ('',( #2151 ) ) ;
#1964 = ADVANCED_FACE ( 'NONE', ( #2720 ), #2195, .T. ) ;
#1965 = CARTESIAN_POINT ( 'NONE',  ( 2.035371029559561100, 2.999000000000000600, -1.121964795761634100 ) ) ;
#1966 = FACE_OUTER_BOUND ( 'NONE', #999, .T. ) ;
#1967 =( LENGTH_UNIT ( ) NAMED_UNIT ( * ) SI_UNIT ( .MILLI., .METRE. ) );
#1968 =( NAMED_UNIT ( * ) PLANE_ANGLE_UNIT ( ) SI_UNIT ( $, .RADIAN. ) );
#1969 = CARTESIAN_POINT ( 'NONE',  ( 1.545847908274908600, 3.000000000000000400, 0.8653652059736839400 ) ) ;
#1970 = ORIENTED_EDGE ( 'NONE', *, *, #1090, .F. ) ;
#1971 = SURFACE_STYLE_USAGE ( .BOTH. , #110 ) ;
#1972 = CARTESIAN_POINT ( 'NONE',  ( 1.340116177831617300, 2.999000000000000100, -0.4928217464998799800 ) ) ;
#1973 = VERTEX_POINT ( 'NONE', #1225 ) ;
#1974 = CARTESIAN_POINT ( 'NONE',  ( 1.532423870139309600, 2.999000000000000100, -1.454360208038342000 ) ) ;
#1975 = B_SPLINE_CURVE_WITH_KNOTS ( 'NONE', 3,
 ( #387, #3061, #2447, #276, #3306, #545, #86, #100, #3221, #1156, #386, #642, #99, #112, #2756 ),
 .UNSPECIFIED., .F., .F.,
 ( 4, 1, 1, 1, 1, 1, 1, 1, 1, 1, 1, 1, 4 ),
 ( 0.0000000000000000000, 0.05027287497458355500, 0.1027903700748774700, 0.1576131012369288700, 0.2146311133156755500, 0.2740612127265388800, 0.3356974550538851500, 0.4000702787165527600, 0.4668267493853401300, 0.6020780869193702600, 0.7357515335047494200, 0.8682046170340285100, 1.000000000000000000 ),
 .UNSPECIFIED. ) ;
#1976 = CARTESIAN_POINT ( 'NONE',  ( -0.4174714200779703300, 2.999000000000000100, 0.9265010722603344000 ) ) ;
#1977 =( NAMED_UNIT ( * ) PLANE_ANGLE_UNIT ( ) SI_UNIT ( $, .RADIAN. ) );
#1978 = DIRECTION ( 'NONE',  ( 0.0000000000000000000, 0.0000000000000000000, 1.000000000000000000 ) ) ;
#1979 = ORIENTED_EDGE ( 'NONE', *, *, #1828, .F. ) ;
#1980 = ORIENTED_EDGE ( 'NONE', *, *, #2250, .T. ) ;
#1981 = VERTEX_POINT ( 'NONE', #559 ) ;
#1982 = CARTESIAN_POINT ( 'NONE',  ( 1.509002830109456700, 2.999000000000000600, -0.4815019858996199600 ) ) ;
#1983 = FACE_OUTER_BOUND ( 'NONE', #1626, .T. ) ;
#1984 = ORIENTED_EDGE ( 'NONE', *, *, #2272, .T. ) ;
#1985 = VECTOR ( 'NONE', #1908, 1000.000000000000000 ) ;
#1986 = SURFACE_SIDE_STYLE ('',( #1188 ) ) ;
#1987 = CARTESIAN_POINT ( 'NONE',  ( -1.403721538188214200, 2.999000000000000100, -0.6904148726215504400 ) ) ;
#1988 = MECHANICAL_DESIGN_GEOMETRIC_PRESENTATION_REPRESENTATION (  '', ( #1444 ), #2160 ) ;
#1989 = VECTOR ( 'NONE', #1313, 1000.000000000000000 ) ;
#1990 = EDGE_CURVE ( 'NONE', #250, #1560, #118, .T. ) ;
#1991 = VECTOR ( 'NONE', #1097, 1000.000000000000000 ) ;
#1992 = CARTESIAN_POINT ( 'NONE',  ( 1.545847908274908600, 2.999000000000000600, -1.442327101718624300 ) ) ;
#1993 = CARTESIAN_POINT ( 'NONE',  ( 2.678535947141056800, 2.998999999999999700, 0.2267562513195204900 ) ) ;
#1994 = SURFACE_STYLE_USAGE ( .BOTH. , #126 ) ;
#1995 = VECTOR ( 'NONE', #2596, 1000.000000000000000 ) ;
#1996 = PRESENTATION_STYLE_ASSIGNMENT (( #1791 ) ) ;
#1997 = CARTESIAN_POINT ( 'NONE',  ( 1.780985762146028100, 3.000000000000000400, -0.2910643171388592200 ) ) ;
#1998 = SURFACE_SIDE_STYLE ('',( #3318 ) ) ;
#1999 = ORIENTED_EDGE ( 'NONE', *, *, #307, .T. ) ;
#2000 = DIRECTION ( 'NONE',  ( -1.000000000000000000, 0.0000000000000000000, -0.0000000000000000000 ) ) ;
#2001 = CARTESIAN_POINT ( 'NONE',  ( 1.045314170473210700, 3.000000000000000000, -0.07946810096801443200 ) ) ;
#2002 = CARTESIAN_POINT ( 'NONE',  ( 1.708557197792374100, 2.998999999999999700, -0.1602437634911203800 ) ) ;
#2003 = CYLINDRICAL_SURFACE ( 'NONE', #1701, 0.2500000000000002200 ) ;
#2004 = CARTESIAN_POINT ( 'NONE',  ( 2.775247423879656100, 3.000000000000000000, 0.2365376660108833300 ) ) ;
#2005 = SURFACE_STYLE_USAGE ( .BOTH. , #151 ) ;
#2006 = PRESENTATION_LAYER_ASSIGNMENT (  '', '', ( #1632 ) ) ;
#2007 = CARTESIAN_POINT ( 'NONE',  ( 2.413133004754694200, 2.999000000000000100, -0.02076645803834160200 ) ) ;
#2008 = PRESENTATION_LAYER_ASSIGNMENT (  '', '', ( #1637 ) ) ;
#2009 = FACE_OUTER_BOUND ( 'NONE', #967, .T. ) ;
#2010 = DIRECTION ( 'NONE',  ( 1.000000000000000000, 0.0000000000000000000, 0.0000000000000000000 ) ) ;
#2011 = EDGE_CURVE ( 'NONE', #1374, #3140, #2856, .T. ) ;
#2012 = DIRECTION ( 'NONE',  ( 1.000000000000000000, 0.0000000000000000000, -0.0000000000000000000 ) ) ;
#2013 = CARTESIAN_POINT ( 'NONE',  ( 0.7069589736228169000, 3.000000000000000000, -0.05331455766092815800 ) ) ;
#2014 = AXIS2_PLACEMENT_3D ( 'NONE', #2970, #2459, #2475 ) ;
#2015 = VECTOR ( 'NONE', #1618, 1000.000000000000000 ) ;
#2016 = VERTEX_POINT ( 'NONE', #1789 ) ;
#2017 = CARTESIAN_POINT ( 'NONE',  ( 2.820885408600847900, 3.000000000000000000, 0.04563979196165846000 ) ) ;
#2018 = CARTESIAN_POINT ( 'NONE',  ( 1.809945688435240700, 2.999999999999999600, -0.09323895547028798700 ) ) ;
#2019 = ORIENTED_EDGE ( 'NONE', *, *, #594, .T. ) ;
#2020 = ORIENTED_EDGE ( 'NONE', *, *, #2449, .T. ) ;
#2021 = DIRECTION ( 'NONE',  ( 1.283079494065685900E-016, 0.0000000000000000000, 1.000000000000000000 ) ) ;
#2022 = CARTESIAN_POINT ( 'NONE',  ( -0.2609979948811267900, 3.000000000000000000, -0.6503999513617134700 ) ) ;
#2023 = CARTESIAN_POINT ( 'NONE',  ( 1.035752005118878000, 3.000000000000000000, -0.3773641245900625800 ) ) ;
#2024 = LINE ( 'NONE', #2089, #3413 ) ;
#2025 = EDGE_CURVE ( 'NONE', #515, #3382, #2155, .T. ) ;
#2026 = ORIENTED_EDGE ( 'NONE', *, *, #1553, .T. ) ;
#2027 = PRESENTATION_STYLE_ASSIGNMENT (( #1774 ) ) ;
#2028 = CARTESIAN_POINT ( 'NONE',  ( 1.616233160057057200, 3.000000000000000000, -1.383009058606939500 ) ) ;
#2029 = CARTESIAN_POINT ( 'NONE',  ( 2.509208633401670800, 2.998999999999999700, 0.004411172280410110600 ) ) ;
#2030 = STYLED_ITEM ( 'NONE', ( #2980 ), #868 ) ;
#2031 = EDGE_LOOP ( 'NONE', ( #3014, #1921, #2108, #2019 ) ) ;
#2032 = CARTESIAN_POINT ( 'NONE',  ( 2.609234144535451000, 3.000000000000000400, 1.176735893650789000 ) ) ;
#2033 = ORIENTED_EDGE ( 'NONE', *, *, #2520, .F. ) ;
#2034 = CARTESIAN_POINT ( 'NONE',  ( 2.152133171637987900, 3.000000000000000400, -0.1074027812274275000 ) ) ;
#2035 =( NAMED_UNIT ( * ) PLANE_ANGLE_UNIT ( ) SI_UNIT ( $, .RADIAN. ) );
#2036 =( LENGTH_UNIT ( ) NAMED_UNIT ( * ) SI_UNIT ( .MILLI., .METRE. ) );
#2037 = LINE ( 'NONE', #2652, #3337 ) ;
#2038 = COLOUR_RGB ( '',0.1921568627450980200, 0.2039215686274509800, 0.2039215686274509800 ) ;
#2039 = EDGE_CURVE ( 'NONE', #1736, #1212, #741, .T. ) ;
#2040 = CARTESIAN_POINT ( 'NONE',  ( -0.9819580342512036500, 2.999000000000000100, -0.8873295576609244700 ) ) ;
#2041 = VERTEX_POINT ( 'NONE', #1244 ) ;
#2042 = CARTESIAN_POINT ( 'NONE',  ( 1.067741729528328000, 3.000000000000000000, 0.6193868202918284500 ) ) ;
#2043 = ORIENTED_EDGE ( 'NONE', *, *, #2863, .T. ) ;
#2044 = CARTESIAN_POINT ( 'NONE',  ( 1.780985762146028100, 2.999000000000000600, -0.2910643171388592200 ) ) ;
#2045 = DIRECTION ( 'NONE',  ( 0.0000000000000000000, 0.0000000000000000000, -1.000000000000000000 ) ) ;
#2046 =( NAMED_UNIT ( * ) PLANE_ANGLE_UNIT ( ) SI_UNIT ( $, .RADIAN. ) );
#2047 = CARTESIAN_POINT ( 'NONE',  ( 0.1546570444889525900, 3.000000000000000000, -1.056249203330217100 ) ) ;
#2048 = CARTESIAN_POINT ( 'NONE',  ( 0.1546570444889525900, 2.999000000000000100, -1.056249203330217100 ) ) ;
#2049 = CARTESIAN_POINT ( 'NONE',  ( 1.545847908274908600, 2.999000000000000600, 0.8653652059736839400 ) ) ;
#2050 = CARTESIAN_POINT ( 'NONE',  ( -3.029999999999998900, 3.000000000000000000, 3.129999999999999900 ) ) ;
#2051 = CARTESIAN_POINT ( 'NONE',  ( 2.457965621820877200, 3.000000000000000000, 1.336455091709908500 ) ) ;
#2052 = B_SPLINE_CURVE_WITH_KNOTS ( 'NONE', 3,
 ( #1757, #1484, #2029, #429, #2285, #693, #2559 ),
 .UNSPECIFIED., .F., .F.,
 ( 4, 1, 1, 1, 4 ),
 ( 0.0000000000000000000, 0.2372165186042107800, 0.4825864912431359600, 0.7368469271779308800, 0.9999999999999998900 ),
 .UNSPECIFIED. ) ;
#2053 = UNCERTAINTY_MEASURE_WITH_UNIT (LENGTH_MEASURE( 1.000000000000000100E-005 ), #2698, 'distance_accuracy_value', 'NONE');
#2054 = AXIS2_PLACEMENT_3D ( 'NONE', #1651, #851, #3215 ) ;
#2055 = STYLED_ITEM ( 'NONE', ( #2333 ), #1706 ) ;
#2056 = CARTESIAN_POINT ( 'NONE',  ( 1.674202334968583300, 3.000000000000000000, -1.511670103368702100 ) ) ;
#2057 = PLANE ( 'NONE',  #389 ) ;
#2058 = EDGE_CURVE ( 'NONE', #207, #743, #2775, .T. ) ;
#2059 = CARTESIAN_POINT ( 'NONE',  ( 1.532423870139309600, 2.999000000000000100, -0.3005140541921877400 ) ) ;
#2060 = CARTESIAN_POINT ( 'NONE',  ( -0.2609979948811267900, 3.000000000000000000, -0.6503999513617134700 ) ) ;
#2061 = UNCERTAINTY_MEASURE_WITH_UNIT (LENGTH_MEASURE( 1.000000000000000100E-005 ), #534, 'distance_accuracy_value', 'NONE');
#2062 = VERTEX_POINT ( 'NONE', #3104 ) ;
#2063 = CARTESIAN_POINT ( 'NONE',  ( -0.4216918137787590800, 2.999000000000000100, 0.5390452848587613500 ) ) ;
#2064 = MECHANICAL_DESIGN_GEOMETRIC_PRESENTATION_REPRESENTATION (  '', ( #1323 ), #2239 ) ;
#2065 = CARTESIAN_POINT ( 'NONE',  ( 2.820885408600847900, 3.000000000000000000, 1.391793638115504700 ) ) ;
#2066 = ORIENTED_EDGE ( 'NONE', *, *, #547, .T. ) ;
#2067 = ORIENTED_EDGE ( 'NONE', *, *, #2449, .F. ) ;
#2068 = SURFACE_STYLE_FILL_AREA ( #2093 ) ;
#2069 = FACE_OUTER_BOUND ( 'NONE', #931, .T. ) ;
#2070 = CARTESIAN_POINT ( 'NONE',  ( 1.340116177831617300, 3.000000000000000000, -0.6851294388075728200 ) ) ;
#2071 = CARTESIAN_POINT ( 'NONE',  ( -0.2609979948811267900, 2.999000000000000100, -0.6503999513617134700 ) ) ;
#2072 = EDGE_LOOP ( 'NONE', ( #2145, #76, #2270, #2940 ) ) ;
#2073 = VERTEX_POINT ( 'NONE', #2070 ) ;
#2074 = CARTESIAN_POINT ( 'NONE',  ( 2.644999999999999100, 0.0000000000000000000, 2.500000000000000400 ) ) ;
#2075 = COLOUR_RGB ( '',0.1921568627450980200, 0.2039215686274509800, 0.2039215686274509800 ) ;
#2076 = CARTESIAN_POINT ( 'NONE',  ( -0.4174714200779703300, 2.999000000000000100, 0.9265010722603344000 ) ) ;
#2077 = STYLED_ITEM ( 'NONE', ( #410 ), #2667 ) ;
#2078 = VECTOR ( 'NONE', #2440, 1000.000000000000000 ) ;
#2079 = STYLED_ITEM ( 'NONE', ( #2563 ), #1333 ) ;
#2080 = ORIENTED_EDGE ( 'NONE', *, *, #3219, .F. ) ;
#2081 = B_SPLINE_CURVE_WITH_KNOTS ( 'NONE', 3,
 ( #969, #2833, #1235, #3091, #1507, #3352, #1787, #193, #2051, #454, #2319, #721, #1567, #1290, #2749, #1151, #3004, #1423, #3266, #1704, #107, #1969, #380 ),
 .UNSPECIFIED., .F., .F.,
 ( 4, 1, 1, 1, 1, 1, 1, 1, 1, 1, 1, 1, 1, 1, 1, 1, 1, 1, 1, 1, 4 ),
 ( 0.0000000000000000000, 0.03151551312998467800, 0.06480979674365734700, 0.09991169883527571700, 0.1366755286001709300, 0.1751432978746824700, 0.2157650117082458600, 0.2581569125231219500, 0.3022930440652046300, 0.3927408518774002100, 0.4832984694610617000, 0.5744114847371663000, 0.6664774093514973500, 0.7120107481430554300, 0.7563744975915032100, 0.7998154803065211600, 0.8419616993485904400, 0.8828431755911850800, 0.9229180315891946100, 0.9619666184423850700, 1.000000000000000000 ),
 .UNSPECIFIED. ) ;
#2082 = EDGE_CURVE ( 'NONE', #3030, #2193, #1348, .T. ) ;
#2083 = CARTESIAN_POINT ( 'NONE',  ( 3.029999999999999800, 0.0000000000000000000, -3.129999999999999000 ) ) ;
#2084 = VECTOR ( 'NONE', #456, 1000.000000000000000 ) ;
#2085 = SURFACE_SIDE_STYLE ('',( #315 ) ) ;
#2086 = EDGE_LOOP ( 'NONE', ( #2477, #2178, #678, #146, #2811, #1041, #1369, #2359 ) ) ;
#2087 = ORIENTED_EDGE ( 'NONE', *, *, #2918, .F. ) ;
#2088 = COLOUR_RGB ( '',1.000000000000000000, 1.000000000000000000, 1.000000000000000000 ) ;
#2089 = CARTESIAN_POINT ( 'NONE',  ( -2.592543542519446300, 3.000000000000000000, 3.000000000000000000 ) ) ;
#2090 =( LENGTH_UNIT ( ) NAMED_UNIT ( * ) SI_UNIT ( .MILLI., .METRE. ) );
#2091 = FILL_AREA_STYLE_COLOUR ( '', #1325 ) ;
#2092 = CARTESIAN_POINT ( 'NONE',  ( 1.726164558568521200, 2.998999999999999700, 0.8292835619132366000 ) ) ;
#2093 = FILL_AREA_STYLE ('',( #469 ) ) ;
#2094 = CARTESIAN_POINT ( 'NONE',  ( 1.509002830109456700, 3.000000000000000400, -0.4815019858996199600 ) ) ;
#2095 = UNCERTAINTY_MEASURE_WITH_UNIT (LENGTH_MEASURE( 1.000000000000000100E-005 ), #170, 'distance_accuracy_value', 'NONE');
#2096 = FILL_AREA_STYLE_COLOUR ( '', #229 ) ;
#2097 = DIRECTION ( 'NONE',  ( 0.0000000000000000000, -1.000000000000000000, 0.0000000000000000000 ) ) ;
#2098 = LINE ( 'NONE', #3189, #672 ) ;
#2099 = CARTESIAN_POINT ( 'NONE',  ( -0.7506281523614419800, 2.999000000000000100, -0.9325178647475422800 ) ) ;
#2100 = CARTESIAN_POINT ( 'NONE',  ( 1.726164558568521200, 2.999999999999999600, 0.8292835619132366000 ) ) ;
#2101 = PRESENTATION_STYLE_ASSIGNMENT (( #268 ) ) ;
#2102 = ORIENTED_EDGE ( 'NONE', *, *, #1298, .F. ) ;
#2103 = DIRECTION ( 'NONE',  ( 0.0000000000000000000, -1.000000000000000000, 0.0000000000000000000 ) ) ;
#2104 = EDGE_CURVE ( 'NONE', #705, #470, #654, .T. ) ;
#2105 = CARTESIAN_POINT ( 'NONE',  ( 2.609234144535451000, 3.000000000000000400, 1.176735893650789000 ) ) ;
#2106 =( NAMED_UNIT ( * ) SI_UNIT ( $, .STERADIAN. ) SOLID_ANGLE_UNIT ( ) );
#2107 = AXIS2_PLACEMENT_3D ( 'NONE', #527, #2388, #784 ) ;
#2108 = ORIENTED_EDGE ( 'NONE', *, *, #1386, .T. ) ;
#2109 = VERTEX_POINT ( 'NONE', #1253 ) ;
#2110 = FACE_OUTER_BOUND ( 'NONE', #3329, .T. ) ;
#2111 = CARTESIAN_POINT ( 'NONE',  ( 0.1546570444889525900, 2.999000000000000100, -1.056249203330217100 ) ) ;
#2112 = DIRECTION ( 'NONE',  ( 0.0000000000000000000, 1.000000000000000000, 0.0000000000000000000 ) ) ;
#2113 = EDGE_LOOP ( 'NONE', ( #489, #543, #2916, #377 ) ) ;
#2114 = PLANE ( 'NONE',  #2313 ) ;
#2115 = FILL_AREA_STYLE ('',( #226 ) ) ;
#2116 = DIRECTION ( 'NONE',  ( -1.000000000000000000, 0.0000000000000000000, 0.0000000000000000000 ) ) ;
#2117 = FACE_OUTER_BOUND ( 'NONE', #1808, .T. ) ;
#2118 = STYLED_ITEM ( 'NONE', ( #749 ), #2942 ) ;
#2119 = AXIS2_PLACEMENT_3D ( 'NONE', #1426, #1198, #2000 ) ;
#2120 = STYLED_ITEM ( 'NONE', ( #3017 ), #1633 ) ;
#2121 = ORIENTED_EDGE ( 'NONE', *, *, #2802, .F. ) ;
#2122 = EDGE_CURVE ( 'NONE', #2041, #2109, #25, .T. ) ;
#2123 = DIRECTION ( 'NONE',  ( 0.0000000000000000000, 0.0000000000000000000, -1.000000000000000000 ) ) ;
#2124 = CARTESIAN_POINT ( 'NONE',  ( -0.9819580342512036500, 2.999000000000000100, -0.8873295576609244700 ) ) ;
#2125 = CARTESIAN_POINT ( 'NONE',  ( 1.780985762146028100, 2.999000000000000600, 0.8627818367072952500 ) ) ;
#2126 = MECHANICAL_DESIGN_GEOMETRIC_PRESENTATION_REPRESENTATION (  '', ( #1765 ), #2296 ) ;
#2127 = FILL_AREA_STYLE_COLOUR ( '', #577 ) ;
#2128 = SURFACE_SIDE_STYLE ('',( #519 ) ) ;
#2129 = UNCERTAINTY_MEASURE_WITH_UNIT (LENGTH_MEASURE( 1.000000000000000100E-005 ), #1186, 'distance_accuracy_value', 'NONE');
#2130 = SURFACE_STYLE_USAGE ( .BOTH. , #258 ) ;
#2131 = CARTESIAN_POINT ( 'NONE',  ( 1.838891997669495700, 2.998999999999999700, 0.8960597820363128700 ) ) ;
#2132 = FILL_AREA_STYLE ('',( #2460 ) ) ;
#2133 = STYLED_ITEM ( 'NONE', ( #198 ), #32 ) ;
#2134 = PRESENTATION_LAYER_ASSIGNMENT (  '', '', ( #1785 ) ) ;
#2135 = CARTESIAN_POINT ( 'NONE',  ( 1.495765216293155600, 2.999000000000000100, 0.6610244073462739900 ) ) ;
#2136 = EDGE_CURVE ( 'NONE', #223, #3404, #1236, .T. ) ;
#2137 = ORIENTED_EDGE ( 'NONE', *, *, #2339, .F. ) ;
#2138 = VERTEX_POINT ( 'NONE', #3377 ) ;
#2139 = ORIENTED_EDGE ( 'NONE', *, *, #1990, .T. ) ;
#2140 = CARTESIAN_POINT ( 'NONE',  ( 1.495765216293155600, 2.999000000000000100, -1.646667900346034300 ) ) ;
#2141 = CARTESIAN_POINT ( 'NONE',  ( 1.838891997669495700, 2.999999999999999600, 0.8960597820363128700 ) ) ;
#2142 = CARTESIAN_POINT ( 'NONE',  ( 2.775247423879655600, 2.998999999999999700, 1.390383819857037100 ) ) ;
#2143 = DIRECTION ( 'NONE',  ( -0.0000000000000000000, 1.000000000000000000, -0.0000000000000000000 ) ) ;
#2144 = VERTEX_POINT ( 'NONE', #3126 ) ;
#2145 = ORIENTED_EDGE ( 'NONE', *, *, #2212, .T. ) ;
#2146 = PRESENTATION_STYLE_ASSIGNMENT (( #449 ) ) ;
#2147 = CARTESIAN_POINT ( 'NONE',  ( 1.708557197792374800, 2.998999999999999200, -1.314089917337274400 ) ) ;
#2148 = VECTOR ( 'NONE', #2174, 1000.000000000000000 ) ;
#2149 = FILL_AREA_STYLE_COLOUR ( '', #998 ) ;
#2150 = FILL_AREA_STYLE ('',( #538 ) ) ;
#2151 = SURFACE_STYLE_FILL_AREA ( #101 ) ;
#2152 = ADVANCED_FACE ( 'NONE', ( #1268 ), #3338, .F. ) ;
#2153 = EDGE_LOOP ( 'NONE', ( #136, #2513, #701, #2306, #1329, #2689, #2750, #980 ) ) ;
#2154 = CARTESIAN_POINT ( 'NONE',  ( 0.6983318870086439000, 3.000000000000000000, 0.5698598911579730900 ) ) ;
#2155 = LINE ( 'NONE', #723, #1530 ) ;
#2156 = CARTESIAN_POINT ( 'NONE',  ( 2.376789220336482000, 2.999000000000000100, 1.315345175928500900 ) ) ;
#2157 = ORIENTED_EDGE ( 'NONE', *, *, #3410, .T. ) ;
#2158 = CARTESIAN_POINT ( 'NONE',  ( 2.775247423879655600, 2.998999999999999200, -0.9173084878352707500 ) ) ;
#2159 = CARTESIAN_POINT ( 'NONE',  ( 1.758162665760972600, 2.998999999999999700, -0.1265986625738373900 ) ) ;
#2160 =( GEOMETRIC_REPRESENTATION_CONTEXT ( 3 ) GLOBAL_UNCERTAINTY_ASSIGNED_CONTEXT ( ( #1946 ) ) GLOBAL_UNIT_ASSIGNED_CONTEXT ( ( #1291, #3146, #1571 ) ) REPRESENTATION_CONTEXT ( 'NONE', 'WORKASPACE' ) );
#2161 = CARTESIAN_POINT ( 'NONE',  ( 1.045314170473210700, 3.000000000000000000, -0.07946810096801443200 ) ) ;
#2162 = EDGE_CURVE ( 'NONE', #1778, #1099, #2361, .T. ) ;
#2163 = PLANE ( 'NONE',  #3243 ) ;
#2164 = CARTESIAN_POINT ( 'NONE',  ( 1.625082582934020300, 2.999999999999999600, 0.7627212206065847600 ) ) ;
#2165 = STYLED_ITEM ( 'NONE', ( #2027 ), #1964 ) ;
#2166 = CARTESIAN_POINT ( 'NONE',  ( 2.805953668349054500, 2.998999999999999700, 1.391332376730579900 ) ) ;
#2167 = ADVANCED_FACE ( 'NONE', ( #3049, #1649, #1016, #940, #240, #2955 ), #2893, .T. ) ;
#2168 = CARTESIAN_POINT ( 'NONE',  ( 2.820885408600847900, 2.999000000000000100, -1.108206361884495900 ) ) ;
#2169 = CARTESIAN_POINT ( 'NONE',  ( 2.274720874180870200, 2.999999999999999600, 0.1301392220246633800 ) ) ;
#2170 =( NAMED_UNIT ( * ) SI_UNIT ( $, .STERADIAN. ) SOLID_ANGLE_UNIT ( ) );
#2171 = LINE ( 'NONE', #1382, #132 ) ;
#2172 = CARTESIAN_POINT ( 'NONE',  ( 1.780985762146027700, 2.999000000000000600, -1.444910470985014000 ) ) ;
#2173 = CARTESIAN_POINT ( 'NONE',  ( 1.920069670880451700, 2.998999999999999700, 0.9399483450740966400 ) ) ;
#2174 = DIRECTION ( 'NONE',  ( -0.0000000000000000000, 1.000000000000000000, -0.0000000000000000000 ) ) ;
#2175 = FILL_AREA_STYLE ('',( #2998 ) ) ;
#2176 = PRESENTATION_STYLE_ASSIGNMENT (( #974 ) ) ;
#2177 = VERTEX_POINT ( 'NONE', #234 ) ;
#2178 = ORIENTED_EDGE ( 'NONE', *, *, #133, .T. ) ;
#2179 = MECHANICAL_DESIGN_GEOMETRIC_PRESENTATION_REPRESENTATION (  '', ( #1632 ), #2356 ) ;
#2180 = COLOUR_RGB ( '',1.000000000000000000, 1.000000000000000000, 1.000000000000000000 ) ;
#2181 = MECHANICAL_DESIGN_GEOMETRIC_PRESENTATION_REPRESENTATION (  '', ( #1637 ), #2358 ) ;
#2182 = COLOUR_RGB ( '',1.000000000000000000, 1.000000000000000000, 1.000000000000000000 ) ;
#2183 = EDGE_CURVE ( 'NONE', #356, #1196, #2037, .T. ) ;
#2184 = CARTESIAN_POINT ( 'NONE',  ( 2.572842863104025200, 3.000000000000000000, 0.2088353468011391300 ) ) ;
#2185 = SURFACE_STYLE_USAGE ( .BOTH. , #679 ) ;
#2186 = SURFACE_STYLE_USAGE ( .BOTH. , #322 ) ;
#2187 = MECHANICAL_DESIGN_GEOMETRIC_PRESENTATION_REPRESENTATION (  '', ( #1832 ), #2365 ) ;
#2188 = CARTESIAN_POINT ( 'NONE',  ( 0.7103768476385615700, 3.000000000000000000, -0.3006303450625030200 ) ) ;
#2189 = CARTESIAN_POINT ( 'NONE',  ( 1.920069670880451700, 2.999999999999999600, 0.9399483450740966400 ) ) ;
#2190 = FACE_OUTER_BOUND ( 'NONE', #1262, .T. ) ;
#2191 = VERTEX_POINT ( 'NONE', #2902 ) ;
#2192 = FILL_AREA_STYLE ('',( #1376 ) ) ;
#2193 = VERTEX_POINT ( 'NONE', #3171 ) ;
#2194 = UNCERTAINTY_MEASURE_WITH_UNIT (LENGTH_MEASURE( 1.000000000000000100E-005 ), #2340, 'distance_accuracy_value', 'NONE');
#2195 = PLANE ( 'NONE',  #3397 ) ;
#2196 = CARTESIAN_POINT ( 'NONE',  ( -3.029999999999999800, 0.0000000000000000000, -3.379999999999999400 ) ) ;
#2197 = CARTESIAN_POINT ( 'NONE',  ( 1.938997777366151300, 2.999000000000000600, -1.171740903265791500 ) ) ;
#2198 = EDGE_CURVE ( 'NONE', #1516, #878, #1943, .T. ) ;
#2199 = CARTESIAN_POINT ( 'NONE',  ( 2.024109412472069100, 2.998999999999999700, 0.9920454026602213400 ) ) ;
#2200 = ORIENTED_EDGE ( 'NONE', *, *, #526, .T. ) ;
#2201 = CARTESIAN_POINT ( 'NONE',  ( 0.7069589736228169000, 3.000000000000000000, -0.05331455766092815800 ) ) ;
#2202 = CARTESIAN_POINT ( 'NONE',  ( 2.457965621820877200, 3.000000000000000000, 1.336455091709908500 ) ) ;
#2203 = STYLED_ITEM ( 'NONE', ( #1227 ), #2983 ) ;
#2204 = ORIENTED_EDGE ( 'NONE', *, *, #450, .F. ) ;
#2205 =( NAMED_UNIT ( * ) PLANE_ANGLE_UNIT ( ) SI_UNIT ( $, .RADIAN. ) );
#2206 = CARTESIAN_POINT ( 'NONE',  ( 2.376789220336482900, 3.000000000000000000, 0.1614990220823469000 ) ) ;
#2207 = CARTESIAN_POINT ( 'NONE',  ( -1.127794490944117500, 2.999000000000000100, -0.4008629041176194900 ) ) ;
#2208 = CARTESIAN_POINT ( 'NONE',  ( 1.532423870139309600, 2.999000000000000100, -0.3005140541921877400 ) ) ;
#2209 = CYLINDRICAL_SURFACE ( 'NONE', #502, 0.2500000000000002200 ) ;
#2210 = ADVANCED_FACE ( 'NONE', ( #529 ), #1044, .T. ) ;
#2211 = CARTESIAN_POINT ( 'NONE',  ( 2.572842863104024800, 3.000000000000000000, -0.9450108070450150600 ) ) ;
#2212 = EDGE_CURVE ( 'NONE', #2193, #44, #2606, .T. ) ;
#2213 = SURFACE_SIDE_STYLE ('',( #1077 ) ) ;
#2214 = LINE ( 'NONE', #1767, #1503 ) ;
#2215 =( NAMED_UNIT ( * ) SI_UNIT ( $, .STERADIAN. ) SOLID_ANGLE_UNIT ( ) );
#2216 = ORIENTED_EDGE ( 'NONE', *, *, #1746, .F. ) ;
#2217 = CARTESIAN_POINT ( 'NONE',  ( 1.809945688435240700, 2.998999999999999700, 1.060607198375866000 ) ) ;
#2218 = CARTESIAN_POINT ( 'NONE',  ( -2.342543542519445000, 2.999000000000000100, -3.000000000000000000 ) ) ;
#2219 = CARTESIAN_POINT ( 'NONE',  ( 1.340116177831617300, 3.000000000000000000, 1.622562868884735600 ) ) ;
#2220 =( NAMED_UNIT ( * ) SI_UNIT ( $, .STERADIAN. ) SOLID_ANGLE_UNIT ( ) );
#2221 = VECTOR ( 'NONE', #1752, 1000.000000000000000 ) ;
#2222 = CARTESIAN_POINT ( 'NONE',  ( 2.728064011027712300, 3.000000000000001800, -0.9215030838983391300 ) ) ;
#2223 = ORIENTED_EDGE ( 'NONE', *, *, #2136, .T. ) ;
#2224 = CARTESIAN_POINT ( 'NONE',  ( 2.024109412472069100, 2.999999999999999600, 0.9920454026602213400 ) ) ;
#2225 = ORIENTED_EDGE ( 'NONE', *, *, #2882, .F. ) ;
#2226 = SURFACE_SIDE_STYLE ('',( #2952 ) ) ;
#2227 = COLOUR_RGB ( '',1.000000000000000000, 1.000000000000000000, 1.000000000000000000 ) ;
#2228 = ORIENTED_EDGE ( 'NONE', *, *, #428, .T. ) ;
#2229 = CARTESIAN_POINT ( 'NONE',  ( 1.545847908274908600, 3.000000000000000400, 0.8653652059736839400 ) ) ;
#2230 = ADVANCED_FACE ( 'NONE', ( #1983 ), #1049, .F. ) ;
#2231 = CARTESIAN_POINT ( 'NONE',  ( 1.838891997669495500, 3.000000000000000000, -1.411632525655994700 ) ) ;
#2232 = PRESENTATION_LAYER_ASSIGNMENT (  '', '', ( #1864 ) ) ;
#2233 = EDGE_CURVE ( 'NONE', #1469, #169, #930, .T. ) ;
#2234 = FILL_AREA_STYLE_COLOUR ( '', #2664 ) ;
#2235 = VERTEX_POINT ( 'NONE', #4 ) ;
#2236 = ORIENTED_EDGE ( 'NONE', *, *, #3270, .T. ) ;
#2237 =( LENGTH_UNIT ( ) NAMED_UNIT ( * ) SI_UNIT ( .MILLI., .METRE. ) );
#2238 = CARTESIAN_POINT ( 'NONE',  ( 1.938997777366151300, 3.000000000000000400, -1.171740903265791500 ) ) ;
#2239 =( GEOMETRIC_REPRESENTATION_CONTEXT ( 3 ) GLOBAL_UNCERTAINTY_ASSIGNED_CONTEXT ( ( #75 ) ) GLOBAL_UNIT_ASSIGNED_CONTEXT ( ( #2717, #2849, #2834 ) ) REPRESENTATION_CONTEXT ( 'NONE', 'WORKASPACE' ) );
#2240 = FILL_AREA_STYLE_COLOUR ( '', #1675 ) ;
#2241 =( NAMED_UNIT ( * ) PLANE_ANGLE_UNIT ( ) SI_UNIT ( $, .RADIAN. ) );
#2242 =( NAMED_UNIT ( * ) SI_UNIT ( $, .STERADIAN. ) SOLID_ANGLE_UNIT ( ) );
#2243 = CARTESIAN_POINT ( 'NONE',  ( -0.6752844515740391600, 3.000000000000000000, -0.5934747938813957900 ) ) ;
#2244 = B_SPLINE_SURFACE_WITH_KNOTS ( 'NONE', 3, 1, ( 
 ( #1719, #121 ),
 ( #1982, #393 ),
 ( #2248, #651 ),
 ( #2514, #914 ),
 ( #2777, #1173 ),
 ( #3027, #1452 ),
 ( #3290, #1731 ),
 ( #127, #1997 ),
 ( #405, #2256 ),
 ( #662, #2527 ),
 ( #924, #2787 ),
 ( #1183, #3038 ),
 ( #1461, #3302 ),
 ( #1741, #139 ),
 ( #2007, #414 ) ),
 .UNSPECIFIED., .F., .F., .F.,
 ( 4, 1, 1, 1, 1, 1, 1, 1, 1, 1, 1, 1, 4 ),
 ( 2, 2 ),
 ( 0.0000000000000000000, 0.05027287497458356900, 0.1027903700748775000, 0.1576131012369289300, 0.2146311133156756100, 0.2740612127265389400, 0.3356974550538852100, 0.4000702787165528200, 0.4668267493853402500, 0.6020780869193702600, 0.7357515335047494200, 0.8682046170340285100, 1.000000000000000000 ),
 ( 0.0000000000000000000, 1.000000000000000000 ),
 .UNSPECIFIED. ) ;
#2245 = ORIENTED_EDGE ( 'NONE', *, *, #1213, .T. ) ;
#2246 = DIRECTION ( 'NONE',  ( 0.0000000000000000000, -1.000000000000000000, -0.0000000000000000000 ) ) ;
#2247 = AXIS2_PLACEMENT_3D ( 'NONE', #2758, #1157, #1153 ) ;
#2248 = CARTESIAN_POINT ( 'NONE',  ( 1.536069100414741500, 2.999000000000000600, -0.4583570517408311300 ) ) ;
#2249 = AXIS2_PLACEMENT_3D ( 'NONE', #751, #2345, #1005 ) ;
#2250 = EDGE_CURVE ( 'NONE', #256, #242, #1509, .T. ) ;
#2251 =( LENGTH_UNIT ( ) NAMED_UNIT ( * ) SI_UNIT ( .MILLI., .METRE. ) );
#2252 = LINE ( 'NONE', #1874, #1158 ) ;
#2253 = CARTESIAN_POINT ( 'NONE',  ( 2.626830547245513800, 2.999000000000000600, -0.9349808063411594300 ) ) ;
#2254 = CARTESIAN_POINT ( 'NONE',  ( 2.572842863104025200, 2.999000000000000600, 0.2088353468011391300 ) ) ;
#2255 =( NAMED_UNIT ( * ) PLANE_ANGLE_UNIT ( ) SI_UNIT ( $, .RADIAN. ) );
#2256 = CARTESIAN_POINT ( 'NONE',  ( 1.838891997669496200, 3.000000000000000400, -0.2577863718098409900 ) ) ;
#2257 =( LENGTH_UNIT ( ) NAMED_UNIT ( * ) SI_UNIT ( .MILLI., .METRE. ) );
#2258 = EDGE_LOOP ( 'NONE', ( #1308, #2225, #1122, #2619 ) ) ;
#2259 = FILL_AREA_STYLE_COLOUR ( '', #2649 ) ;
#2260 = EDGE_LOOP ( 'NONE', ( #2600, #2121, #2987, #884 ) ) ;
#2261 = LINE ( 'NONE', #1420, #138 ) ;
#2262 = CARTESIAN_POINT ( 'NONE',  ( 1.616233160057057200, 2.998999999999999700, -0.2291629047607853500 ) ) ;
#2263 = PRESENTATION_LAYER_ASSIGNMENT (  '', '', ( #1904 ) ) ;
#2264 = CARTESIAN_POINT ( 'NONE',  ( 2.678535947141056800, 2.999999999999999600, 0.2267562513195204900 ) ) ;
#2265 = CIRCLE ( 'NONE', #462, 0.2500000000000002200 ) ;
#2266 = LINE ( 'NONE', #3309, #1557 ) ;
#2267 = ORIENTED_EDGE ( 'NONE', *, *, #206, .T. ) ;
#2268 = PRESENTATION_STYLE_ASSIGNMENT (( #1762 ) ) ;
#2269 = DIRECTION ( 'NONE',  ( -0.0000000000000000000, -0.0000000000000000000, -1.000000000000000000 ) ) ;
#2270 = ORIENTED_EDGE ( 'NONE', *, *, #807, .T. ) ;
#2271 = CARTESIAN_POINT ( 'NONE',  ( -3.029999999999999800, 0.0000000000000000000, -3.129999999999999000 ) ) ;
#2272 = EDGE_CURVE ( 'NONE', #890, #3373, #310, .T. ) ;
#2273 = ORIENTED_EDGE ( 'NONE', *, *, #2294, .F. ) ;
#2274 = CARTESIAN_POINT ( 'NONE',  ( 1.573054305422271900, 2.999999999999999600, -1.417939695623395400 ) ) ;
#2275 = ORIENTED_EDGE ( 'NONE', *, *, #2384, .T. ) ;
#2276 = DIRECTION ( 'NONE',  ( -1.000000000000000000, -0.0000000000000000000, -0.0000000000000000000 ) ) ;
#2277 = PRESENTATION_LAYER_ASSIGNMENT (  '', '', ( #1912 ) ) ;
#2278 = CARTESIAN_POINT ( 'NONE',  ( 1.708557197792374100, 2.999999999999999600, -0.1602437634911203800 ) ) ;
#2279 = COLOUR_RGB ( '',0.1921568627450980200, 0.2039215686274509800, 0.2039215686274509800 ) ;
#2280 = CARTESIAN_POINT ( 'NONE',  ( 1.532423870139309600, 2.999000000000000100, -0.6851294388075728200 ) ) ;
#2281 = VERTEX_POINT ( 'NONE', #1474 ) ;
#2282 = CARTESIAN_POINT ( 'NONE',  ( 0.8876692098432862300, 3.000000000000000000, -0.7146158568735239100 ) ) ;
#2283 =( LENGTH_UNIT ( ) NAMED_UNIT ( * ) SI_UNIT ( .MILLI., .METRE. ) );
#2284 =( NAMED_UNIT ( * ) PLANE_ANGLE_UNIT ( ) SI_UNIT ( $, .RADIAN. ) );
#2285 = CARTESIAN_POINT ( 'NONE',  ( 2.713525806077725600, 2.998999999999999700, 0.03717641244556226700 ) ) ;
#2286 = CARTESIAN_POINT ( 'NONE',  ( 2.784691174863903400, 2.999999999999999600, 1.196632679502694500 ) ) ;
#2287 = AXIS2_PLACEMENT_3D ( 'NONE', #2218, #612, #2480 ) ;
#2288 = DIRECTION ( 'NONE',  ( -0.0000000000000000000, 1.000000000000000000, -0.0000000000000000000 ) ) ;
#2289 = CARTESIAN_POINT ( 'NONE',  ( 2.413133004754694200, 2.999000000000000100, -1.174612611884495900 ) ) ;
#2290 = AXIS2_PLACEMENT_3D ( 'NONE', #2444, #1709, #2571 ) ;
#2291 =( NAMED_UNIT ( * ) SI_UNIT ( $, .STERADIAN. ) SOLID_ANGLE_UNIT ( ) );
#2292 = DIRECTION ( 'NONE',  ( 1.000000000000000000, 0.0000000000000000000, 0.0000000000000000000 ) ) ;
#2293 = ORIENTED_EDGE ( 'NONE', *, *, #3365, .T. ) ;
#2294 = EDGE_CURVE ( 'NONE', #2674, #2235, #2266, .T. ) ;
#2295 = DIRECTION ( 'NONE',  ( -0.0000000000000000000, -1.000000000000000000, -0.0000000000000000000 ) ) ;
#2296 =( GEOMETRIC_REPRESENTATION_CONTEXT ( 3 ) GLOBAL_UNCERTAINTY_ASSIGNED_CONTEXT ( ( #619 ) ) GLOBAL_UNIT_ASSIGNED_CONTEXT ( ( #3344, #1775, #183 ) ) REPRESENTATION_CONTEXT ( 'NONE', 'WORKASPACE' ) );
#2297 = PLANE ( 'NONE',  #2683 ) ;
#2298 = SURFACE_STYLE_FILL_AREA ( #1065 ) ;
#2299 = CARTESIAN_POINT ( 'NONE',  ( 2.516515676244705600, 2.999000000000000600, -0.9569628118905491000 ) ) ;
#2300 = CARTESIAN_POINT ( 'NONE',  ( 1.920069670880451200, 2.998999999999999200, -0.2138978087720574700 ) ) ;
#2301 = FACE_OUTER_BOUND ( 'NONE', #398, .T. ) ;
#2302 = LINE ( 'NONE', #1478, #2221 ) ;
#2303 = UNCERTAINTY_MEASURE_WITH_UNIT (LENGTH_MEASURE( 1.000000000000000100E-005 ), #1656, 'distance_accuracy_value', 'NONE');
#2304 = ORIENTED_EDGE ( 'NONE', *, *, #887, .F. ) ;
#2305 = DIRECTION ( 'NONE',  ( 1.000000000000000000, 0.0000000000000000000, 0.0000000000000000000 ) ) ;
#2306 = ORIENTED_EDGE ( 'NONE', *, *, #1164, .T. ) ;
#2307 = ORIENTED_EDGE ( 'NONE', *, *, #907, .T. ) ;
#2308 = LINE ( 'NONE', #765, #2989 ) ;
#2309 = DIRECTION ( 'NONE',  ( 0.0000000000000000000, 0.0000000000000000000, 1.000000000000000000 ) ) ;
#2310 = CARTESIAN_POINT ( 'NONE',  ( -0.4784127586606549100, 3.000000000000000000, -0.8711752663223419900 ) ) ;
#2311 = UNCERTAINTY_MEASURE_WITH_UNIT (LENGTH_MEASURE( 1.000000000000000100E-005 ), #1481, 'distance_accuracy_value', 'NONE');
#2312 = FACE_OUTER_BOUND ( 'NONE', #1816, .T. ) ;
#2313 = AXIS2_PLACEMENT_3D ( 'NONE', #1871, #246, #78 ) ;
#2314 = CARTESIAN_POINT ( 'NONE',  ( 1.938997777366151300, 2.998999999999999700, 1.135951404426516700 ) ) ;
#2315 = CARTESIAN_POINT ( 'NONE',  ( 1.809945688435240700, 3.000000000000000000, -1.247085109316442300 ) ) ;
#2316 = MECHANICAL_DESIGN_GEOMETRIC_PRESENTATION_REPRESENTATION (  '', ( #1785 ), #2491 ) ;
#2317 = STYLED_ITEM ( 'NONE', ( #3285 ), #2462 ) ;
#2318 = VERTEX_POINT ( 'NONE', #2017 ) ;
#2319 = CARTESIAN_POINT ( 'NONE',  ( 2.274720874180870200, 2.999999999999999600, 1.283985375870817300 ) ) ;
#2320 = B_SPLINE_CURVE_WITH_KNOTS ( 'NONE', 3,
 ( #3063, #2806, #3072, #1497, #3334, #1771, #177, #2044, #438, #2300, #707, #2575, #968, #2832, #1233 ),
 .UNSPECIFIED., .F., .F.,
 ( 4, 1, 1, 1, 1, 1, 1, 1, 1, 1, 1, 1, 4 ),
 ( 0.0000000000000000000, 0.05027287497458356900, 0.1027903700748775000, 0.1576131012369289300, 0.2146311133156756100, 0.2740612127265389400, 0.3356974550538852100, 0.4000702787165528200, 0.4668267493853402500, 0.6020780869193702600, 0.7357515335047494200, 0.8682046170340285100, 1.000000000000000000 ),
 .UNSPECIFIED. ) ;
#2321 = EDGE_CURVE ( 'NONE', #2960, #2073, #230, .T. ) ;
#2322 = CARTESIAN_POINT ( 'NONE',  ( 1.532423870139309600, 2.999000000000000100, 0.4687167150385814800 ) ) ;
#2323 = FACE_OUTER_BOUND ( 'NONE', #94, .T. ) ;
#2324 = CARTESIAN_POINT ( 'NONE',  ( 1.509002830109456900, 2.999000000000001000, 0.6723441679465342900 ) ) ;
#2325 = CARTESIAN_POINT ( 'NONE',  ( -3.279999999999999800, 0.0000000000000000000, -3.379999999999999400 ) ) ;
#2326 = CARTESIAN_POINT ( 'NONE',  ( 2.274720874180870200, 2.998999999999999700, 1.283985375870817300 ) ) ;
#2327 = PRESENTATION_STYLE_ASSIGNMENT (( #2815 ) ) ;
#2328 = ORIENTED_EDGE ( 'NONE', *, *, #2900, .F. ) ;
#2329 = DIRECTION ( 'NONE',  ( -0.0000000000000000000, -0.0000000000000000000, -1.000000000000000000 ) ) ;
#2330 = FILL_AREA_STYLE ('',( #2091 ) ) ;
#2331 = SURFACE_STYLE_FILL_AREA ( #3372 ) ;
#2332 = CARTESIAN_POINT ( 'NONE',  ( -0.7506281523614419800, 3.000000000000000000, -0.9325178647475422800 ) ) ;
#2333 = PRESENTATION_STYLE_ASSIGNMENT (( #2005 ) ) ;
#2334 = DIRECTION ( 'NONE',  ( -0.0000000000000000000, 0.0000000000000000000, -1.000000000000000000 ) ) ;
#2335 = PLANE ( 'NONE',  #3343 ) ;
#2336 = B_SPLINE_CURVE_WITH_KNOTS ( 'NONE', 3,
 ( #2743, #879, #1409, #3256, #1691, #95, #1958, #372, #2231, #622, #2495, #893, #2751, #1154, #3008 ),
 .UNSPECIFIED., .F., .F.,
 ( 4, 1, 1, 1, 1, 1, 1, 1, 1, 1, 1, 1, 4 ),
 ( 0.0000000000000000000, 0.05027287497458354800, 0.1027903700748776000, 0.1576131012369289300, 0.2146311133156755800, 0.2740612127265389400, 0.3356974550538851000, 0.4000702787165528200, 0.4668267493853401300, 0.6020780869193701500, 0.7357515335047493100, 0.8682046170340285100, 1.000000000000000000 ),
 .UNSPECIFIED. ) ;
#2337 = DIRECTION ( 'NONE',  ( 0.0000000000000000000, 0.0000000000000000000, 1.000000000000000000 ) ) ;
#2338 = CARTESIAN_POINT ( 'NONE',  ( 0.1546570444889525900, 3.000000000000000000, -1.056249203330217100 ) ) ;
#2339 = EDGE_CURVE ( 'NONE', #2674, #1492, #839, .T. ) ;
#2340 =( LENGTH_UNIT ( ) NAMED_UNIT ( * ) SI_UNIT ( .MILLI., .METRE. ) );
#2341 = EDGE_LOOP ( 'NONE', ( #1970, #2765, #1793, #3406 ) ) ;
#2342 = CARTESIAN_POINT ( 'NONE',  ( 1.045314170473210700, 3.000000000000000000, -0.07946810096801443200 ) ) ;
#2343 = AXIS2_PLACEMENT_3D ( 'NONE', #2568, #959, #2823 ) ;
#2344 = EDGE_LOOP ( 'NONE', ( #3385, #722, #2236, #1419 ) ) ;
#2345 = DIRECTION ( 'NONE',  ( -1.000000000000000000, 0.0000000000000000000, 0.0000000000000000000 ) ) ;
#2346 =( NAMED_UNIT ( * ) SI_UNIT ( $, .STERADIAN. ) SOLID_ANGLE_UNIT ( ) );
#2347 = SURFACE_SIDE_STYLE ('',( #627 ) ) ;
#2348 = CARTESIAN_POINT ( 'NONE',  ( 2.152133171637987900, 2.999000000000000100, 1.046443372618726300 ) ) ;
#2349 = CARTESIAN_POINT ( 'NONE',  ( 0.1201164539377799500, 3.000000000000000000, 0.7592294580871055100 ) ) ;
#2350 = SURFACE_STYLE_USAGE ( .BOTH. , #487 ) ;
#2351 = VECTOR ( 'NONE', #2774, 1000.000000000000000 ) ;
#2352 = EDGE_LOOP ( 'NONE', ( #1781, #2393, #2709, #3386 ) ) ;
#2353 = CARTESIAN_POINT ( 'NONE',  ( 0.6117278318905272600, 2.999000000000000100, -1.056249203330220200 ) ) ;
#2354 = ORIENTED_EDGE ( 'NONE', *, *, #995, .F. ) ;
#2355 = PRESENTATION_STYLE_ASSIGNMENT (( #496 ) ) ;
#2356 =( GEOMETRIC_REPRESENTATION_CONTEXT ( 3 ) GLOBAL_UNCERTAINTY_ASSIGNED_CONTEXT ( ( #335 ) ) GLOBAL_UNIT_ASSIGNED_CONTEXT ( ( #403, #2255, #660 ) ) REPRESENTATION_CONTEXT ( 'NONE', 'WORKASPACE' ) );
#2357 = COLOUR_RGB ( '',1.000000000000000000, 1.000000000000000000, 1.000000000000000000 ) ;
#2358 =( GEOMETRIC_REPRESENTATION_CONTEXT ( 3 ) GLOBAL_UNCERTAINTY_ASSIGNED_CONTEXT ( ( #3155 ) ) GLOBAL_UNIT_ASSIGNED_CONTEXT ( ( #3225, #3238, #1577 ) ) REPRESENTATION_CONTEXT ( 'NONE', 'WORKASPACE' ) );
#2359 = ORIENTED_EDGE ( 'NONE', *, *, #926, .T. ) ;
#2360 = EDGE_CURVE ( 'NONE', #1930, #266, #1635, .T. ) ;
#2361 = LINE ( 'NONE', #1829, #319 ) ;
#2362 = CARTESIAN_POINT ( 'NONE',  ( 1.495765216293155600, 3.000000000000000000, -0.4928217464998799800 ) ) ;
#2363 = CARTESIAN_POINT ( 'NONE',  ( 2.152133171637987900, 3.000000000000000000, 1.046443372618726300 ) ) ;
#2364 = SURFACE_STYLE_FILL_AREA ( #2943 ) ;
#2365 =( GEOMETRIC_REPRESENTATION_CONTEXT ( 3 ) GLOBAL_UNCERTAINTY_ASSIGNED_CONTEXT ( ( #263 ) ) GLOBAL_UNIT_ASSIGNED_CONTEXT ( ( #2490, #889, #2748 ) ) REPRESENTATION_CONTEXT ( 'NONE', 'WORKASPACE' ) );
#2366 = CARTESIAN_POINT ( 'NONE',  ( 2.713525806077725600, 2.999999999999999600, 1.191022566291716200 ) ) ;
#2367 = CARTESIAN_POINT ( 'NONE',  ( 1.495765216293155600, 2.999000000000000100, -1.646667900346034300 ) ) ;
#2368 = ORIENTED_EDGE ( 'NONE', *, *, #3107, .T. ) ;
#2369 = CARTESIAN_POINT ( 'NONE',  ( 0.5118499578747857100, 2.999000000000000100, 1.180165363598914900 ) ) ;
#2370 = CARTESIAN_POINT ( 'NONE',  ( -1.394999999999999400, -0.1000000000000000100, -2.500000000000000000 ) ) ;
#2371 = CARTESIAN_POINT ( 'NONE',  ( 1.726164558568521700, 3.000000000000000400, -1.478408745779070900 ) ) ;
#2372 = CARTESIAN_POINT ( 'NONE',  ( 1.573054305422271900, 2.999999999999999600, -1.417939695623395400 ) ) ;
#2373 = DIRECTION ( 'NONE',  ( -0.0000000000000000000, 1.000000000000000000, -0.0000000000000000000 ) ) ;
#2374 = EDGE_CURVE ( 'NONE', #432, #3090, #2052, .T. ) ;
#2375 = SURFACE_STYLE_USAGE ( .BOTH. , #514 ) ;
#2376 = LINE ( 'NONE', #2852, #1665 ) ;
#2377 = PRESENTATION_LAYER_ASSIGNMENT (  '', '', ( #2030 ) ) ;
#2378 = CARTESIAN_POINT ( 'NONE',  ( 2.820885408600847900, 2.999000000000000100, -0.9158986695768035500 ) ) ;
#2379 = COLOUR_RGB ( '',1.000000000000000000, 1.000000000000000000, 1.000000000000000000 ) ;
#2380 = AXIS2_PLACEMENT_3D ( 'NONE', #1176, #3031, #1455 ) ;
#2381 = SURFACE_STYLE_USAGE ( .BOTH. , #2347 ) ;
#2382 = CARTESIAN_POINT ( 'NONE',  ( 1.625082582934020300, 2.998999999999999700, 0.7627212206065847600 ) ) ;
#2383 = VECTOR ( 'NONE', #2010, 1000.000000000000000 ) ;
#2384 = EDGE_CURVE ( 'NONE', #724, #432, #2320, .T. ) ;
#2385 = CARTESIAN_POINT ( 'NONE',  ( -0.4216918137787590800, 3.000000000000000000, 0.5390452848587613500 ) ) ;
#2386 = VERTEX_POINT ( 'NONE', #164 ) ;
#2387 = FACE_OUTER_BOUND ( 'NONE', #1377, .T. ) ;
#2388 = DIRECTION ( 'NONE',  ( 0.0000000000000000000, 1.000000000000000000, 0.0000000000000000000 ) ) ;
#2389 = EDGE_LOOP ( 'NONE', ( #2793, #688, #2598, #2817 ) ) ;
#2390 = SURFACE_STYLE_FILL_AREA ( #3360 ) ;
#2391 = ORIENTED_EDGE ( 'NONE', *, *, #1343, .F. ) ;
#2392 = DIRECTION ( 'NONE',  ( -0.0000000000000000000, 1.000000000000000000, -0.0000000000000000000 ) ) ;
#2393 = ORIENTED_EDGE ( 'NONE', *, *, #2025, .F. ) ;
#2394 = CARTESIAN_POINT ( 'NONE',  ( 2.281391061627109400, 2.999000000000000600, 1.094630372381885100 ) ) ;
#2395 = VECTOR ( 'NONE', #2373, 1000.000000000000000 ) ;
#2396 = VERTEX_POINT ( 'NONE', #2161 ) ;
#2397 = CARTESIAN_POINT ( 'NONE',  ( -1.460944057873250000, 2.999000000000000100, -0.4915082190782411000 ) ) ;
#2398 = SURFACE_STYLE_FILL_AREA ( #665 ) ;
#2399 = SURFACE_SIDE_STYLE ('',( #3182 ) ) ;
#2400 = VECTOR ( 'NONE', #61, 1000.000000000000000 ) ;
#2401 = MECHANICAL_DESIGN_GEOMETRIC_PRESENTATION_REPRESENTATION (  '', ( #1864 ), #2587 ) ;
#2402 = CIRCLE ( 'NONE', #2290, 0.2500000000000002200 ) ;
#2403 = EDGE_CURVE ( 'NONE', #632, #2281, #217, .T. ) ;
#2404 =( LENGTH_UNIT ( ) NAMED_UNIT ( * ) SI_UNIT ( .MILLI., .METRE. ) );
#2405 = CARTESIAN_POINT ( 'NONE',  ( 2.281391061627109400, 3.000000000000000400, 1.094630372381885100 ) ) ;
#2406 = ORIENTED_EDGE ( 'NONE', *, *, #1446, .T. ) ;
#2407 = CARTESIAN_POINT ( 'NONE',  ( 2.728064011027711900, 2.999000000000001000, 1.386189223793970600 ) ) ;
#2408 = CARTESIAN_POINT ( 'NONE',  ( 2.713525806077727000, 2.999000000000001000, -1.116669741400592200 ) ) ;
#2409 = ADVANCED_FACE ( 'NONE', ( #2190 ), #1352, .F. ) ;
#2410 = VECTOR ( 'NONE', #168, 1000.000000000000000 ) ;
#2411 = UNCERTAINTY_MEASURE_WITH_UNIT (LENGTH_MEASURE( 1.000000000000000100E-005 ), #1167, 'distance_accuracy_value', 'NONE');
#2412 = CARTESIAN_POINT ( 'NONE',  ( 2.274720874180870700, 2.998999999999999700, -1.023706931821490600 ) ) ;
#2413 = DIRECTION ( 'NONE',  ( -1.000000000000000000, 0.0000000000000000000, 0.0000000000000000000 ) ) ;
#2414 = CARTESIAN_POINT ( 'NONE',  ( 2.369291950611821300, 2.999000000000000100, 1.120284538623585800 ) ) ;
#2415 = PRESENTATION_STYLE_ASSIGNMENT (( #68 ) ) ;
#2416 = PRESENTATION_LAYER_ASSIGNMENT (  '', '', ( #2077 ) ) ;
#2417 = CARTESIAN_POINT ( 'NONE',  ( -0.4174714200779703300, 3.000000000000000000, 0.9265010722603344000 ) ) ;
#2418 = FACE_OUTER_BOUND ( 'NONE', #2086, .T. ) ;
#2419 = PRESENTATION_LAYER_ASSIGNMENT (  '', '', ( #2079 ) ) ;
#2420 = EDGE_CURVE ( 'NONE', #1271, #1002, #3239, .T. ) ;
#2421 = EDGE_LOOP ( 'NONE', ( #3156, #597, #1979, #106 ) ) ;
#2422 = CARTESIAN_POINT ( 'NONE',  ( 2.805953668349054500, 2.998999999999999700, 0.2374862228844259700 ) ) ;
#2423 = VERTEX_POINT ( 'NONE', #2944 ) ;
#2424 = PRESENTATION_STYLE_ASSIGNMENT (( #2375 ) ) ;
#2425 = CARTESIAN_POINT ( 'NONE',  ( 1.340116177831617300, 2.999000000000000100, 1.622562868884735600 ) ) ;
#2426 = CARTESIAN_POINT ( 'NONE',  ( 1.579180658906025800, 2.999999999999999600, 0.7290203420796725900 ) ) ;
#2427 = ADVANCED_FACE ( 'NONE', ( #1928 ), #1360, .T. ) ;
#2428 = COLOUR_RGB ( '',1.000000000000000000, 1.000000000000000000, 1.000000000000000000 ) ;
#2429 = FILL_AREA_STYLE ('',( #2453 ) ) ;
#2430 = CARTESIAN_POINT ( 'NONE',  ( 2.728064011027711900, 2.999000000000001000, 1.386189223793970600 ) ) ;
#2431 = B_SPLINE_SURFACE_WITH_KNOTS ( 'NONE', 3, 1, ( 
 ( #171, #2013 ),
 ( #1927, #1959 ),
 ( #197, #1794 ),
 ( #2063, #814 ) ),
 .UNSPECIFIED., .F., .F., .F.,
 ( 4, 4 ),
 ( 2, 2 ),
 ( 0.7272727272727274000, 0.8181818181818183400 ),
 ( 0.0000000000000000000, 1.000000000000000000 ),
 .UNSPECIFIED. ) ;
#2432 =( NAMED_UNIT ( * ) PLANE_ANGLE_UNIT ( ) SI_UNIT ( $, .RADIAN. ) );
#2433 = ORIENTED_EDGE ( 'NONE', *, *, #2104, .T. ) ;
#2434 = CARTESIAN_POINT ( 'NONE',  ( 2.274720874180870200, 2.999000000000000100, 0.1301392220246633800 ) ) ;
#2435 = VECTOR ( 'NONE', #1555, 1000.000000000000000 ) ;
#2436 = CARTESIAN_POINT ( 'NONE',  ( 1.929896624087111400, 2.999000000000000100, -0.2094747575095735100 ) ) ;
#2437 =( NAMED_UNIT ( * ) PLANE_ANGLE_UNIT ( ) SI_UNIT ( $, .RADIAN. ) );
#2438 = FILL_AREA_STYLE ('',( #871 ) ) ;
#2439 = LINE ( 'NONE', #1528, #1742 ) ;
#2440 = DIRECTION ( 'NONE',  ( -0.0000000000000000000, 1.000000000000000000, -0.0000000000000000000 ) ) ;
#2441 = DIRECTION ( 'NONE',  ( 1.000000000000000000, 0.0000000000000000000, -0.0000000000000000000 ) ) ;
#2442 = MECHANICAL_DESIGN_GEOMETRIC_PRESENTATION_REPRESENTATION (  '', ( #1904 ), #2624 ) ;
#2443 = B_SPLINE_SURFACE_WITH_KNOTS ( 'NONE', 3, 1, ( 
 ( #1608, #2417 ),
 ( #2369, #1272 ),
 ( #2865, #1004 ),
 ( #2615, #2342 ) ),
 .UNSPECIFIED., .F., .F., .F.,
 ( 4, 4 ),
 ( 2, 2 ),
 ( 0.09090909090909091200, 0.1818181818181818200 ),
 ( 0.0000000000000000000, 1.000000000000000000 ),
 .UNSPECIFIED. ) ;
#2444 = CARTESIAN_POINT ( 'NONE',  ( 3.030000000000000700, 3.000000000000000000, 3.129999999999999900 ) ) ;
#2445 = UNCERTAINTY_MEASURE_WITH_UNIT (LENGTH_MEASURE( 1.000000000000000100E-005 ), #2500, 'distance_accuracy_value', 'NONE');
#2446 = VERTEX_POINT ( 'NONE', #1104 ) ;
#2447 = CARTESIAN_POINT ( 'NONE',  ( 1.536069100414741500, 3.000000000000000400, 0.6954891021053228900 ) ) ;
#2448 =( NAMED_UNIT ( * ) PLANE_ANGLE_UNIT ( ) SI_UNIT ( $, .RADIAN. ) );
#2449 = EDGE_CURVE ( 'NONE', #2062, #633, #2679, .T. ) ;
#2450 = CARTESIAN_POINT ( 'NONE',  ( 2.369291950611821300, 3.000000000000000000, 1.120284538623585800 ) ) ;
#2451 = CARTESIAN_POINT ( 'NONE',  ( -1.127794490944117500, 3.000000000000000000, -0.4008629041176194900 ) ) ;
#2452 = CARTESIAN_POINT ( 'NONE',  ( 1.495765216293155600, 2.999000000000000100, -1.646667900346034300 ) ) ;
#2453 = FILL_AREA_STYLE_COLOUR ( '', #2479 ) ;
#2454 = MECHANICAL_DESIGN_GEOMETRIC_PRESENTATION_REPRESENTATION (  '', ( #1912 ), #2634 ) ;
#2455 = ORIENTED_EDGE ( 'NONE', *, *, #2727, .F. ) ;
#2456 = CARTESIAN_POINT ( 'NONE',  ( 2.820885408600847900, 2.999999999999999600, 0.2379474842693507800 ) ) ;
#2457 = LINE ( 'NONE', #2625, #1029 ) ;
#2458 =( NAMED_UNIT ( * ) SI_UNIT ( $, .STERADIAN. ) SOLID_ANGLE_UNIT ( ) );
#2459 = DIRECTION ( 'NONE',  ( 0.0000000000000000000, -1.000000000000000000, 0.0000000000000000000 ) ) ;
#2460 = FILL_AREA_STYLE_COLOUR ( '', #1856 ) ;
#2461 = CARTESIAN_POINT ( 'NONE',  ( 2.376789220336482000, 3.000000000000000000, 1.315345175928500900 ) ) ;
#2462 = ADVANCED_FACE ( 'NONE', ( #3376 ), #591, .T. ) ;
#2463 = EDGE_LOOP ( 'NONE', ( #58, #1250, #2843, #3057 ) ) ;
#2464 = EDGE_LOOP ( 'NONE', ( #2975, #2764, #1083, #1381 ) ) ;
#2465 = DIRECTION ( 'NONE',  ( 0.0000000000000000000, 0.0000000000000000000, -1.000000000000000000 ) ) ;
#2466 = STYLED_ITEM ( 'NONE', ( #2327 ), #285 ) ;
#2467 = PRESENTATION_LAYER_ASSIGNMENT (  '', '', ( #2120 ) ) ;
#2468 = ORIENTED_EDGE ( 'NONE', *, *, #829, .T. ) ;
#2469 = VERTEX_POINT ( 'NONE', #2196 ) ;
#2470 = EDGE_CURVE ( 'NONE', #242, #207, #1048, .T. ) ;
#2471 = FILL_AREA_STYLE_COLOUR ( '', #1697 ) ;
#2472 = DIRECTION ( 'NONE',  ( -1.000000000000000000, 0.0000000000000000000, 0.0000000000000000000 ) ) ;
#2473 = CARTESIAN_POINT ( 'NONE',  ( 1.809945688435240700, 3.000000000000000000, -1.247085109316442300 ) ) ;
#2474 = PRODUCT_DEFINITION_SHAPE ( 'NONE', 'NONE',  #2981 ) ;
#2475 = DIRECTION ( 'NONE',  ( 0.0000000000000000000, 0.0000000000000000000, -1.000000000000000000 ) ) ;
#2476 = ORIENTED_EDGE ( 'NONE', *, *, #2011, .F. ) ;
#2477 = ORIENTED_EDGE ( 'NONE', *, *, #2590, .F. ) ;
#2478 = CARTESIAN_POINT ( 'NONE',  ( 1.758162665760972800, 2.999000000000000600, 1.027247491272316600 ) ) ;
#2479 = COLOUR_RGB ( '',0.1921568627450980200, 0.2039215686274509800, 0.2039215686274509800 ) ;
#2480 = DIRECTION ( 'NONE',  ( 0.0000000000000000000, -0.0000000000000000000, -1.000000000000000000 ) ) ;
#2481 = CARTESIAN_POINT ( 'NONE',  ( 1.532423870139309600, 2.999000000000000100, 0.4687167150385814800 ) ) ;
#2482 = PRESENTATION_STYLE_ASSIGNMENT (( #1505 ) ) ;
#2483 = UNCERTAINTY_MEASURE_WITH_UNIT (LENGTH_MEASURE( 1.000000000000000100E-005 ), #2257, 'distance_accuracy_value', 'NONE');
#2484 = DIRECTION ( 'NONE',  ( -1.000000000000000000, 0.0000000000000000000, 0.0000000000000000000 ) ) ;
#2485 = DIRECTION ( 'NONE',  ( 1.000000000000000000, 0.0000000000000000000, 0.0000000000000000000 ) ) ;
#2486 = ADVANCED_FACE ( 'NONE', ( #3099 ), #606, .T. ) ;
#2487 = CARTESIAN_POINT ( 'NONE',  ( 2.728064011027712300, 2.999000000000001400, -0.9215030838983391300 ) ) ;
#2488 = PRESENTATION_LAYER_ASSIGNMENT (  '', '', ( #2133 ) ) ;
#2489 = CARTESIAN_POINT ( 'NONE',  ( 2.413133004754694200, 2.999000000000000100, 1.133079695807812400 ) ) ;
#2490 =( LENGTH_UNIT ( ) NAMED_UNIT ( * ) SI_UNIT ( .MILLI., .METRE. ) );
#2491 =( GEOMETRIC_REPRESENTATION_CONTEXT ( 3 ) GLOBAL_UNCERTAINTY_ASSIGNED_CONTEXT ( ( #1046 ) ) GLOBAL_UNIT_ASSIGNED_CONTEXT ( ( #1132, #1200, #1055 ) ) REPRESENTATION_CONTEXT ( 'NONE', 'WORKASPACE' ) );
#2492 = AXIS2_PLACEMENT_3D ( 'NONE', #2956, #1372, #3222 ) ;
#2493 = CARTESIAN_POINT ( 'NONE',  ( 1.532423870139309600, 3.000000000000000000, 0.8533320996539662800 ) ) ;
#2494 = EDGE_CURVE ( 'NONE', #2423, #2138, #1440, .T. ) ;
#2495 = CARTESIAN_POINT ( 'NONE',  ( 2.024109412472069100, 3.000000000000000400, -1.315646905032086300 ) ) ;
#2496 = CARTESIAN_POINT ( 'NONE',  ( 1.532423870139309600, 3.000000000000000000, 0.8533320996539662800 ) ) ;
#2497 =( NAMED_UNIT ( * ) SI_UNIT ( $, .STERADIAN. ) SOLID_ANGLE_UNIT ( ) );
#2498 = LINE ( 'NONE', #3065, #381 ) ;
#2499 = DIRECTION ( 'NONE',  ( 0.0000000000000000000, -1.000000000000000000, 0.0000000000000000000 ) ) ;
#2500 =( LENGTH_UNIT ( ) NAMED_UNIT ( * ) SI_UNIT ( .MILLI., .METRE. ) );
#2501 = FILL_AREA_STYLE_COLOUR ( '', #1551 ) ;
#2502 = FILL_AREA_STYLE ('',( #2240 ) ) ;
#2503 = ADVANCED_FACE ( 'NONE', ( #114 ), #1698, .T. ) ;
#2504 = COLOUR_RGB ( '',1.000000000000000000, 1.000000000000000000, 1.000000000000000000 ) ;
#2505 = SURFACE_STYLE_FILL_AREA ( #130 ) ;
#2506 = VECTOR ( 'NONE', #1527, 1000.000000000000000 ) ;
#2507 = CARTESIAN_POINT ( 'NONE',  ( 2.678535947141055900, 2.998999999999998800, -0.9270899025266332600 ) ) ;
#2508 = CARTESIAN_POINT ( 'NONE',  ( 2.805953668349054500, 2.998999999999999700, 0.2374862228844259700 ) ) ;
#2509 = VERTEX_POINT ( 'NONE', #1779 ) ;
#2510 = CARTESIAN_POINT ( 'NONE',  ( 1.532423870139309600, 2.999000000000000100, 1.622562868884735600 ) ) ;
#2511 = VERTEX_POINT ( 'NONE', #1145 ) ;
#2512 = DIRECTION ( 'NONE',  ( -1.000000000000000000, 0.0000000000000000000, -0.0000000000000000000 ) ) ;
#2513 = ORIENTED_EDGE ( 'NONE', *, *, #1038, .T. ) ;
#2514 = CARTESIAN_POINT ( 'NONE',  ( 1.579180658906025500, 2.998999999999999700, -0.4248258117664813200 ) ) ;
#2515 = COLOUR_RGB ( '',0.8274509803921568100, 0.8392156862745098200, 0.8274509803921568100 ) ;
#2516 = FACE_OUTER_BOUND ( 'NONE', #1006, .T. ) ;
#2517 =( NAMED_UNIT ( * ) SI_UNIT ( $, .STERADIAN. ) SOLID_ANGLE_UNIT ( ) );
#2518 = CARTESIAN_POINT ( 'NONE',  ( -2.592543542519446300, 3.000000000000000000, 3.000000000000000000 ) ) ;
#2519 = STYLED_ITEM ( 'NONE', ( #717 ), #574 ) ;
#2520 = EDGE_CURVE ( 'NONE', #3054, #1570, #1179, .T. ) ;
#2521 = ORIENTED_EDGE ( 'NONE', *, *, #3320, .F. ) ;
#2522 = ORIENTED_EDGE ( 'NONE', *, *, #3, .T. ) ;
#2523 = SURFACE_STYLE_FILL_AREA ( #3248 ) ;
#2524 =( LENGTH_UNIT ( ) NAMED_UNIT ( * ) SI_UNIT ( .MILLI., .METRE. ) );
#2525 = CARTESIAN_POINT ( 'NONE',  ( 2.457965621820876300, 2.999000000000000100, 0.1826089378637545100 ) ) ;
#2526 = PRESENTATION_LAYER_ASSIGNMENT (  '', '', ( #2165 ) ) ;
#2527 = CARTESIAN_POINT ( 'NONE',  ( 1.920069670880451200, 2.999999999999999100, -0.2138978087720574700 ) ) ;
#2528 = VECTOR ( 'NONE', #716, 1000.000000000000000 ) ;
#2529 =( NAMED_UNIT ( * ) SI_UNIT ( $, .STERADIAN. ) SOLID_ANGLE_UNIT ( ) );
#2530 = FILL_AREA_STYLE ('',( #2259 ) ) ;
#2531 =( NAMED_UNIT ( * ) SI_UNIT ( $, .STERADIAN. ) SOLID_ANGLE_UNIT ( ) );
#2532 = FILL_AREA_STYLE_COLOUR ( '', #2976 ) ;
#2533 = CARTESIAN_POINT ( 'NONE',  ( -0.4174714200779703300, 3.000000000000000000, 0.9265010722603344000 ) ) ;
#2534 = ORIENTED_EDGE ( 'NONE', *, *, #2610, .T. ) ;
#2535 = CARTESIAN_POINT ( 'NONE',  ( 1.545847908274908600, 2.999000000000000600, -0.2884809478724699200 ) ) ;
#2536 = CARTESIAN_POINT ( 'NONE',  ( 2.572842863104025200, 3.000000000000000400, 0.2088353468011391300 ) ) ;
#2537 =( LENGTH_UNIT ( ) NAMED_UNIT ( * ) SI_UNIT ( .MILLI., .METRE. ) );
#2538 = CARTESIAN_POINT ( 'NONE',  ( -1.460944057873250000, 2.999000000000000100, -0.4915082190782411000 ) ) ;
#2539 = CYLINDRICAL_SURFACE ( 'NONE', #2014, 0.2500000000000002200 ) ;
#2540 = EDGE_CURVE ( 'NONE', #2509, #2555, #3124, .T. ) ;
#2541 = FILL_AREA_STYLE_COLOUR ( '', #1695 ) ;
#2542 = CARTESIAN_POINT ( 'NONE',  ( 1.726164558568521200, 2.998999999999999700, 0.8292835619132366000 ) ) ;
#2543 = PRESENTATION_LAYER_ASSIGNMENT (  '', '', ( #2710 ) ) ;
#2544 = DIRECTION ( 'NONE',  ( -0.0000000000000000000, 1.000000000000000000, -0.0000000000000000000 ) ) ;
#2545 = CARTESIAN_POINT ( 'NONE',  ( 1.616233160057057200, 2.999999999999999600, -0.2291629047607853500 ) ) ;
#2546 = VECTOR ( 'NONE', #1248, 1000.000000000000000 ) ;
#2547 = CARTESIAN_POINT ( 'NONE',  ( 2.413133004754694200, 3.000000000000000000, -0.02076645803834160200 ) ) ;
#2548 = DIRECTION ( 'NONE',  ( -0.0000000000000000000, 1.000000000000000000, -0.0000000000000000000 ) ) ;
#2549 = FACE_OUTER_BOUND ( 'NONE', #16, .T. ) ;
#2550 = DIRECTION ( 'NONE',  ( -1.000000000000000000, -0.0000000000000000000, 7.116198643863074100E-015 ) ) ;
#2551 = CARTESIAN_POINT ( 'NONE',  ( 0.6117278318905272600, 3.000000000000000000, -1.056249203330220200 ) ) ;
#2552 = CARTESIAN_POINT ( 'NONE',  ( -0.9819580342512036500, 3.000000000000000000, -0.8873295576609244700 ) ) ;
#2553 = VECTOR ( 'NONE', #754, 1000.000000000000000 ) ;
#2554 = EDGE_CURVE ( 'NONE', #1535, #2958, #3201, .T. ) ;
#2555 = VERTEX_POINT ( 'NONE', #1521 ) ;
#2556 = DIRECTION ( 'NONE',  ( -0.0000000000000000000, 0.0000000000000000000, -1.000000000000000000 ) ) ;
#2557 = UNCERTAINTY_MEASURE_WITH_UNIT (LENGTH_MEASURE( 1.000000000000000100E-005 ), #1163, 'distance_accuracy_value', 'NONE');
#2558 = ORIENTED_EDGE ( 'NONE', *, *, #2403, .F. ) ;
#2559 = CARTESIAN_POINT ( 'NONE',  ( 2.820885408600847900, 2.999000000000000100, 0.04563979196165846000 ) ) ;
#2560 = MECHANICAL_DESIGN_GEOMETRIC_PRESENTATION_REPRESENTATION (  '', ( #2030 ), #2730 ) ;
#2561 = FILL_AREA_STYLE_COLOUR ( '', #513 ) ;
#2562 = CARTESIAN_POINT ( 'NONE',  ( 2.369291950611820900, 3.000000000000000000, -0.03356161522256832800 ) ) ;
#2563 = PRESENTATION_STYLE_ASSIGNMENT (( #532 ) ) ;
#2564 = UNCERTAINTY_MEASURE_WITH_UNIT (LENGTH_MEASURE( 1.000000000000000100E-005 ), #523, 'distance_accuracy_value', 'NONE');
#2565 = PRESENTATION_LAYER_ASSIGNMENT (  '', '', ( #2203 ) ) ;
#2566 = COLOUR_RGB ( '',1.000000000000000000, 1.000000000000000000, 1.000000000000000000 ) ;
#2567 = VECTOR ( 'NONE', #2716, 1000.000000000000000 ) ;
#2568 = CARTESIAN_POINT ( 'NONE',  ( 1.532423870139309600, 2.999000000000000100, -0.6851294388075728200 ) ) ;
#2569 = APPLICATION_PROTOCOL_DEFINITION ( 'draft international standard', 'automotive_design', 1998, #2825 ) ;
#2570 = ORIENTED_EDGE ( 'NONE', *, *, #1361, .T. ) ;
#2571 = DIRECTION ( 'NONE',  ( 0.0000000000000000000, 0.0000000000000000000, 1.000000000000000000 ) ) ;
#2572 = UNCERTAINTY_MEASURE_WITH_UNIT (LENGTH_MEASURE( 1.000000000000000100E-005 ), #1659, 'distance_accuracy_value', 'NONE');
#2573 = EDGE_CURVE ( 'NONE', #2958, #1042, #3387, .T. ) ;
#2574 = DIRECTION ( 'NONE',  ( -0.0000000000000000000, 1.000000000000000000, -0.0000000000000000000 ) ) ;
#2575 = CARTESIAN_POINT ( 'NONE',  ( 2.152133171637987900, 2.999000000000000600, -0.1074027812274275000 ) ) ;
#2576 = CARTESIAN_POINT ( 'NONE',  ( 1.340116177831617300, 2.999000000000000100, 1.622562868884735600 ) ) ;
#2577 = DIRECTION ( 'NONE',  ( 0.0000000000000000000, 1.000000000000000000, 0.0000000000000000000 ) ) ;
#2578 = CARTESIAN_POINT ( 'NONE',  ( 3.279999999999999800, 3.000000000000000000, -3.379999999999999400 ) ) ;
#2579 = APPLICATION_CONTEXT ( 'automotive_design' ) ;
#2580 = CARTESIAN_POINT ( 'NONE',  ( 1.394999999999999400, 0.0000000000000000000, 2.500000000000000400 ) ) ;
#2581 =( NAMED_UNIT ( * ) SI_UNIT ( $, .STERADIAN. ) SOLID_ANGLE_UNIT ( ) );
#2582 = CARTESIAN_POINT ( 'NONE',  ( -0.4216918137787590800, 3.000000000000000000, 0.5390452848587613500 ) ) ;
#2583 = CARTESIAN_POINT ( 'NONE',  ( 2.035371029559560600, 2.999000000000000100, 1.185727511930674500 ) ) ;
#2584 = SURFACE_STYLE_USAGE ( .BOTH. , #1117 ) ;
#2585 = VECTOR ( 'NONE', #1193, 1000.000000000000100 ) ;
#2586 = B_SPLINE_CURVE_WITH_KNOTS ( 'NONE', 3,
 ( #378, #103, #901, #2763 ),
 .UNSPECIFIED., .F., .F.,
 ( 4, 4 ),
 ( 0.0000000000000000000, 0.09090909090909091200 ),
 .UNSPECIFIED. ) ;
#2587 =( GEOMETRIC_REPRESENTATION_CONTEXT ( 3 ) GLOBAL_UNCERTAINTY_ASSIGNED_CONTEXT ( ( #2906 ) ) GLOBAL_UNIT_ASSIGNED_CONTEXT ( ( #2283, #2205, #373 ) ) REPRESENTATION_CONTEXT ( 'NONE', 'WORKASPACE' ) );
#2588 = CARTESIAN_POINT ( 'NONE',  ( 1.340116177831617300, 2.999000000000000100, 0.6610244073462739900 ) ) ;
#2589 = PLANE ( 'NONE',  #2762 ) ;
#2590 = EDGE_CURVE ( 'NONE', #1568, #1340, #482, .T. ) ;
#2591 = CARTESIAN_POINT ( 'NONE',  ( 0.7069589736228169000, 2.999000000000000100, -0.05331455766092815800 ) ) ;
#2592 = DIRECTION ( 'NONE',  ( 0.0000000000000000000, 0.0000000000000000000, -1.000000000000000000 ) ) ;
#2593 = STYLED_ITEM ( 'NONE', ( #2146 ), #1900 ) ;
#2594 = DIRECTION ( 'NONE',  ( -1.000000000000000000, -0.0000000000000000000, -0.0000000000000000000 ) ) ;
#2595 = ORIENTED_EDGE ( 'NONE', *, *, #366, .F. ) ;
#2596 = DIRECTION ( 'NONE',  ( 0.0000000000000000000, 0.0000000000000000000, 1.000000000000000000 ) ) ;
#2597 = CARTESIAN_POINT ( 'NONE',  ( 1.726164558568521700, 2.999000000000000600, -1.478408745779070900 ) ) ;
#2598 = ORIENTED_EDGE ( 'NONE', *, *, #2590, .T. ) ;
#2599 = SURFACE_SIDE_STYLE ('',( #982 ) ) ;
#2600 = ORIENTED_EDGE ( 'NONE', *, *, #640, .F. ) ;
#2601 = DIRECTION ( 'NONE',  ( -0.0000000000000000000, 1.000000000000000000, -0.0000000000000000000 ) ) ;
#2602 = CARTESIAN_POINT ( 'NONE',  ( -2.644999999999999100, -0.1000000000000000100, -2.500000000000000000 ) ) ;
#2603 = MECHANICAL_DESIGN_GEOMETRIC_PRESENTATION_REPRESENTATION (  '', ( #2077 ), #2776 ) ;
#2604 = EDGE_LOOP ( 'NONE', ( #797, #247, #3102, #11 ) ) ;
#2605 = VERTEX_POINT ( 'NONE', #3108 ) ;
#2606 = LINE ( 'NONE', #3005, #556 ) ;
#2607 = ORIENTED_EDGE ( 'NONE', *, *, #1143, .F. ) ;
#2608 = MECHANICAL_DESIGN_GEOMETRIC_PRESENTATION_REPRESENTATION (  '', ( #2079 ), #2778 ) ;
#2609 = B_SPLINE_CURVE_WITH_KNOTS ( 'NONE', 3,
 ( #2060, #2310, #2332, #737 ),
 .UNSPECIFIED., .F., .F.,
 ( 4, 4 ),
 ( 0.3636363636363636500, 0.4545454545454545900 ),
 .UNSPECIFIED. ) ;
#2610 = EDGE_CURVE ( 'NONE', #793, #1206, #2439, .T. ) ;
#2611 = CARTESIAN_POINT ( 'NONE',  ( 1.067741729528328000, 2.999000000000000100, 0.6193868202918284500 ) ) ;
#2612 = FILL_AREA_STYLE_COLOUR ( '', #1845 ) ;
#2613 = SURFACE_STYLE_FILL_AREA ( #3241 ) ;
#2614 =( NAMED_UNIT ( * ) SI_UNIT ( $, .STERADIAN. ) SOLID_ANGLE_UNIT ( ) );
#2615 = CARTESIAN_POINT ( 'NONE',  ( 1.045314170473210700, 2.999000000000000100, -0.07946810096801443200 ) ) ;
#2616 = PRESENTATION_STYLE_ASSIGNMENT (( #220 ) ) ;
#2617 = FACE_OUTER_BOUND ( 'NONE', #2464, .T. ) ;
#2618 = CARTESIAN_POINT ( 'NONE',  ( -3.029999999999998900, 3.000000000000000000, 3.380000000000000300 ) ) ;
#2619 = ORIENTED_EDGE ( 'NONE', *, *, #1840, .F. ) ;
#2620 = CARTESIAN_POINT ( 'NONE',  ( 0.1546570444889525900, 3.000000000000000000, -1.056249203330217100 ) ) ;
#2621 =( NAMED_UNIT ( * ) SI_UNIT ( $, .STERADIAN. ) SOLID_ANGLE_UNIT ( ) );
#2622 = FILL_AREA_STYLE_COLOUR ( '', #1334 ) ;
#2623 =( NAMED_UNIT ( * ) PLANE_ANGLE_UNIT ( ) SI_UNIT ( $, .RADIAN. ) );
#2624 =( GEOMETRIC_REPRESENTATION_CONTEXT ( 3 ) GLOBAL_UNCERTAINTY_ASSIGNED_CONTEXT ( ( #1311 ) ) GLOBAL_UNIT_ASSIGNED_CONTEXT ( ( #1837, #239, #2106 ) ) REPRESENTATION_CONTEXT ( 'NONE', 'WORKASPACE' ) );
#2625 = CARTESIAN_POINT ( 'NONE',  ( 2.644999999999999100, -0.1000000000000000100, 2.500000000000000400 ) ) ;
#2626 = PRESENTATION_STYLE_ASSIGNMENT (( #1541 ) ) ;
#2627 = CARTESIAN_POINT ( 'NONE',  ( -3.279999999999998900, 0.0000000000000000000, 3.129999999999998100 ) ) ;
#2628 = LINE ( 'NONE', #983, #3148 ) ;
#2629 = EDGE_CURVE ( 'NONE', #3373, #1130, #2609, .T. ) ;
#2630 = CARTESIAN_POINT ( 'NONE',  ( 2.784691174863903400, 2.999999999999999600, 1.196632679502694500 ) ) ;
#2631 = VECTOR ( 'NONE', #2413, 1000.000000000000000 ) ;
#2632 = CARTESIAN_POINT ( 'NONE',  ( 1.495765216293155600, 3.000000000000000000, -0.4928217464998799800 ) ) ;
#2633 = SURFACE_SIDE_STYLE ('',( #1666 ) ) ;
#2634 =( GEOMETRIC_REPRESENTATION_CONTEXT ( 3 ) GLOBAL_UNCERTAINTY_ASSIGNED_CONTEXT ( ( #3046 ) ) GLOBAL_UNIT_ASSIGNED_CONTEXT ( ( #2913, #1321, #3176 ) ) REPRESENTATION_CONTEXT ( 'NONE', 'WORKASPACE' ) );
#2635 = LINE ( 'NONE', #1454, #587 ) ;
#2636 = ORIENTED_EDGE ( 'NONE', *, *, #1038, .F. ) ;
#2637 = PRESENTATION_STYLE_ASSIGNMENT (( #3074 ) ) ;
#2638 = PRESENTATION_STYLE_ASSIGNMENT (( #89 ) ) ;
#2639 = DIRECTION ( 'NONE',  ( -0.0000000000000000000, 1.000000000000000000, -0.0000000000000000000 ) ) ;
#2640 = CARTESIAN_POINT ( 'NONE',  ( 1.661100619080114300, 3.000000000000000000, -1.348049395630011000 ) ) ;
#2641 = COLOUR_RGB ( '',1.000000000000000000, 1.000000000000000000, 1.000000000000000000 ) ;
#2642 = ORIENTED_EDGE ( 'NONE', *, *, #3421, .F. ) ;
#2643 = ORIENTED_EDGE ( 'NONE', *, *, #3, .F. ) ;
#2644 = CARTESIAN_POINT ( 'NONE',  ( -0.9819580342512036500, 3.000000000000000000, -0.8873295576609244700 ) ) ;
#2645 = ORIENTED_EDGE ( 'NONE', *, *, #1187, .T. ) ;
#2646 = PRESENTATION_LAYER_ASSIGNMENT (  '', '', ( #2466 ) ) ;
#2647 = MECHANICAL_DESIGN_GEOMETRIC_PRESENTATION_REPRESENTATION (  '', ( #2120 ), #2824 ) ;
#2648 = EDGE_CURVE ( 'NONE', #705, #2423, #1013, .T. ) ;
#2649 = COLOUR_RGB ( '',0.8274509803921568100, 0.8392156862745098200, 0.8274509803921568100 ) ;
#2650 = COLOUR_RGB ( '',1.000000000000000000, 1.000000000000000000, 1.000000000000000000 ) ;
#2651 = CARTESIAN_POINT ( 'NONE',  ( 1.579180658906025800, 2.998999999999999700, 0.7290203420796725900 ) ) ;
#2652 = CARTESIAN_POINT ( 'NONE',  ( 2.820885408600847900, 2.999000000000000100, -1.108206361884495900 ) ) ;
#2653 =( NAMED_UNIT ( * ) SI_UNIT ( $, .STERADIAN. ) SOLID_ANGLE_UNIT ( ) );
#2654 = CARTESIAN_POINT ( 'NONE',  ( 1.532423870139309600, 2.999000000000000100, -0.3005140541921877400 ) ) ;
#2655 =( NAMED_UNIT ( * ) SI_UNIT ( $, .STERADIAN. ) SOLID_ANGLE_UNIT ( ) );
#2656 = LINE ( 'NONE', #2538, #3353 ) ;
#2657 = UNCERTAINTY_MEASURE_WITH_UNIT (LENGTH_MEASURE( 1.000000000000000100E-005 ), #2891, 'distance_accuracy_value', 'NONE');
#2658 = MECHANICAL_DESIGN_GEOMETRIC_PRESENTATION_REPRESENTATION (  '', ( #2133 ), #2838 ) ;
#2659 = SURFACE_SIDE_STYLE ('',( #605 ) ) ;
#2660 = PRESENTATION_LAYER_ASSIGNMENT (  '', '', ( #2317 ) ) ;
#2661 = SURFACE_STYLE_USAGE ( .BOTH. , #2399 ) ;
#2662 = UNCERTAINTY_MEASURE_WITH_UNIT (LENGTH_MEASURE( 1.000000000000000100E-005 ), #43, 'distance_accuracy_value', 'NONE');
#2663 = EDGE_CURVE ( 'NONE', #644, #2041, #1087, .T. ) ;
#2664 = COLOUR_RGB ( '',1.000000000000000000, 1.000000000000000000, 1.000000000000000000 ) ;
#2665 = DIRECTION ( 'NONE',  ( -1.000000000000000000, 0.0000000000000000000, 0.0000000000000000000 ) ) ;
#2666 =( NAMED_UNIT ( * ) PLANE_ANGLE_UNIT ( ) SI_UNIT ( $, .RADIAN. ) );
#2667 = ADVANCED_FACE ( 'NONE', ( #1646 ), #3116, .F. ) ;
#2668 = ORIENTED_EDGE ( 'NONE', *, *, #977, .F. ) ;
#2669 = CARTESIAN_POINT ( 'NONE',  ( 2.678535947141055500, 2.998999999999998300, 1.380602405165673600 ) ) ;
#2670 = EDGE_LOOP ( 'NONE', ( #137, #2521, #840, #367 ) ) ;
#2671 = CARTESIAN_POINT ( 'NONE',  ( 2.784691174863903800, 2.999000000000000100, -1.111059628189613500 ) ) ;
#2672 = CARTESIAN_POINT ( 'NONE',  ( 2.678535947141055900, 2.998999999999998800, -0.9270899025266332600 ) ) ;
#2673 = ORIENTED_EDGE ( 'NONE', *, *, #133, .F. ) ;
#2674 = VERTEX_POINT ( 'NONE', #1821 ) ;
#2675 = ORIENTED_EDGE ( 'NONE', *, *, #3058, .T. ) ;
#2676 = DIRECTION ( 'NONE',  ( 0.0000000000000000000, 0.0000000000000000000, 1.000000000000000000 ) ) ;
#2677 = CARTESIAN_POINT ( 'NONE',  ( 1.616233160057057200, 3.000000000000000000, -1.383009058606939500 ) ) ;
#2678 = EDGE_LOOP ( 'NONE', ( #1919, #2915, #3375, #3047 ) ) ;
#2679 = LINE ( 'NONE', #1655, #1985 ) ;
#2680 = SURFACE_STYLE_FILL_AREA ( #1108 ) ;
#2681 = LINE ( 'NONE', #1658, #1266 ) ;
#2682 = ADVANCED_FACE ( 'NONE', ( #638 ), #3356, .T. ) ;
#2683 = AXIS2_PLACEMENT_3D ( 'NONE', #1844, #248, #2116 ) ;
#2684 = VECTOR ( 'NONE', #2329, 1000.000000000000000 ) ;
#2685 = COLOUR_RGB ( '',1.000000000000000000, 1.000000000000000000, 1.000000000000000000 ) ;
#2686 = CARTESIAN_POINT ( 'NONE',  ( -0.6752844515740391600, 2.999000000000000100, -0.5934747938813957900 ) ) ;
#2687 = EDGE_CURVE ( 'NONE', #411, #1130, #3123, .T. ) ;
#2688 = CARTESIAN_POINT ( 'NONE',  ( 1.536069100414741500, 3.000000000000000400, 0.6954891021053228900 ) ) ;
#2689 = ORIENTED_EDGE ( 'NONE', *, *, #1256, .T. ) ;
#2690 = ORIENTED_EDGE ( 'NONE', *, *, #330, .F. ) ;
#2691 = MECHANICAL_DESIGN_GEOMETRIC_PRESENTATION_REPRESENTATION (  '', ( #2165 ), #2866 ) ;
#2692 = CARTESIAN_POINT ( 'NONE',  ( 2.626830547245513300, 2.999000000000001000, 1.372711501351149100 ) ) ;
#2693 = CARTESIAN_POINT ( 'NONE',  ( 1.920069670880451700, 2.998999999999999700, 0.9399483450740966400 ) ) ;
#2694 = UNCERTAINTY_MEASURE_WITH_UNIT (LENGTH_MEASURE( 1.000000000000000100E-005 ), #2935, 'distance_accuracy_value', 'NONE');
#2695 = LINE ( 'NONE', #3333, #1276 ) ;
#2696 = CARTESIAN_POINT ( 'NONE',  ( 1.938997777366151100, 2.999000000000001000, -0.01789474941963726700 ) ) ;
#2697 = DIRECTION ( 'NONE',  ( 0.0000000000000000000, -9.496513648615399400E-013, -1.000000000000000000 ) ) ;
#2698 =( LENGTH_UNIT ( ) NAMED_UNIT ( * ) SI_UNIT ( .MILLI., .METRE. ) );
#2699 = ADVANCED_FACE ( 'NONE', ( #399 ), #3393, .T. ) ;
#2700 = COLOUR_RGB ( '',0.8274509803921568100, 0.8392156862745098200, 0.8274509803921568100 ) ;
#2701 = CARTESIAN_POINT ( 'NONE',  ( 1.579180658906025800, 2.999000000000000100, -1.578671965612636000 ) ) ;
#2702 = CARTESIAN_POINT ( 'NONE',  ( -3.279999999999998900, 0.0000000000000000000, 3.380000000000000300 ) ) ;
#2703 = STYLED_ITEM ( 'NONE', ( #2637 ), #2742 ) ;
#2704 = VECTOR ( 'NONE', #3400, 1000.000000000000000 ) ;
#2705 = CARTESIAN_POINT ( 'NONE',  ( 2.024109412472069100, 2.998999999999999700, 0.9920454026602213400 ) ) ;
#2706 = STYLED_ITEM ( 'NONE', ( #143 ), #1407 ) ;
#2707 = ORIENTED_EDGE ( 'NONE', *, *, #3163, .T. ) ;
#2708 = EDGE_CURVE ( 'NONE', #1034, #2754, #2875, .T. ) ;
#2709 = ORIENTED_EDGE ( 'NONE', *, *, #172, .T. ) ;
#2710 = STYLED_ITEM ( 'NONE', ( #2941 ), #3246 ) ;
#2711 = ORIENTED_EDGE ( 'NONE', *, *, #3421, .T. ) ;
#2712 = CARTESIAN_POINT ( 'NONE',  ( 2.820885408600847900, 2.999000000000000100, -0.9158986695768035500 ) ) ;
#2713 = ORIENTED_EDGE ( 'NONE', *, *, #366, .T. ) ;
#2714 = SURFACE_STYLE_USAGE ( .BOTH. , #3181 ) ;
#2715 = CARTESIAN_POINT ( 'NONE',  ( -0.6752844515740391600, 3.000000000000000000, -0.5934747938813957900 ) ) ;
#2716 = DIRECTION ( 'NONE',  ( 1.000000000000000000, 0.0000000000000000000, 0.0000000000000000000 ) ) ;
#2717 =( LENGTH_UNIT ( ) NAMED_UNIT ( * ) SI_UNIT ( .MILLI., .METRE. ) );
#2718 = VECTOR ( 'NONE', #1825, 1000.000000000000000 ) ;
#2719 = EDGE_LOOP ( 'NONE', ( #2476, #2796, #1351, #608 ) ) ;
#2720 = FACE_OUTER_BOUND ( 'NONE', #1416, .T. ) ;
#2721 =( NAMED_UNIT ( * ) PLANE_ANGLE_UNIT ( ) SI_UNIT ( $, .RADIAN. ) );
#2722 = ORIENTED_EDGE ( 'NONE', *, *, #2122, .F. ) ;
#2723 = SURFACE_SIDE_STYLE ('',( #558 ) ) ;
#2724 = ADVANCED_FACE ( 'NONE', ( #1471 ), #921, .T. ) ;
#2725 = CARTESIAN_POINT ( 'NONE',  ( 2.678535947141055900, 2.999999999999998700, -0.9270899025266332600 ) ) ;
#2726 = ORIENTED_EDGE ( 'NONE', *, *, #3163, .F. ) ;
#2727 = EDGE_CURVE ( 'NONE', #2191, #1296, #154, .T. ) ;
#2728 = FILL_AREA_STYLE ('',( #2622 ) ) ;
#2729 = CARTESIAN_POINT ( 'NONE',  ( 1.536069100414741500, 2.999000000000000100, -1.612203205586985300 ) ) ;
#2730 =( GEOMETRIC_REPRESENTATION_CONTEXT ( 3 ) GLOBAL_UNCERTAINTY_ASSIGNED_CONTEXT ( ( #1683 ) ) GLOBAL_UNIT_ASSIGNED_CONTEXT ( ( #2404, #2437, #2621 ) ) REPRESENTATION_CONTEXT ( 'NONE', 'WORKASPACE' ) );
#2731 = VECTOR ( 'NONE', #2835, 1000.000000000000000 ) ;
#2732 = CARTESIAN_POINT ( 'NONE',  ( 2.274720874180870200, 2.999999999999999600, 1.283985375870817300 ) ) ;
#2733 = MECHANICAL_DESIGN_GEOMETRIC_PRESENTATION_REPRESENTATION (  '', ( #2203 ), #2896 ) ;
#2734 = CARTESIAN_POINT ( 'NONE',  ( 2.152133171637987900, 2.999000000000000100, 1.046443372618726300 ) ) ;
#2735 = VERTEX_POINT ( 'NONE', #1459 ) ;
#2736 = ORIENTED_EDGE ( 'NONE', *, *, #408, .T. ) ;
#2737 = CARTESIAN_POINT ( 'NONE',  ( 1.545847908274908600, 3.000000000000000000, -0.2884809478724699200 ) ) ;
#2738 = EDGE_CURVE ( 'NONE', #2831, #1206, #2860, .T. ) ;
#2739 = CARTESIAN_POINT ( 'NONE',  ( -0.4216918137787590800, 2.999000000000000100, 0.5390452848587613500 ) ) ;
#2740 = DIRECTION ( 'NONE',  ( 0.0000000000000000000, -1.000000000000000000, 0.0000000000000000000 ) ) ;
#2741 = CARTESIAN_POINT ( 'NONE',  ( 1.708557197792374100, 2.998999999999999200, 0.9936023903550329500 ) ) ;
#2742 = ADVANCED_FACE ( 'NONE', ( #1207 ), #2209, .T. ) ;
#2743 = CARTESIAN_POINT ( 'NONE',  ( 1.495765216293155600, 3.000000000000000000, -1.646667900346034300 ) ) ;
#2744 = CARTESIAN_POINT ( 'NONE',  ( 1.532423870139309600, 2.999000000000000100, -0.3005140541921877400 ) ) ;
#2745 = FILL_AREA_STYLE_COLOUR ( '', #738 ) ;
#2746 = SURFACE_STYLE_FILL_AREA ( #1857 ) ;
#2747 = DIRECTION ( 'NONE',  ( 0.0000000000000000000, 0.0000000000000000000, -1.000000000000000000 ) ) ;
#2748 =( NAMED_UNIT ( * ) SI_UNIT ( $, .STERADIAN. ) SOLID_ANGLE_UNIT ( ) );
#2749 = CARTESIAN_POINT ( 'NONE',  ( 1.864254925554881700, 3.000000000000000000, 1.092929013155010000 ) ) ;
#2750 = ORIENTED_EDGE ( 'NONE', *, *, #1494, .T. ) ;
#2751 = CARTESIAN_POINT ( 'NONE',  ( 2.281391061627108900, 3.000000000000000000, -1.213061935310422800 ) ) ;
#2752 = DIRECTION ( 'NONE',  ( 0.0000000000000000000, 0.0000000000000000000, -1.000000000000000000 ) ) ;
#2753 = ORIENTED_EDGE ( 'NONE', *, *, #1446, .F. ) ;
#2754 = VERTEX_POINT ( 'NONE', #2576 ) ;
#2755 = EDGE_CURVE ( 'NONE', #1570, #2735, #2081, .T. ) ;
#2756 = CARTESIAN_POINT ( 'NONE',  ( 2.413133004754694200, 3.000000000000000000, 1.133079695807812400 ) ) ;
#2757 = PRESENTATION_STYLE_ASSIGNMENT (( #2350 ) ) ;
#2758 = CARTESIAN_POINT ( 'NONE',  ( 1.340116177831617300, 2.999000000000000100, -1.646667900346034300 ) ) ;
#2759 = ADVANCED_FACE ( 'NONE', ( #2387 ), #2244, .T. ) ;
#2760 = SURFACE_STYLE_FILL_AREA ( #2728 ) ;
#2761 =( NAMED_UNIT ( * ) SI_UNIT ( $, .STERADIAN. ) SOLID_ANGLE_UNIT ( ) );
#2762 = AXIS2_PLACEMENT_3D ( 'NONE', #2826, #2814, #2441 ) ;
#2763 = CARTESIAN_POINT ( 'NONE',  ( 0.6117278318905272600, 3.000000000000000000, -1.056249203330220200 ) ) ;
#2764 = ORIENTED_EDGE ( 'NONE', *, *, #666, .F. ) ;
#2765 = ORIENTED_EDGE ( 'NONE', *, *, #1465, .F. ) ;
#2766 = SURFACE_STYLE_USAGE ( .BOTH. , #902 ) ;
#2767 = ORIENTED_EDGE ( 'NONE', *, *, #109, .F. ) ;
#2768 = FACE_OUTER_BOUND ( 'NONE', #1295, .T. ) ;
#2769 = DIRECTION ( 'NONE',  ( 1.000000000000000000, 0.0000000000000000000, 0.0000000000000000000 ) ) ;
#2770 = CARTESIAN_POINT ( 'NONE',  ( 2.281391061627109400, 2.999000000000000600, 1.094630372381885100 ) ) ;
#2771 = LINE ( 'NONE', #417, #2078 ) ;
#2772 = CARTESIAN_POINT ( 'NONE',  ( -1.017344136613405300, 3.000000000000000000, -0.6442699907317904800 ) ) ;
#2773 = CARTESIAN_POINT ( 'NONE',  ( 2.775247423879655600, 2.999999999999999100, -0.9173084878352707500 ) ) ;
#2774 = DIRECTION ( 'NONE',  ( -0.0000000000000000000, 1.000000000000000000, -0.0000000000000000000 ) ) ;
#2775 = LINE ( 'NONE', #2322, #3384 ) ;
#2776 =( GEOMETRIC_REPRESENTATION_CONTEXT ( 3 ) GLOBAL_UNCERTAINTY_ASSIGNED_CONTEXT ( ( #2194 ) ) GLOBAL_UNIT_ASSIGNED_CONTEXT ( ( #2340, #748, #2614 ) ) REPRESENTATION_CONTEXT ( 'NONE', 'WORKASPACE' ) );
#2777 = CARTESIAN_POINT ( 'NONE',  ( 1.625082582934020500, 2.999000000000000600, -0.3911249332395692100 ) ) ;
#2778 =( GEOMETRIC_REPRESENTATION_CONTEXT ( 3 ) GLOBAL_UNCERTAINTY_ASSIGNED_CONTEXT ( ( #3255 ) ) GLOBAL_UNIT_ASSIGNED_CONTEXT ( ( #596, #580, #573 ) ) REPRESENTATION_CONTEXT ( 'NONE', 'WORKASPACE' ) );
#2779 = ORIENTED_EDGE ( 'NONE', *, *, #3179, .T. ) ;
#2780 = ORIENTED_EDGE ( 'NONE', *, *, #2663, .F. ) ;
#2781 = EDGE_CURVE ( 'NONE', #2446, #731, #2656, .T. ) ;
#2782 = CARTESIAN_POINT ( 'NONE',  ( 2.369291950611821300, 2.999000000000000100, 1.120284538623585800 ) ) ;
#2783 = LINE ( 'NONE', #1147, #747 ) ;
#2784 = SURFACE_STYLE_FILL_AREA ( #1708 ) ;
#2785 = CARTESIAN_POINT ( 'NONE',  ( 2.274720874180870200, 2.999000000000000100, 0.1301392220246633800 ) ) ;
#2786 = CARTESIAN_POINT ( 'NONE',  ( 2.820885408600847900, 2.999000000000000100, -1.108206361884495900 ) ) ;
#2787 = CARTESIAN_POINT ( 'NONE',  ( 2.024109412472070000, 3.000000000000000400, -0.1618007511859324600 ) ) ;
#2788 = CARTESIAN_POINT ( 'NONE',  ( -1.394999999999999400, -0.1000000000000000100, 2.500000000000000000 ) ) ;
#2789 = SURFACE_STYLE_USAGE ( .BOTH. , #927 ) ;
#2790 =( LENGTH_UNIT ( ) NAMED_UNIT ( * ) SI_UNIT ( .MILLI., .METRE. ) );
#2791 = SURFACE_STYLE_FILL_AREA ( #60 ) ;
#2792 = CARTESIAN_POINT ( 'NONE',  ( 1.616233160057057200, 2.999000000000000100, -1.383009058606939500 ) ) ;
#2793 = ORIENTED_EDGE ( 'NONE', *, *, #2847, .F. ) ;
#2794 = CARTESIAN_POINT ( 'NONE',  ( 2.457965621820876300, 3.000000000000000000, 0.1826089378637545100 ) ) ;
#2795 = COLOUR_RGB ( '',0.7921568627450980000, 0.8196078431372548800, 0.9333333333333333500 ) ;
#2796 = ORIENTED_EDGE ( 'NONE', *, *, #1275, .F. ) ;
#2797 = CARTESIAN_POINT ( 'NONE',  ( 2.413133004754694200, 3.000000000000000000, 1.133079695807812400 ) ) ;
#2798 = CARTESIAN_POINT ( 'NONE',  ( 1.495765216293155600, 3.000000000000000000, 0.6610244073462739900 ) ) ;
#2799 = SURFACE_STYLE_USAGE ( .BOTH. , #2599 ) ;
#2800 = SURFACE_STYLE_USAGE ( .BOTH. , #938 ) ;
#2801 = CARTESIAN_POINT ( 'NONE',  ( 2.413133004754694200, 2.999000000000000100, 1.133079695807812400 ) ) ;
#2802 = EDGE_CURVE ( 'NONE', #2605, #2073, #1241, .T. ) ;
#2803 = ORIENTED_EDGE ( 'NONE', *, *, #1909, .F. ) ;
#2804 = CARTESIAN_POINT ( 'NONE',  ( 2.457965621820876300, 2.999000000000000100, -0.9712372159823994300 ) ) ;
#2805 = UNCERTAINTY_MEASURE_WITH_UNIT (LENGTH_MEASURE( 1.000000000000000100E-005 ), #2237, 'distance_accuracy_value', 'NONE');
#2806 = CARTESIAN_POINT ( 'NONE',  ( 1.509002830109456700, 2.999000000000000600, -0.4815019858996199600 ) ) ;
#2807 = ORIENTED_EDGE ( 'NONE', *, *, #2272, .F. ) ;
#2808 = STYLED_ITEM ( 'NONE', ( #1890 ), #2230 ) ;
#2809 = CARTESIAN_POINT ( 'NONE',  ( 1.545847908274908600, 3.000000000000000400, -0.2884809478724699200 ) ) ;
#2810 = SURFACE_STYLE_FILL_AREA ( #1905 ) ;
#2811 = ORIENTED_EDGE ( 'NONE', *, *, #85, .F. ) ;
#2812 = CARTESIAN_POINT ( 'NONE',  ( 2.281391061627109800, 3.000000000000000900, -0.05921578146426875100 ) ) ;
#2813 = DIRECTION ( 'NONE',  ( -0.0000000000000000000, 1.000000000000000000, -0.0000000000000000000 ) ) ;
#2814 = DIRECTION ( 'NONE',  ( 0.0000000000000000000, 0.0000000000000000000, 1.000000000000000000 ) ) ;
#2815 = SURFACE_STYLE_USAGE ( .BOTH. , #3317 ) ;
#2816 = CARTESIAN_POINT ( 'NONE',  ( 2.413133004754694200, 2.999000000000000100, -0.02076645803834160200 ) ) ;
#2817 = ORIENTED_EDGE ( 'NONE', *, *, #1465, .T. ) ;
#2818 = DIRECTION ( 'NONE',  ( 0.0000000000000000000, 0.0000000000000000000, -1.000000000000000000 ) ) ;
#2819 = EDGE_LOOP ( 'NONE', ( #2607, #824, #2722, #2780 ) ) ;
#2820 = FILL_AREA_STYLE ('',( #2561 ) ) ;
#2821 = PLANE ( 'NONE',  #2287 ) ;
#2822 = MECHANICAL_DESIGN_GEOMETRIC_PRESENTATION_REPRESENTATION (  '', ( #2466 ), #2977 ) ;
#2823 = DIRECTION ( 'NONE',  ( -1.000000000000000000, 0.0000000000000000000, 0.0000000000000000000 ) ) ;
#2824 =( GEOMETRIC_REPRESENTATION_CONTEXT ( 3 ) GLOBAL_UNCERTAINTY_ASSIGNED_CONTEXT ( ( #2303 ) ) GLOBAL_UNIT_ASSIGNED_CONTEXT ( ( #1656, #1748, #1768 ) ) REPRESENTATION_CONTEXT ( 'NONE', 'WORKASPACE' ) );
#2825 = APPLICATION_CONTEXT ( 'automotive_design' ) ;
#2826 = CARTESIAN_POINT ( 'NONE',  ( -3.279999999999999800, 3.000000000000000000, -3.379999999999999400 ) ) ;
#2827 = EDGE_CURVE ( 'NONE', #2281, #890, #617, .T. ) ;
#2828 = CARTESIAN_POINT ( 'NONE',  ( 1.495765216293155600, 2.999000000000000100, 0.6610244073462739900 ) ) ;
#2829 = AXIS2_PLACEMENT_3D ( 'NONE', #3066, #448, #2305 ) ;
#2830 = CARTESIAN_POINT ( 'NONE',  ( 2.154014702461950500, 2.999000000000001000, 1.238366243364799900 ) ) ;
#2831 = VERTEX_POINT ( 'NONE', #2797 ) ;
#2832 = CARTESIAN_POINT ( 'NONE',  ( 2.369291950611820900, 2.999000000000000100, -0.03356161522256832800 ) ) ;
#2833 = CARTESIAN_POINT ( 'NONE',  ( 2.805953668349054500, 2.999999999999999600, 1.391332376730579900 ) ) ;
#2834 =( NAMED_UNIT ( * ) SI_UNIT ( $, .STERADIAN. ) SOLID_ANGLE_UNIT ( ) );
#2835 = DIRECTION ( 'NONE',  ( 0.0000000000000000000, 0.0000000000000000000, 1.000000000000000000 ) ) ;
#2836 = DIRECTION ( 'NONE',  ( -1.000000000000000000, -0.0000000000000000000, 7.116198643863074100E-015 ) ) ;
#2837 = VECTOR ( 'NONE', #2550, 1000.000000000000000 ) ;
#2838 =( GEOMETRIC_REPRESENTATION_CONTEXT ( 3 ) GLOBAL_UNCERTAINTY_ASSIGNED_CONTEXT ( ( #2572 ) ) GLOBAL_UNIT_ASSIGNED_CONTEXT ( ( #1659, #1579, #1648 ) ) REPRESENTATION_CONTEXT ( 'NONE', 'WORKASPACE' ) );
#2839 = ORIENTED_EDGE ( 'NONE', *, *, #3069, .F. ) ;
#2840 = CARTESIAN_POINT ( 'NONE',  ( 1.864254925554881700, 2.999000000000000100, 1.092929013155010000 ) ) ;
#2841 = CARTESIAN_POINT ( 'NONE',  ( 2.516515676244705600, 3.000000000000000400, -0.9569628118905491000 ) ) ;
#2842 = ORIENTED_EDGE ( 'NONE', *, *, #348, .F. ) ;
#2843 = ORIENTED_EDGE ( 'NONE', *, *, #62, .F. ) ;
#2844 = AXIS2_PLACEMENT_3D ( 'NONE', #3259, #626, #3281 ) ;
#2845 = MECHANICAL_DESIGN_GEOMETRIC_PRESENTATION_REPRESENTATION (  '', ( #2317 ), #3003 ) ;
#2846 = B_SPLINE_CURVE_WITH_KNOTS ( 'NONE', 3,
 ( #1279, #1417, #1565, #3144, #2899, #3209, #3167 ),
 .UNSPECIFIED., .F., .F.,
 ( 4, 1, 1, 1, 4 ),
 ( 0.0000000000000000000, 0.2372165186042107800, 0.4825864912431359600, 0.7368469271779308800, 0.9999999999999998900 ),
 .UNSPECIFIED. ) ;
#2847 = EDGE_CURVE ( 'NONE', #2016, #1515, #3261, .T. ) ;
#2848 = FILL_AREA_STYLE ('',( #2149 ) ) ;
#2849 =( NAMED_UNIT ( * ) PLANE_ANGLE_UNIT ( ) SI_UNIT ( $, .RADIAN. ) );
#2850 = ORIENTED_EDGE ( 'NONE', *, *, #3145, .T. ) ;
#2851 = ORIENTED_EDGE ( 'NONE', *, *, #3237, .T. ) ;
#2852 = CARTESIAN_POINT ( 'NONE',  ( -2.342543542519445000, 2.999000000000000100, -3.000000000000000000 ) ) ;
#2853 = CARTESIAN_POINT ( 'NONE',  ( -1.460944057873250000, 2.999000000000000100, -0.4915082190782411000 ) ) ;
#2854 = LINE ( 'NONE', #575, #2148 ) ;
#2855 = VECTOR ( 'NONE', #3260, 1000.000000000000000 ) ;
#2856 = LINE ( 'NONE', #3354, #1445 ) ;
#2857 = SURFACE_SIDE_STYLE ('',( #299 ) ) ;
#2858 = EDGE_LOOP ( 'NONE', ( #744, #233, #2842, #2228 ) ) ;
#2859 = DIRECTION ( 'NONE',  ( -0.0000000000000000000, 1.000000000000000000, -0.0000000000000000000 ) ) ;
#2860 = B_SPLINE_CURVE_WITH_KNOTS ( 'NONE', 3,
 ( #1486, #1171, #165, #2032, #430, #2286, #694 ),
 .UNSPECIFIED., .F., .F.,
 ( 4, 1, 1, 1, 4 ),
 ( 0.0000000000000000000, 0.2372165186042107800, 0.4825864912431359600, 0.7368469271779308800, 0.9999999999999998900 ),
 .UNSPECIFIED. ) ;
#2861 = PRESENTATION_LAYER_ASSIGNMENT (  '', '', ( #2519 ) ) ;
#2862 = CARTESIAN_POINT ( 'NONE',  ( 0.7069589736228169000, 2.999000000000000100, -0.05331455766092815800 ) ) ;
#2863 = EDGE_CURVE ( 'NONE', #1196, #225, #1869, .T. ) ;
#2864 = CARTESIAN_POINT ( 'NONE',  ( 1.929896624087111400, 2.998999999999999700, 0.9443713963365805200 ) ) ;
#2865 = CARTESIAN_POINT ( 'NONE',  ( 1.067741729528328000, 2.999000000000000100, 0.6193868202918284500 ) ) ;
#2866 =( GEOMETRIC_REPRESENTATION_CONTEXT ( 3 ) GLOBAL_UNCERTAINTY_ASSIGNED_CONTEXT ( ( #1463 ) ) GLOBAL_UNIT_ASSIGNED_CONTEXT ( ( #182, #2046, #445 ) ) REPRESENTATION_CONTEXT ( 'NONE', 'WORKASPACE' ) );
#2867 = COLOUR_RGB ( '',1.000000000000000000, 1.000000000000000000, 1.000000000000000000 ) ;
#2868 = CARTESIAN_POINT ( 'NONE',  ( 2.820885408600847900, 3.000000000000000000, -1.108206361884495900 ) ) ;
#2869 = CARTESIAN_POINT ( 'NONE',  ( 0.4486085405519431000, 3.000000000000000000, -0.7620540852199885200 ) ) ;
#2870 = SURFACE_STYLE_USAGE ( .BOTH. , #2857 ) ;
#2871 = VECTOR ( 'NONE', #484, 1000.000000000000000 ) ;
#2872 = ORIENTED_EDGE ( 'NONE', *, *, #686, .T. ) ;
#2873 = ORIENTED_EDGE ( 'NONE', *, *, #218, .F. ) ;
#2874 = SURFACE_STYLE_FILL_AREA ( #1437 ) ;
#2875 = LINE ( 'NONE', #2510, #830 ) ;
#2876 = SURFACE_STYLE_FILL_AREA ( #2438 ) ;
#2877 = AXIS2_PLACEMENT_3D ( 'NONE', #2786, #1182, #3037 ) ;
#2878 = VECTOR ( 'NONE', #2544, 1000.000000000000000 ) ;
#2879 =( GEOMETRIC_REPRESENTATION_CONTEXT ( 3 ) GLOBAL_UNCERTAINTY_ASSIGNED_CONTEXT ( ( #1050 ) ) GLOBAL_UNIT_ASSIGNED_CONTEXT ( ( #91, #292, #271 ) ) REPRESENTATION_CONTEXT ( 'NONE', 'WORKASPACE' ) );
#2880 = ORIENTED_EDGE ( 'NONE', *, *, #1011, .T. ) ;
#2881 = AXIS2_PLACEMENT_3D ( 'NONE', #1394, #791, #2747 ) ;
#2882 = EDGE_CURVE ( 'NONE', #1396, #2386, #459, .T. ) ;
#2883 = ORIENTED_EDGE ( 'NONE', *, *, #2058, .T. ) ;
#2884 = PLANE ( 'NONE',  #752 ) ;
#2885 = AXIS2_PLACEMENT_3D ( 'NONE', #1404, #2740, #3001 ) ;
#2886 = ORIENTED_EDGE ( 'NONE', *, *, #640, .T. ) ;
#2887 = CARTESIAN_POINT ( 'NONE',  ( 2.820885408600847900, 3.000000000000000000, 1.199485945807812400 ) ) ;
#2888 = SURFACE_STYLE_USAGE ( .BOTH. , #2633 ) ;
#2889 = ORIENTED_EDGE ( 'NONE', *, *, #2827, .T. ) ;
#2890 = DIRECTION ( 'NONE',  ( 1.000000000000000000, 0.0000000000000000000, 0.0000000000000000000 ) ) ;
#2891 =( LENGTH_UNIT ( ) NAMED_UNIT ( * ) SI_UNIT ( .MILLI., .METRE. ) );
#2892 = EDGE_CURVE ( 'NONE', #3404, #2396, #2498, .T. ) ;
#2893 = PLANE ( 'NONE',  #2107 ) ;
#2894 = FILL_AREA_STYLE ('',( #5 ) ) ;
#2895 = PRESENTATION_STYLE_ASSIGNMENT (( #2766 ) ) ;
#2896 =( GEOMETRIC_REPRESENTATION_CONTEXT ( 3 ) GLOBAL_UNCERTAINTY_ASSIGNED_CONTEXT ( ( #2129 ) ) GLOBAL_UNIT_ASSIGNED_CONTEXT ( ( #1186, #3042, #1466 ) ) REPRESENTATION_CONTEXT ( 'NONE', 'WORKASPACE' ) );
#2897 = VECTOR ( 'NONE', #173, 1000.000000000000000 ) ;
#2898 = CARTESIAN_POINT ( 'NONE',  ( 2.281391061627108900, 3.000000000000000000, -1.213061935310422800 ) ) ;
#2899 = CARTESIAN_POINT ( 'NONE',  ( 2.713525806077725600, 2.998999999999999700, 1.191022566291716200 ) ) ;
#2900 = EDGE_CURVE ( 'NONE', #1535, #318, #1058, .T. ) ;
#2901 = UNCERTAINTY_MEASURE_WITH_UNIT (LENGTH_MEASURE( 1.000000000000000100E-005 ), #222, 'distance_accuracy_value', 'NONE');
#2902 = CARTESIAN_POINT ( 'NONE',  ( 2.820885408600847900, 3.000000000000000000, 0.2379474842693507800 ) ) ;
#2903 = PRESENTATION_STYLE_ASSIGNMENT (( #1092 ) ) ;
#2904 = CARTESIAN_POINT ( 'NONE',  ( 2.820885408600847900, 2.999000000000000100, 0.04563979196165846000 ) ) ;
#2905 = LINE ( 'NONE', #1210, #1413 ) ;
#2906 = UNCERTAINTY_MEASURE_WITH_UNIT (LENGTH_MEASURE( 1.000000000000000100E-005 ), #2283, 'distance_accuracy_value', 'NONE');
#2907 = EDGE_LOOP ( 'NONE', ( #3158, #1422, #1448, #187 ) ) ;
#2908 = ORIENTED_EDGE ( 'NONE', *, *, #1011, .F. ) ;
#2909 = VECTOR ( 'NONE', #1220, 1000.000000000000000 ) ;
#2910 = ORIENTED_EDGE ( 'NONE', *, *, #1537, .F. ) ;
#2911 =( LENGTH_UNIT ( ) NAMED_UNIT ( * ) SI_UNIT ( .MILLI., .METRE. ) );
#2912 = SURFACE_STYLE_USAGE ( .BOTH. , #2920 ) ;
#2913 =( LENGTH_UNIT ( ) NAMED_UNIT ( * ) SI_UNIT ( .MILLI., .METRE. ) );
#2914 = DIRECTION ( 'NONE',  ( 0.0000000000000000000, 0.0000000000000000000, -1.000000000000000000 ) ) ;
#2915 = ORIENTED_EDGE ( 'NONE', *, *, #2892, .F. ) ;
#2916 = ORIENTED_EDGE ( 'NONE', *, *, #807, .F. ) ;
#2917 = STYLED_ITEM ( 'NONE', ( #2415 ), #364 ) ;
#2918 = EDGE_CURVE ( 'NONE', #546, #3153, #1956, .T. ) ;
#2919 = CARTESIAN_POINT ( 'NONE',  ( 1.532423870139309600, 2.999000000000000100, 1.622562868884735600 ) ) ;
#2920 = SURFACE_SIDE_STYLE ('',( #270 ) ) ;
#2921 = PRESENTATION_LAYER_ASSIGNMENT (  '', '', ( #2593 ) ) ;
#2922 = VECTOR ( 'NONE', #2752, 1000.000000000000000 ) ;
#2923 = SURFACE_SIDE_STYLE ('',( #214 ) ) ;
#2924 = ORIENTED_EDGE ( 'NONE', *, *, #35, .T. ) ;
#2925 = CARTESIAN_POINT ( 'NONE',  ( 2.728064011027712300, 2.999000000000001400, -0.9215030838983391300 ) ) ;
#2926 = CARTESIAN_POINT ( 'NONE',  ( 2.820885408600847900, 2.999000000000000100, 0.2379474842693507800 ) ) ;
#2927 = CARTESIAN_POINT ( 'NONE',  ( 1.495765216293155600, 2.999000000000000100, -0.4928217464998799800 ) ) ;
#2928 =( NAMED_UNIT ( * ) PLANE_ANGLE_UNIT ( ) SI_UNIT ( $, .RADIAN. ) );
#2929 = ADVANCED_FACE ( 'NONE', ( #1711 ), #2821, .F. ) ;
#2930 = FACE_OUTER_BOUND ( 'NONE', #2341, .T. ) ;
#2931 = DIRECTION ( 'NONE',  ( -1.000000000000000000, -0.0000000000000000000, -0.0000000000000000000 ) ) ;
#2932 = STYLED_ITEM ( 'NONE', ( #2993 ), #1349 ) ;
#2933 = COLOUR_RGB ( '',1.000000000000000000, 1.000000000000000000, 1.000000000000000000 ) ;
#2934 = EDGE_CURVE ( 'NONE', #552, #3153, #2336, .T. ) ;
#2935 =( LENGTH_UNIT ( ) NAMED_UNIT ( * ) SI_UNIT ( .MILLI., .METRE. ) );
#2936 = FILL_AREA_STYLE ('',( #1093 ) ) ;
#2937 = CARTESIAN_POINT ( 'NONE',  ( 2.413133004754694200, 2.999000000000000100, -1.174612611884495900 ) ) ;
#2938 =( NAMED_UNIT ( * ) SI_UNIT ( $, .STERADIAN. ) SOLID_ANGLE_UNIT ( ) );
#2939 = EDGE_LOOP ( 'NONE', ( #56, #2033, #274, #18 ) ) ;
#2940 = ORIENTED_EDGE ( 'NONE', *, *, #2082, .T. ) ;
#2941 = PRESENTATION_STYLE_ASSIGNMENT (( #1717 ) ) ;
#2942 = ADVANCED_FACE ( 'NONE', ( #1453 ), #3268, .T. ) ;
#2943 = FILL_AREA_STYLE ('',( #3021 ) ) ;
#2944 = CARTESIAN_POINT ( 'NONE',  ( -2.342543542519445000, 3.000000000000000000, 3.000000000000000000 ) ) ;
#2945 = FACE_OUTER_BOUND ( 'NONE', #1879, .T. ) ;
#2946 = CARTESIAN_POINT ( 'NONE',  ( 2.369291950611821300, 2.999000000000000100, -1.187407769068722600 ) ) ;
#2947 = CARTESIAN_POINT ( 'NONE',  ( -1.394999999999999400, -0.1000000000000000100, 2.500000000000000000 ) ) ;
#2948 = VECTOR ( 'NONE', #1170, 1000.000000000000000 ) ;
#2949 = ORIENTED_EDGE ( 'NONE', *, *, #2321, .T. ) ;
#2950 = STYLED_ITEM ( 'NONE', ( #2101 ), #802 ) ;
#2951 = ORIENTED_EDGE ( 'NONE', *, *, #2738, .F. ) ;
#2952 = SURFACE_STYLE_FILL_AREA ( #368 ) ;
#2953 = DIRECTION ( 'NONE',  ( -1.000000000000000000, 0.0000000000000000000, -0.0000000000000000000 ) ) ;
#2954 = ORIENTED_EDGE ( 'NONE', *, *, #2011, .T. ) ;
#2955 = FACE_BOUND ( 'NONE', #864, .T. ) ;
#2956 = CARTESIAN_POINT ( 'NONE',  ( 2.820885408600847900, 2.999000000000000100, 0.04563979196165846000 ) ) ;
#2957 = CARTESIAN_POINT ( 'NONE',  ( -0.7506281523614419800, 3.000000000000000000, -0.9325178647475422800 ) ) ;
#2958 = VERTEX_POINT ( 'NONE', #1722 ) ;
#2959 = CARTESIAN_POINT ( 'NONE',  ( 1.674202334968583300, 2.999000000000000100, -1.511670103368702100 ) ) ;
#2960 = VERTEX_POINT ( 'NONE', #1425 ) ;
#2961 = CARTESIAN_POINT ( 'NONE',  ( 2.413133004754694200, 3.000000000000000000, -1.174612611884495900 ) ) ;
#2962 = CARTESIAN_POINT ( 'NONE',  ( 2.626830547245513300, 2.999000000000001000, 1.372711501351149100 ) ) ;
#2963 = ADVANCED_FACE ( 'NONE', ( #3210 ), #3020, .F. ) ;
#2964 =( NAMED_UNIT ( * ) PLANE_ANGLE_UNIT ( ) SI_UNIT ( $, .RADIAN. ) );
#2965 = CARTESIAN_POINT ( 'NONE',  ( 1.661100619080114100, 3.000000000000000400, -0.1942032417838565900 ) ) ;
#2966 =( LENGTH_UNIT ( ) NAMED_UNIT ( * ) SI_UNIT ( .MILLI., .METRE. ) );
#2967 = CARTESIAN_POINT ( 'NONE',  ( 1.864254925554881900, 2.999000000000000600, -1.214763294537297900 ) ) ;
#2968 = DIRECTION ( 'NONE',  ( 0.0000000000000000000, 0.0000000000000000000, 1.000000000000000000 ) ) ;
#2969 = VECTOR ( 'NONE', #3332, 1000.000000000000000 ) ;
#2970 = CARTESIAN_POINT ( 'NONE',  ( -3.029999999999999800, 3.000000000000000000, -3.129999999999999000 ) ) ;
#2971 = CARTESIAN_POINT ( 'NONE',  ( 1.625082582934020500, 2.999000000000000600, -1.544971087085723400 ) ) ;
#2972 = VERTEX_POINT ( 'NONE', #1733 ) ;
#2973 = CARTESIAN_POINT ( 'NONE',  ( 2.154014702461950500, 3.000000000000000900, 1.238366243364799900 ) ) ;
#2974 = PRESENTATION_STYLE_ASSIGNMENT (( #2888 ) ) ;
#2975 = ORIENTED_EDGE ( 'NONE', *, *, #2494, .T. ) ;
#2976 = COLOUR_RGB ( '',1.000000000000000000, 1.000000000000000000, 1.000000000000000000 ) ;
#2977 =( GEOMETRIC_REPRESENTATION_CONTEXT ( 3 ) GLOBAL_UNCERTAINTY_ASSIGNED_CONTEXT ( ( #3263 ) ) GLOBAL_UNIT_ASSIGNED_CONTEXT ( ( #2790, #2964, #2531 ) ) REPRESENTATION_CONTEXT ( 'NONE', 'WORKASPACE' ) );
#2978 = EDGE_CURVE ( 'NONE', #878, #2062, #603, .T. ) ;
#2979 = CARTESIAN_POINT ( 'NONE',  ( 2.728064011027710600, 2.999000000000000100, 0.2323430699478157300 ) ) ;
#2980 = PRESENTATION_STYLE_ASSIGNMENT (( #2381 ) ) ;
#2981 = PRODUCT_DEFINITION ( 'UNKNOWN', '', #3168, #1385 ) ;
#2982 = VECTOR ( 'NONE', #3303, 1000.000000000000000 ) ;
#2983 = ADVANCED_FACE ( 'NONE', ( #1942 ), #409, .F. ) ;
#2984 = FILL_AREA_STYLE ('',( #667 ) ) ;
#2985 = ORIENTED_EDGE ( 'NONE', *, *, #3365, .F. ) ;
#2986 = DIRECTION ( 'NONE',  ( -1.000000000000000000, -0.0000000000000000000, 0.0000000000000000000 ) ) ;
#2987 = ORIENTED_EDGE ( 'NONE', *, *, #3347, .T. ) ;
#2988 = CARTESIAN_POINT ( 'NONE',  ( -1.460944057873250000, 3.000000000000000000, -0.4915082190782411000 ) ) ;
#2989 = VECTOR ( 'NONE', #2594, 1000.000000000000000 ) ;
#2990 = ORIENTED_EDGE ( 'NONE', *, *, #506, .T. ) ;
#2991 = UNCERTAINTY_MEASURE_WITH_UNIT (LENGTH_MEASURE( 1.000000000000000100E-005 ), #1967, 'distance_accuracy_value', 'NONE');
#2992 = CARTESIAN_POINT ( 'NONE',  ( 1.661100619080114100, 2.999000000000001000, 0.9596429120622976800 ) ) ;
#2993 = PRESENTATION_STYLE_ASSIGNMENT (( #2912 ) ) ;
#2994 = FILL_AREA_STYLE ('',( #3278 ) ) ;
#2995 = CARTESIAN_POINT ( 'NONE',  ( 1.394999999999999400, -0.1000000000000000100, 2.500000000000000400 ) ) ;
#2996 = ORIENTED_EDGE ( 'NONE', *, *, #450, .T. ) ;
#2997 = ORIENTED_EDGE ( 'NONE', *, *, #2610, .F. ) ;
#2998 = FILL_AREA_STYLE_COLOUR ( '', #1615 ) ;
#2999 = B_SPLINE_CURVE_WITH_KNOTS ( 'NONE', 3,
 ( #2047, #1285, #2188, #522 ),
 .UNSPECIFIED., .F., .F.,
 ( 4, 4 ),
 ( 0.8181818181818183400, 0.9090909090909092800 ),
 .UNSPECIFIED. ) ;
#3000 = CARTESIAN_POINT ( 'NONE',  ( -3.279999999999998900, 3.000000000000000000, 3.129999999999998100 ) ) ;
#3001 = DIRECTION ( 'NONE',  ( 0.0000000000000000000, 0.0000000000000000000, -1.000000000000000000 ) ) ;
#3002 = AXIS2_PLACEMENT_3D ( 'NONE', #1747, #1949, #320 ) ;
#3003 =( GEOMETRIC_REPRESENTATION_CONTEXT ( 3 ) GLOBAL_UNCERTAINTY_ASSIGNED_CONTEXT ( ( #582 ) ) GLOBAL_UNIT_ASSIGNED_CONTEXT ( ( #2966, #1390, #3234 ) ) REPRESENTATION_CONTEXT ( 'NONE', 'WORKASPACE' ) );
#3004 = CARTESIAN_POINT ( 'NONE',  ( 1.758162665760972800, 3.000000000000000400, 1.027247491272316600 ) ) ;
#3005 = CARTESIAN_POINT ( 'NONE',  ( 2.644999999999999100, -0.1000000000000000100, 2.500000000000000400 ) ) ;
#3006 = ADVANCED_FACE ( 'NONE', ( #986 ), #1076, .F. ) ;
#3007 = EDGE_CURVE ( 'NONE', #3030, #2062, #20, .T. ) ;
#3008 = CARTESIAN_POINT ( 'NONE',  ( 2.413133004754694200, 3.000000000000000000, -1.174612611884495900 ) ) ;
#3009 = PLANE ( 'NONE',  #2054 ) ;
#3010 = VECTOR ( 'NONE', #3257, 1000.000000000000000 ) ;
#3011 = CARTESIAN_POINT ( 'NONE',  ( -0.4786384673220715500, 2.999000000000000100, -0.3698082584483305400 ) ) ;
#3012 = CARTESIAN_POINT ( 'NONE',  ( 1.864254925554881900, 3.000000000000000400, -1.214763294537297900 ) ) ;
#3013 = UNCERTAINTY_MEASURE_WITH_UNIT (LENGTH_MEASURE( 1.000000000000000100E-005 ), #939, 'distance_accuracy_value', 'NONE');
#3014 = ORIENTED_EDGE ( 'NONE', *, *, #2420, .F. ) ;
#3015 = CARTESIAN_POINT ( 'NONE',  ( -1.460944057873250000, 3.000000000000000000, -0.4915082190782411000 ) ) ;
#3016 = PLANE ( 'NONE',  #332 ) ;
#3017 = PRESENTATION_STYLE_ASSIGNMENT (( #593 ) ) ;
#3018 =( NAMED_UNIT ( * ) PLANE_ANGLE_UNIT ( ) SI_UNIT ( $, .RADIAN. ) );
#3019 = PRESENTATION_STYLE_ASSIGNMENT (( #1501 ) ) ;
#3020 = PLANE ( 'NONE',  #2380 ) ;
#3021 = FILL_AREA_STYLE_COLOUR ( '', #1650 ) ;
#3022 = CARTESIAN_POINT ( 'NONE',  ( -0.4786384673220715500, 3.000000000000000000, -0.3698082584483305400 ) ) ;
#3023 = CARTESIAN_POINT ( 'NONE',  ( 2.820885408600847900, 2.999000000000000100, -0.9158986695768035500 ) ) ;
#3024 = CARTESIAN_POINT ( 'NONE',  ( -0.9819580342512036500, 2.999000000000000100, -0.8873295576609244700 ) ) ;
#3025 = CARTESIAN_POINT ( 'NONE',  ( 2.820885408600847900, 2.999000000000000100, 0.2379474842693507800 ) ) ;
#3026 = DIRECTION ( 'NONE',  ( -1.000000000000000000, 0.0000000000000000000, 0.0000000000000000000 ) ) ;
#3027 = CARTESIAN_POINT ( 'NONE',  ( 1.674202334968583300, 2.999000000000000100, -0.3578239495225477000 ) ) ;
#3028 = PRESENTATION_STYLE_ASSIGNMENT (( #2870 ) ) ;
#3029 = PLANE ( 'NONE',  #1391 ) ;
#3030 = VERTEX_POINT ( 'NONE', #40 ) ;
#3031 = DIRECTION ( 'NONE',  ( 1.000000000000000000, 0.0000000000000000000, 0.0000000000000000000 ) ) ;
#3032 = MECHANICAL_DESIGN_GEOMETRIC_PRESENTATION_REPRESENTATION (  '', ( #2519 ), #3196 ) ;
#3033 = ORIENTED_EDGE ( 'NONE', *, *, #1828, .T. ) ;
#3034 = EDGE_CURVE ( 'NONE', #250, #1930, #2771, .T. ) ;
#3035 = CARTESIAN_POINT ( 'NONE',  ( -2.592543542519446300, 3.000000000000000000, 3.000000000000000000 ) ) ;
#3036 = CARTESIAN_POINT ( 'NONE',  ( 2.035371029559560200, 2.998999999999999200, 0.03188135808452023000 ) ) ;
#3037 = DIRECTION ( 'NONE',  ( 0.0000000000000000000, 0.0000000000000000000, 1.000000000000000000 ) ) ;
#3038 = CARTESIAN_POINT ( 'NONE',  ( 2.152133171637987900, 3.000000000000000400, -0.1074027812274275000 ) ) ;
#3039 = VECTOR ( 'NONE', #1449, 1000.000000000000000 ) ;
#3040 = EDGE_LOOP ( 'NONE', ( #2139, #1999, #1327, #1259 ) ) ;
#3041 = DIRECTION ( 'NONE',  ( 0.0000000000000000000, 0.0000000000000000000, 1.000000000000000000 ) ) ;
#3042 =( NAMED_UNIT ( * ) PLANE_ANGLE_UNIT ( ) SI_UNIT ( $, .RADIAN. ) );
#3043 = COLOUR_RGB ( '',0.8274509803921568100, 0.8392156862745098200, 0.8274509803921568100 ) ;
#3044 = VECTOR ( 'NONE', #1540, 1000.000000000000000 ) ;
#3045 = FILL_AREA_STYLE ('',( #1189 ) ) ;
#3046 = UNCERTAINTY_MEASURE_WITH_UNIT (LENGTH_MEASURE( 1.000000000000000100E-005 ), #2913, 'distance_accuracy_value', 'NONE');
#3047 = ORIENTED_EDGE ( 'NONE', *, *, #466, .T. ) ;
#3048 = CARTESIAN_POINT ( 'NONE',  ( 2.274720874180870200, 3.000000000000000000, 0.1301392220246633800 ) ) ;
#3049 = FACE_BOUND ( 'NONE', #2604, .T. ) ;
#3050 = LINE ( 'NONE', #3330, #1017 ) ;
#3051 = PRESENTATION_LAYER_ASSIGNMENT (  '', '', ( #2703 ) ) ;
#3052 = PRODUCT ( 'XAL6030', 'XAL6030', '', ( #713 ) ) ;
#3053 = DIRECTION ( 'NONE',  ( -0.0000000000000000000, 1.000000000000000000, -0.0000000000000000000 ) ) ;
#3054 = VERTEX_POINT ( 'NONE', #674 ) ;
#3055 = PRESENTATION_LAYER_ASSIGNMENT (  '', '', ( #2706 ) ) ;
#3056 = DIRECTION ( 'NONE',  ( 0.0000000000000000000, 0.0000000000000000000, 1.000000000000000000 ) ) ;
#3057 = ORIENTED_EDGE ( 'NONE', *, *, #1852, .F. ) ;
#3058 = EDGE_CURVE ( 'NONE', #3205, #1271, #2854, .T. ) ;
#3059 =( NAMED_UNIT ( * ) PLANE_ANGLE_UNIT ( ) SI_UNIT ( $, .RADIAN. ) );
#3060 = MECHANICAL_DESIGN_GEOMETRIC_PRESENTATION_REPRESENTATION (  '', ( #2710 ), #3223 ) ;
#3061 = CARTESIAN_POINT ( 'NONE',  ( 1.509002830109456900, 3.000000000000000900, 0.6723441679465342900 ) ) ;
#3062 = CARTESIAN_POINT ( 'NONE',  ( -0.7506281523614419800, 2.999000000000000100, -0.9325178647475422800 ) ) ;
#3063 = CARTESIAN_POINT ( 'NONE',  ( 1.495765216293155600, 2.999000000000000100, -0.4928217464998799800 ) ) ;
#3064 = CARTESIAN_POINT ( 'NONE',  ( 1.394999999999999400, -0.1000000000000000100, -2.500000000000000400 ) ) ;
#3065 = CARTESIAN_POINT ( 'NONE',  ( 1.045314170473210700, 2.999000000000000100, -0.07946810096801443200 ) ) ;
#3066 = CARTESIAN_POINT ( 'NONE',  ( 0.0000000000000000000, 0.0000000000000000000, 0.0000000000000000000 ) ) ;
#3067 = CARTESIAN_POINT ( 'NONE',  ( 2.413133004754694200, 2.999000000000000100, -1.174612611884495900 ) ) ;
#3068 = VECTOR ( 'NONE', #1303, 1000.000000000000000 ) ;
#3069 = EDGE_CURVE ( 'NONE', #1165, #2960, #736, .T. ) ;
#3070 = CARTESIAN_POINT ( 'NONE',  ( -1.394999999999999400, 0.0000000000000000000, 2.500000000000000000 ) ) ;
#3071 = CARTESIAN_POINT ( 'NONE',  ( -0.4784127586606549100, 3.000000000000000000, -0.8711752663223419900 ) ) ;
#3072 = CARTESIAN_POINT ( 'NONE',  ( 1.536069100414741500, 2.999000000000000600, -0.4583570517408311300 ) ) ;
#3073 = STYLED_ITEM ( 'NONE', ( #3028 ), #892 ) ;
#3074 = SURFACE_STYLE_USAGE ( .BOTH. , #1222 ) ;
#3075 = LINE ( 'NONE', #1743, #2982 ) ;
#3076 = CARTESIAN_POINT ( 'NONE',  ( 1.495765216293155600, 2.999000000000000100, 0.6610244073462739900 ) ) ;
#3077 = ORIENTED_EDGE ( 'NONE', *, *, #1143, .T. ) ;
#3078 = SURFACE_SIDE_STYLE ('',( #3109 ) ) ;
#3079 = SURFACE_SIDE_STYLE ('',( #3172 ) ) ;
#3080 = ORIENTED_EDGE ( 'NONE', *, *, #1386, .F. ) ;
#3081 = CARTESIAN_POINT ( 'NONE',  ( 2.713525806077727000, 3.000000000000000900, -1.116669741400592200 ) ) ;
#3082 = VECTOR ( 'NONE', #832, 1000.000000000000000 ) ;
#3083 = ORIENTED_EDGE ( 'NONE', *, *, #1638, .F. ) ;
#3084 = CARTESIAN_POINT ( 'NONE',  ( -2.644999999999999100, 0.0000000000000000000, 2.500000000000000000 ) ) ;
#3085 = EDGE_CURVE ( 'NONE', #2318, #2191, #1345, .T. ) ;
#3086 = CARTESIAN_POINT ( 'NONE',  ( 2.644999999999999100, -0.1000000000000000100, -2.500000000000000400 ) ) ;
#3087 = CARTESIAN_POINT ( 'NONE',  ( -0.9819580342512036500, 2.999000000000000100, -0.8873295576609244700 ) ) ;
#3088 = UNCERTAINTY_MEASURE_WITH_UNIT (LENGTH_MEASURE( 1.000000000000000100E-005 ), #120, 'distance_accuracy_value', 'NONE');
#3089 = FILL_AREA_STYLE_COLOUR ( '', #768 ) ;
#3090 = VERTEX_POINT ( 'NONE', #51 ) ;
#3091 = CARTESIAN_POINT ( 'NONE',  ( 2.728064011027711900, 3.000000000000000900, 1.386189223793970600 ) ) ;
#3092 = LINE ( 'NONE', #714, #2395 ) ;
#3093 = ORIENTED_EDGE ( 'NONE', *, *, #428, .F. ) ;
#3094 = DIRECTION ( 'NONE',  ( -1.000000000000000000, -0.0000000000000000000, -0.0000000000000000000 ) ) ;
#3095 = CARTESIAN_POINT ( 'NONE',  ( 2.369291950611821300, 3.000000000000000000, -1.187407769068722600 ) ) ;
#3096 = CARTESIAN_POINT ( 'NONE',  ( 2.784691174863903800, 3.000000000000000000, -1.111059628189613500 ) ) ;
#3097 = PRESENTATION_STYLE_ASSIGNMENT (( #2800 ) ) ;
#3098 = CARTESIAN_POINT ( 'NONE',  ( -1.127794490944117500, 3.000000000000000000, -0.4008629041176194900 ) ) ;
#3099 = FACE_OUTER_BOUND ( 'NONE', #2260, .T. ) ;
#3100 = CARTESIAN_POINT ( 'NONE',  ( 1.809945688435240700, 2.998999999999999700, 1.060607198375866000 ) ) ;
#3101 = DIRECTION ( 'NONE',  ( 0.0000000000000000000, 0.0000000000000000000, 1.000000000000000000 ) ) ;
#3102 = ORIENTED_EDGE ( 'NONE', *, *, #1187, .F. ) ;
#3103 = AXIS2_PLACEMENT_3D ( 'NONE', #1359, #1664, #2953 ) ;
#3104 = CARTESIAN_POINT ( 'NONE',  ( 2.644999999999999100, 0.0000000000000000000, -2.500000000000001300 ) ) ;
#3105 =( NAMED_UNIT ( * ) PLANE_ANGLE_UNIT ( ) SI_UNIT ( $, .RADIAN. ) );
#3106 = CARTESIAN_POINT ( 'NONE',  ( -0.8328219318889972200, 2.999000000000000100, 0.3719850486382912900 ) ) ;
#3107 = EDGE_CURVE ( 'NONE', #2555, #1973, #1536, .T. ) ;
#3108 = CARTESIAN_POINT ( 'NONE',  ( 1.340116177831617300, 2.999000000000000100, -0.6851294388075728200 ) ) ;
#3109 = SURFACE_STYLE_FILL_AREA ( #1224 ) ;
#3110 = CARTESIAN_POINT ( 'NONE',  ( -3.029999999999998900, 0.0000000000000000000, 3.380000000000000300 ) ) ;
#3111 = MECHANICAL_DESIGN_GEOMETRIC_PRESENTATION_REPRESENTATION (  '', ( #2593 ), #3275 ) ;
#3112 = CARTESIAN_POINT ( 'NONE',  ( -1.403721538188214200, 2.999000000000000100, -0.6904148726215504400 ) ) ;
#3113 = CARTESIAN_POINT ( 'NONE',  ( -0.4174714200779703300, 2.999000000000000100, 0.9265010722603344000 ) ) ;
#3114 = CARTESIAN_POINT ( 'NONE',  ( 2.820885408600847900, 3.000000000000000000, -1.108206361884495900 ) ) ;
#3115 = FACE_OUTER_BOUND ( 'NONE', #2031, .T. ) ;
#3116 = PLANE ( 'NONE',  #3288 ) ;
#3117 = FACE_BOUND ( 'NONE', #1441, .T. ) ;
#3118 = ORIENTED_EDGE ( 'NONE', *, *, #1764, .T. ) ;
#3119 = FILL_AREA_STYLE ('',( #480 ) ) ;
#3120 = VERTEX_POINT ( 'NONE', #583 ) ;
#3121 = STYLED_ITEM ( 'NONE', ( #2757 ), #2682 ) ;
#3122 = DIRECTION ( 'NONE',  ( 1.000000000000000000, 0.0000000000000000000, 0.0000000000000000000 ) ) ;
#3123 = LINE ( 'NONE', #3414, #1075 ) ;
#3124 = B_SPLINE_CURVE_WITH_KNOTS ( 'NONE', 3,
 ( #2582, #981, #1240, #3098 ),
 .UNSPECIFIED., .F., .F.,
 ( 4, 4 ),
 ( 0.6363636363636364600, 0.7272727272727274000 ),
 .UNSPECIFIED. ) ;
#3125 = VECTOR ( 'NONE', #1106, 1000.000000000000000 ) ;
#3126 = CARTESIAN_POINT ( 'NONE',  ( 1.532423870139309600, 2.999000000000000100, 0.8533320996539662800 ) ) ;
#3127 =( NAMED_UNIT ( * ) SI_UNIT ( $, .STERADIAN. ) SOLID_ANGLE_UNIT ( ) );
#3128 = CARTESIAN_POINT ( 'NONE',  ( -0.4216918137787590800, 2.999000000000000100, 0.5390452848587613500 ) ) ;
#3129 = DIRECTION ( 'NONE',  ( 0.0000000000000000000, -1.769238368671064900E-012, -1.000000000000000000 ) ) ;
#3130 = EDGE_LOOP ( 'NONE', ( #891, #1054, #2713, #1477 ) ) ;
#3131 = DIRECTION ( 'NONE',  ( 1.000000000000000000, 0.0000000000000000000, 0.0000000000000000000 ) ) ;
#3132 = CARTESIAN_POINT ( 'NONE',  ( 1.340116177831617300, 3.000000000000000000, 0.6610244073462739900 ) ) ;
#3133 = VECTOR ( 'NONE', #2601, 1000.000000000000000 ) ;
#3134 = CARTESIAN_POINT ( 'NONE',  ( 0.7103768476385615700, 3.000000000000000000, -0.3006303450625030200 ) ) ;
#3135 = DIRECTION ( 'NONE',  ( 0.0000000000000000000, 0.0000000000000000000, 1.000000000000000000 ) ) ;
#3136 = DIRECTION ( 'NONE',  ( -1.000000000000000000, 0.0000000000000000000, 0.0000000000000000000 ) ) ;
#3137 = CARTESIAN_POINT ( 'NONE',  ( -2.644999999999999100, -0.0000000000000000000, -2.500000000000000000 ) ) ;
#3138 = CARTESIAN_POINT ( 'NONE',  ( 2.444795453839451400, 2.998999999999999700, 1.141377174047288900 ) ) ;
#3139 = CARTESIAN_POINT ( 'NONE',  ( 1.532423870139309600, 2.999999999999999600, -0.3005140541921877400 ) ) ;
#3140 = VERTEX_POINT ( 'NONE', #1375 ) ;
#3141 = AXIS2_PLACEMENT_3D ( 'NONE', #2602, #739, #2334 ) ;
#3142 = CARTESIAN_POINT ( 'NONE',  ( 1.495765216293155600, 3.000000000000000000, -1.646667900346034300 ) ) ;
#3143 = CARTESIAN_POINT ( 'NONE',  ( 3.280000000000000700, 0.0000000000000000000, 3.380000000000000300 ) ) ;
#3144 = CARTESIAN_POINT ( 'NONE',  ( 2.609234144535451000, 2.999000000000000600, 1.176735893650789000 ) ) ;
#3145 = EDGE_CURVE ( 'NONE', #1212, #3382, #562, .T. ) ;
#3146 =( NAMED_UNIT ( * ) PLANE_ANGLE_UNIT ( ) SI_UNIT ( $, .RADIAN. ) );
#3147 = PRESENTATION_LAYER_ASSIGNMENT (  '', '', ( #2808 ) ) ;
#3148 = VECTOR ( 'NONE', #31, 1000.000000000000000 ) ;
#3149 = UNCERTAINTY_MEASURE_WITH_UNIT (LENGTH_MEASURE( 1.000000000000000100E-005 ), #1499, 'distance_accuracy_value', 'NONE');
#3150 = CARTESIAN_POINT ( 'NONE',  ( 2.413133004754694200, 3.000000000000000000, -1.174612611884495900 ) ) ;
#3151 = CARTESIAN_POINT ( 'NONE',  ( 1.532423870139309600, 3.000000000000000000, 1.622562868884735600 ) ) ;
#3152 = CARTESIAN_POINT ( 'NONE',  ( -1.268840908266949400, 2.999000000000000100, -0.09002983325146933500 ) ) ;
#3153 = VERTEX_POINT ( 'NONE', #3227 ) ;
#3154 = DIRECTION ( 'NONE',  ( 0.0000000000000000000, 0.0000000000000000000, 1.000000000000000000 ) ) ;
#3155 = UNCERTAINTY_MEASURE_WITH_UNIT (LENGTH_MEASURE( 1.000000000000000100E-005 ), #3225, 'distance_accuracy_value', 'NONE');
#3156 = ORIENTED_EDGE ( 'NONE', *, *, #2540, .T. ) ;
#3157 = SURFACE_SIDE_STYLE ('',( #1563 ) ) ;
#3158 = ORIENTED_EDGE ( 'NONE', *, *, #1605, .T. ) ;
#3159 = ORIENTED_EDGE ( 'NONE', *, *, #1026, .F. ) ;
#3160 = UNCERTAINTY_MEASURE_WITH_UNIT (LENGTH_MEASURE( 1.000000000000000100E-005 ), #988, 'distance_accuracy_value', 'NONE');
#3161 = STYLED_ITEM ( 'NONE', ( #1996 ), #300 ) ;
#3162 = STYLED_ITEM ( 'NONE', ( #3391 ), #1662 ) ;
#3163 = EDGE_CURVE ( 'NONE', #1973, #3373, #2681, .T. ) ;
#3164 = ORIENTED_EDGE ( 'NONE', *, *, #1721, .T. ) ;
#3165 = ORIENTED_EDGE ( 'NONE', *, *, #3320, .T. ) ;
#3166 = DIRECTION ( 'NONE',  ( 0.0000000000000000000, 1.000000000000000000, 0.0000000000000000000 ) ) ;
#3167 = CARTESIAN_POINT ( 'NONE',  ( 2.820885408600847900, 2.999000000000000100, 1.199485945807812400 ) ) ;
#3168 = PRODUCT_DEFINITION_FORMATION_WITH_SPECIFIED_SOURCE ( 'ANY', '', #3052, .NOT_KNOWN. ) ;
#3169 = VECTOR ( 'NONE', #2103, 1000.000000000000000 ) ;
#3170 = VERTEX_POINT ( 'NONE', #861 ) ;
#3171 = CARTESIAN_POINT ( 'NONE',  ( 2.644999999999999100, -0.1000000000000000100, 2.500000000000000400 ) ) ;
#3172 = SURFACE_STYLE_FILL_AREA ( #1226 ) ;
#3173 = DIRECTION ( 'NONE',  ( 0.7901669519244094400, 0.0000000000000000000, 0.6128916609699369700 ) ) ;
#3174 = DIRECTION ( 'NONE',  ( 0.0000000000000000000, -0.0000000000000000000, 1.000000000000000000 ) ) ;
#3175 = STYLED_ITEM ( 'NONE', ( #560 ), #73 ) ;
#3176 =( NAMED_UNIT ( * ) SI_UNIT ( $, .STERADIAN. ) SOLID_ANGLE_UNIT ( ) );
#3177 = STYLED_ITEM ( 'NONE', ( #623 ), #1124 ) ;
#3178 = VECTOR ( 'NONE', #424, 1000.000000000000000 ) ;
#3179 = EDGE_CURVE ( 'NONE', #3090, #256, #1178, .T. ) ;
#3180 = CARTESIAN_POINT ( 'NONE',  ( -2.644999999999999100, -0.1000000000000000100, 2.500000000000000000 ) ) ;
#3181 = SURFACE_SIDE_STYLE ('',( #2760 ) ) ;
#3182 = SURFACE_STYLE_FILL_AREA ( #2894 ) ;
#3183 = CARTESIAN_POINT ( 'NONE',  ( 2.820885408600847900, 2.999000000000000100, -1.108206361884495900 ) ) ;
#3184 = ADVANCED_FACE ( 'NONE', ( #650 ), #2539, .T. ) ;
#3185 = CARTESIAN_POINT ( 'NONE',  ( 2.376789220336481500, 2.998999999999999700, -0.9923471317638072900 ) ) ;
#3186 = ORIENTED_EDGE ( 'NONE', *, *, #1361, .F. ) ;
#3187 = CARTESIAN_POINT ( 'NONE',  ( 1.864254925554881900, 2.999999999999999600, -0.06091714069114381000 ) ) ;
#3188 = EDGE_LOOP ( 'NONE', ( #1848, #569, #3366, #3165 ) ) ;
#3189 = CARTESIAN_POINT ( 'NONE',  ( -3.279999999999999800, 3.000000000000000000, -3.379999999999999400 ) ) ;
#3190 = PLANE ( 'NONE',  #1826 ) ;
#3191 = CARTESIAN_POINT ( 'NONE',  ( 2.516515676244705600, 2.999000000000000600, 1.350729495801759300 ) ) ;
#3192 = ORIENTED_EDGE ( 'NONE', *, *, #1866, .F. ) ;
#3193 = EDGE_LOOP ( 'NONE', ( #3274, #2997, #2406, #3321 ) ) ;
#3194 = LINE ( 'NONE', #2744, #1175 ) ;
#3195 = CARTESIAN_POINT ( 'NONE',  ( 2.457965621820876300, 2.999000000000000100, 0.1826089378637545100 ) ) ;
#3196 =( GEOMETRIC_REPRESENTATION_CONTEXT ( 3 ) GLOBAL_UNCERTAINTY_ASSIGNED_CONTEXT ( ( #347 ) ) GLOBAL_UNIT_ASSIGNED_CONTEXT ( ( #528, #786, #2653 ) ) REPRESENTATION_CONTEXT ( 'NONE', 'WORKASPACE' ) );
#3197 = FILL_AREA_STYLE ('',( #3089 ) ) ;
#3198 = EDGE_CURVE ( 'NONE', #731, #3120, #1804, .T. ) ;
#3199 = COLOUR_RGB ( '',0.1921568627450980200, 0.2039215686274509800, 0.2039215686274509800 ) ;
#3200 = FILL_AREA_STYLE ('',( #1362 ) ) ;
#3201 = LINE ( 'NONE', #2048, #1894 ) ;
#3202 = ADVANCED_FACE ( 'NONE', ( #1643 ), #828, .T. ) ;
#3203 = CARTESIAN_POINT ( 'NONE',  ( 3.280000000000000700, 3.000000000000000000, 3.129999999999999900 ) ) ;
#3204 = AXIS2_PLACEMENT_3D ( 'NONE', #2083, #473, #2337 ) ;
#3205 = VERTEX_POINT ( 'NONE', #3265 ) ;
#3206 = CARTESIAN_POINT ( 'NONE',  ( 1.573054305422271900, 2.999999999999999100, -0.2640935417772409800 ) ) ;
#3207 = CARTESIAN_POINT ( 'NONE',  ( 1.340116177831617300, 3.000000000000000000, -0.4928217464998799800 ) ) ;
#3208 = CARTESIAN_POINT ( 'NONE',  ( 1.394999999999999400, 0.0000000000000000000, 2.500000000000000400 ) ) ;
#3209 = CARTESIAN_POINT ( 'NONE',  ( 2.784691174863903400, 2.998999999999999700, 1.196632679502694500 ) ) ;
#3210 = FACE_OUTER_BOUND ( 'NONE', #2858, .T. ) ;
#3211 = CARTESIAN_POINT ( 'NONE',  ( 2.820885408600847900, 3.000000000000000000, 0.04563979196165846000 ) ) ;
#3212 = CARTESIAN_POINT ( 'NONE',  ( 1.726164558568521700, 2.999000000000000600, -1.478408745779070900 ) ) ;
#3213 = CARTESIAN_POINT ( 'NONE',  ( 1.340116177831617300, 2.999000000000000100, 0.6610244073462739900 ) ) ;
#3214 = MECHANICAL_DESIGN_GEOMETRIC_PRESENTATION_REPRESENTATION (  '', ( #2703 ), #3405 ) ;
#3215 = DIRECTION ( 'NONE',  ( 1.000000000000000000, 0.0000000000000000000, 0.0000000000000000000 ) ) ;
#3216 = STYLED_ITEM ( 'NONE', ( #2355 ), #93 ) ;
#3217 = MECHANICAL_DESIGN_GEOMETRIC_PRESENTATION_REPRESENTATION (  '', ( #2706 ), #3408 ) ;
#3218 = ORIENTED_EDGE ( 'NONE', *, *, #1067, .F. ) ;
#3219 = EDGE_CURVE ( 'NONE', #2972, #2509, #2261, .T. ) ;
#3220 = CARTESIAN_POINT ( 'NONE',  ( 2.775247423879656100, 2.999999999999999600, 0.2365376660108833300 ) ) ;
#3221 = CARTESIAN_POINT ( 'NONE',  ( 1.838891997669495700, 2.999999999999999600, 0.8960597820363128700 ) ) ;
#3222 = DIRECTION ( 'NONE',  ( 0.0000000000000000000, 0.0000000000000000000, 1.000000000000000000 ) ) ;
#3223 =( GEOMETRIC_REPRESENTATION_CONTEXT ( 3 ) GLOBAL_UNCERTAINTY_ASSIGNED_CONTEXT ( ( #3088 ) ) GLOBAL_UNIT_ASSIGNED_CONTEXT ( ( #120, #1977, #391 ) ) REPRESENTATION_CONTEXT ( 'NONE', 'WORKASPACE' ) );
#3224 = LINE ( 'NONE', #490, #1199 ) ;
#3225 =( LENGTH_UNIT ( ) NAMED_UNIT ( * ) SI_UNIT ( .MILLI., .METRE. ) );
#3226 = VECTOR ( 'NONE', #3135, 1000.000000000000000 ) ;
#3227 = CARTESIAN_POINT ( 'NONE',  ( 2.413133004754694200, 3.000000000000000000, -1.174612611884495900 ) ) ;
#3228 = FILL_AREA_STYLE_COLOUR ( '', #19 ) ;
#3229 = LINE ( 'NONE', #3086, #2553 ) ;
#3230 = CARTESIAN_POINT ( 'NONE',  ( 2.572842863104024800, 2.999000000000000100, 1.362681500647293000 ) ) ;
#3231 = ORIENTED_EDGE ( 'NONE', *, *, #2687, .T. ) ;
#3232 = CARTESIAN_POINT ( 'NONE',  ( -0.4174714200779703300, 2.999000000000000100, 0.9265010722603344000 ) ) ;
#3233 = CARTESIAN_POINT ( 'NONE',  ( 1.532423870139309600, 2.999999999999999600, -0.3005140541921877400 ) ) ;
#3234 =( NAMED_UNIT ( * ) SI_UNIT ( $, .STERADIAN. ) SOLID_ANGLE_UNIT ( ) );
#3235 = DIRECTION ( 'NONE',  ( -1.000000000000000000, 0.0000000000000000000, 0.0000000000000000000 ) ) ;
#3236 = VECTOR ( 'NONE', #237, 1000.000000000000000 ) ;
#3237 = EDGE_CURVE ( 'NONE', #2396, #318, #2586, .T. ) ;
#3238 =( NAMED_UNIT ( * ) PLANE_ANGLE_UNIT ( ) SI_UNIT ( $, .RADIAN. ) );
#3239 = LINE ( 'NONE', #3207, #1218 ) ;
#3240 = FACE_OUTER_BOUND ( 'NONE', #260, .T. ) ;
#3241 = FILL_AREA_STYLE ('',( #598 ) ) ;
#3242 = CARTESIAN_POINT ( 'NONE',  ( 1.838891997669495500, 2.999000000000000100, -1.411632525655994700 ) ) ;
#3243 = AXIS2_PLACEMENT_3D ( 'NONE', #2654, #2665, #2676 ) ;
#3244 = ORIENTED_EDGE ( 'NONE', *, *, #2250, .F. ) ;
#3245 = CARTESIAN_POINT ( 'NONE',  ( 2.035371029559560600, 3.000000000000000000, 1.185727511930674500 ) ) ;
#3246 = ADVANCED_FACE ( 'NONE', ( #224 ), #3016, .F. ) ;
#3247 = STYLED_ITEM ( 'NONE', ( #3097 ), #3006 ) ;
#3248 = FILL_AREA_STYLE ('',( #590 ) ) ;
#3249 = SURFACE_SIDE_STYLE ('',( #370 ) ) ;
#3250 = FILL_AREA_STYLE_COLOUR ( '', #2227 ) ;
#3251 = EDGE_CURVE ( 'NONE', #2109, #2511, #2635, .T. ) ;
#3252 = CARTESIAN_POINT ( 'NONE',  ( 1.708557197792374800, 2.999999999999999100, -1.314089917337274400 ) ) ;
#3253 = CARTESIAN_POINT ( 'NONE',  ( -0.9375686641724579900, 3.000000000000000000, 0.7845482376146686300 ) ) ;
#3254 = CARTESIAN_POINT ( 'NONE',  ( 1.616233160057057200, 2.998999999999999700, 0.9246832490853684700 ) ) ;
#3255 = UNCERTAINTY_MEASURE_WITH_UNIT (LENGTH_MEASURE( 1.000000000000000100E-005 ), #596, 'distance_accuracy_value', 'NONE');
#3256 = CARTESIAN_POINT ( 'NONE',  ( 1.579180658906025800, 3.000000000000000000, -1.578671965612636000 ) ) ;
#3257 = DIRECTION ( 'NONE',  ( 0.0000000000000000000, 0.0000000000000000000, 1.000000000000000000 ) ) ;
#3258 = CARTESIAN_POINT ( 'NONE',  ( 2.728064011027710600, 2.999999999999999600, 0.2323430699478157300 ) ) ;
#3259 = CARTESIAN_POINT ( 'NONE',  ( -3.029999999999998900, 3.000000000000000000, 3.129999999999999900 ) ) ;
#3260 = DIRECTION ( 'NONE',  ( -0.0000000000000000000, -0.0000000000000000000, -1.000000000000000000 ) ) ;
#3261 = LINE ( 'NONE', #1751, #1152 ) ;
#3262 = ADVANCED_FACE ( 'NONE', ( #1204 ), #3029, .F. ) ;
#3263 = UNCERTAINTY_MEASURE_WITH_UNIT (LENGTH_MEASURE( 1.000000000000000100E-005 ), #2790, 'distance_accuracy_value', 'NONE');
#3264 = FILL_AREA_STYLE ('',( #563 ) ) ;
#3265 = CARTESIAN_POINT ( 'NONE',  ( 1.340116177831617300, 2.999000000000000100, -0.4928217464998799800 ) ) ;
#3266 = CARTESIAN_POINT ( 'NONE',  ( 1.661100619080114100, 3.000000000000000900, 0.9596429120622976800 ) ) ;
#3267 = FILL_AREA_STYLE_COLOUR ( '', #3282 ) ;
#3268 = PLANE ( 'NONE',  #1294 ) ;
#3269 = PRESENTATION_LAYER_ASSIGNMENT (  '', '', ( #2917 ) ) ;
#3270 = EDGE_CURVE ( 'NONE', #63, #1221, #961, .T. ) ;
#3271 = CARTESIAN_POINT ( 'NONE',  ( -0.6752844515740391600, 2.999000000000000100, -0.5934747938813957900 ) ) ;
#3272 = SURFACE_STYLE_USAGE ( .BOTH. , #3284 ) ;
#3273 = CARTESIAN_POINT ( 'NONE',  ( -1.641801183857502200, 3.000000000000000000, 0.1371011510004973000 ) ) ;
#3274 = ORIENTED_EDGE ( 'NONE', *, *, #1051, .F. ) ;
#3275 =( GEOMETRIC_REPRESENTATION_CONTEXT ( 3 ) GLOBAL_UNCERTAINTY_ASSIGNED_CONTEXT ( ( #3298 ) ) GLOBAL_UNIT_ASSIGNED_CONTEXT ( ( #1809, #1255, #507 ) ) REPRESENTATION_CONTEXT ( 'NONE', 'WORKASPACE' ) );
#3276 = ORIENTED_EDGE ( 'NONE', *, *, #2827, .F. ) ;
#3277 = SURFACE_SIDE_STYLE ('',( #2874 ) ) ;
#3278 = FILL_AREA_STYLE_COLOUR ( '', #493 ) ;
#3279 = FILL_AREA_STYLE_COLOUR ( '', #2685 ) ;
#3280 = ORIENTED_EDGE ( 'NONE', *, *, #62, .T. ) ;
#3281 = DIRECTION ( 'NONE',  ( 0.0000000000000000000, 0.0000000000000000000, 1.000000000000000000 ) ) ;
#3282 = COLOUR_RGB ( '',1.000000000000000000, 1.000000000000000000, 1.000000000000000000 ) ;
#3283 = EDGE_LOOP ( 'NONE', ( #2851, #2328, #512, #683 ) ) ;
#3284 = SURFACE_SIDE_STYLE ('',( #2390 ) ) ;
#3285 = PRESENTATION_STYLE_ASSIGNMENT (( #1116 ) ) ;
#3286 = CARTESIAN_POINT ( 'NONE',  ( -0.2609979948811267900, 2.999000000000000100, -0.6503999513617134700 ) ) ;
#3287 = FILL_AREA_STYLE_COLOUR ( '', #2180 ) ;
#3288 = AXIS2_PLACEMENT_3D ( 'NONE', #2864, #1270, #3129 ) ;
#3289 = VECTOR ( 'NONE', #64, 1000.000000000000000 ) ;
#3290 = CARTESIAN_POINT ( 'NONE',  ( 1.726164558568521200, 2.998999999999999700, -0.3245625919329168100 ) ) ;
#3291 = PRESENTATION_LAYER_ASSIGNMENT (  '', '', ( #2932 ) ) ;
#3292 = DIRECTION ( 'NONE',  ( -0.0000000000000000000, 1.000000000000000000, -0.0000000000000000000 ) ) ;
#3293 = EDGE_CURVE ( 'NONE', #962, #1469, #3075, .T. ) ;
#3294 = CARTESIAN_POINT ( 'NONE',  ( 2.644999999999999100, 0.0000000000000000000, -2.500000000000000400 ) ) ;
#3295 = CARTESIAN_POINT ( 'NONE',  ( 1.532423870139309600, 2.999000000000000100, 0.8533320996539662800 ) ) ;
#3296 = SURFACE_STYLE_FILL_AREA ( #3388 ) ;
#3297 = LINE ( 'NONE', #715, #1269 ) ;
#3298 = UNCERTAINTY_MEASURE_WITH_UNIT (LENGTH_MEASURE( 1.000000000000000100E-005 ), #1809, 'distance_accuracy_value', 'NONE');
#3299 = ORIENTED_EDGE ( 'NONE', *, *, #2978, .F. ) ;
#3300 = CARTESIAN_POINT ( 'NONE',  ( 1.864254925554881900, 2.999000000000000100, -0.06091714069114381000 ) ) ;
#3301 = CARTESIAN_POINT ( 'NONE',  ( 2.805953668349054500, 2.999999999999999600, 0.2374862228844259700 ) ) ;
#3302 = CARTESIAN_POINT ( 'NONE',  ( 2.281391061627109800, 3.000000000000000900, -0.05921578146426875100 ) ) ;
#3303 = DIRECTION ( 'NONE',  ( -0.0000000000000000000, -0.0000000000000000000, 1.000000000000000000 ) ) ;
#3304 = VECTOR ( 'NONE', #2639, 1000.000000000000000 ) ;
#3305 = CARTESIAN_POINT ( 'NONE',  ( -1.394999999999999400, -0.1000000000000000100, 2.500000000000000000 ) ) ;
#3306 = CARTESIAN_POINT ( 'NONE',  ( 1.625082582934020300, 2.999999999999999600, 0.7627212206065847600 ) ) ;
#3307 = LINE ( 'NONE', #3383, #1282 ) ;
#3308 =( NAMED_UNIT ( * ) PLANE_ANGLE_UNIT ( ) SI_UNIT ( $, .RADIAN. ) );
#3309 = CARTESIAN_POINT ( 'NONE',  ( -2.644999999999999100, -0.1000000000000000100, -2.500000000000000000 ) ) ;
#3310 = PRESENTATION_LAYER_ASSIGNMENT (  '', '', ( #2950 ) ) ;
#3311 = CARTESIAN_POINT ( 'NONE',  ( 2.035371029559560200, 2.999999999999999100, 0.03188135808452023000 ) ) ;
#3312 = B_SPLINE_SURFACE_WITH_KNOTS ( 'NONE', 3, 1, ( 
 ( #1202, #1159 ),
 ( #1414, #3071 ),
 ( #3062, #2957 ),
 ( #3087, #1795 ) ),
 .UNSPECIFIED., .F., .F., .F.,
 ( 4, 4 ),
 ( 2, 2 ),
 ( 0.3636363636363636500, 0.4545454545454545900 ),
 ( 0.0000000000000000000, 1.000000000000000000 ),
 .UNSPECIFIED. ) ;
#3313 = B_SPLINE_CURVE_WITH_KNOTS ( 'NONE', 3,
 ( #2961, #1464, #976, #836, #3081, #3096, #3114 ),
 .UNSPECIFIED., .F., .F.,
 ( 4, 1, 1, 1, 4 ),
 ( 0.0000000000000000000, 0.2372165186042107800, 0.4825864912431359600, 0.7368469271779309900, 1.000000000000000000 ),
 .UNSPECIFIED. ) ;
#3314 = CARTESIAN_POINT ( 'NONE',  ( -0.2609979948811267900, 2.999000000000000100, -0.6503999513617134700 ) ) ;
#3315 = LINE ( 'NONE', #1860, #2631 ) ;
#3316 = CARTESIAN_POINT ( 'NONE',  ( 1.045314170473210700, 2.999000000000000100, -0.07946810096801443200 ) ) ;
#3317 = SURFACE_SIDE_STYLE ('',( #205 ) ) ;
#3318 = SURFACE_STYLE_FILL_AREA ( #128 ) ;
#3319 = B_SPLINE_SURFACE_WITH_KNOTS ( 'NONE', 3, 1, ( 
 ( #2712, #932 ),
 ( #918, #964 ),
 ( #1756, #2773 ),
 ( #2487, #2222 ),
 ( #2507, #2725 ),
 ( #2253, #175 ),
 ( #1699, #2211 ),
 ( #2299, #2841 ),
 ( #2804, #1712 ),
 ( #1667, #985 ),
 ( #869, #646 ),
 ( #692, #1434 ),
 ( #1965, #910 ),
 ( #2197, #2238 ),
 ( #2967, #3012 ),
 ( #199, #2315 ),
 ( #1483, #365 ),
 ( #1531, #189 ),
 ( #859, #742 ),
 ( #2792, #2028 ),
 ( #1249, #2274 ),
 ( #1992, #991 ),
 ( #1974, #3351 ) ),
 .UNSPECIFIED., .F., .F., .F.,
 ( 4, 1, 1, 1, 1, 1, 1, 1, 1, 1, 1, 1, 1, 1, 1, 1, 1, 1, 1, 1, 4 ),
 ( 2, 2 ),
 ( 0.0000000000000000000, 0.03151551312998467800, 0.06480979674365734700, 0.09991169883527571700, 0.1366755286001709000, 0.1751432978746824700, 0.2157650117082458000, 0.2581569125231219000, 0.3022930440652045700, 0.3927408518774001000, 0.4832984694610615900, 0.5744114847371663000, 0.6664774093514972400, 0.7120107481430553200, 0.7563744975915032100, 0.7998154803065209400, 0.8419616993485903300, 0.8828431755911850800, 0.9229180315891946100, 0.9619666184423850700, 1.000000000000000000 ),
 ( 0.0000000000000000000, 1.000000000000000000 ),
 .UNSPECIFIED. ) ;
#3320 = EDGE_CURVE ( 'NONE', #588, #225, #259, .T. ) ;
#3321 = ORIENTED_EDGE ( 'NONE', *, *, #2520, .T. ) ;
#3322 =( LENGTH_UNIT ( ) NAMED_UNIT ( * ) SI_UNIT ( .MILLI., .METRE. ) );
#3323 = MECHANICAL_DESIGN_GEOMETRIC_PRESENTATION_REPRESENTATION (  '', ( #2808 ), #66 ) ;
#3324 = CARTESIAN_POINT ( 'NONE',  ( 3.029999999999999800, 3.000000000000000000, -3.129999999999999000 ) ) ;
#3325 = LINE ( 'NONE', #498, #1926 ) ;
#3326 = CARTESIAN_POINT ( 'NONE',  ( 0.6117278318905272600, 2.999000000000000100, -1.056249203330220200 ) ) ;
#3327 = ORIENTED_EDGE ( 'NONE', *, *, #1884, .T. ) ;
#3328 = SURFACE_SIDE_STYLE ('',( #1559 ) ) ;
#3329 = EDGE_LOOP ( 'NONE', ( #725, #70, #1677, #726 ) ) ;
#3330 = CARTESIAN_POINT ( 'NONE',  ( -2.644999999999999100, -0.1000000000000000100, -2.500000000000000000 ) ) ;
#3331 = ORIENTED_EDGE ( 'NONE', *, *, #3198, .F. ) ;
#3332 = DIRECTION ( 'NONE',  ( -0.0000000000000000000, 0.0000000000000000000, 1.000000000000000000 ) ) ;
#3333 = CARTESIAN_POINT ( 'NONE',  ( 1.340116177831617300, 3.000000000000000000, -1.646667900346034300 ) ) ;
#3334 = CARTESIAN_POINT ( 'NONE',  ( 1.625082582934020500, 2.999000000000000600, -0.3911249332395692100 ) ) ;
#3335 = SURFACE_STYLE_FILL_AREA ( #2530 ) ;
#3336 =( NAMED_UNIT ( * ) PLANE_ANGLE_UNIT ( ) SI_UNIT ( $, .RADIAN. ) );
#3337 = VECTOR ( 'NONE', #1031, 1000.000000000000000 ) ;
#3338 = B_SPLINE_SURFACE_WITH_KNOTS ( 'NONE', 3, 1, ( 
 ( #745, #2620 ),
 ( #1007, #2869 ),
 ( #1277, #3134 ),
 ( #1552, #3399 ) ),
 .UNSPECIFIED., .F., .F., .F.,
 ( 4, 4 ),
 ( 2, 2 ),
 ( 0.8181818181818183400, 0.9090909090909092800 ),
 ( 0.0000000000000000000, 1.000000000000000000 ),
 .UNSPECIFIED. ) ;
#3339 = CARTESIAN_POINT ( 'NONE',  ( 2.413133004754694200, 2.999000000000000100, 1.133079695807812400 ) ) ;
#3340 = B_SPLINE_CURVE_WITH_KNOTS ( 'NONE', 3,
 ( #777, #1403, #1700, #1877, #1546, #1861, #1645 ),
 .UNSPECIFIED., .F., .F.,
 ( 4, 1, 1, 1, 4 ),
 ( 0.0000000000000000000, 0.2372165186042107800, 0.4825864912431359600, 0.7368469271779308800, 0.9999999999999998900 ),
 .UNSPECIFIED. ) ;
#3341 =( LENGTH_UNIT ( ) NAMED_UNIT ( * ) SI_UNIT ( .MILLI., .METRE. ) );
#3342 = SURFACE_SIDE_STYLE ('',( #3395 ) ) ;
#3343 = AXIS2_PLACEMENT_3D ( 'NONE', #1951, #3235, #3101 ) ;
#3344 =( LENGTH_UNIT ( ) NAMED_UNIT ( * ) SI_UNIT ( .MILLI., .METRE. ) );
#3345 = FILL_AREA_STYLE ('',( #3228 ) ) ;
#3346 = ORIENTED_EDGE ( 'NONE', *, *, #408, .F. ) ;
#3347 = EDGE_CURVE ( 'NONE', #2605, #63, #1673, .T. ) ;
#3348 = CARTESIAN_POINT ( 'NONE',  ( 1.340116177831617300, 2.999000000000000100, 1.622562868884735600 ) ) ;
#3349 = CARTESIAN_POINT ( 'NONE',  ( 2.820885408600847900, 2.999000000000000100, 1.391793638115504700 ) ) ;
#3350 = PRODUCT_RELATED_PRODUCT_CATEGORY ( 'part', '', ( #3052 ) ) ;
#3351 = CARTESIAN_POINT ( 'NONE',  ( 1.532423870139309600, 3.000000000000000000, -1.454360208038342000 ) ) ;
#3352 = CARTESIAN_POINT ( 'NONE',  ( 2.626830547245513300, 3.000000000000000900, 1.372711501351149100 ) ) ;
#3353 = VECTOR ( 'NONE', #671, 1000.000000000000000 ) ;
#3354 = CARTESIAN_POINT ( 'NONE',  ( 1.532423870139309600, 3.000000000000000000, 1.622562868884735600 ) ) ;
#3355 = FILL_AREA_STYLE ('',( #916 ) ) ;
#3356 = B_SPLINE_SURFACE_WITH_KNOTS ( 'NONE', 3, 1, ( 
 ( #1547, #1281 ),
 ( #3138, #1556 ),
 ( #3402, #1834 ),
 ( #236, #2105 ),
 ( #497, #2366 ),
 ( #767, #2630 ),
 ( #1020, #2887 ) ),
 .UNSPECIFIED., .F., .F., .F.,
 ( 4, 1, 1, 1, 4 ),
 ( 2, 2 ),
 ( 0.0000000000000000000, 0.2372165186042107800, 0.4825864912431359600, 0.7368469271779308800, 0.9999999999999998900 ),
 ( 0.0000000000000000000, 1.000000000000000000 ),
 .UNSPECIFIED. ) ;
#3357 = AXIS2_PLACEMENT_3D ( 'NONE', #1631, #1606, #1589 ) ;
#3358 = CARTESIAN_POINT ( 'NONE',  ( 1.708557197792374100, 2.998999999999999200, 0.9936023903550329500 ) ) ;
#3359 = CIRCLE ( 'NONE', #2844, 0.2500000000000002200 ) ;
#3360 = FILL_AREA_STYLE ('',( #3250 ) ) ;
#3361 = PRESENTATION_LAYER_ASSIGNMENT (  '', '', ( #3177 ) ) ;
#3362 = STYLED_ITEM ( 'NONE', ( #1788 ), #2486 ) ;
#3363 = FACE_OUTER_BOUND ( 'NONE', #84, .T. ) ;
#3364 = B_SPLINE_CURVE_WITH_KNOTS ( 'NONE', 3,
 ( #2533, #461, #2042, #2001 ),
 .UNSPECIFIED., .F., .F.,
 ( 4, 4 ),
 ( 0.09090909090909091200, 0.1818181818181818200 ),
 .UNSPECIFIED. ) ;
#3365 = EDGE_CURVE ( 'NONE', #470, #962, #2302, .T. ) ;
#3366 = ORIENTED_EDGE ( 'NONE', *, *, #330, .T. ) ;
#3367 = CARTESIAN_POINT ( 'NONE',  ( -2.342543542519445000, 2.999000000000000100, -3.000000000000000000 ) ) ;
#3368 = CARTESIAN_POINT ( 'NONE',  ( -2.592543542519446300, 2.999000000000000100, -3.000000000000000000 ) ) ;
#3369 = ORIENTED_EDGE ( 'NONE', *, *, #466, .F. ) ;
#3370 = FILL_AREA_STYLE_COLOUR ( '', #841 ) ;
#3371 = FILL_AREA_STYLE ('',( #1015 ) ) ;
#3372 = FILL_AREA_STYLE ('',( #1801 ) ) ;
#3373 = VERTEX_POINT ( 'NONE', #2022 ) ;
#3374 = ORIENTED_EDGE ( 'NONE', *, *, #307, .F. ) ;
#3375 = ORIENTED_EDGE ( 'NONE', *, *, #2136, .F. ) ;
#3376 = FACE_OUTER_BOUND ( 'NONE', #3130, .T. ) ;
#3377 = CARTESIAN_POINT ( 'NONE',  ( -2.342543542519445000, 3.000000000000000000, -3.000000000000000000 ) ) ;
#3378 = LINE ( 'NONE', #1335, #1344 ) ;
#3379 = DIRECTION ( 'NONE',  ( -1.000000000000000000, -0.0000000000000000000, -0.0000000000000000000 ) ) ;
#3380 = VECTOR ( 'NONE', #1647, 1000.000000000000000 ) ;
#3381 = FILL_AREA_STYLE_COLOUR ( '', #2357 ) ;
#3382 = VERTEX_POINT ( 'NONE', #2798 ) ;
#3383 = CARTESIAN_POINT ( 'NONE',  ( -2.592543542519446300, 2.999000000000000100, 3.000000000000000000 ) ) ;
#3384 = VECTOR ( 'NONE', #203, 1000.000000000000000 ) ;
#3385 = ORIENTED_EDGE ( 'NONE', *, *, #1721, .F. ) ;
#3386 = ORIENTED_EDGE ( 'NONE', *, *, #288, .T. ) ;
#3387 = B_SPLINE_CURVE_WITH_KNOTS ( 'NONE', 3,
 ( #458, #1792, #727, #2591 ),
 .UNSPECIFIED., .F., .F.,
 ( 4, 4 ),
 ( 0.8181818181818183400, 0.9090909090909092800 ),
 .UNSPECIFIED. ) ;
#3388 = FILL_AREA_STYLE ('',( #1267 ) ) ;
#3389 = CARTESIAN_POINT ( 'NONE',  ( 1.758162665760972800, 3.000000000000000900, -1.280444816419992200 ) ) ;
#3390 = CARTESIAN_POINT ( 'NONE',  ( -3.279999999999998900, 3.000000000000000000, 3.380000000000000300 ) ) ;
#3391 = PRESENTATION_STYLE_ASSIGNMENT (( #2584 ) ) ;
#3392 = EDGE_CURVE ( 'NONE', #1099, #2960, #877, .T. ) ;
#3393 = PLANE ( 'NONE',  #1824 ) ;
#3394 = CARTESIAN_POINT ( 'NONE',  ( -0.9819580342512036500, 3.000000000000000000, -0.8873295576609244700 ) ) ;
#3395 = SURFACE_STYLE_FILL_AREA ( #1502 ) ;
#3396 = CARTESIAN_POINT ( 'NONE',  ( 2.413133004754694200, 2.999000000000000100, -1.174612611884495900 ) ) ;
#3397 = AXIS2_PLACEMENT_3D ( 'NONE', #711, #2577, #972 ) ;
#3398 = CARTESIAN_POINT ( 'NONE',  ( 2.820885408600847900, 3.000000000000000000, 1.199485945807812400 ) ) ;
#3399 = CARTESIAN_POINT ( 'NONE',  ( 0.7069589736228169000, 3.000000000000000000, -0.05331455766092815800 ) ) ;
#3400 = DIRECTION ( 'NONE',  ( -0.0000000000000000000, 1.000000000000000000, -0.0000000000000000000 ) ) ;
#3401 = PLANE ( 'NONE',  #2881 ) ;
#3402 = CARTESIAN_POINT ( 'NONE',  ( 2.509208633401670800, 2.998999999999999700, 1.158257326126563800 ) ) ;
#3403 = LINE ( 'NONE', #790, #2704 ) ;
#3404 = VERTEX_POINT ( 'NONE', #3316 ) ;
#3405 =( GEOMETRIC_REPRESENTATION_CONTEXT ( 3 ) GLOBAL_UNCERTAINTY_ASSIGNED_CONTEXT ( ( #3149 ) ) GLOBAL_UNIT_ASSIGNED_CONTEXT ( ( #1499, #3336, #1772 ) ) REPRESENTATION_CONTEXT ( 'NONE', 'WORKASPACE' ) );
#3406 = ORIENTED_EDGE ( 'NONE', *, *, #1213, .F. ) ;
#3407 = AXIS2_PLACEMENT_3D ( 'NONE', #779, #634, #550 ) ;
#3408 =( GEOMETRIC_REPRESENTATION_CONTEXT ( 3 ) GLOBAL_UNCERTAINTY_ASSIGNED_CONTEXT ( ( #2564 ) ) GLOBAL_UNIT_ASSIGNED_CONTEXT ( ( #523, #309, #298 ) ) REPRESENTATION_CONTEXT ( 'NONE', 'WORKASPACE' ) );
#3409 = UNCERTAINTY_MEASURE_WITH_UNIT (LENGTH_MEASURE( 1.000000000000000100E-005 ), #87, 'distance_accuracy_value', 'NONE');
#3410 = EDGE_CURVE ( 'NONE', #318, #881, #1508, .T. ) ;
#3411 = CARTESIAN_POINT ( 'NONE',  ( -3.029999999999998900, 0.0000000000000000000, 3.129999999999999900 ) ) ;
#3412 = CARTESIAN_POINT ( 'NONE',  ( 1.532423870139309600, 2.999000000000000100, -0.6851294388075728200 ) ) ;
#3413 = VECTOR ( 'NONE', #3122, 1000.000000000000000 ) ;
#3414 = CARTESIAN_POINT ( 'NONE',  ( -0.9819580342512036500, 2.999000000000000100, -0.8873295576609244700 ) ) ;
#3415 = ORIENTED_EDGE ( 'NONE', *, *, #2629, .T. ) ;
#3416 = ORIENTED_EDGE ( 'NONE', *, *, #1090, .T. ) ;
#3417 = ORIENTED_EDGE ( 'NONE', *, *, #1275, .T. ) ;
#3418 = DIRECTION ( 'NONE',  ( -0.0000000000000000000, -1.000000000000000000, -0.0000000000000000000 ) ) ;
#3419 = PRESENTATION_STYLE_ASSIGNMENT (( #702 ) ) ;
#3420 = FILL_AREA_STYLE ('',( #2096 ) ) ;
#3421 = EDGE_CURVE ( 'NONE', #2469, #1653, #2905, .T. ) ;
#3422 =( LENGTH_UNIT ( ) NAMED_UNIT ( * ) SI_UNIT ( .MILLI., .METRE. ) );
#3423 = ORIENTED_EDGE ( 'NONE', *, *, #789, .T. ) ;
#3424 = ORIENTED_EDGE ( 'NONE', *, *, #267, .F. ) ;
#3425 = PRESENTATION_LAYER_ASSIGNMENT (  '', '', ( #3073 ) ) ;
#3426 = CARTESIAN_POINT ( 'NONE',  ( 2.457965621820877200, 2.999000000000000100, 1.336455091709908500 ) ) ;
#3427 = AXIS2_PLACEMENT_3D ( 'NONE', #1744, #144, #2012 ) ;
ENDSEC;
END-ISO-10303-21;
